v -0.06906147539582419 -0.05699786915008742 -0.20749102635810154
v -0.06651039720718618 -0.06270924929916347 -0.20794700181826914
v -0.06663325725917914 -0.06231750337679927 -0.19989687805491568
v -0.06878539754970901 -0.0564264757270501 -0.19920684076389997
v -0.06904498789001386 -0.0566788545537048 -0.21770448770588285
v -0.06662185532989577 -0.06312854339825907 -0.21677143342171942
v -0.06813452152936993 -0.05324536490897005 -0.20010481682188352
v -0.06834938803368892 -0.05386592527292923 -0.2121642442049551
v -0.06895323625078269 -0.05558757434062138 -0.2491732288300845
v -0.06655371607701543 -0.061347762158193396 -0.248779212657096
v -0.06898218483614486 -0.05587671027818188 -0.24120149937217378
v -0.06778506241327728 -0.057021642701816214 -0.2553911200346362
v -0.06641138016212557 -0.05036952652764296 -0.24922440592778503
v -0.06755645495888196 -0.05230855376453833 -0.2533025302441182
v -0.06860064214530406 -0.05432839496361401 -0.2555985738021216
v -0.06864541548179384 -0.05564121789189909 -0.1918538741919052
v -0.06587713521044447 -0.054100840907770016 -0.18301330167834853
v -0.067987002277358 -0.05305103193806614 -0.19188966440147703
v -0.06395229034768489 -0.06073039091658028 -0.18882564503544785
v -0.06496219163732145 -0.057389722773349396 -0.18480715900848033
v -0.06622211777074495 -0.05022129841342753 -0.19186447647258906
v -0.0673357955826452 -0.0503632229242256 -0.28196197279424856
v -0.06658393024565032 -0.04709338818554109 -0.2844960776342042
v -0.06704954065548632 -0.04887708317327203 -0.2873172875096647
v -0.06700402749396481 -0.048530818269403336 -0.2810048556340794
v -0.06480002409973053 -0.05355231087582008 -0.28465683025746674
v -0.06515224257576811 -0.0550558558920809 -0.2789131226567418
v -0.06666704162272341 -0.05336187672549294 -0.2767039043771266
v -0.06762369668334058 -0.0509348386442838 -0.27732479385050346
v -0.06698088508367615 -0.04872324938660891 -0.27712575627355623
v -0.06619003703898976 -0.04714725151958341 -0.279694084311267
v -0.06499526084728784 -0.04506917822947382 -0.28263560287324396
v -0.06487644897196682 -0.04381975788638299 -0.28809672810486653
v -0.06675211970532023 -0.047565009615256726 -0.29224921706201873
v -0.06612299405859609 -0.04472621161951781 -0.2941111890638885
v -0.0600110288726407 -0.06269728463341692 -0.20810460530165703
v -0.05701482406972912 -0.06226743735447642 -0.19937045320927496
v -0.05988811035106649 -0.0610007883555629 -0.19488529220134757
v -0.054242837127891234 -0.06312699406303901 -0.21671195734185714
v -0.06660754510611541 -0.06269783449108354 -0.22466459266612637
v -0.060275117907135106 -0.060471490345886655 -0.255150958653308
v -0.054473816788370086 -0.061494865059803484 -0.2468820465109666
v -0.06657979288271287 -0.0618381546194441 -0.24045028605143154
v -0.06638553968877059 -0.06048723714680033 -0.2550125472760066
v -0.06635724246638101 -0.04956654022611805 -0.2560402336150245
v -0.06206346958949301 -0.04937670658482941 -0.257645780318306
v -0.056893386101746365 -0.05047208305086511 -0.24813820007608453
v -0.06650811631940477 -0.05038018324534027 -0.2418246399299704
v -0.06608085094927102 -0.05935588455820062 -0.26248733871693525
v -0.06761422393819659 -0.05629880087418697 -0.25942661489012886
v -0.06764963359650067 -0.055429875509283286 -0.26200419243745066
v -0.06729397904919852 -0.0557859623557509 -0.2641718117689404
v -0.06682055870103029 -0.056192247803665066 -0.2672763826747974
v -0.05891284628153296 -0.059561918796294154 -0.26170427595359724
v -0.0657799542511614 -0.057742063983088183 -0.2686532312619367
v -0.05774742456165878 -0.058014298165575004 -0.2679879027723851
v -0.06618491648499156 -0.04882262167898849 -0.262108060510967
v -0.0658251587099279 -0.04768880546250913 -0.2683105650274263
v -0.06756395857470242 -0.05121239044869777 -0.2645080454430963
v -0.06786031273414335 -0.051959433151997164 -0.2629198550263209
v -0.06750381053929023 -0.05180207612652702 -0.25795692208999976
v -0.067810693311769 -0.05205875728376387 -0.2611007823691134
v -0.061171030351924054 -0.04849039628002242 -0.26392197353571273
v -0.06375998053405538 -0.048674475529534876 -0.1848210180402474
v -0.06626375229213904 -0.05025312276045803 -0.198925886051246
v -0.055459425552834674 -0.05022263353088103 -0.19209212604683545
v -0.06585181143296188 -0.043766625863222455 -0.3060719097992599
v -0.06623373384926208 -0.04575403581443907 -0.29953832060861896
v -0.06544879769855973 -0.04164494430346124 -0.3035857300218894
v -0.0651077278763935 -0.0401047561396745 -0.3088211405260537
v -0.06335780058063502 -0.04744432778460765 -0.3080143352228701
v -0.06361862501166138 -0.048925956912443294 -0.3023508620188895
v -0.06510437777724909 -0.04372257720906108 -0.3098209306057574
v -0.0655081067389415 -0.0421202605287422 -0.31040618989271623
v -0.06352957756948582 -0.05288561693240361 -0.17776271063416266
v -0.06300400528075951 -0.05028811802185473 -0.1777673587920646
v -0.06127345507899407 -0.05914427453261287 -0.1777559344152055
v -0.06129720394834329 -0.04712757582118699 -0.17777410003467736
v -0.06523059656042163 -0.04581172679901946 -0.2785740276134325
v -0.05882274017639871 -0.04599053672739001 -0.277595173008468
v -0.054933623891063335 -0.04378147984574479 -0.2857624122604599
v -0.060615116653489204 -0.04327494685680063 -0.28864501627835903
v -0.06462112978103272 -0.037734481150178044 -0.32453121588061395
v -0.06408489134117681 -0.035485875102484604 -0.3245277028970374
v -0.06436456889771476 -0.03631507551888035 -0.32770393989880153
v -0.06414209378775995 -0.0360849299896324 -0.321910433307763
v -0.06198197463827731 -0.040827018213560475 -0.32995064046951694
v -0.0623814809177236 -0.04324260662112006 -0.32405428506420964
v -0.0649160828479998 -0.03935671246406737 -0.3197457281544795
v -0.061542919253640326 -0.03396605851951977 -0.3271131264187445
v -0.06384374369607575 -0.0343450680210617 -0.3268406736855764
v -0.057734345859827285 -0.03480053187002162 -0.3245269089447759
v -0.06096716715662069 -0.035741783514550374 -0.32190937066815895
v -0.05893288232162564 -0.050961922913305216 -0.17086328567770628
v -0.05694485130748202 -0.05665536046306877 -0.1708582402797749
v -0.06283482765196205 -0.027751401472779633 -0.3497836774926959
v -0.062402333311697956 -0.02492954046215092 -0.3491309081683923
v -0.061863827334117535 -0.021547652683186477 -0.35713126716037386
v -0.06209558358787231 -0.022655077270772865 -0.36063913561205235
v -0.06015686893603651 -0.029262329608218125 -0.35724549661187244
v -0.06089785398196829 -0.033939573770856706 -0.34620258186192177
v -0.06328195994274519 -0.030246327286004196 -0.3434710083857568
v -0.06267156949098435 -0.02662106911354585 -0.345129786387781
v -0.05765981592288218 -0.04834696717893884 -0.16991739745015533
v -0.05451444417338631 -0.04094728316195707 -0.32967096198510487
v -0.049917911006249385 -0.043243476891378335 -0.32407223026964715
v -0.05622389407423352 -0.045198083080317426 -0.3165998473765301
v -0.0626959082004308 -0.04462678829235046 -0.3187853952894781
v -0.06379727683803395 -0.042496154784977355 -0.31874363400452055
v -0.06135505669820804 -0.017558256402089186 -0.3714946760237381
v -0.06129526828863855 -0.01799656313181753 -0.36500197266626266
v -0.06072489679104214 -0.014576472613916282 -0.3724025784668992
v -0.0609463078565833 -0.014577010056974548 -0.3771172952541083
v -0.05863749911833472 -0.018795280203807024 -0.37918059058952364
v -0.05917859361315527 -0.023043843642092172 -0.3718127045746815
v -0.06172476672463721 -0.02010617705620049 -0.3660670212617316
v -0.053181546859012725 -0.04741647582142772 -0.17913193711865316
v -0.05335124806549239 -0.04871676360961137 -0.18504541055226412
v -0.05416002744412264 -0.042627243407290905 -0.16785301565262092
v -0.050810249234307776 -0.045665243289741184 -0.17438481913903006
v -0.055707690018911196 -0.04575223151152036 -0.16865980469453248
v -0.053329612661513315 -0.05967737196885942 -0.18970632346946786
v -0.05229446202971826 -0.05844783480147921 -0.18016436248521167
v -0.054191082986009824 -0.0580023409708195 -0.17459765408312383
v -0.05919377512883696 -0.012319838046709526 -0.371488315583671
v -0.06018895765196158 -0.010942609904149903 -0.37857085485917524
v -0.05995053329587008 -0.015902903581571672 -0.36422377006440065
v -0.05957956876372017 -0.005456790052132883 -0.39474837908066396
v -0.05968391696993508 -0.006425660729246949 -0.3870020278895588
v -0.05914106922748906 -0.002748868686900486 -0.3932580139426165
v -0.06012948981892648 -0.008616197295978553 -0.3883612278593035
v -0.05693690272624029 -0.005422322699248873 -0.40237194267868653
v -0.05758205971388084 -0.010514305471625528 -0.3935440579230408
v -0.05917806569659903 -0.0019623493043699654 -0.4006667351689478
v -0.05881370648203176 0.00036104106768935227 -0.39916147827491594
v -0.05651854565667101 -0.01976473544888309 -0.37775399416659156
v -0.05017603149436182 -0.021126892300064586 -0.37303210743546245
v -0.055613883399321634 -0.02548337490830423 -0.3657961707877272
v -0.059676687205482165 -0.026292807060888698 -0.3642709029511133
v -0.04894920042746431 -0.010523657442238835 -0.3719974658714876
v -0.05605553395336464 -0.008453386773729608 -0.3782667385048603
v -0.05498805242691743 -0.014071533905881804 -0.36672721052701857
v -0.058690810184475015 -0.008336508929660924 -0.378537726185568
v -0.05764719224153919 0.009868049228372179 -0.4205984726564896
v -0.05688202057396944 0.01443664741868039 -0.42345447564291816
v -0.05738248194606415 0.012538879632257832 -0.42436257443146785
v -0.05743537944941335 0.010624433766945614 -0.4172493548774449
v -0.05508876624641525 0.008994675738469017 -0.4273690081874085
v -0.055664119500320124 0.004635480733598037 -0.4198094288131844
v -0.056503492785066306 0.010828007510313346 -0.42556703083102315
v -0.05823189559593376 0.0056059870210216555 -0.413324988027274
v -0.05787681051834526 0.007108266389106033 -0.41090883774994175
v -0.058815728515931316 0.0013427663137047983 -0.40605034288071107
v -0.05820903224060445 0.004205727098336194 -0.4055253361511412
v -0.05657371670022499 0.00838239221294871 -0.40811544210942463
v -0.056139373023318874 0.011785360641681102 -0.4140035134877515
v -0.05569112359530532 0.015316296102536675 -0.42020584381269105
v -0.05545562605619033 0.01719322237088515 -0.42306496786489084
v -0.04828228363725583 0.0156391649785262 -0.42068315741979595
v -0.0522859055107921 0.0176979792288062 -0.42372498188961627
v -0.05192611474428798 0.013206183580930217 -0.416650124352504
v -0.055929621632898024 -0.007751957182610173 0.40522513658862314
v -0.055963212176210426 -0.0073885129958421655 0.4193882648418249
v -0.054142152073121244 0.0033193981297026122 0.4055712096590433
v -0.05423896755479805 -0.01210697891494913 0.419367215510311
v -0.05405471479306763 -0.007847686341422796 0.3933865505848765
v -0.054226588465604075 -0.01229995706778864 0.4052117968735091
v -0.05455094877118506 -0.007104071344242094 0.4277361902342874
v -0.05281791937607877 0.004356373454512888 0.4278150971149402
v -0.05288262889512812 -0.011854919087279803 0.4277101935446539
v -0.05344532912891571 0.003855346153882525 0.41660880190949046
v -0.05506382731404634 0.030707697933947488 -0.4517114806525098
v -0.053674401360390256 0.029312381921663452 -0.4536953906534416
v -0.05322033067342428 0.02441779829427345 -0.45034837870785854
v -0.05466819612680541 0.03311990457312002 -0.4551216364114251
v -0.05372639722415404 0.03515264231439012 -0.4539044061008839
v -0.053005999871374325 0.03511057290787661 -0.4495060761292313
v -0.05534655725464134 0.02822549554734758 -0.4481850338721568
v -0.05441331494997173 0.01452071151483989 -0.4369195595054424
v -0.05638537744637126 0.02038392222530094 -0.4362031128300703
v -0.05510682568216759 0.02011565575377794 -0.4404356106770076
v -0.05670103987940593 0.017755287850817127 -0.43230205915710757
v -0.05617194379514999 0.012578861760323867 -0.4286814029496506
v -0.05049696015707103 0.011638691039803549 -0.43243707592104397
v -0.053761231751437495 0.019740134477581772 -0.44408445247141337
v -0.057009737550184444 0.015245708302090757 -0.4285500882004966
v -0.04784221198221881 0.017943407024065557 -0.44075105257397884
v -0.04551157357975596 0.013547808732944217 -0.4344007891735307
v -0.05197098168450154 -0.0012657739402005229 0.43328580613071743
v -0.051312935059063286 -0.006491678570909891 0.4379138833965065
v -0.050509365008683374 0.0029677932106474195 0.38783475847266624
v -0.03924954810893653 0.005554440367563686 0.412107633225589
v -0.04034155899893324 0.004789087647284796 0.39743284972645854
v -0.04938671857179122 -0.012189831782103585 0.41423000382596936
v -0.04691045595991283 -0.012071950580420907 0.4206450072426624
v -0.052411461908249087 -0.012343794280452146 0.3933884969376229
v -0.04126635632960228 -0.01225886374494624 0.4106687760281409
v -0.04970261304481486 -0.012319539142005887 0.3822475501432881
v -0.050781588944260485 -0.0026859165518453455 0.3830636105181123
v -0.051344811045673705 -0.00791409751780428 0.38260117153708023
v -0.05343045227919162 0.04071275089007223 -0.4658012922538528
v -0.052523445114397556 0.04520965925429739 -0.4682364484167805
v -0.05313295860397901 0.04315995910833652 -0.46905216858746235
v -0.05320729773914105 0.04191273712836384 -0.4649485169063739
v -0.0514295396645396 0.038146568604772904 -0.4693825711415336
v -0.05177006404216907 0.03537904445765446 -0.465587209376544
v -0.052805079262740515 0.03643396390157853 -0.46348025428584905
v -0.05368787314026087 0.038347668881858435 -0.46282259756072514
v -0.04968747543837299 0.005105131216016408 0.4379939200212803
v -0.03733842347769653 0.00651853004485042 0.4295533777676642
v -0.04134967716855633 0.005689741301692365 0.423022632282985
v -0.04973871220470185 -0.011341323083825723 0.43792678690992226
v -0.04489220793805263 -0.011800037183897686 0.42918529995357824
v -0.0515797448967285 0.045461817068728295 -0.4647512839029887
v -0.05124020376289135 0.04801009245519228 -0.46852267621864135
v -0.05207373730103493 0.04871282325834608 -0.47321180798946877
v -0.05283450235688093 0.045608158172296576 -0.4723030190170498
v -0.03740510405693751 -0.012310171800581205 0.3856442350120201
v -0.03134893892030501 -0.012344830184281593 0.39900565500558444
v -0.05141653198738938 0.05794203928927903 -0.48857309951544725
v -0.050341371287340494 0.06250704620445391 -0.4944502105938545
v -0.04786118614524633 0.05765585061487901 -0.4948427037125325
v -0.05066471201993201 0.06143709501942929 -0.49161274479154704
v -0.04978231403063875 0.05868352855983988 -0.48275711688877593
v -0.049143478096833594 0.06329760489759886 -0.488900454702998
v -0.050940351356554295 0.056198426503800705 -0.4830463403224492
v -0.048679119678706 0.05428390051179394 -0.4906970850376311
v -0.050706045100250285 0.05339510014135347 -0.48629418118815676
v -0.05184412208485299 0.054071651131985594 -0.483490704290184
v -0.03869864089737596 -0.008579929152463993 -0.39514336907696573
v -0.0453332004217897 -0.012741470460485571 -0.3886922977732541
v -0.049421613688035104 -0.009967344489046043 -0.3954113807255984
v -0.046507318481814344 -0.0065885619297701165 -0.4015511482840916
v -0.03870978529341294 0.0006045810929163091 -0.3911415743180235
v -0.03870764780863278 -0.00406090183873567 -0.3818238638216219
v -0.03870869274234028 0.004320641470651497 -0.39856851681044125
v -0.03870387129805355 -0.015449979508037181 -0.3811155964723496
v -0.03871126356377266 -0.002711699424307851 -0.4071666999384581
v -0.04492372019272759 -0.006807197468502189 0.441213032552095
v -0.0460727833996702 -0.0031842098105277373 0.4412076390684165
v -0.049912973013335055 0.06493211363879296 -0.49465340074913494
v -0.049520576972681855 0.0647249921926479 -0.4971576011838238
v -0.04710235782298381 0.060788582451493316 -0.49869406303277286
v -0.04999553793346345 0.04884913957621079 -0.48401528251264486
v -0.0461150302851974 0.05257447389278357 -0.48838309392974916
v -0.04596451611797228 0.04837487111842046 -0.482444867735762
v -0.05036502121788619 0.046204792912424464 -0.48042420235240296
v -0.049307788438182835 0.05168663443805972 -0.48750330748472304
v -0.05223863918469987 0.05050352413358575 -0.4788046573475082
v -0.05204138698144084 0.05228808855036417 -0.4811476813162337
v -0.04899509648294495 0.06710602805370601 -0.49726974027570114
v -0.048563792782853867 0.06760538820451008 -0.4946564520301134
v -0.03852793289823854 -0.011470411118652858 0.43585351179696036
v -0.04033858639051926 -0.01079044111170172 0.4442831161919594
v -0.04418835423830043 0.005538039122377585 0.44170013576186323
v -0.04010127635431146 0.00605160654837239 0.43792718256304985
v -0.00018031386956965682 0.007445003851503456 0.27827358307026184
v -0.01598544497724486 0.004746722293176619 0.2766639208999566
v -0.013563421282670995 0.005481806973290656 0.29043372451294264
v -0.011840190112571935 0.005145833200329583 0.2614240704066919
v 0.013689246739856479 0.004932545909283663 0.2695585884155843
v -0.0002661491513351005 0.006933871734837858 0.24986219804342716
v 0.010805981177563529 0.00583957212402136 0.2864105667777833
v -0.0002520226031863458 0.007973498873068837 0.2938014804875404
v -0.04803920518643594 0.06699198026488709 -0.49997216468155814
v -0.04635460476643056 0.061863536179498066 -0.4999722071501082
v -0.04745571374408823 0.06968926466782659 -0.49744393895685574
v -0.04764984696023274 0.0691288095458033 -0.49996316782764405
v -0.04911805398079026 -0.007945116103989687 0.37372104476991336
v -0.047722965308471955 0.0025879380818470857 0.3742035896999199
v -0.04765365491516975 -0.004870699220316392 0.3656819015776891
v -0.04765140009510637 -0.012285156692797299 0.37373498690630225
v -0.04671088111280662 -0.012255543845140493 0.36631505264952763
v -0.04822201405017563 -0.007158014820780529 0.36594501593722845
v -0.04570264833440604 0.06542359809079468 -0.4916239602328887
v -0.0447006444988914 0.06892068864617895 -0.49626901902549364
v -0.044485451979160116 0.06508037275015778 -0.5001613884904214
v -0.04636264583871671 0.07172609869241146 -0.49996217920352526
v -0.04209879835208584 0.06714321314613557 -0.5004036495336919
v -0.03681977616351906 0.004437338844266495 0.3811015513530195
v -0.03823473765963747 0.0038966272099844545 0.3666515043205452
v -0.04569352030296505 0.0022896073450615474 0.3581836619991644
v -0.03807851425852889 -0.01229542212638861 0.3746435397193822
v -0.04056012176836388 -0.0122756929105961 0.36700952105370255
v -0.0442392102440493 0.06063850648517803 -0.4985069551070654
v -0.04530032500785735 0.05884492630750518 -0.4963110208288976
v -0.046604069821607766 -0.004979333482221588 0.3231240033641374
v -0.045021123535985245 -0.0050840493529748475 0.31467871047222135
v -0.044765958857719466 -0.012146745655825556 0.3235447441591993
v -0.04605258308463794 -0.005174424069027173 0.3322264348413882
v -0.044797453051663494 0.001607611147349897 0.323128613315948
v -0.04208781210032441 0.07205846805045879 -0.5003936475933713
v -0.041948634372816186 0.0696013914056132 -0.49692569309999796
v -0.04209880510510926 0.06222593961635625 -0.5004036559411772
v -0.045549978520845906 -0.004835463418190941 0.3427467078274828
v -0.043747998190779305 0.0019269349797698368 0.34271316170312904
v -0.0453316124024119 -0.0020641926889797824 0.3485064252244959
v -0.04426096721399072 -0.012199698990846886 0.3329307189065188
v -0.04374648934125494 -0.0121954583890191 0.3427540970847442
v -0.046441529104007825 -0.005588278411756695 0.3504557925094683
v -0.04514297096400638 -0.0451819668018442 -0.15015874274597035
v -0.04395972802582647 -0.04918362445554287 -0.15015484649972866
v -0.038332831251718234 -0.04590703436623452 -0.14408054495770464
v -0.048289476990725985 -0.05167333866333972 -0.15705721232014122
v -0.03895095359512515 -0.03716141651180054 -0.1441155995417593
v -0.039918304647731155 -0.03364338192064067 -0.14805478812003245
v -0.04707722225590532 -0.038159085891060616 -0.15802583906597703
v -0.03892401679003475 -0.043908337252431096 -0.14408176106500123
v -0.049736306746922206 -0.04710956043053284 -0.15706058853733917
v -0.04319076566417993 -0.012271406918865009 0.31439619322120516
v -0.034207634982933506 -0.012297126169421631 0.3187407317204348
v -0.03479975284988534 -0.012235013598321378 0.32808175683983487
v -0.043275194256198635 0.0013374316512902492 0.31438007131073986
v -0.04230535093253362 -0.005170450175917362 0.3097682487669173
v -0.03263511626945531 0.0034100334991097677 0.321598771244422
v -0.044280077823270605 0.0017701524918481153 0.332919159335433
v -0.033676093572431065 0.003453015859486037 0.33373928710911355
v -0.04033336520369322 -0.05293160654447624 -0.16052481415319017
v -0.027099578811918358 -0.04919060709282863 -0.1501489174578043
v -0.037169007185569654 0.003359046426225986 0.34911031712656254
v -0.04468358121869095 0.0020736669433914718 0.35013537113793886
v -0.03636445156857437 -0.012230236873623589 0.3384287239746172
v -0.03401634855710239 -0.012241065735726052 0.34858667957254036
v -0.04472469502811852 -0.012216982376409252 0.350491372842863
v -0.0435099746897147 -0.008751439605734802 0.2910822944800714
v -0.0433865699463081 -0.008985899400194598 0.28323003424209736
v -0.04226562108207179 -0.012718229199764404 0.2910790102061723
v -0.04216276867834423 0.00036047364330735285 0.28325171975355085
v -0.03921347818727131 -0.012515755191777474 0.302210151876566
v -0.04218362945110808 0.000656220218338038 0.29137287322833766
v -0.04079514660543847 -0.005377766713135748 0.30218200635784886
v -0.04215226380968925 -0.01291100593889808 0.28321450694641637
v -0.041990562910985574 -0.007733021553013734 0.2731816631909964
v -0.04156621941577014 -0.003416837522866599 0.2743447777767408
v -0.04064938300562006 -0.01235582833799901 0.3098064445681509
v -0.04152594232814241 0.0011232600764975807 0.3061884617521262
v -0.03488474185446228 0.002400867789383555 0.3084540768227926
v -0.03289394405145739 -0.012869947657821675 0.28452275484860373
v -0.03204680919222244 -0.012613949631779562 0.29881918214194086
v -0.0336464614496139 -0.01274282245271998 0.29137976710973124
v -0.03248376006929012 0.002179182144502397 0.28680056381472185
v -0.03969984827398396 0.0009264344915318381 0.29801489438992906
v -0.033912546089972996 0.0021992299083871615 0.2946363748902857
v -0.03141030477517776 -0.012360809392942368 0.2735851406536214
v -0.040593788299685414 -0.012217590187810544 0.2713314217626571
v -0.032346299902124655 0.0019104909936767146 0.2726470442842517
v -0.04022349781083717 0.00013822011038760302 0.2701533105731652
v -0.041743355523108774 0.05921732594186836 -0.4966833928064533
v -0.04183748256521958 0.06460804356703019 -0.49666942863466723
v -0.041683210883508494 0.062247020531535066 -0.4927630721301268
v -0.04158498325692532 0.05645197327144768 -0.4928450230454498
v -0.04486777118293771 0.056315735369781364 -0.4932033225406519
v -0.03183739686719595 -0.012441218155593957 0.30883345870749074
v -0.04059205011497459 -0.006447793922691363 0.26313853102246165
v -0.038024197478231866 -0.00016684329993128566 0.2552736058577455
v -0.03878423780252133 -0.005558634958193933 0.25289017086447135
v -0.039150405216489964 -1.0227321356118496e-05 0.26284637100503044
v -0.039039318073572866 -0.008253470424947364 0.2546656337474403
v -0.03904081072309639 -0.011507400294481746 0.25936503939094324
v -0.0298403068200063 0.002791372980065628 0.30139883302788206
v -0.03871493513216926 0.014819901691871331 -0.4194927128700901
v -0.03871276276297625 0.011371242506006317 -0.4126503418914738
v -0.03871433675732668 0.0032272804332757156 -0.41931236671433214
v -0.038952333612950474 0.007788580130232946 -0.42559876648613126
v -0.04414220026935744 0.01984161367034545 -0.4268921621382899
v -0.03900515830800933 0.019604727136445958 -0.4262327668582699
v -0.03917189919889055 0.011743053757859296 -0.4310702663230069
v -0.042786920279067844 0.011215545015277145 -0.41312788549785856
v -0.03866538578832751 -0.04771462065636645 -0.2681610014379345
v -0.03621974192332153 -0.04837886767792387 -0.26453112633207915
v -0.038654940512019544 -0.05828573424948871 -0.26816958983238887
v -0.0387429742236906 -0.05518566463157534 -0.2797112521707006
v -0.0400381956543551 -0.0490696159152786 -0.2602488677558366
v -0.03867051731192232 -0.04516006667349928 -0.27778476102455507
v -0.05117235736843672 -0.046231144623192534 -0.27589114968310713
v -0.04913833289870877 -0.04796119013118386 -0.26681572237461676
v -0.04668638524813424 -0.04911114144708298 -0.25989275762526715
v -0.03872444952250503 -0.04300375067624782 -0.3247859077788579
v -0.03868413874867775 -0.03421449265078362 -0.3427229396905197
v -0.038682017455140806 -0.03274329447138181 -0.3245233802071554
v -0.038681367800986965 -0.03525193445676428 -0.3150910327700196
v -0.04381952464345319 -0.03814853356576042 -0.3362735900076986
v -0.04828515228341203 -0.046054933611804086 -0.31332262569739966
v -0.038674960680380614 -0.04731988095230333 -0.30889979967754305
v -0.04115254006902601 7.623193637792611e-05 -0.4136167510491146
v -0.0477743296044302 0.0035593767812842634 -0.418855067765205
v -0.04321380989633248 0.0058482577430426785 -0.42330757449069856
v -0.03870389603479219 0.005059682593262319 -0.4114368421860294
v -0.03871292130404833 0.00025778666577695036 -0.4132401300979984
v -0.036209826306460295 -0.05899756908202031 -0.26453889951709036
v -0.041493336417324826 -0.05971816452587041 -0.2605919468436825
v -0.050099505197604005 -0.05919500826454057 -0.2635786710128805
v -0.04437300977445273 -0.057260168764859135 -0.27164877287275235
v 0.0032302643777625097 -0.016804605379615152 0.09552732458243131
v 0.014673044845648114 -0.016768368104237614 0.09410543685980402
v 0.011375062849680243 -0.01656264025430905 0.09988195597226682
v 0.012129858637931444 -0.017117431790042437 0.08627743755557223
v -0.010468033666973792 -0.01691943825026111 0.08948856105716091
v 0.0023190630740744563 -0.017151341379503512 0.08678794192652471
v -0.00733243582809062 -0.016590838423387533 0.10090691373479187
v 0.001867428848723394 -0.016414988156765155 0.10613864190388231
v -0.03261587701107876 -0.05402802231205917 -0.2627630987321007
v -0.032615791026713796 -0.048702248766209266 -0.26276150482028815
v -0.03261554269843318 -0.059353918384536165 -0.26276548356511525
v -0.035807239859879235 -0.010162140976227606 0.23445903878764102
v -0.03252859388704181 -0.010425854593489119 0.23294624342469483
v -0.03178165373513103 -0.01035291413328804 0.23765377334324891
v -0.03620392875816269 -0.01032297310479295 0.237469516335361
v -0.03632554492298816 -0.00731557950858482 0.23802375674519105
v -0.03593451573391985 -0.004424725917876706 0.23656593164174647
v -0.03535382498999382 -0.0072713088408861825 0.23240299134944278
v -0.03514340334399383 -0.010414219118663486 0.22985435699863227
v -0.028626035301308642 -0.05934478530009206 -0.2628149804693991
v -0.030410518475472548 -0.06037913304946481 -0.255573278225902
v -0.028628197946021217 -0.054023994942684964 -0.26281853415540724
v -0.0381349250899332 -0.06038323872304998 -0.255550067266495
v -0.031161273856851343 -0.04965423185021801 -0.2552920993689111
v -0.028625673457804042 -0.04870334737515714 -0.2628232270565693
v -0.03862663522316792 -0.04977731437870777 -0.2542507481850984
v -0.03270870436218523 -0.042635983112504834 -0.13800533448394053
v -0.03277066038235875 -0.029126200893103166 -0.13808768361775248
v -0.02676532152827438 -0.037027191344819965 -0.12746089871884442
v -0.013380761301058515 -0.04919654482135605 -0.1501458827565932
v -0.01823081674001933 -0.04128822472530538 -0.1354806555238427
v -0.03232586075484338 -0.001281577949666655 0.21654484319523262
v -0.03358400172089 -0.008701636382524448 0.2176891188817321
v -0.033196911244757266 -0.003747488078509245 0.22054529553266866
v -0.03255764027940125 -0.00815694095250345 0.21021991364245546
v -0.024467924263621862 -0.0007534412607608761 0.20629188745857002
v -0.031199885125569572 -0.002249699059364916 0.2063689325687938
v -0.03374928983556798 -0.0009759439444428804 0.22616102883256922
v -0.02669947579530582 0.0004188394003796696 0.22340690623481968
v -0.02456287693051627 0.00046525003628424596 0.21683757823967087
v -0.030369695470488116 0.006701709377453119 0.45102049482001283
v -0.017187917799499186 0.009647820318766325 0.4497703733730703
v -0.02422233060312924 0.0074790997663380905 0.4411775378511007
v -0.03200116219802001 0.006644083449236245 0.4452587166065747
v -0.026727944737442628 0.00799991944503974 0.4571607940256075
v -0.030497458957656296 -0.00012897976236199156 0.45092620369771286
v -0.03522395138153161 0.0021529766089584458 0.447772905264831
v -0.03492811266557988 0.006289162659200348 0.44793241380787097
v -0.03629217823405692 0.003986365272713352 0.4472385001560262
v -0.03043869962714067 -0.010182192677105342 0.4509205648233059
v -0.021892128956797985 -0.007669880875761835 0.46540135931906296
v -0.003673467730514017 -0.010206186975736624 0.4503922237403793
v -0.03364656718110428 -0.010823252141824485 0.44363029456511416
v -0.020595801243018328 -0.01142963307438186 0.4368426952094433
v -0.03546283927549691 -0.004738854193690658 0.4475864397374851
v -0.025029213707258236 -0.05897826397483964 -0.26464070379361093
v -0.021751696612422586 -0.05959451509703446 -0.26124674452729707
v -0.025030494836803443 -0.053674312303999085 -0.2646405652652629
v -0.02467872394874367 -0.0603801095410672 -0.2555747684723376
v -0.018368944006148313 -0.04901484502420177 -0.2607216072529904
v -0.025028593135222512 -0.048371486279364606 -0.26464121897941073
v -0.019525556879173563 -0.05047341584616414 -0.24835084752193104
v -0.02783836377393777 -0.00518635976840172 0.17615227110916265
v -0.013196293010610753 0.0007252747833984646 0.1689971342332504
v -0.027289426309029186 -0.004971087373974005 0.17071929843654482
v -0.02539829986056603 -0.004208088865434356 0.17982617617002256
v -0.02789612506451368 -0.009670731065301228 0.17844235863176164
v -0.02828514169369752 -0.006470303347701656 0.1792926699229435
v -0.028458033550470177 -0.004712862148264908 0.1812467368471086
v -0.02704899418176612 -0.014755407424409627 0.17553098401275866
v -0.015464420261464537 -0.015018312288027039 0.16306148710640772
v -0.013423559510927358 -0.014639420194453245 0.17826422473608697
v -0.025891337048990912 -0.014977192480618247 0.1637959155967067
v -0.026468773546588942 -0.00981919655505507 0.16508517796469757
v -0.028123426288839418 -0.014073499211102512 0.1827307244032112
v -0.021071709806219086 -0.014495623168247287 0.18394163323646667
v -0.02259009082208143 -0.058284457565019404 -0.2681763885420463
v -0.022709887131966384 -0.05310764722663395 -0.26800514110826174
v -0.022589817950318673 -0.04772507510464499 -0.2681768392948026
v -0.022574269992123818 -0.012314624133352985 -0.37152965851503267
v -0.022467612948859902 -0.009666292826748609 -0.3973504821477625
v -0.022564952878982587 -0.020229457428768333 -0.3744942029445089
v -0.022336628500644037 -0.0007024992822416611 -0.3903684945487345
v -0.007990463711317175 -0.012390457259361977 -0.37134094864718387
v -0.008206943303018447 -0.003402618877056382 -0.385982911135348
v -0.00799849691567171 -0.020786858194477446 -0.3504003504957788
v -0.022575251692358682 -0.029236726956900837 -0.3548161430179521
v -0.022567067835313825 -0.020808146681301827 -0.35034728444487295
v -0.02252818823965177 -0.054544871500706554 -0.28210017923093667
v -0.01656045669321857 -0.057051046267216604 -0.27278900257303956
v -0.016031804954207442 -0.05859454528766334 -0.26664426443916495
v -0.02258863726581759 -0.05106429024494014 -0.2753849313903749
v -0.015863081512632077 -0.04780903473619122 -0.2676521442641946
v -0.015525080348474595 -0.045869134836173414 -0.2763276394678253
v -0.02257755227297258 -0.0440429400989288 -0.28440946571207165
v -0.007998551691724415 -0.023222594700900046 -0.37153361844862626
v -0.008214838005299615 -0.01024864556262386 -0.3940267209112712
v -0.022149283851502485 0.008875038669563674 -0.4059234476857687
v -0.022290522393996384 0.0009072088709234372 -0.41367218616681867
v -0.018590587158481758 -0.0024678746536425586 -0.4090989602228619
v -0.008346533311551498 -0.0018495115929146007 -0.4085690371151842
v -0.022569127337444463 -0.04321220299665437 -0.3242059731420532
v -0.022579792441428482 -0.03083167828189259 -0.32540792887903036
v -0.022572858569940183 -0.03588788086159828 -0.34031941359842804
v -0.02257124939703232 -0.046875492203989545 -0.3105947822963381
v -0.007984150732209995 -0.04233091945348582 -0.3228121222138342
v -0.015280777938543743 -0.04664080346007812 -0.31372225167814227
v -0.01906835849967383 -0.03814239723963658 -0.3363064991406399
v -0.01778332177539333 -0.04786933760612625 -0.30702875483453773
v -0.02258328348453911 -0.0398236568952607 -0.30301091126592145
v -0.007982339867475758 -0.03987551149256105 -0.30287904313333514
v -0.01591382638367883 -0.03595443902399074 -0.3126201312869862
v -0.022575062159282653 -0.05063470691886296 -0.2966257439156323
v -0.022785841139705963 -0.015624912696841763 0.13170538203749005
v -0.02395431641179032 -0.011022277642830071 0.1416384577257105
v -0.02266704064601907 -0.003197475541840779 0.13045048755349023
v -0.022509645547222276 -0.011519485645464277 0.12620585596254805
v -0.011558329276809725 -0.01559930202228837 0.13253806152055347
v -0.018310656448637663 -0.015497623155945264 0.13657552616100443
v -0.016197304329309426 -0.015771313204931834 0.12659283691886655
v -0.02365232064393251 -0.015403573523491624 0.140621205786077
v -0.022333521861085465 -0.01579040761324165 0.1252616387759831
v -0.01168320165390018 0.0005602950420332839 0.13732798678389413
v -0.009819742438859407 0.0009465628275249069 0.12786921511637767
v -0.01862901001439015 -0.0016087722589459002 0.13970557488851076
v -0.014413923650496952 -0.0009413140424765423 0.11809222130846025
v -0.02184944734550753 -0.0035310485052284916 0.11747856967677825
v -0.024040057517136514 -0.003627874327245824 0.1422162938003359
v -0.022310603288919772 -0.008447054241817376 0.12114764629982544
v -0.021449758675046254 0.00989191826186586 0.46602721148206877
v -0.01511229137082014 0.0029724320422160294 0.4705376282855602
v -0.010670107623083477 0.013571028315721365 0.46600338271959413
v -0.014128214690876289 0.012408822181092294 0.46921119552056006
v -0.014827674838249608 0.011315459062601028 0.47088489631444214
v -0.009017923157111168 -0.005144325051644562 0.4750710626726403
v -0.001142947639365662 -0.007688491177980528 0.46505986051051146
v -0.021485664679829694 0.032000875337754836 -0.46177765763146494
v -0.0216534652913375 0.033974649180160105 -0.446685654371194
v -0.021489338102790273 0.04288079244140065 -0.4611688182325307
v -0.020136106479100253 0.04153879511419552 -0.47404920183483
v -0.021690062566696075 0.024088023404044222 -0.44953559616337424
v -0.011328400127780244 0.03683114634009391 -0.4666047377348613
v -0.010658165896477511 0.030247280297799238 -0.4578767177979307
v -0.015288490633654115 0.023789720440322536 -0.45015662968211934
v -0.01568757776818676 0.03885614619670398 -0.4546130323819054
v -0.009398747548683044 0.04412012325693868 -0.4630400189715175
v -0.020280903546803033 0.05134221148834834 -0.47269317064360433
v -0.021866318146408083 -0.01259278814163285 0.10973776043140022
v -0.02141610862617958 -0.012239440596687908 0.10218351756822591
v -0.021238456384860493 -0.01628650982980453 0.10883582270542806
v -0.02160593333653417 -0.016125478280099234 0.11453457391186626
v -0.021189877249875668 -0.003804412421950158 0.10743732584070952
v -0.022072379496568897 -0.013368726889257861 0.11489331806420663
v -0.02084027870706735 -0.01654488439821928 0.10047736017246726
v -0.015097116572790429 -0.01640762106639448 0.10664557929828607
v -0.016645382551808106 -0.016154710922085768 0.11490518693729136
v -0.02083407422696475 -0.0314343043164275 -0.11692929556473786
v -0.016836659645257806 -0.02486163482370236 -0.09817040589689939
v -0.020871323107983574 -0.018726221663737306 -0.11695322931575543
v -0.02681568220061003 -0.02392412858177321 -0.12751955149149227
v -0.0008903406142841191 -0.02990587574476584 -0.1136664474074382
v -0.010307474223444186 -0.035742903553681905 -0.12469287311038471
v -0.016955155467960052 -0.012439239837658987 -0.0981627287686204
v -0.009295772418497368 -0.01505368322998205 -0.11150392497791603
v -0.021050423101851592 -0.022118981940295077 -0.12483008076465103
v -0.02009174599280404 -0.011692520637242356 0.07960371392297177
v -0.019325051357461098 -0.004840897450149936 0.07733929318939821
v -0.01962667099590842 -0.011216495098688772 0.0677046300160463
v -0.02047212677481633 -0.01071324158994033 0.0868264095930801
v -0.01962325733460524 -0.01755705965535917 0.07356563748928834
v -0.020027666003884503 -0.017132692822332568 0.08235990350904579
v -0.020382459831896592 -0.014031399442943602 0.08810709807378185
v -0.011402343084753673 -0.0016670734071013054 0.08067800340614979
v -0.011930570374371766 -0.002289343723836319 0.06963121643788743
v -0.018925402179510647 -0.005205206212121315 0.06424874562571661
v -0.02021358579342361 -0.004440275983786847 0.09210151349840535
v -0.017030915676865464 0.07242765111886915 -0.5008935844458887
v -0.014456540530338645 0.06267675714922698 -0.5009777785428778
v -0.017031013771093916 0.06261768237447649 -0.500893660027582
v -0.017962460812653215 0.06639785764026801 -0.4928342868420207
v -0.014447671299262518 0.07248873783069268 -0.5009727114196794
v -0.013481214618444759 0.0670656202852604 -0.49371638415831487
v -0.01754881948274016 0.059080747444210935 -0.49639274632047103
v -0.017347099233091537 -0.019110369708800572 0.02353032129748099
v -0.017918875889787238 -0.013293678069815306 0.028988340504428025
v -0.017698840385289783 -0.013501549087568605 0.02409372790982906
v -0.01772458856643177 -0.018861161017036526 0.03215571915221572
v -0.009448178735466143 -0.01941564398855161 0.01585698547796714
v -0.007110227129218692 -0.019029450445065203 0.02606858433021162
v -0.017214242898347266 -0.01939975772725452 0.014173400781357117
v -0.012580149582778961 -0.018877455242591316 0.032106000460170994
v -0.017377286077900917 -0.014291548016536449 0.017708086575335992
v -0.016851494855419983 -0.01784947207968631 -0.08510667811128189
v 0.0006608737623135833 -0.02645769792673658 -0.10363099415208955
v -0.0006935669779354871 -0.025569123594801468 -0.08882454664158695
v -0.01667655560683283 -0.023707075970777456 -0.08249304790638275
v -0.008320922609216417 -0.0087000967850837 -0.09785320951760199
v -0.009195230056820203 -0.008810510887035635 -0.08485537533815224
v -0.016847276306733907 -0.011551898095441328 -0.07925271153782978
v -0.01762837237138696 -0.060121583315363096 -0.2576729041089041
v -0.011619518531448818 -0.05950504276329604 -0.2619952365787809
v -0.008749368121433416 -0.06040253046502277 -0.2556532918488032
v -0.020738673820507748 -0.06147291119434427 -0.24729940417849755
v -0.0126244554510693 -0.04897991940199029 -0.26101943996631555
v -0.012363294263908631 -0.04838593290997654 -0.2642651952985023
v -0.01170466929512776 -0.04937997685836264 -0.2576187788224851
v -0.011621046376118495 -0.05047088061670936 -0.24797450029214896
v -0.016704291452827376 -0.008067465786907058 -0.007414055562295861
v 6.14919029938855e-05 -0.000744441892782885 -0.005328030563976987
v -0.009701187018790242 -0.005398545837950727 -0.01731268976721507
v -0.016722977966531615 -0.008545269528300635 -0.016872315602642036
v -0.016821677186473316 -0.02016207650121334 -0.012167949393117949
v -0.01689776242936874 -0.012950022359995515 -0.00034944237556463337
v -0.008375992919267711 -0.003999384325455453 0.0011971535872689456
v -0.01701626484167588 -0.0074558942652114095 0.002045075260311704
v -0.01630209671058045 -0.021232082384555307 -0.045603162279665925
v -0.016429351050794926 -0.01780107017508014 -0.03668759767226084
v -0.016695859866566222 -0.015777305919359372 -0.04427494141863305
v -0.01677320383258785 -0.015772289324676593 -0.05309530534471397
v -0.0007418000274632098 -0.02243728896906923 -0.046979213303872405
v -0.005934141071414756 -0.021590804537704282 -0.04075090111668002
v -0.011350395621890084 -0.021103641251193454 -0.03830464324010784
v -0.008374261319303 -0.02223823468033601 -0.052596646633354886
v -0.01644333713362003 -0.020938403790170458 -0.03604454196462674
v -0.016400610928173878 -0.02200581434474264 -0.0568104634132835
v -0.013759525152696184 0.06011785855641982 -0.49579189737044516
v -0.01393471792962544 0.05835990760054533 -0.49523731331608506
v -0.012172738257723607 0.04377627334095875 -0.4758462750689115
v -0.010650854647786704 0.048350812057890116 -0.4723700301846483
v -0.008998676452797665 0.031026531319500773 -0.4508240924910756
v -0.009116832396537825 0.035808577700731696 -0.44966401020577723
v -0.010893177261191185 0.0525915829268603 -0.47436215280054816
v 0.0014508647157232687 -0.012215640818332648 -0.10495475309180789
v 0.005934969293883587 -0.01654367452305119 -0.11230084790540132
v 0.009314042676269977 -0.02019138029013195 -0.12117712528105248
v -0.0071444814211734965 -0.02311600695915256 -0.12673146836208907
v -0.008618073278773621 0.013773891153855406 -0.43567902380396933
v -0.00868231212247454 0.014652023564761057 -0.4369765361729918
v -0.008705282413973826 0.0182898570333319 -0.43578245981713837
v -0.008783807460482644 0.02141601416607871 -0.42629100169965095
v -0.021958537322734117 0.01372582934462088 -0.4335041800995325
v -0.011126900500531273 0.01462827079612927 -0.4367135543218932
v -0.01461730213980352 0.0050585891770971655 -0.4213686657875919
v -0.008483482993643883 0.0064124834197135765 -0.42289326700580654
v -0.008441348091314445 0.013162749318464936 0.47532584491434227
v -0.0067318673423019774 0.014920039674979405 0.47237919758626634
v -0.0022988457932222434 0.013884025257573214 0.47488755698596036
v -0.0066668822762310925 0.0042396000915902645 0.47606450978793724
v -0.00473358923855567 0.013854090450707925 0.4769702746883402
v -0.008787765652792642 0.004075002921854892 0.47518949753432976
v -0.002342659902141675 -0.0048813212368394275 0.47589112393088484
v 0.008740103695842908 -0.008494765144062104 -0.09765418139472021
v -0.00559513832999568 -0.006741696336238005 -0.08118927419652115
v -0.007991816786217172 -0.05016531981038516 -0.3028799570299747
v -0.008009728953952994 -0.04395846844438383 -0.2847789622787111
v -0.007978943363383414 -0.05471358218514058 -0.28341758872430556
v -0.015078340690637175 -0.05198573193291094 -0.29160670659608595
v -0.007984195197119234 -0.05829517556783943 -0.2681665433163697
v -0.0055420304388762685 -0.05903770852543223 -0.264380525132112
v -0.00543790553342292 -0.053305115311477504 -0.2643363541881593
v -0.011282894348939726 -0.05515288809275129 -0.279839197579833
v -0.007976712324540482 -0.050835869284455514 -0.27580324665531397
v -0.007983401375429088 -0.0530046445838482 -0.2681643473385275
v -0.007984514240425579 -0.0477159147558682 -0.2681621298410163
v -0.005537854595110662 -0.04841749817527982 -0.26438779182147526
v -0.007987313563663972 -0.034226591538205085 -0.3434636114150593
v -0.015569064315226897 -0.0327754624806835 -0.3488379790001989
v -0.007994107876597299 -0.03397950065943922 -0.3175387926956812
v -0.0011742382481679267 0.01640341292321597 0.4696341000587869
v -0.0019398562972525596 -0.05939039224630494 -0.26254223758474504
v -0.002195922445230898 -0.05422272997825152 -0.2626746414402841
v -0.0019400634258749448 -0.04874526578350716 -0.2625302991997777
v -0.004575450926704283 -0.0492270496107073 -0.25892108957043447
v -0.008751785753642983 -0.04900410654770892 -0.2608121616374172
v -0.0006083606443596269 0.005735744722177942 0.476966180061267
v -0.00025762214217804407 0.013664880714791773 0.47690330317129426
v 0.002049060342983236 -0.05939029631951198 -0.26258233268536435
v 0.0010118971911004257 -0.06052967347970848 -0.2547327850946417
v 0.0020495138019771975 -0.04888098758681363 -0.26259051565116787
v 2.5253536483880144e-05 -0.05162698260734378 -0.26256525595073205
v -0.00019163964304053644 -0.049510759730924295 -0.2565165588273941
v -4.4243289156696e-05 0.016783662906243117 0.4657624443658074
v 0.004279582440972915 0.014875706651952748 0.4680904168504548
v 0.0036916681234164268 0.012859611946206155 0.4751951878728561
v 0.006398018257142136 0.014580398260045938 0.47213675135886374
v 0.0003229182300564813 -0.0023162993270539026 -0.04403688349843961
v 0.007537282409742924 -0.006349107595801978 -0.029775922873439758
v 0.016388574363977695 -0.010985246590136614 -0.04489471485636419
v 0.00018146448046495726 -0.0017326068076719053 -0.03242455416197362
v 0.00841917598541731 -0.006209172272380988 -0.06341705799519842
v -0.01323652936765714 -0.008768240568096363 -0.044727126862091814
v -0.00672522582603382 -0.005099170033804803 -0.03752275702272742
v -0.006955031233080952 -0.006091763353464797 -0.050949486457144054
v 0.0039368873442301045 -0.0049946661320915044 -0.06704173288681338
v -0.0015466281998336873 -0.003652486488220845 -0.05462298758102028
v -0.0004926294318364547 0.002151034108941621 0.07659502956306756
v -0.00039690246182155103 0.002560694344948001 0.08866909344425292
v 0.007963219420156173 -0.001999560313826018 0.08713428159916194
v 0.010017657142832525 -0.0035630523973671125 0.07565799488831798
v -0.007618996513411439 -0.0011547418751852551 0.061092734049276225
v -0.00045536132511930663 0.0017726498270791181 0.06340657669049933
v -0.008637118531308665 -0.00018757802947385037 0.09028252831398571
v 0.004503516996775158 -0.0011331735282927866 0.06217413191112456
v 0.009104477584641717 0.013496123907758078 0.4660127915458708
v 0.007951383308220279 0.014151183496705737 0.45843278299010626
v -4.1635443147959236e-05 0.01444281001879545 0.4420967320790468
v 0.018160108492718766 -0.014556754585972696 -0.10553972750827459
v -0.00045319959233813774 0.005972936673353357 0.21644196751745737
v -0.011472724906115343 0.004123936725010319 0.22937865712169953
v -0.0002690251751928684 0.00644568238351722 0.2312702923684882
v 0.0046812214954952995 0.005401118098507121 0.22486706728015524
v -0.008796525521273855 0.004004925030072476 0.21633790712063145
v 0.014429732770399033 0.0017271239925134387 0.21488601158309759
v 0.00120565200061941 0.005064192576393614 0.21081336221067362
v -0.004362128547997801 0.004304901099507395 0.20989027051350656
v -0.0004946651720656501 0.0057755142695654635 0.21025537418141169
v -0.00018230621088828147 0.008506533256128872 0.3094352252131328
v 0.020713289294753703 0.004630219983235825 0.3061611212545305
v 0.010707119247778462 0.006263611324647636 0.29827430880562383
v 0.021653040262553082 0.005341539509346886 0.3165789816257567
v -0.008766094616354815 0.007407315097768076 0.32159674437947394
v -0.0002743548114636212 0.008973278353054441 0.33259322945826236
v -0.010025259797638648 0.006502967120644602 0.3065841840294545
v -0.0003356813332859457 0.010617541075087021 0.40475977377880246
v 0.00798861687489168 0.010997802662462208 0.4274965275350061
v 0.019770207417889846 0.008280932412781066 0.4116049850812563
v -0.00013311603429705518 0.01277650597230632 0.426319451628572
v 0.031508845277461055 0.006033581855183763 0.39336460522004085
v -0.00805293308574554 0.010497929248424881 0.42939511811740044
v -0.018003752124673256 0.008252240692224947 0.4313266808815454
v -0.02535953006493444 0.007684184511608728 0.41904330276783797
v -0.02451624560349203 0.007290913617606733 0.4047330756496884
v -0.025804080185643105 0.006372037226813498 0.3893944164691306
v 5.334459078474202e-05 0.010026766536669764 0.3811247011997905
v 0.015424630124340505 0.007786375827320268 0.3849046608357936
v -0.0002041479127984052 -0.04930721579836312 -0.1505918849365913
v 0.015223952021052024 -0.04340828169944586 -0.13953730344251886
v -0.0013479430317917304 -0.040363329527077906 -0.13385557856983138
v 0.02248092440445516 -0.04920541842808037 -0.15016927676696784
v -0.01503308159856341 -0.05167544543720957 -0.1570399741770316
v -0.012769417811015628 -0.0517642149832052 -0.1599039848235721
v -0.0002208868130551094 -0.05470743685506657 -0.16901906648710938
v 0.013778690664631485 -0.05148906270894214 -0.15701135383882675
v 0.014381769493266134 -0.05099296764424225 -0.15449671503824547
v 0.008737760941930354 -0.06149388939362874 -0.24692812466697323
v 0.011887542062321153 -0.06003081346792375 -0.2583339999863184
v 0.02083774798338494 -0.06148228602687345 -0.24712317654286475
v 0.021444976026987903 -0.06231778352001688 -0.2317793677019321
v 0.003579806659123807 -0.062261768678514164 -0.2328084723805057
v -0.004996539333867331 -0.06150587521077219 -0.24670523259281543
v 0.000976967947848949 -0.05047072353213835 -0.24787634176442389
v -0.005774259704632562 -0.050412201528883295 -0.2349078154745856
v 0.014823593495537 -0.05037050732171336 -0.2386806769256332
v 0.010672307714963894 -0.05023134362227244 -0.2503971306800591
v -0.006381610328505573 -0.04977915032771648 -0.2542436388609088
v 0.005298530490709858 -0.049628689710607576 -0.2555161625443871
v 0.005645571683841097 -0.059008507637707056 -0.2644857936229305
v 0.0020493588769491602 -0.054216719278141375 -0.26259018043790283
v 0.011963588845605706 -0.04905005436991683 -0.2604167906346883
v 0.005646798963942403 -0.04840079469746547 -0.26448637842317224
v 0.005645316602763392 -0.05370415052183401 -0.26448581996345427
v 0.0041593980831402455 0.013089672234597666 0.4769780314103561
v 0.008018488394201584 0.012374785100169303 0.4748123365630147
v 0.0070955780155397144 0.012271714404764345 0.47406586773363263
v 0.004220762015154575 0.005664236567893765 0.47695728173955054
v 0.00696353326430442 0.008493385311425237 0.4754189576573193
v 0.0042704578668780096 -0.004648285043574277 0.4768806357688218
v 0.008051270372940518 -0.007431791914551025 0.4662089266164841
v 0.01236080410548382 -0.006088390120484406 0.47131253111534466
v 0.008957457646712406 0.0017908113834340716 0.47410813802057966
v 0.008093897947966725 -0.058294659055737184 -0.2681732444701546
v 0.008089152435065215 -0.053009353953094605 -0.2681758412098984
v 0.008086810383593403 -0.04772512776822923 -0.2681776353794709
v 0.021184308683161148 -0.01873786875683868 -0.11703552451566022
v 0.016913271770707953 -0.02091971514821793 -0.12154883226491618
v 0.009910600169211373 0.013544436174533233 0.4705230625399646
v 0.009795381573930916 0.013160467411691842 0.4719578578291159
v 0.008104088496544985 -0.04296616209122547 -0.32487746267223105
v 0.008092206017748332 -0.04894927275146354 -0.30285390318356264
v 0.00810323192968401 -0.039871762966822925 -0.30285229715614853
v 0.008095223037470237 -0.0334008018747685 -0.31899635248491814
v 0.022687887594004513 -0.050171972164600676 -0.3028556365107607
v 0.022684684321549492 -0.040613595316462706 -0.32720551216738064
v 0.008107903219480838 -0.02854604502508547 -0.3310633566388486
v 0.00810677231979896 -0.03747797264486612 -0.3368488119966241
v 0.011794875756538327 -0.03762680403875486 -0.3374287977201834
v 0.008103175426705283 -0.012335341824438385 -0.37147010207089476
v 0.022673739161902202 -0.012155676390933465 -0.37174902841487084
v 0.015497581430514095 -0.008166240627406979 -0.3782218477916612
v 0.022680104302202225 -0.01921846682104642 -0.354299247454962
v 0.008111272165934855 -0.02553040564409273 -0.36291236741773064
v 0.008110884395335085 -0.020771859245666806 -0.35042929958661473
v 0.008109560471128383 -0.01724027204050642 -0.38098665450063296
v 0.008320384101176585 -0.004006456601646526 -0.3849788164327815
v 0.008137580478461425 -0.009501673362257386 -0.3975474532603544
v 0.011147502483523392 -0.004257452769622243 -0.40613080782121624
v 0.022439730714107604 -0.008645465222318611 -0.3967797665681032
v 0.011813777035243228 -0.013217270969500459 -0.39060758909084015
v 0.008106197879716774 -0.013903452971430872 -0.3882555698423685
v 0.008453411445654806 -0.0014801276166619415 -0.40980613758326195
v 0.008453925402213016 -0.0027558535429367576 -0.39527411408762947
v 0.008623155006612575 0.0015951646758549354 -0.40366189055714446
v 0.015295524264511504 -0.047834297009216806 -0.267511926679491
v 0.0148752281327767 -0.04611845698300351 -0.2752266753464748
v 0.00809929612494435 -0.04436563642064867 -0.28298282530560587
v 0.008087798503098511 -0.05147629558428598 -0.2740709360796639
v 0.014774599195079282 -0.05840800779571072 -0.2675975906215446
v 0.008096249695042189 -0.05631393898305104 -0.275526849702766
v 0.011879528486335635 -0.05642461458137682 -0.27615652330235596
v 0.022686092626923345 -0.039872326412552374 -0.30285081026440513
v 0.022684542253295102 -0.03217140364185855 -0.32203269892548764
v 0.022689744665605173 -0.04344829616829694 -0.28703836975645675
v 0.016341464111077928 -0.010280312651253145 -0.08324493699786385
v 0.006372684800601328 -0.006774834638564115 -0.08238916626489348
v 0.018795647197132104 -0.05003137681378866 -0.25209071717291825
v 0.020365082444735713 -0.048981959478069874 -0.26099662142054386
v 0.009484811044201522 0.04365000601568595 -0.4623913028515174
v 0.010084174419775464 0.03734308578866453 -0.46908589109429555
v 0.009775488191404138 0.03033795747265866 -0.4584439187841467
v 0.01074626798161768 0.051516134871223876 -0.47293738369744837
v 0.02140926032856633 0.036866767384753994 -0.4528033186472527
v 0.020521166852697666 0.04359409815583884 -0.4619040990345558
v 0.009422661782285449 0.03777705063834835 -0.4528419560932271
v 0.014858359470545215 0.046979089520155004 -0.466671509642947
v 0.019159277463510465 0.04047049467806229 -0.4714156090549612
v 0.019913687758441816 0.03370395053297667 -0.46241726823464474
v 0.013078568868292118 0.03161371300804258 -0.4610093574071754
v 0.011076016821998201 0.04356321310507057 -0.47691816837140094
v 0.016044516737564074 0.011503672275574181 0.45116252057458867
v 0.013433234494461634 0.012370607984228189 0.46905726748018495
v 0.014072562760846887 0.06263687496949816 -0.5008717133452053
v 0.01408069950214031 0.07232504084200875 -0.5008055837124701
v 0.016695564220797522 0.07239113677595493 -0.5007895563543869
v 0.013327682578574083 0.06768176978627907 -0.49451270282581195
v 0.016696706779789933 0.06256678403987563 -0.500801610024226
v 0.015436687896163202 0.05920371658338704 -0.49657482673584974
v 0.013567952970113964 0.05943294944209671 -0.4968450958039394
v 0.013219537270632575 0.062172046304519404 -0.49400038394324564
v 0.013148862975372246 0.011668234684067457 0.4719266322441895
v 0.015683289138900547 0.00247756332998854 0.4696627414541576
v 0.01500007160780184 0.011238120178333373 0.4704432555161209
v 0.011648376391983935 0.011847550383748254 0.4727753438870466
v 0.01160494021000745 0.01002539894152886 0.47279576757609487
v 0.011485584717944464 0.012427527963951045 0.4719138148599051
v 0.011511124577733785 0.011827747908599834 0.47249336457702007
v 0.01906755648343481 -0.028413663630635196 -0.11046059798427788
v 0.01875524528179375 -0.027300193910841562 -0.09254159863322314
v 0.016360459870130118 -0.010637253064109151 -0.06411846602069755
v 0.01823988170181681 -0.02292719755738321 -0.07647033585674294
v 0.02051604718797566 0.010014704906427812 0.4659502115110906
v 0.029298778613020597 0.00726759544746808 0.45131545805185275
v 0.03221418045718979 0.008579767140744016 0.44455522495860833
v 0.0383762496876671 0.007134082338427095 0.4337732780881419
v 0.017765934478328062 0.06434981435268994 -0.48993749859851254
v 0.01771101106416166 0.059789968530290304 -0.49060418982689796
v 0.0172564013947701 0.05762932760237225 -0.4942206236519767
v 0.01651058867193815 -0.011268852384644654 -0.0059469047624648086
v 0.01206826923294614 -0.008841559492974996 -0.017846365403022264
v 0.0002480968743471315 -0.001253740516254836 -0.021968246911495248
v 0.016644330463286183 -0.015644564405973227 0.012369697139730195
v 0.017030886078244854 -0.02068973490538892 0.005073339485612321
v 0.01735106149003987 -0.021987840489768713 -0.016005746206625752
v 0.016421195546367447 -0.011135257566382563 -0.02623735373560216
v 0.017105083490843054 -0.016757651296989418 -0.026432877211319185
v 0.016997671664475706 -0.01065103945703121 0.010693919130482723
v 0.013440681784460742 -0.008873535779446728 0.007730315429393491
v 0.0067185013400810545 -0.004795978428880021 0.0011750876982741533
v 0.026233167014790157 -0.06031277773620657 -0.25603262796851967
v 0.02155218823114141 -0.059595158172367525 -0.2612242319821194
v 0.016812711702445703 -0.019107850978479203 0.02683444117917477
v 0.01743207548345326 -0.01013100815114994 0.025757404879375934
v 0.016867694235704087 -0.019924527725051294 0.014452533952866789
v 0.017242680542605384 -0.01640145038076194 0.03834541491508903
v 0.00796537950810207 -0.0188042213321418 0.038896751382385394
v 0.0027989673706902063 -0.01915516240941511 0.02551862246694188
v 0.017754160551772223 -0.018611072172475977 0.04180640630917741
v 0.011959919127205008 -0.01953135995661136 0.01517046453752318
v 0.024526496495441936 -0.028663387576946146 -0.12387876428953351
v 0.006739772092074838 -0.03429050715854314 -0.1219336633231011
v 0.023473899376925143 -0.03350778699589009 -0.12060548851138192
v 0.027896481071437742 -0.02528748206877698 -0.13078072972077986
v 0.015620238384161152 0.03364215536162954 -0.44688444610170786
v 0.021545039434535503 0.03177228459083458 -0.44438922987292073
v 0.021710233090320996 0.026764478877354145 -0.4447942268755
v 0.020910790590997208 0.02476429536166719 -0.4505282151858974
v 0.020722514841320882 -0.007607471157560008 0.4656883361690824
v 0.029338809937699214 -0.01013585559104603 0.45127845642222114
v 0.013446801805467673 -0.009898187331106444 0.4522288544596504
v 0.02206354518666375 0.0144239285759518 -0.4367787054369181
v 0.015212327624651007 0.014611765457090815 -0.4356828172659313
v 0.014348912277386945 0.018264350563678165 -0.4410687332254379
v 0.020095101989724147 0.011191825478627317 -0.4314610505225573
v 0.021844834163844046 0.02209758776518223 -0.44107400572208216
v 0.021852269825712284 0.021317354494598616 -0.43631622805806736
v 0.021433063801514374 0.020164774490662736 -0.44439659797006437
v 0.021963919012204 0.017282217496027708 -0.4318121048365319
v 0.02212754500833169 0.010767374105877851 -0.430429633773256
v 0.019068098220425593 0.020153640981042956 -0.4448552156125401
v 0.022698497846061247 -0.05829610694974275 -0.2681647658002924
v 0.022695653044440125 -0.045591814072327555 -0.2775568058341161
v 0.02270066519274505 -0.047716205389864305 -0.2681594036218091
v 0.025145483850185973 -0.05366600358457243 -0.2646585689420987
v 0.025146582024999725 -0.05897431365230227 -0.2646649867262925
v 0.02269238926754802 -0.054798083856187514 -0.2830989353484875
v 0.015526667514719532 -0.05375121098728139 -0.287345707746293
v 0.02498235999323496 -0.048315367548148844 -0.26488492402188596
v 0.02267993710737113 -0.023242182527837253 -0.37147578415661464
v 0.022560375814349977 -0.015943199815302515 -0.3841283025350392
v 0.022449229089645858 -0.003480608632464678 -0.3860923596018175
v 0.02269159099927213 -0.031952591426644854 -0.3492495607162453
v 0.015484750691956206 -0.03228754260738759 -0.3499781556748409
v 0.015392655701600273 -0.016625738660297575 -0.38411491427153255
v 0.05091206447924207 -0.040529377709387644 -0.3262129306408603
v 0.06435599990432185 -0.040774230814972015 -0.3245773476673534
v 0.05797055073984549 -0.043121836803516445 -0.31915759281938344
v 0.05859381284589067 -0.03844758507379516 -0.3309397636510445
v 0.038811612908770166 -0.03711190290482769 -0.3313570546428244
v 0.05695472076085959 -0.03558451691845559 -0.338150144768319
v 0.03879586900522628 -0.04328640108825295 -0.3178687519216685
v 0.051514852124868366 -0.045820415059150396 -0.31269634522488243
v 0.043880353119524165 -0.04566944155275926 -0.31366601241413733
v 0.028745609336285175 -0.04868671867748292 -0.26291196928320354
v 0.028744759425391838 -0.05931791690524011 -0.2629121787893931
v 0.025820626227586106 -0.014859073648232898 0.17412916468429138
v 0.02672728864216689 -0.014699333455075712 0.18169343049358588
v 0.020725611530174003 -0.01481688729067801 0.1764198611656806
v 0.022151507469566806 -0.014880625689204553 0.1721981936588305
v 0.026070184758431657 -0.010868298743294872 0.17465894803841542
v 0.025654134413439594 -0.012511247448860216 0.17063024582397782
v 0.025495862804011345 -0.014928087936362426 0.16956566545630666
v 0.02788270139251632 -0.038614951184293866 -0.13075586384106516
v 0.0351695793193601 -0.029787491070895206 -0.13926179450502163
v 0.012867131325823886 -0.037940211281851745 -0.12923338302649748
v 0.03619339553948331 -0.04391440044536755 -0.14047564417582178
v 0.02471390795688211 -0.03308740895748821 -0.14555632248146352
v 0.017953607261763888 -0.029422110384773097 -0.13862595111198844
v 0.018611722140654385 -0.0227475960868309 -0.12599265590638625
v 0.008455794628901338 -0.02610251388587784 -0.13235625108916227
v 0.026500469771683972 -0.005464764375139299 0.1761987037755932
v 0.01558421995223131 -0.0016753627969594983 0.17853419673098803
v 0.020140182252169604 -0.0026566855880815216 0.18660922922465706
v 0.027802760268594042 -0.004846997273007813 0.18556009480460567
v 0.025728840539393984 -0.009391743740292679 0.16922667824951595
v 0.025950302362393304 -0.005647795333775323 0.17013916723856523
v 0.020397947063300365 -0.0036987919706194887 0.1709939000577935
v 0.03273344006757253 -0.059319077081444724 -0.2629129223399861
v 0.02874558020662885 -0.05400180231099514 -0.2629118714996435
v 0.027945076573433224 -0.0498232855341389 -0.2538520076153616
v 0.032735370739228505 -0.04868620734338799 -0.2629128936533036
v 0.04867278505654034 0.0057047028397299885 0.43852231521967083
v 0.048648948396604164 -0.011379816342362686 0.4384826438794553
v 0.01682458407231242 -0.011512329990932211 0.4349018374506951
v 0.0363389144560361 -0.05897480113975065 -0.26466841545280567
v 0.03999854219944423 -0.06044126337642224 -0.25514193300217053
v 0.03275360751744441 -0.06143156422046269 -0.2480704962584785
v 0.03634002134238009 -0.04836585053500064 -0.26466762474473354
v 0.044754220580206915 -0.04871799008106744 -0.26267995707718356
v 0.03710972114651029 -0.04960532189818141 -0.2556888324019827
v 0.016035132061825563 0.023759333931757554 -0.4309142047785569
v 0.021880968363781988 0.018918762652906394 -0.42314667325530264
v 0.021781607832833085 0.022764234434392308 -0.4295049203684638
v 0.021648656175467674 0.02753655012747184 -0.437374516556458
v 0.00911192790792427 0.028102593719174354 -0.4371218773141439
v 0.008962055506153158 0.021982148611793373 -0.4271833377235577
v 0.015834964781265868 0.016386566660870683 -0.41893757484107547
v 0.015401799862488099 0.029512507797475565 -0.4401650471193568
v 0.03878645080382806 -0.058286571208813864 -0.2681789886113538
v 0.047823568406073894 -0.059911406556096176 -0.2590233761950717
v 0.03879202831254139 -0.047713863791427946 -0.26816805867660837
v 0.03879825176369473 -0.04370014823883993 -0.2832885085375919
v 0.05289388947555691 -0.05892859273922287 -0.2649254834868077
v 0.03880009915055317 -0.054500483073881036 -0.28438571543052166
v 0.04503788621221239 -0.055799318925085696 -0.27654335368870375
v 0.0388246950535024 0.0032604075455093325 -0.419404312445557
v 0.039023358143931826 0.008968880595180632 -0.42133766097313324
v 0.03902148138260388 0.006455804533718357 -0.42377891703364207
v 0.03913486541613678 0.008939227195285915 -0.41423387579054727
v 0.04154554693822827 0.006395619848095352 -0.42413552099498475
v 0.04373650002360488 0.003139224083120444 -0.4191491266710417
v 0.04312731213697202 -0.0005245308311662899 -0.4117701708162927
v 0.03881389193370851 -0.003082573676634913 -0.4055468565423677
v 0.046361857288723454 -0.045842545099505756 -0.27638328460431333
v 0.03880253073151113 -0.05016446017267536 -0.3028967631491441
v 0.04752904480956753 -0.05147275038807599 -0.2941006319653253
v 0.03880449210923583 -0.03805936163968219 -0.304538484138161
v 0.05215367403061994 -0.04902139790160814 -0.3028654391183259
v 0.04545924358011153 -0.04816320600868977 -0.307203282646235
v 0.03880901357996932 -0.03274329878506605 -0.324568308370625
v 0.03891412060985716 -0.023893308249702025 -0.341489622409536
v 0.04896306151373542 -0.0280860379518216 -0.335929266901537
v 0.04898849455386281 -0.03584293191769776 -0.31492713281177
v 0.05395890877375301 -0.031034210283941124 -0.3278410056794636
v 0.03949172767887116 0.02599163130056616 -0.43690023628033353
v 0.0446483577121319 0.03208234281607274 -0.4455463661036159
v 0.03998925481857446 0.0330716784605007 -0.44665580081895084
v 0.040072556329697216 0.022689702196005922 -0.446100417489761
v 0.03981478813763699 0.018728915227915338 -0.44065199052600185
v 0.03931329481952781 0.019486768235363914 -0.4321550367381949
v 0.04627590849271344 0.027125852819654198 -0.43816971626043544
v 0.04620819563413155 0.021890074311950898 -0.4304778130607606
v 0.03951531594905153 0.022176742506234567 -0.42959625891146724
v 0.0381488242148948 0.00141323221853921 0.3020016628503356
v 0.03899284685997779 -0.0025891256898502944 0.3020393478361801
v 0.03855970692496581 0.0011167252184959558 0.2981463103116248
v 0.023856236813115984 0.0038460876606021795 0.2947085395028014
v 0.04218397114993567 0.0017920631577381452 0.31433928586611454
v 0.038162466587080036 -0.01257609115907256 0.30214906631083216
v 0.03939230769162739 -0.002755171671963803 0.2981663030949582
v 0.04097993667465527 -0.013010662271170252 0.2833007173447507
v 0.024174787629713174 -0.012859127751242852 0.2838274801190765
v 0.04214776437540056 -0.01238807771744939 0.31425808424345536
v 0.02947787675332942 -0.012363019790376488 0.3193277692149867
v 0.019779752734982045 -0.012577311783896592 0.30003920988182253
v 0.041002853963338436 0.0005943901199161631 0.2833861419948686
v 0.042618834598736666 0.062286549620790964 -0.5005217179461641
v 0.042694131156939416 0.07210122327109394 -0.5004936498303202
v 0.04809083522069483 0.06670823552970959 -0.5000790482170747
v 0.04238449391744138 0.0676365128938928 -0.49433608552274333
v 0.04694047746019351 0.0619029481797152 -0.5000741042388133
v 0.045004456650454785 0.05882676217936724 -0.4962931856181353
v 0.04227309401623138 0.056840902127638177 -0.49304074736609316
v 0.0423222970218646 0.06229576364456868 -0.4938896239171598
v 0.04693246474845878 0.07177475830041594 -0.5000630398223695
v 0.04595663719570535 0.06751426864776519 -0.4942989206836224
v 0.038489109252040674 -0.0002881552844323544 0.2646440252356043
v 0.019654514650315834 -0.012148938269279517 0.2692166081668462
v 0.028099353657226156 -0.013082618039685478 0.26420692318765504
v 0.03733789448656434 -0.013204291011877069 0.2570832309291693
v 0.022032908852944046 0.0037795441927749958 0.28201333756830493
v 0.029216410049430153 0.0022637922625424966 0.26591298174402583
v 0.043657134241902686 -0.012307580718084556 0.3230757662338186
v 0.04369008039604073 0.0021611754669621703 0.32300259176831386
v 0.04268446187164062 0.002622013954543471 0.34233252449261786
v 0.04265084925797846 -0.012259083446196825 0.3426276021132005
v 0.04693620360160596 -0.004154886404883279 0.3738140609539652
v 0.021352460018472855 0.005849086843815677 0.3352684226034558
v 0.048703323897134644 0.0031083187428638096 0.37752709168795034
v 0.023479866152388812 0.006039205773604093 0.3664134572599503
v 0.048015185894221775 -0.0122497804074239 0.38196128758842246
v 0.022183879201458107 -0.012274955748625726 0.3609379876672609
v 0.021920136585445105 -0.012278731575966985 0.33514857428180284
v 0.044512486071935094 -0.049211236141047714 -0.1501914957623921
v 0.05037933526686621 -0.04606741782031322 -0.1566413414600408
v 0.044527752790203566 -0.035568886935003145 -0.15022348806328356
v 0.05659853932359866 -0.05657161546928126 -0.16823640353773112
v 0.04216995538793339 -0.05456705843722191 -0.16311383148643835
v 0.02834404912330732 -0.05280011599106649 -0.15885559362909735
v 0.05462179625377379 -0.04496170864324124 -0.16546056382905308
v 0.039017071140528124 -0.04207422829642879 -0.1680793643312803
v 0.026226386488614105 -0.03757691316037629 -0.15502656814226318
v 0.05577902095435445 -0.04289084365441724 -0.1710561249844084
v 0.04837822147767688 0.06958231922950603 -0.49725792487079734
v 0.05031342684546447 0.06215831487481516 -0.49495840632526766
v 0.04789469446237769 0.0585023239370861 -0.49590368639795557
v 0.049931040551298905 0.0636829939048412 -0.49324760086119745
v 0.049204283447311745 0.06446489914286642 -0.49044671765354536
v 0.05313421206284288 6.308333947423065e-05 0.4280897291889417
v 0.05316964212838407 -0.012222057998394579 0.4197227609036442
v 0.021278432041236563 -0.01222451156708979 0.41495891663841583
v 0.051947993861092764 0.0047390901553842155 0.42804732736810724
v 0.05818752764569801 -0.05043875354713642 -0.16982644561172197
v 0.0600118929071446 -0.059485728561725994 -0.26210551873569204
v 0.057760029022401155 -0.060662150677726366 -0.25369501735401057
v 0.05120769944085452 -0.0614626244615651 -0.24750452500963477
v 0.051482950322787824 0.05778361494056754 -0.4892373231552972
v 0.0507563801812319 0.048299314279836365 -0.48339339857960517
v 0.051713455186537374 0.051118407986569664 -0.4838106623058676
v 0.05228831169890465 0.045839757986066834 -0.47685832936128647
v 0.04884897145446715 0.055101660127928075 -0.4917342796579352
v 0.041501582191277454 0.04477726856839484 -0.4764640008809262
v 0.04191805725804567 0.05123508567119943 -0.48534154631413884
v 0.04543990214055958 0.05536511035454218 -0.4917603872365789
v 0.05148447663344125 0.04264021238913354 -0.4758464369881718
v 0.052039873496634775 0.05012444188601196 -0.4795941395037615
v 0.051625345662729284 0.053431052169564 -0.4798223974054667
v 0.050104504322974974 0.05888297165743547 -0.4830168409812746
v 0.05171569367261263 0.04909359572482989 -0.47011114742688104
v 0.052472182648675286 0.04373490245381132 -0.46232841565358423
v 0.05279324303902171 0.04096254525965164 -0.4703273668608233
v 0.0521982495605208 0.046989102904590456 -0.473809082615187
v 0.045795310982873066 0.049516344543006484 -0.4696866037547564
v 0.04617548306726014 0.044211628647548074 -0.46276709445889236
v 0.05094658747576173 0.05381058788350622 -0.4763798190097753
v 0.052212659416618276 0.03698098839584474 -0.4682983740361072
v 0.05361467465860809 0.03560163300522289 -0.4624366521670031
v 0.053162070901101574 0.03930882809826417 -0.4625697442520349
v 0.05335017946149158 0.004145622048541244 0.41953058022217393
v 0.04100694941820147 0.005772925101959092 0.41924107323416515
v 0.053668292464791 0.02566204472036478 -0.45320369295467905
v 0.052920918438023705 0.0314707629500242 -0.4609503349545041
v 0.05441611272154506 0.03047785364801157 -0.45491125169958496
v 0.05492513098281165 0.02493446950794756 -0.4484268918211446
v 0.05425250006085057 0.019901482902059158 -0.44451157844992817
v 0.04919984863835797 0.019749423095394764 -0.44415827916257905
v 0.04690988077781132 0.02470750271020262 -0.4503864147585636
v 0.05486020834952621 0.0220620617866524 -0.44594912919030505
v 0.048168419282556094 0.028036241970788717 -0.4551968498889013
v 0.05453598097688222 -0.000340982365882812 0.4196037622620303
v 0.05344754685618701 0.003543218292797616 0.40512836051515555
v 0.04981108735523688 -0.006380824965951975 0.3938847563431246
v 0.027161058454628625 -0.012267823137144399 0.396722118075822
v 0.047093398029507134 -0.0573179347274939 -0.17444890440312819
v 0.05564735180213303 -0.05867049710547105 -0.17840153884643434
v 0.061295728507183234 -0.05569354770475325 -0.1756222676062929
v 0.060576095453271375 -0.05844481754071633 -0.17586759685748543
v 0.055782685542002844 0.018499945001817373 -0.43958667219030223
v 0.05638035827833871 0.02065868143897793 -0.4378836747602756
v 0.05668611350947817 0.01749888472807989 -0.43411417874986935
v 0.0555951460423081 0.022007074552941017 -0.44324196460335896
v 0.055059072612254505 0.014462074800747038 -0.4363038573341825
v 0.05465525075668165 0.017181317648470404 -0.4404077621121211
v 0.05606934005963074 0.016325356155549503 -0.43625868744166346
v 0.056391191836085736 0.0037281640877398284 -0.4201095796370296
v 0.05759185372413298 0.0058618311549635945 -0.41939853678272637
v 0.05680516976932577 0.0022399120140530245 -0.4170141147390573
v 0.057409223367577415 0.007617286356551094 -0.4219118959187809
v 0.05296124015631795 0.0019504226940654495 -0.4166435707609854
v 0.04921029983979966 0.0030701981298270273 -0.419003019055336
v 0.05604832743967351 0.006488974668117075 -0.42427404010882325
v 0.05645866715371567 0.014733405581956493 -0.4193996125964316
v 0.05696823491064523 0.010890001988744975 -0.41219292200933555
v 0.0572564646335656 0.009262535198891147 -0.4161272961954481
v 0.04829628135268671 0.013464890413820697 -0.41503534981396417
v 0.05578409511469855 0.019573174846341294 -0.42653503768075285
v 0.05119695659821722 0.017884342162907164 -0.42415826939848367
v 0.05732695144318242 0.009099232782894153 -0.42344286939469244
v 0.057099358212978936 0.011873823846795436 -0.42690827942791276
v 0.05712793375934841 0.009619130180216772 -0.41979949330566385
v 0.05684360847508236 0.015458417687363831 -0.4311456073948982
v 0.056464958163162104 0.017649546198341463 -0.42908624152849245
v 0.05437651468227848 0.029791808861271297 -0.44163567299063355
v 0.055337244161792 0.02263273555911001 -0.43106534245551553
v 0.05486204155762877 0.028895366288454186 -0.44499178438861886
v 0.05628353540537561 0.019583659270828297 -0.4330739583901224
v 0.05534562733195616 0.02637825420637627 -0.4466578671959123
v 0.0576502771802479 0.0064124201265406255 -0.4151375587398293
v 0.05789367697510031 0.004073135724404905 -0.415882339498207
v 0.05916091021522756 -0.007246316191979628 -0.39726383831805834
v 0.059633385821001694 -0.004792711423487524 -0.39685802752644395
v 0.059823567682852324 -0.00638743559724733 -0.3930648228976048
v 0.058854883247982465 -0.005952189008468112 -0.39998512208682546
v 0.05957664582846923 -0.009939123919388936 -0.39212437384490706
v 0.05527334608334934 -0.007101192683164606 -0.39795995812382706
v 0.05852263133945724 -0.0008422399131759222 -0.3901961118687129
v 0.057986200686777775 0.003201998502546923 -0.3977787284816009
v 0.05934446359527996 -0.003248290512812626 -0.39989294219152355
v 0.05921735188224857 -0.004523170697714272 -0.39981578807147516
v 0.0611040118326449 -0.02074518520399733 -0.3715707112123016
v 0.061399473978715514 -0.017057864907576516 -0.37219126178990297
v 0.061987905098677215 -0.02114583645224945 -0.3639668352689892
v 0.062019273033516134 -0.026743516638024364 -0.35851402991251563
v 0.06081094548879952 -0.01296882606875966 -0.380414015293668
v 0.06050136547354173 -0.016351369726138355 -0.3799194928367679
v 0.05023132347876396 -0.024276765749470266 -0.36152639169037704
v 0.04919484973962318 -0.017947036024274325 -0.37513120739572003
v 0.05631922009897718 -0.01565021646729458 -0.3817087013958712
v 0.06155147408124085 -0.02354172534983893 -0.3475214694705998
v 0.0631323883686072 -0.02909395940138034 -0.3479812029458978
v 0.06255944878844504 -0.025119659330346072 -0.35597435976342523
v 0.06354099766320988 -0.03127884897889816 -0.34194650815820693
v 0.06066495861332375 -0.016948498621193454 -0.36001966644993505
v 0.04899314799682217 -0.020604642419453346 -0.3501952669958252
v 0.05584433726483581 -0.02571648055131971 -0.34212732011661906
v 0.06226471278313213 -0.027494749610148677 -0.33670996295790556
v 0.0627569842006291 -0.03158100536844535 -0.34798566088623895
v 0.056123080652518594 -0.029132976112031243 -0.35205955065949607
v 0.05621279148423498 -0.031785847365253944 -0.34629056145448117
v 0.05953680811199233 -0.03334616992798893 -0.34352241025618835
v 0.06315658253574047 -0.033879282001039325 -0.34213448374772376
v 0.06430503310649481 -0.06019344625435247 -0.18300709402063342
v 0.06701827867852111 -0.061510074785008986 -0.1919234872621801
v 0.06599531763415252 -0.05481256169402817 -0.18300971879286324
v 0.0568725521207423 -0.060312924580104385 -0.18396160581129892
v 0.06463064703261041 -0.03710057648660709 -0.3258666807656167
v 0.06500516897509642 -0.03909930135016084 -0.32034561915801946
v 0.0639347579618185 -0.03835410301448137 -0.33073841338925486
v 0.06538908552370756 -0.04115177826820155 -0.31467779412284513
v 0.06507983575221589 -0.044301660149874994 -0.31373685862200806
v 0.06445656820499909 -0.03963586467925038 -0.30350837020350724
v 0.06612699384178562 -0.04509871505870184 -0.3037783677195015
v 0.06553610302989597 -0.04326653136205222 -0.29972185241355004
v 0.05807362916907731 -0.03808009234168786 -0.3083145408399543
v 0.05780346854498773 -0.03987399532015795 -0.3015034846699765
v 0.058437836733265656 -0.041471360346916494 -0.2956114269608018
v 0.06506385252425136 -0.04188122425109055 -0.2937128161900541
v 0.0636128865409021 -0.03495993880431147 -0.3162946106881045
v 0.06587590015111526 -0.048627265562854544 -0.300123677063596
v 0.06649586399964773 -0.04644914982053201 -0.2978886098395153
v 0.06558748440065103 -0.04681880137221289 -0.3060238094778733
v 0.06636927604150172 -0.048213981264227775 -0.2960607657515346
v 0.06598935405198508 -0.04969501358286835 -0.2963585224805422
v 0.0616006975676415 -0.04979915949164464 -0.2963226573445315
v 0.05909091703273562 -0.0488117810462167 -0.3015103443383955
v 0.0627076635872225 -0.04792510561920347 -0.30343460989825044
v 0.06868006765165431 -0.056012678773600395 -0.19186157919982116
v 0.0668629813127314 -0.050119581388466714 -0.19158757989014966
v 0.06139468540087293 -0.04655250198302314 -0.18147178901546462
v 0.06836510330664561 -0.05895623165918472 -0.19185769691765597
v 0.05958789223756507 -0.048940302344552315 -0.1733831753200926
v 0.06918919427609535 -0.05719130381825655 -0.19990775164029062
v 0.06693004919808666 -0.050034251541671265 -0.2016847531946763
v 0.05826346254252496 -0.050248856001454914 -0.1989945176666188
v 0.05896661348875985 -0.05021555821262892 -0.19190495207834377
v 0.06696997458364859 -0.05954401088749133 -0.26176898905675405
v 0.06825794916143031 -0.057169784556596506 -0.26215244486762346
v 0.06813769261367658 -0.058087574721486006 -0.2587472351348655
v 0.06685053462547047 -0.05810198261504036 -0.26682965010737975
v 0.06708735578778824 -0.06003114026752025 -0.25834152780741027
v 0.06398080680313492 -0.060204937642367874 -0.25708942063273066
v 0.06700830787184314 -0.04890647308627254 -0.2616816436965587
v 0.06875965746857647 -0.05476986383410693 -0.2598196797008206
v 0.06856094541079781 -0.05395455789819583 -0.26480858968995735
v 0.06700854791801482 -0.04905480554347577 -0.25384137823100295
v 0.05730231443870287 -0.04835411327633196 -0.2645399428670802
v 0.05206247922129281 -0.04925640491419824 -0.25868594919905646
v 0.062321513698459514 -0.04771498300977918 -0.2672658452686075
v 0.061532824557049906 -0.04916906434073914 -0.2531413067079118
v 0.06817341048202989 -0.05256232478819236 -0.2710198325153618
v 0.06628443835956563 -0.04631747945453945 -0.27345320296789777
v 0.06735148967387981 -0.06141631634542371 -0.24833726208393106
v 0.06735958913303258 -0.061631676051425756 -0.24439023716348504
v 0.06378052828887934 -0.061642699393289944 -0.24416891636955493
v 0.06373562693755042 -0.061432485421283864 -0.2480376765085651
v 0.06896247496217744 -0.05629349013810934 -0.24396124437134478
v 0.06559910906539258 -0.06112504058310232 -0.25044456310530105
v 0.06819649377638248 -0.05801356780795487 -0.25179765647131436
v 0.06888519963719984 -0.055737716214562555 -0.24958872493519968
v 0.06760307158438739 -0.060350180898957065 -0.2516716960495817
v 0.06726392102814964 -0.060954248666215315 -0.2516716543661136
v 0.06878569668569734 -0.0598010302980584 -0.19990479969070732
v 0.06809371138485619 -0.055731237326050016 -0.26666989250314493
v 0.06868858234253 -0.060405516048517946 -0.20907068173309729
v 0.06721311937390845 -0.062324282795397715 -0.2043425426990167
v 0.06918011979991581 -0.05729635216365612 -0.2077738776328114
v 0.0674102528527415 -0.06313854685987424 -0.21676144606030232
v 0.06896739125260593 -0.058945106045407855 -0.2194335693799712
v 0.06917183545389165 -0.05740081722346591 -0.21564038277685774
v 0.0678541515979085 -0.059285037071557314 -0.255006121674204
v 0.06879220243661548 -0.055150758560480614 -0.2547554082088832
v 0.06912667769936066 -0.05749816453303119 -0.2313445147950674
v 0.06700155663292995 -0.04943265782868485 -0.23350994678034423
v 0.06816311496248623 -0.05392541895757089 -0.2271018420352036
v 0.06910064667847708 -0.0572129051053273 -0.23543711652339777
v 0.06915972284939009 -0.05755649023265668 -0.2274379509488225
v 0.06830189548070834 -0.06005815318960369 -0.22859627685693057
v 0.06738081484541535 -0.06227666020334811 -0.2325501465327319
v 0.06700024203786539 -0.049174266933339324 -0.24712857044398368
v 0.058017237673768096 -0.04940859306829398 -0.24419778676955806
v 0.05531863137373855 -0.0496313312389956 -0.23522827199205287
v 0.06804262523743007 -0.05324319733402607 -0.2392010691389142
v 0.06701044354313812 -0.04964478830994382 -0.2225852886327026
v 0.05997404797650321 -0.04969853338564214 -0.22680944357995492
v -0.053872551923195566 -0.04793149340194729 -0.30615143044588794
v -0.059040528685062925 -0.04709850549450814 -0.30933434211264693
v -0.05841116219333087 -0.05019410074963876 -0.2975008940040589
v -0.0456159301699041 -0.04960943534721789 -0.2999871837549817
v -0.05253276277465622 -0.049758964156244465 -0.29916589617423334
v 0.0223385855254567 0.0025000994108512736 -0.4055117552697252
v 0.022285172599260522 0.0008905124091440951 -0.4133125937969121
v 0.022142471027764937 0.00989418783746285 -0.4187491789235127
v 0.02206666529729509 0.011357696818666165 -0.4106261200190466
v 0.02224814872506402 0.0043250384394979136 -0.3989981790733778
v -0.01962160158640683 -0.05042918359241271 -0.23854285693221405
v -0.02716292067213074 -0.050355654781246276 -0.22199057143074152
v -0.033130096379616364 -0.05041290009774712 -0.2349446245145778
v -0.03079131926530511 -0.05047246338592957 -0.24835070992107416
v -0.0017310599719164914 -0.01144609253044259 0.4364129201448757
v -0.006099237394809261 -0.012150395750771087 0.4192844186081987
v 0.0520192366078728 -0.011155653385232077 -0.3906349626231581
v 0.03881368278889635 -0.013476367426105277 -0.38289164106114437
v 0.0388196278026506 -0.008219369467398284 -0.3943671167195469
v 0.049666983582640635 -0.007481023772878213 -0.39789680222969864
v 0.059992382249137936 -0.012633299027210798 -0.38698574250364126
v 0.02265592074123972 -0.006578639420685792 0.1278303771317864
v 0.02319879690974687 -0.012101045016365984 0.13895202917557498
v 0.022405611034848914 -0.01185162209678049 0.12709446062915272
v 0.02178725831055547 -0.006887663560045175 0.11669722650332792
v 0.011115228796805866 -0.0026090572887820405 0.1293254661841167
v 0.016578458934477125 -0.00407399576278855 0.1372325879001589
v 0.023499812560572684 -0.0063577158685359176 0.13855808803825045
v 0.017815304326856653 -0.020185841095431083 -0.059771793425490646
v 0.01844631854671626 -0.02627290684758071 -0.07520421224720521
v 0.006415770145073585 -0.01998789852568606 0.00473086171323246
v -0.0072047618612239754 -0.019871958943092446 0.0030699370499212416
v 0.0020091271072534105 -0.02023641353327705 -0.006040673005786113
v -3.439726774806843e-05 -0.01960902977725073 0.014420568920977862
v -0.006771678977291888 -0.004537816534781264 -0.027739224134555946
v -0.00016621242094289434 -0.00015739537263752073 0.011712306530391896
v 0.009345986911758841 -0.005848594200237892 0.018838674994273275
v -0.00020325110001679787 0.0004672171768950977 0.023846330015522783
v -0.008145351382301316 -0.0032203046879340997 0.01751341785839912
v -0.012141494453243383 -0.005144855406878194 0.011994160528767742
v -0.01299866708610939 -0.005696818837200881 0.006904079420406288
v -0.0002696896849389252 0.0010216162070028779 0.036938582892492224
v -0.009898657912837339 -0.002626282200650161 0.04542504637030819
v -0.00031847137887754866 0.0014705763779192498 0.05259752513419526
v -0.010160429409797214 -0.003202443075764438 0.037554767369036776
v 0.006939252593043683 -0.003215589030892878 0.04870827422828236
v 0.008770586336828905 -0.004963173533744534 0.036630550007013096
v -0.008811377757069146 -0.0030291966703224734 0.03127192881419351
v 0.03348291158087425 -0.013668370284722387 0.22956802893770398
v 0.03183963966598733 -0.008660201515523332 0.2154940286043206
v 0.03473987867635414 -0.006996033804282258 0.23672645728465708
v 0.03535869426638068 -0.013420923711799414 0.24298791248628865
v 0.03172519384860327 -0.013907377740809067 0.21726697708538917
v 0.01898185694451378 -0.013774260604898923 0.22570531655035136
v 0.024446648269774936 -0.01354005534520462 0.23550593742052575
v 0.001544000014516166 -0.013849982571825362 0.2181607780658971
v 0.011576600044324831 -0.013581234657346099 0.23518179983435702
v 0.016997201838121426 -0.014029760835795997 0.21234137068867817
v -0.00598243826935416 -0.012397611958018312 0.23390146027612166
v 0.004165290269857905 -0.014150541923836302 0.2055099465456537
v -0.01265237119747501 -0.012960977363280578 0.21658989626526998
v -0.006339325817818574 -0.014104514875706893 0.2048605923044497
v 0.024677157938435192 -0.015099499482909423 0.15738081001850623
v 0.02177141119308198 -0.015124504658718549 0.15560684474936903
v 0.024485020286318732 -0.015156823933989589 0.15297495380030066
v 0.024357775962711697 -0.01296255603773445 0.15452100201968874
v 0.020499657259411965 -0.015059842460616637 0.15984811294595022
v 0.024633440686905803 -0.011475958904724675 0.15694440920932878
v 0.024821634851730875 -0.01284985524675289 0.16035446401257195
v 0.02501994805802418 -0.015040206138430892 0.16138352485010946
v 0.009368326679869038 0.024212785331864516 -0.4398544143919192
v 0.009233664237075414 0.03303491532052482 -0.44513153716952536
v 0.009515252208883057 0.02930929145944523 -0.44866479028250483
v 0.009418998613288872 0.02214955209583866 -0.4459872766535805
v 0.009211886693262733 0.017277008024853484 -0.43851237157944445
v 0.009322632219253562 0.019184883992412003 -0.4336367774837855
v 0.0436989440824994 -0.06164288972229942 -0.19338496747171816
v 0.04769347331424211 -0.06060867493200413 -0.18612734630678435
v 0.037908264546781624 -0.060697862316550076 -0.18690959297191756
v 0.05662897142968054 -0.061610803997971905 -0.19319536203793686
v 0.04854617058779605 -0.06310377672456212 -0.21626680889043573
v 0.05434974435827857 -0.06233426635554021 -0.2044608104969954
v 0.03203258858504682 -0.061708469838994674 -0.1941169202068908
v 0.02346442832274959 -0.015582975832490334 0.13608412916776094
v 0.022901231576305272 -0.015800299946182893 0.12685500942873656
v 0.022354883198820282 -0.016085671934635892 0.11781324924986991
v 0.02176534467367503 -0.011387917510061098 0.1181023620819332
v -0.017060708844821634 -0.019691657582627642 0.004192276273686611
v -0.010925368950017816 -0.0003156721337801998 0.10305333010090721
v -0.020698520219179666 -0.0040923293792437055 0.09976914892043184
v -0.00033942685863490063 0.002904804475917943 0.09936483136371876
v -0.0004812484595796374 0.003316142194003089 0.11054433185869084
v 0.01400911671407907 -0.015774535280890123 0.12846402445878113
v 0.015416592719967516 -0.015442672823296654 0.14090167864499456
v 0.024168697234470373 -0.015270792588546097 0.14767973822536754
v -0.01133510802207599 -0.03188803812738903 -0.14360704395674936
v -0.04212320546706641 -0.061435234647993546 -0.24798866993201404
v -0.03126162803256088 -0.06126024380385959 -0.24945474761738173
v -0.032762436496457055 -0.062084824982154896 -0.236056674715532
v -0.04576486200377834 -0.061861768809629944 -0.24014895686695947
v -0.04758567390098166 -0.06047735039041532 -0.2551051814661345
v 0.0022917830992651386 -0.01562827716476771 0.13054008622640367
v -0.009288116338035873 -0.015896304954877375 0.12075042652096846
v -0.005482245976812805 -0.015461033046839994 0.13747969617136918
v 0.00467033022675553 -0.016074286325395266 0.11994808357918635
v 0.0006783394683297438 -0.015285481421913273 0.14461920246126847
v -0.031345710544819695 -0.007493541305970997 0.20137867838947188
v -0.0313991085203101 -0.012271679199445249 0.20456272623641192
v -0.03030389959191125 -0.01283323539196106 0.197263854150992
v -0.030063023487362936 -0.0032627242493755196 0.19589982836721007
v -0.03057182167508232 -0.0069613682264741605 0.19572790735060633
v 0.030144983933804135 -0.05001150243128704 -0.24159691461605343
v 0.044188251429331846 -0.04974448286723622 -0.24093494522805403
v 0.048736747346783696 -0.04947298430327825 -0.25051704736448577
v -0.03690990088682738 -0.011952468425306704 0.42429281757390436
v -0.024958319127966606 -0.012165013314350163 0.41930121214569416
v -0.06630681051472795 -0.050283664117623285 -0.20598514680527982
v -0.023229736024636537 0.0037312645688477907 0.28506289352165054
v -0.02240924427039864 0.003472296775880189 0.26801682235074087
v 0.020199216626472536 0.0034901433161362064 0.24996820401762787
v 0.011277591410810122 0.0045810440566662535 0.23430227334942866
v -0.0077411435921000684 0.005304041792820212 0.24048409534949505
v -0.013704338681849157 0.004519595368788629 0.24871297680436028
v -0.04016440556034732 -0.06309982259101132 -0.216223251496126
v -0.0516527609163345 -0.062357593369644526 -0.23103306108784935
v -0.022097395592445827 -0.06311033927941279 -0.21636613440897684
v -0.035186907191770776 -0.062255314998891545 -0.20056313085361954
v -0.04594775362065822 -0.06209437341205206 -0.1979472523916981
v -0.051940283083741726 -0.06258686266853129 -0.20634568291903832
v -0.0023344740293863285 -0.06309268450107583 -0.2160849452038881
v -0.0034683300542536965 -0.061988021208846784 -0.1970764429816962
v -0.012351217064445289 -0.062448817728919095 -0.20607102812504097
v 0.008448864746680327 -0.06188157475388655 -0.1959622179747465
v -0.014315549438408225 -0.06227241024547524 -0.23262027600974983
v 0.014965380947923136 -0.0630960804512179 -0.2161357027609723
v 0.06741356488934687 -0.06264191957993882 -0.2251458814249079
v 0.05792103053751092 -0.06307422595403468 -0.2178802017509952
v 0.0615001281713706 -0.06267834839586742 -0.22516230134029053
v 0.06133269553918801 -0.0627589359783634 -0.2109652072455414
v -0.014545972080690974 -0.012306432517183746 0.4049839931359484
v 0.03381543733484371 -0.002114518235856645 0.22988731341292992
v 0.035977243974751875 -0.0011575605508520647 0.24593983749645998
v -0.0006641406622668064 0.003698641966011868 0.12271824145984553
v 0.014035462400106717 -0.004626712050550786 0.10964276466439048
v -0.0006568912035972194 0.004110994846065414 0.14424337007531224
v -0.03868951846787483 -0.02586773993757569 -0.33826373534452936
v -0.04505394331786303 -0.030874592820813427 -0.3298419628787205
v -0.04631785004059088 -0.035673382351417884 -0.3152538952528054
v -0.05139966995296272 -0.03387687318774363 -0.32503272574873165
v -0.06221948059263069 -0.026654292201820695 -0.34243052360434717
v -0.06293993498421833 -0.028311711950123296 -0.34112964058582596
v -0.06268622320651038 -0.02886263809035812 -0.33795458636739706
v -0.05927835000764764 -0.027415909580349736 -0.340191956456279
v -0.061859181085943474 -0.024947763952354277 -0.34588882892502476
v -0.058423661728721446 -0.025336756801258294 -0.34431530189431053
v 0.003707859225933137 -0.012265859077157616 0.37567221315183263
v -0.013245756058760357 -0.012275152264292263 0.38667508878684315
v -0.010358668592194267 -0.01227922186590392 0.36817565022317844
v 0.003982495502096905 -0.012248886096585943 0.3978006189283525
v -0.000709250480568468 -0.012273146519789866 0.3557359054711302
v 0.004704250311236149 -0.01509267731340441 0.15442135890480455
v 0.011119047863345463 -0.015027320024443888 0.16064142272996856
v 0.003133628192853407 -0.014945100712857023 0.16444199873113424
v 0.016865943117035546 -0.015122459247918092 0.15486673044296329
v 0.00992477050014817 -0.015228531206189345 0.14825260539966376
v 0.0001843027094198342 0.009535385487873785 0.3545425593472321
v -0.015188321970112339 0.0072263990159659956 0.35504027443378783
v -0.009606563030826692 0.008285187683235985 0.36546355414763415
v -0.01695728541875368 0.006578260024016728 0.34046167333724764
v -0.021549576891602966 -0.05022303008792232 -0.19192971013614896
v -0.03177318653653948 -0.050273174081299395 -0.20340588836893855
v -0.033633925077551176 -0.05022217198358184 -0.19192031103365725
v -0.014172383073350017 -0.05027446486539437 -0.20369250792909854
v -0.026682010473901636 -0.04775350196275883 -0.18105739969713364
v -0.010665757675493812 -0.050225687396813816 -0.19254918177674257
v 0.06300822846989793 -0.031615002847724144 -0.3254395177114015
v 0.06395004174165739 -0.033463827737500326 -0.3359112807433234
v 0.0576522427845633 -0.033718325804808505 -0.3202086260207343
v 0.00483610435654471 -0.011594513496813657 0.26091427260609107
v 0.00826655310291826 -0.012784480551004243 0.2817692120585884
v -0.008834476427723375 -0.012896715479769009 0.2839579002119056
v 0.020919679382788683 -0.01330312625738838 0.24844640177821423
v 0.005462246423466155 -0.012468957603801291 0.24654373874314303
v -0.01568465547531474 -0.011970950533790341 0.2667392851398959
v -0.00678751101895002 -0.011264509846729505 0.2533439364313216
v 0.04595107874583061 0.055888057855956436 -0.4783379024200263
v 0.04140496594528669 0.0533815884275625 -0.47466005786373217
v 0.040940401616276816 0.04683767827452899 -0.46565126508769666
v 0.043515329887098234 0.045512180493553905 -0.4639213169046292
v 0.052335699933985375 -0.05316573421094196 -0.2851863809960295
v 0.05313718056481614 -0.05579364667202699 -0.2759155681760123
v 0.05971499481372801 -0.055201488031301156 -0.27751656844201966
v 0.05718756343798959 -0.05091687373513433 -0.2929167762859376
v 0.06122503282519405 -0.05321721337903216 -0.2843643810559521
v 0.0588230882157036 -0.052084098394068926 -0.28851079204072083
v -0.05861895238019031 -0.05462038764127588 -0.28058191262349563
v -0.06420330402485025 -0.05103437364419464 -0.29428929238866874
v -0.05526864402575046 -0.052013799861276466 -0.29054792078106456
v -0.049547960210781686 -0.03259054249230736 -0.34940176606155343
v -0.03869759713204484 -0.027467048509337417 -0.35654174573638253
v -0.03868777377542262 -0.02080653452561181 -0.34840480902787097
v 0.0010654587730100017 -0.012258780381085087 0.3381473847393424
v -0.004240176286535708 -0.012335073754248253 0.32043380876593297
v 0.012666243423328245 -0.01236491427595314 0.319914939212543
v -0.02211093105757651 -0.012261271729420136 0.33211783856953464
v -0.019307506772865045 -0.012284894306390265 0.35529963857943664
v -0.044238499091479394 -0.050394057444376916 -0.23060551517328343
v -0.041961376906247884 -0.05046818671532607 -0.24742233299976618
v -0.05009712450869851 -0.0504374481962622 -0.24033648324064982
v -0.0551018616922712 -0.0503913681561208 -0.22982427277616255
v -0.05447026546207665 -0.05034254610396435 -0.2190559822925997
v -0.043601636296261785 -0.05034660976928724 -0.2198307381737948
v 0.03351345382262356 -0.05034395307366888 -0.220525716495602
v 0.04956438025359414 -0.0499163960745995 -0.22624515515833848
v 0.05151212716649242 -0.05007734976388346 -0.21566679996832117
v 0.009476224024626306 -0.05035661770318065 -0.22226542251895345
v 0.01249421928811177 -0.050282425406438826 -0.20547092168553455
v 0.031950322657537375 -0.05027805226595881 -0.20465234501735258
v 0.048298837064267616 -0.05027531473606966 -0.20418853028343892
v -0.018543093498183165 -0.005591355161088796 0.05146004966174418
v -0.01811470742819099 -0.006020718967519803 0.03932336586575991
v -0.012894849706165813 -0.007448115351333155 -0.027235335800886065
v -0.01413631563064553 -0.008553154342040108 -0.035426296058727186
v -0.0020399836209845775 -0.012554820932993574 0.3016015443320391
v -0.06453964913011331 -0.040276888375491496 -0.3035834983264368
v -0.06447472732346074 -0.03959458188657536 -0.30656909468733773
v -0.06465323037277912 -0.04147522519037711 -0.29834769889174295
v -0.06576680263822031 -0.043098922205703 -0.29916579218240125
v 0.008099708441724498 -0.03298860603150542 -0.3466174156835779
v 0.022683212350259035 -0.024471893088387972 -0.3412111807941224
v -0.051377260539894914 -0.01313091405433952 -0.38974810660014847
v -0.040403076560692794 0.03981957620468836 -0.4625153217318992
v -0.04064878791932269 0.04760957410181898 -0.4658335133123139
v -0.04039903788188656 0.043197713062545474 -0.45957989337867494
v -0.0401209358269189 0.03864768366771878 -0.4531650056158156
v -0.04034656490320349 0.033544766989423914 -0.4611879090834545
v -0.04073470351763082 0.0391008189449127 -0.4688948438067267
v -0.04070292699256182 0.04464581580524368 -0.46992292644860206
v -0.04554228951349762 0.05869177680147539 -0.48233592883386517
v -0.04151579488529315 0.06224009623113319 -0.48651871413390235
v -0.04122081592464902 0.05714875752149723 -0.47930040370286386
v -0.05052723408765492 0.053228723832067504 -0.47548279395791004
v -0.04568508013772622 0.0535313124699103 -0.4751326252132861
v 0.025074670431941153 0.0009959406109836767 0.2370373895687155
v 0.03924748095739624 -0.06217194333938367 -0.23446743144463925
v -0.02795829793454572 -0.0617168977644718 -0.1949702298880019
v -0.043305533652227834 -0.05774876919701767 -0.18256860143047227
v -0.037632370041376886 -0.06186613947587262 -0.1962006067563184
v -0.024340341451052502 -0.05855649747612836 -0.1839244933411951
v -0.025506873432390616 -0.062073371901802996 -0.1974050595939878
v -0.010253076370789612 -0.061416394244575116 -0.19264231019858216
v -0.025937384545837053 -0.05434293505116742 -0.1696732150191715
v -0.04662858590526097 -0.056837604520241954 -0.17167876679555333
v -0.030457552688829964 -0.05416673993398668 -0.16394759208714532
v -0.011396043550459636 -0.05712188804745428 -0.1780806593424665
v -0.0006481860063431136 0.004476995671096566 0.1678543021855496
v -0.017680333196174007 -0.0010777485481126903 0.1499554347219638
v -0.0007197961249249935 0.004978004307510043 0.17985035355639695
v -0.025396105675556457 -0.004064458703315528 0.15400783442106064
v -0.022830261135544015 -0.0032607249389472173 0.18296960399469406
v -0.011127900662299269 0.001595223195889977 0.18190218807302255
v 0.017254628153994252 -0.01650352080257603 -0.040021423942848654
v 0.031668126435298614 -0.0030887949891399355 0.21396907123028183
v 0.029114034236081717 -0.0041994555847369944 0.1949481670813861
v 0.01999184098562359 -0.0008006591479734022 0.20437340282797134
v 0.02139789305154439 0.0008535749363735471 0.22515556869988765
v -0.02165814319377544 -0.012385247818218101 0.3141158642594428
v -0.022736119242209248 -0.012553350408778603 0.30242414354689273
v -0.014256731651654362 -0.012688445455482386 0.2943689802085636
v -0.022015977255880805 0.015579221834354588 -0.41681124786723667
v -0.02212500332337474 0.007316646019261075 -0.4235883105530912
v -0.026932496505221552 -0.012301654877120014 0.37668389979655814
v 0.04611312717403635 0.015612542533433117 -0.43783881419699566
v 0.03955645316461215 0.014766904852028268 -0.4352033029967878
v 0.04332449661578512 0.009099248269827708 -0.42821377207410577
v 0.052248626161548045 0.01300726231684092 -0.43410920142272574
v 0.05063333992327513 0.011292115858084444 -0.43152102990340313
v 0.015071580103790902 0.0012542904132699147 -0.3939211785974848
v 0.01476368341095661 0.009224949690675466 -0.40709975138399423
v 0.008537665555752397 0.004778091475096438 -0.3992437528123252
v 0.008416694660219428 0.0003047720688959029 -0.3919982311016207
v 0.015844635942445437 -0.004188162098325496 -0.38492348236309093
v 0.012322324096588953 -0.001651410367091516 -0.389116187883531
v 0.04557882268597654 0.06044885103062829 -0.48455954441434707
v 0.04172703440459777 0.05813156290884819 -0.4812231226666356
v -0.05981136849932657 -0.04055765692945907 -0.3000965437374967
v -0.060116889688883984 -0.03941451166344757 -0.30529313317688006
v 0.06736709740902437 -0.06184689291215771 -0.24044320721475546
v 0.05960814694680295 -0.0614306750837497 -0.2480692157733277
v 0.060207650306292396 -0.0618704290312168 -0.23999998156990118
v -0.03387053775088693 0.006574202734942618 0.44026554555639164
v 0.06640057252150604 -0.05369814545122434 -0.2822887282044085
v 0.06707871487920221 -0.052490413104532556 -0.2822888568510705
v 0.06737583912112724 -0.053268492359923515 -0.277995784356751
v 0.06675993281603519 -0.05132518070294521 -0.2874417560426073
v 0.06669971476710916 -0.05663411285041768 -0.2719837381132112
v 0.06625137943788931 -0.05223088400004243 -0.28744162019413666
v 0.02096056361527586 -0.010076456750841905 0.1082049490183002
v -0.05366490091369919 0.03917134096139072 -0.46175361478505395
v -0.052406048963774786 0.03940442245762818 -0.4558010381894508
v -0.051896237681987846 0.04320481542764159 -0.4614262476647243
v -0.053860375520818224 0.0358122877384489 -0.4562495927488258
v -0.05427263584353945 0.03553112087177623 -0.4585307216235166
v 0.016446107830988262 -0.015029865039894834 0.16138782618471795
v 0.014473183042165888 -0.014953962047051341 0.16647654108115476
v -0.05818918303257117 -0.0052954753735613355 -0.38391686691866916
v -0.05785190585444548 -0.001716873970309688 -0.3902480482308814
v -0.060449680071339475 -0.011075513614024684 -0.38331061435838915
v 0.052289196411495174 -0.06247218274668065 -0.22893526145416856
v -0.06726838118309586 -0.04996727547861606 -0.27075222987906994
v -0.06754402476456237 -0.05084250135687966 -0.2675916463757316
v -0.06541296960768217 -0.046534244068017046 -0.27462376910444974
v -0.0679545271928209 -0.052092722622759435 -0.2703203305957042
v -0.0677849920534394 -0.051499214722249435 -0.27390907385137137
v -0.06838634954116904 -0.05360406141914795 -0.2611771255326282
v -0.06844197204996863 -0.05378364022931145 -0.25932278212989035
v -0.016752820665901613 -0.010225227726263898 -0.04750387042581549
v -0.01675124571472462 -0.009649314082668536 -0.037294281437482195
v -0.012438775988502751 -0.008806677875741213 -0.05142593391278444
v -0.01653898585540509 -0.014749274064421954 -0.024751070087048996
v -0.016744850107811564 -0.008995666104255501 -0.02554176962638531
v -0.016752224370096654 -0.012514397143079352 -0.03173353095974076
v -0.016579041879735263 -0.020609958155871227 -0.02713197401506149
v -0.01646076779695779 -0.01641621619434103 -0.031059273979804774
v 0.06831290687563847 -0.05933346536087186 -0.2397666618706231
v 0.0633483310422428 -0.06098448309818922 -0.25145242104825954
v 0.01790654692880012 -0.02390672417695325 -0.04427993743515542
v 0.017644173404291717 -0.023026830867599487 -0.0314268523516016
v 0.039217093117217265 0.009503900920249516 -0.4279682431091067
v 0.039196075283110886 0.014921824800671406 -0.42619271640784645
v -0.05272546282568835 0.02783805205853958 -0.45522288046647424
v -0.053318899335567306 0.03192181269120821 -0.45736173015509485
v -0.008821545340802383 0.023370370959550066 -0.4381137422246562
v -0.008716515559442922 0.01836570065105197 -0.44014112497173824
v -0.008985047178676351 0.030105150246738575 -0.4404026797803565
v -0.008802787155867454 0.02227564062078205 -0.4434198029083303
v 0.06723086331132243 -0.04917312012260497 -0.28614571126949917
v 0.06760014588119627 -0.05050186731884386 -0.2802140973886883
v -0.026725513043960418 -0.04335558341514596 -0.1688200615064107
v -0.041867280103101215 -0.04460310481542656 -0.17188442194556477
v -0.01057030412690817 -0.045132460800749154 -0.17446625343471997
v -0.02973600494333325 -0.036241258070101603 -0.1534580935286091
v -0.009413763050087575 -0.04146919024113769 -0.1643326071121476
v -0.035668334443615654 -0.039959829425239145 -0.16167279171542281
v 0.019514517843260075 0.05121700474818883 -0.47221581769167986
v 0.01590546797800977 0.025871217890122034 -0.4529628371282166
v 0.028449848575013467 -0.060775464845405594 -0.18761250784961178
v 0.016726312126040675 -0.05690054954187312 -0.1752542524414359
v 0.007459689688041462 -0.06111630775419119 -0.19031485528746528
v 0.0202400302041761 -0.06179611134895618 -0.19503843948269292
v 0.030596927478926717 -0.05759479391901035 -0.17660672060993604
v -0.02641844627579443 0.003448725775641541 0.2949403390038257
v -0.021362047270675314 0.004395268497821675 0.30446204232754315
v -0.020072940770336084 0.0045099741427732515 0.29427356234544616
v 0.029965878139089783 -0.014175291346072096 0.20499013970188723
v -0.00133885183996451 -0.023320088804682018 -0.060223195484340124
v -0.016531624111424538 -0.02278955455237904 -0.069166610631708
v 0.0042825308987342525 -0.024833917401894594 -0.07221970230142634
v 0.009185226616618579 -0.02353272038152942 -0.04988834375320084
v 0.018172530108492048 -0.02513334979240885 -0.059038073770898786
v 0.005216862826460877 -0.022132826642575893 -0.03573520910192629
v -0.0023744930995444015 -0.02063799431965783 -0.018904875788851992
v -0.008793434850937086 -0.020899270139052392 -0.03163743961125752
v 0.05381714053395668 0.03591020111628264 -0.4563176723169723
v 0.05460144557625193 0.03129100140524186 -0.45053413866113984
v -0.04680840878068638 0.03690754894781778 -0.45205788402083696
v -0.045441707858821914 0.031011261730071477 -0.44339772864328003
v -0.03987571109247562 0.03432279717979269 -0.44703325977125336
v -0.04832906882261169 0.042492417584530325 -0.4601923133106657
v -0.05019664345133972 0.03378854707205931 -0.4474903360019818
v 0.05311828319441672 0.03892474715678253 -0.45513124823447
v 0.053648231960774666 0.03486437164978049 -0.44913337375856627
v 0.018760109818488253 -0.00812236663761058 0.07753486406183774
v 0.014059027802724711 -0.005417652470140867 0.08173897324816096
v 0.019012765130229512 -0.007946655383300949 0.08103193712140946
v 0.01952470145059667 -0.012278571531036833 0.08122776890103398
v 0.01998193013986457 -0.017483057612568697 0.0778753357722082
v 0.018672597762108372 -0.01086601803175987 0.07087957027542263
v 0.018594832147681827 -0.00850103810730084 0.07010245192718831
v 0.005459836229904045 0.0014151856149812177 0.17054785045294252
v 0.007093884733646117 0.00016943040365872443 0.15830969534074602
v 0.014632750825932489 -0.001952577583224383 0.1671541207374017
v 0.00395815459996212 0.0025583623651496833 0.18191273148679715
v -0.06829159454270196 -0.0532729550746071 -0.2631768425275027
v -0.06819676469265354 -0.052942942443668914 -0.26517735437975015
v 0.009558100966873808 -0.0013123202298864496 0.14464335911738957
v 0.017948326856028343 -0.004127287402677416 0.14627153195392892
v 0.016855501669860558 -0.0032755625376337865 0.1566376337410994
v -0.06808673416710162 -0.052556900292553284 -0.2675086973894125
v 0.06062946241177909 -0.04983172264172428 -0.21910261626228572
v 0.020823701046817533 -0.007300268741191813 0.10440303305597724
v 0.015065928256094895 -0.00552893007724601 0.10017478846511424
v 0.008009286161608458 -0.001700729855052576 0.09660111314791242
v 0.05783286989477138 0.006158920804184485 -0.4101664124397203
v 0.048977558813149975 0.008899426132348037 -0.4064773608794689
v 0.05747661848321484 0.007045533180234735 -0.40498593957616835
v 0.06705384305545811 -0.060300331101505227 -0.2564018265314922
v -0.008342636825092077 0.002857520594761326 -0.39617002127657325
v -0.0639510657617591 -0.033990334671104724 -0.3340012478476009
v -0.06372804838214258 -0.03274230855183113 -0.33715821541638286
v -0.061619768941134793 -0.03853103592545205 -0.335367523551438
v -0.0641741491446187 -0.035238404431126115 -0.3308452459711859
v -0.06340493851851167 -0.031198134928772735 -0.33507826470106095
v -0.06364570323550321 -0.03264736405313939 -0.3331263644278478
v 0.060448311198892594 -0.06235233466196931 -0.2311624399045672
v 0.0004024258966558447 -0.04861776744940756 -0.1846295302303662
v 0.01916364039719697 -0.04467428229670085 -0.17446365167722636
v 0.015396653430513411 -0.04860605589054282 -0.18523482826239762
v 0.004153818181085956 -0.04409764614980266 -0.17222338886325628
v 0.0026219683633425432 -0.050223292758847134 -0.19193935327064418
v -0.013140740227058977 -0.04818545436031363 -0.1828465707319879
v 0.06697435550997342 -0.04984658825075545 -0.21167344932660276
v 0.0681474363250789 -0.054008986365834746 -0.21939891894652327
v 0.058353044082312816 -0.05008652999619481 -0.20798257013903368
v 0.03616139371673881 -0.046475740768801836 -0.18019647017860807
v 0.024746229975259763 -0.041288939490591786 -0.1652904612332257
v 0.049755417834854605 -0.04601622700999583 -0.17949427025348752
v -0.06902859316712222 -0.056361379524610775 -0.22791660747784098
v -0.06903579751884971 -0.05651929302762401 -0.22281105264956147
v -0.06825189485395891 -0.0539020634295189 -0.22560883998134262
v -0.06848460103515693 -0.05443833193971604 -0.23079145784376232
v -0.06901058350480514 -0.05616783412737985 -0.23323026053085122
v -0.06800843980649143 -0.05897692999560901 -0.23029512390465073
v -0.06789203479542871 -0.05941180177733608 -0.22672226243692628
v 0.033715377483987924 -0.04941738149463866 -0.18827182061519154
v 0.04204168942649652 -0.049616482499575384 -0.18917937488805253
v 0.03482159284752498 -0.05022092177977013 -0.19192812496366046
v 0.026772089227960923 -0.0502214058830605 -0.1919333209084246
v 0.025388877673291704 -0.0492174274221272 -0.18736364377128822
v -0.059331639930616346 -0.062010942819306955 -0.23740530602192098
v -0.06120721525164649 -0.062410381395888004 -0.23006375966736475
v -0.06663620946851093 -0.06215543113315 -0.23279253688452725
v 0.05535372413331216 0.012088155730646345 -0.43272253272129474
v 0.05627679481750936 0.014422060966160388 -0.433448301435822
v -0.05463319724931449 0.028169252726300706 -0.4433381680143413
v -0.05576129968838475 0.025225659174240744 -0.443377273575437
v -0.05497368182830854 0.026225427221895217 -0.44091880607868894
v -0.054096912429248405 0.02719822130070077 -0.4378846800753635
v -0.05336583310270003 0.03155435289908534 -0.44420095147107785
v -0.055567967891020205 0.026725082222996716 -0.44558243586116475
v -0.05598882362835714 0.02294336406178041 -0.4384423526825778
v -0.05622605436386957 0.02163015035634124 -0.43808503479365024
v -0.05624634922953747 0.02078722223842315 -0.43477757867747735
v 0.01872942465658623 0.05233626380647603 -0.4802775921743788
v 0.019653809757212447 0.04353605417109226 -0.4693735061775027
v 0.018535092733846764 0.0585766310257322 -0.48214717738261553
v 0.01851723042367855 0.04623095570080998 -0.47907675678096356
v 0.017780147901771258 0.05293608109471422 -0.487978922144714
v 0.009057073579464996 0.013439220521339793 -0.43263806006784816
v 0.00919483029831505 0.015943969032296577 -0.42768106374214443
v -0.05548455224023198 -0.050282117024980595 -0.20532042750574483
v -0.044694916007193275 -0.05022473077114717 -0.1923168601681059
v -0.044420681107503385 -0.050304078104033076 -0.21034093521852676
v -0.0606041061061486 -0.05031567408191506 -0.212994756492263
v 0.04616882858421088 0.03787367860247464 -0.45397509855328977
v 0.04048656460729445 0.04015154784599298 -0.4564120397781664
v 0.04780699461075397 0.04146054395237353 -0.45907787336324274
v -0.06070725096780728 -0.01948695520949047 -0.3569598563635624
v -0.061463790642499794 -0.023071043757499764 -0.34969465192540194
v -0.03502074282266098 -0.0007703196395251128 0.2350464875303472
v -0.035883938350599325 -0.0006498190232810718 0.24063338847831384
v -0.030935449893369375 0.00034773273007833753 0.2389648983722566
v -0.029997428071845793 0.00018832641165008202 0.23190685662848362
v -0.03486966630266632 -0.0038379562453628078 0.23052915581731798
v -0.04420222637029108 0.025597263930893968 -0.43539793046067254
v -0.03925651262007347 0.023890937425919544 -0.4325201313998959
v -0.039581267242052146 0.029457315122035636 -0.44016967123456385
v -0.048343321163037314 0.028522813276138904 -0.4397208898675543
v -0.04957529366400346 0.02671903242286519 -0.437056143791624
v -0.044147394556960554 0.02851203130567405 -0.4397052038296442
v -0.04948403787864079 0.024017432401790533 -0.4330631107865374
v 0.05074646029565293 -0.039556570038420245 -0.30128727922282306
v -0.016695902727181425 -0.014140118681571254 -0.035944089946779174
v -0.0027135984237695275 -0.05028248049973083 -0.20541910259584045
v 0.018722753355116428 -0.05022238478021136 -0.19193674828122428
v -0.006154321849307191 -0.050333880446594516 -0.2171686967445241
v 0.025582456852575312 -0.05024748048208301 -0.19786345005512507
v 0.010750723093157803 -0.03906958410374478 -0.1586425261033238
v 0.0032556023130529215 -0.01752414016471708 0.07633913770289015
v 0.009694487086819113 -0.017828605949839052 0.06680159366060338
v -0.00035492624796142275 -0.0178910019494157 0.06425724191414088
v -0.009146182010886185 -0.01736403683862435 0.07998052068290207
v -0.00966148031124448 -0.017755096409317547 0.06766270999795847
v -0.05544619594392544 0.02463293328205287 -0.43962354609785526
v -0.05569238045680144 0.024572932117147225 -0.44077168699000757
v -0.018978475830345266 0.003151237254512683 0.2409286279343867
v -0.02259548571961788 0.00301724890590506 0.25275180343903386
v -0.02340860004844061 0.0016413659625294425 0.23142217661297976
v -0.0296740682222193 0.0009928236425553166 0.24533021489216814
v -0.025504865998621035 0.0015030868047922457 0.23779146833824746
v -0.017097838029607373 -0.0144359136526377 0.010444667236875127
v -0.017095259344906976 -0.010506963254709602 0.005371667693108857
v 0.02713207789782056 -0.0537896717638951 -0.16387949787559156
v -0.01910389048752063 0.04846876676686357 -0.4828899255061664
v -0.0132675605912996 0.05283863047586558 -0.4878949836022004
v -0.01192770751008023 0.053218258697622096 -0.48202704470213026
v -0.019108450684757715 -0.011358199191560637 0.2552354498025663
v -0.014802300668989205 -0.010985138994626603 0.24693689472471328
v 0.04335024644320892 -0.05024593808742259 -0.19778128421624627
v 0.04287006630889216 -0.05021955076534873 -0.19192201345402699
v -0.051012039633258496 -0.049741908172380424 -0.2545427502705011
v -0.022473851936121274 -0.011028750188553711 0.249145642597942
v -0.02920265494758872 -0.011215160694100033 0.25271930605760096
v -0.028819221145145284 -0.01086882828107847 0.24655623600229015
v -0.02227665095473499 -0.010717753035600632 0.2436958548147505
v -0.054894281630404565 0.025185626940989955 -0.44655850246536116
v -0.05483535181134129 0.022577064492915 -0.44400210435101245
v 0.012045135802119447 0.0005715324919856278 0.1955240920273915
v 0.027978474957442018 -0.014436869598558286 0.1905789639093686
v 0.018125329272889696 0.007959662093638964 -0.4261443161920792
v 0.02219285243479778 0.007111771253278808 -0.4240793925486432
v -0.020437655223788417 -0.016788395870310446 0.09147676699833011
v -0.015170613216755755 -0.016653471231445983 0.09603018922346022
v -0.0207416095930339 -0.014429900784255293 0.09643906894731544
v -0.01674495713394673 -0.009346702881910045 -0.0318210329084623
v -0.004290772826619557 -0.018223104176771775 0.054286953918317976
v -0.0052344108495270495 -0.018702760179616366 0.038204047932914854
v 0.0028590588818249653 -0.01847368893127705 0.04720970068156051
v -0.011734689037730854 -0.01846784475028553 0.04589515508966998
v -0.018612950197440664 -0.01832516980396836 0.05155039362904642
v -0.01914240753820707 -0.01801512815063572 0.06305892040229721
v 0.007101489334298637 -0.018166575234730562 0.05662980215898688
v -0.03400974889277234 -0.010930055048538235 0.2479467900264475
v -0.027874197939279158 -0.011690930048515282 0.2617053628472429
v -0.03815419887549034 -0.01114900506428065 0.2525070393510799
v -0.00957997153448263 0.022320587960241344 -0.44731748026300777
v -0.01292597865302695 0.020024960752315694 -0.4447411007222426
v -0.009898645362904036 0.0250569444713843 -0.45093962917161534
v -0.008890165263345335 0.026185489746174056 -0.4466995023932015
v -0.009132144110432356 0.01861997478993835 -0.44239781101299325
v -0.022368675125410395 0.006440453850376093 0.3689790090163959
v -0.028168840627262895 0.005208018090688189 0.35539092634620134
v 0.0068022319367185 -0.032701929970489735 -0.14492850482780514
v 0.014014635405109676 -0.0052563768412687145 0.08716865018253701
v 0.013003538158768105 -0.004600447670356609 0.09131587771789733
v 0.06092507502789215 -0.060300481044508185 -0.25639939513958054
v 0.05965415384328761 -0.05749924742453125 -0.269464643137368
v -0.02188653514375944 0.022157109637036668 -0.4274940022803684
v -0.008576721571309532 0.012516044628907815 -0.4118367437866372
v -0.021870431986837816 -0.011644186527955224 0.22646341699119443
v -0.026430510077700472 -0.012065297938667856 0.21451983522187237
v -0.018990568444382645 -0.011205410097498276 0.23740649507587813
v -0.026744838222521664 -0.010771382587890035 0.2346680325203592
v -0.029719553915244265 -0.010807205151713446 0.23033866687045287
v -0.029966636640046253 -0.011157789967866798 0.22412097003918968
v -0.04368542497804274 -0.04771884554627651 -0.18051149955273146
v -0.04659247102818324 0.02996025357689186 -0.45710537245780236
v -0.05222973702620844 0.03175571464298936 -0.46060776428266054
v -0.04791759279044168 0.03321523825182359 -0.46175663511949844
v -0.04001877756779376 0.0274900821199294 -0.452821204285915
v -0.0485552185928875 0.026526937456432267 -0.4526463473302
v -0.014410440049178554 -0.015324426363957392 0.14526426329530437
v -0.02142688170311286 -0.012938398668386187 0.2831231184734807
v -0.06659170974804214 -0.06247215602468416 -0.2289192658798495
v 0.011808084986985786 -0.016307256102924002 0.10950816407596617
v 0.021348099929289353 -0.01648209569164884 0.10116306251559183
v 0.03881683177677413 -0.019706778482991676 -0.36931725654172703
v 0.03915799907795782 -0.0031998756992320937 -0.38105602712955333
v -0.01917578170764191 -0.010742144523898161 0.05572249168922465
v -0.018905914169143702 -0.010409063540672586 0.04858798448111786
v 0.03939779857507545 0.01802941399267105 -0.42167445188509395
v -0.01804094441976913 -0.009605952452183767 0.026327503043772446
v -0.018220394916662733 -0.009231247520043114 0.02997555768375267
v -0.0178302503213827 -0.006676717871073714 0.027496601637220806
v -0.01769060606552291 -0.006795996501086474 0.0229951197296749
v -0.017882659054520026 -0.00896185066366399 0.021721242920209795
v -0.01838830368924016 -0.009334096924597711 0.03412127164331147
v -0.037229943136261656 -0.010771235408440494 0.24542489232182665
v -0.033233083785766636 -0.010659099007717441 0.24317909526262355
v -0.036637862569534045 -0.01051592420774053 0.24084511817518603
v -0.03819380558979342 -0.00775693516295511 0.24886696231114902
v -0.037507207243618106 -0.008078501217480714 0.24476934776828282
v -0.03691890251512351 -0.008508178918042234 0.2411931525502733
v 0.06903156404940679 -0.05675275040140372 -0.23969916305708763
v -0.03806515113456744 0.0036449478574380276 0.35781763644016645
v 0.038813856249210694 -0.027990716767682094 -0.35125046397427406
v 0.039022750220445566 -0.014696773048759193 -0.35907514480435376
v -0.05054023397620595 -0.03752938661819053 -0.30906697444652764
v -0.053660805543762485 -0.03940937952899438 -0.30224721410365357
v -0.03868069304771605 -0.03848310971743904 -0.30293919438285477
v -0.05315795997223613 -0.03680446703525604 -0.3135105298445688
v -0.056170116154863635 -0.03800418956512463 -0.3096434409931858
v -0.05676151417450806 0.01647479502975048 -0.4274488132329438
v -0.05508789026027776 0.019798907418427335 -0.42683903776807797
v 0.05705541708361549 0.010118535800897648 -0.4260521145971614
v 0.057017562433947774 0.008469442313197786 -0.4241617699907648
v 0.008089412973112848 -0.05423157898313959 -0.28322685653302765
v 0.05653436931568775 0.012568716743705818 -0.4304816703008032
v 0.049398414327294964 0.008107993978974638 -0.42671698978482564
v 0.055562203170913746 0.01040101964513642 -0.4301774178331375
v -0.038675141439039225 -0.0428441355980879 -0.28650889502009774
v -0.03866929700294154 -0.0513601790420497 -0.2936686198603198
v -0.04819991845753953 -0.041464140221729465 -0.29334084047806924
v -0.046238580794860026 0.041061410278037495 -0.47231899527589993
v -0.040944518807307144 0.04460571924405608 -0.4764745534351058
v -0.04489806447619786 0.04639518281886075 -0.47947426081984906
v -0.0464877065583173 0.036295103682034625 -0.4658002142399699
v -0.05074053613507388 0.043506386560365276 -0.4767580222097373
v -0.051083030594111165 0.04084300409995442 -0.4730928245307407
v -0.041190466917162015 0.049162721124791885 -0.4827721110275927
v 0.06129113071750652 -0.060739445694633076 -0.2532254268522144
v 0.06410410837225086 -0.06063690369613843 -0.25396876789600475
v -0.024702713489804025 -0.012754398297526661 0.2919838670613938
v -0.016800639601465873 -0.018438447070740396 -0.06732358803513434
v -0.016776788424145015 -0.010843423631399346 -0.059207212976191984
v -0.01131253518267138 -0.009164448055379401 -0.07188337101719577
v 0.010714176940182868 0.000510934101792642 0.1865278924576076
v 0.04666036336037598 0.03899063302695374 -0.46975485530546074
v 0.04663090935719764 0.03340848324936496 -0.46215658560534595
v 0.06721939942343388 -0.06072424685449182 -0.25333936124270534
v 0.06552246457576873 -0.06085787309719979 -0.2523743606068388
v 0.020341682645392573 -0.01714777472001108 0.08419797219844671
v 0.01927790014705651 -0.00785726835514863 0.08453289819647491
v 0.01973837743109144 -0.010080691620700048 0.08919235979591689
v 0.020754721139805934 -0.01688150025742221 0.09115612814250164
v -0.061633342611874 -0.050366865444001506 -0.2243320100846784
v -0.06639201818841609 -0.05034598351355909 -0.22010293104677453
v 0.04051770205992043 0.029657762678885445 -0.45567029291010486
v 0.00863769144845832 0.009047160410267888 -0.4061857482122363
v 0.00877488468728781 0.014420207299615026 -0.4149023870860158
v 0.05036534075373048 -0.04981717134243732 -0.1900859192169585
v -0.05305886472384601 -0.03660092984906892 -0.33993074611299734
v -0.054157733897640746 -0.028874668292521777 -0.35817516681127426
v -0.06125884071326779 -0.03623524547526999 -0.3407850824212477
v -0.05630291280936262 -0.0004118140184510219 -0.4110592571661022
v -0.05000678645536229 -0.0037549149753043215 -0.40602502418007663
v -0.05606779880366471 0.022875369063979602 -0.43996792609265734
v -0.019945459879004687 0.0055182761503709665 0.3244259744212694
v -0.015471797950398875 0.0060281947751901505 0.31367232427142433
v -0.02352081207022685 0.004825087558006552 0.31767123141671716
v -0.0175156864413047 -0.009406006764954006 0.013654202505114987
v -0.01729304452761744 -0.010086788407508544 0.00945172508596911
v -0.06227581139123576 -0.050393707541890084 -0.2303534935114245
v -0.06643850297718672 -0.050383398990847886 -0.2266933175898545
v 0.06916717246461906 -0.057453008892035785 -0.21957221120947124
v 0.06916341078827964 -0.05750510220834531 -0.22350560502431926
v 0.06870894066929638 -0.05921792990035693 -0.22493549840002602
v -0.04594505888382269 0.047810322047296024 -0.4671776011225782
v -0.046596103817512904 0.05035649567979437 -0.47086585506808915
v -0.05088672190701919 0.05053833762316706 -0.4718846418812506
v -0.04574367827927247 0.04531513532082027 -0.46362845987949464
v -0.036571270009764144 -0.00047323442333459454 0.24580862519056418
v -0.03472762839428921 0.0010271704566875085 0.2637097185404288
v -0.027356197715779764 0.002458509599672383 0.26119296954279764
v -0.030980432857856136 0.001185612070025655 0.2531194986614788
v -0.05988201917554222 -0.056388852238966926 -0.273891128574329
v -0.06550429452849035 -0.05655832864613775 -0.27316970171915583
v -0.05084166082478741 -0.0561702449351582 -0.2752831071997323
v 0.025558993950994716 -0.005838152565520682 0.16455759994101132
v 0.02529694138642222 -0.009838021212787831 0.1641622848825879
v 0.0253889055895072 -0.011839166143979686 0.16679469995301227
v -0.04092671286019798 0.05233565062756293 -0.4725134343505852
v 0.01808090965611687 -0.009310131771406452 0.0492445642478139
v 0.012499904259048176 -0.006545487277685762 0.04465783693036388
v 0.01240250797471907 -0.005768484775536056 0.05629851422403035
v -0.02365805273951893 -0.013201756790644927 0.19964805473012068
v -0.03259902134798818 -0.01167773264756344 0.21262745136426733
v -0.03965592292693411 0.020779497558484065 -0.4435483868839721
v -0.048348487656456385 0.021873398956390594 -0.4462212915615292
v -0.039434633160630936 0.016515117705432597 -0.43767275461355426
v -0.03944327221552836 0.022928755749709075 -0.43810238554863207
v -0.04140134659278224 0.05306608206144141 -0.4881648953641131
v 0.017573811135269558 -0.0072286484702936546 0.08555616190860835
v -0.02176918223185723 0.028128051586976316 -0.4371920601731742
v -0.01726582318990673 -0.007210124816215237 0.009485789012137267
v -0.017151505300378334 -0.007313000877911948 0.00613356948465062
v -0.017340952656562734 -0.007107180869088149 0.011854038619097092
v -0.038703878159634476 -0.00872643486504433 -0.37250562406880827
v -0.03869556145157665 -0.014361675896589734 -0.36126321371313624
v -0.038690627291442285 -0.022373729686847078 -0.36683658590664486
v -0.04492352842445417 -0.006497974816096971 -0.37882599821742946
v -0.04807565278437513 0.0012816835305302227 -0.3953086792945926
v -0.04549560893904983 -0.0025713658337270778 -0.3868391054795209
v -0.040840047589329534 9.231992281528816e-05 0.44449801168054537
v -0.03871116029174807 0.005979854065015078 0.44524075190744394
v -0.04750578819732837 -0.02501249125896112 -0.36426652489464684
v -0.040076846627610234 -0.002322098587992828 0.44449643814395196
v 0.06022228357997826 -0.008880908224406833 -0.38863627044422683
v 0.0594103960011124 -0.007510486615343611 -0.3777033027225635
v -0.007996208128420683 -0.029266498704777662 -0.3292803477555773
v -0.014639735603991238 -0.025831765515828334 -0.337835694264923
v 0.009669178501798126 -0.02597330713950839 -0.08274128490877053
v -0.010383498816932131 0.016027858955420762 -0.4389951389835297
v -0.021826983170884585 0.018596709764686976 -0.441049828623729
v -0.01571632320839823 0.025810284706301062 -0.4334271915187825
v -0.013593151599674209 -0.005042047396178273 0.028118815474352032
v -0.01522349669078425 -0.0058034090109027985 0.024324922788523308
v -0.017877994382952633 -0.006388512125736331 0.03342665647729521
v -0.01163503605929324 -0.008804321047194353 -0.05814604451570697
v -0.027293085023092453 -0.010522954581904732 0.2404135450802851
v -0.05703510519000393 0.004724084034462627 -0.4015984348587678
v -0.05748363108589934 0.001193746009351293 -0.3953966397839632
v -0.05121294082336428 -0.001390898973581127 -0.39082369348627405
v -0.04638946774676158 0.004581654730103357 -0.40137045234412716
v 0.017840252284609975 -0.014260195515536405 0.05153054522759337
v 0.01756744421945864 -0.01446579497254726 0.0455864842263577
v 0.01824356650232656 -0.009012959541660072 0.056128926609476736
v 0.017765464342007025 -0.009707593751539826 0.03794714159242974
v -0.04973579739235711 -0.05375083258788388 -0.2843373398651373
v -0.06329738413245559 -0.03049802296696832 -0.33732687914420806
v -0.05890605424390298 -0.03331057267738332 -0.3278833919526702
v -0.0587324924796022 -0.03225695614972392 -0.3300298716356459
v -0.06157580549913501 -0.03250182315485084 -0.33015714266116025
v -0.05520486046728592 -0.032625873226775806 -0.3284773024106032
v 0.008724876444316614 0.004992780702717321 -0.41973025078010784
v 0.012191143434783603 -0.005220162577174822 0.06583385771323474
v -0.014422388946480322 0.00030214484150206715 0.19640850570343882
v -0.007282025186298916 0.0030847377774588353 0.1930985882797864
v -0.018631387853459722 -0.001460874297964924 0.18991543464184388
v -0.06353646717831693 -0.033020979430658653 -0.32951913939560834
v 0.018649070725876016 -0.018150742759530904 0.05617991419244651
v 0.018066816145261996 -0.012938113151950823 0.057616633128126316
v 0.019301056547554613 -0.017807518392819886 0.06667616944041302
v 0.01827747646379389 -0.01103531940932236 0.06450703452756075
v 0.011881462589678645 -0.01843360988705118 0.04762231614125044
v 0.011544737228375315 0.05586807971957111 -0.4787048991139109
v 0.015136104546406078 0.05043468014615864 -0.485240579054437
v 0.014234859316700172 0.04696748064852047 -0.48088464708217293
v 0.008870593832766997 0.00783816924236606 -0.4145656290303783
v -0.05984974143034719 -0.05042661142637627 -0.23774925494076493
v -0.06647494355995764 -0.050411472017964656 -0.2342858607706643
v -0.05413641865982411 -0.06024766355035485 -0.2567641580103952
v 0.0486324556254598 -0.030557347114237982 -0.34752460140128044
v -0.016457012554757063 0.00226278233616082 0.21675753928257535
v -0.008911788659461618 0.01679470039343027 -0.43997101302876523
v -0.0629100111249892 -0.02992321589830528 -0.3358032011187175
v -0.06315178260695858 -0.031069978455992086 -0.3334795441986018
v -0.06144840769425046 -0.030346578020668147 -0.3345982443068496
v -0.059971720301964994 -0.02940293150879616 -0.3362257711941405
v -0.06302023313539404 -0.04600394401923645 -0.3135202973978102
v -0.05806870343493632 -0.014357829656282378 -0.38688161865899384
v -0.05360013621995852 -0.016450820166695114 -0.3836480805232742
v -0.05950730072642472 -0.014037930642265096 -0.3831155457134318
v -0.06634904945071915 -0.05031484016388571 -0.2130436532318684
v -0.06823982103222487 -0.05381406220664908 -0.2191856709658011
v 0.040825970659257846 0.03436801815557508 -0.46215049002869896
v 0.041214142576644026 0.039073164929199836 -0.4686415934610323
v -0.0098095517233581 -0.003712947241760829 0.024282695280583553
v -0.01389596612632113 -0.00566098020485224 0.01579554152456422
v -0.013894288886109786 -0.005445622755068348 0.020897550216069694
v 0.014134018051091154 -0.014298735241121062 0.19520117971464795
v 0.024359712340419 -0.006158619947298034 0.14952655109445084
v -0.05799300296310888 -0.047398572049117044 -0.2698954831494275
v -0.0031481501310703726 -0.004933270763655642 -0.0656603577473289
v 0.04495873651745077 -0.04104811340453521 -0.2945087558867764
v -0.06000978056404693 -0.030572655382585454 -0.33380794316720114
v -0.05814470386143823 -0.03115920221782441 -0.3321762863792333
v -0.056711168649980596 -0.029919113172004984 -0.33442682151353353
v -0.06011101593678359 -0.03165529471752236 -0.3315854054823596
v -0.06162892370962291 -0.03129701879262394 -0.3326671823753924
v 0.05101829290399618 -0.012266896403082539 -0.36658501539157184
v 0.0392346843860408 0.0036409588179689566 -0.3941485531824139
v 0.050730975260033284 -0.006796132099232882 -0.3769423085926133
v 0.047881251464899764 -0.0018019099652613127 -0.385786231956845
v -0.06336848052471832 -0.031968386291074194 -0.33181086775034235
v 0.04197749301994484 0.05744970189755916 -0.4870052981899141
v -0.0484085780555237 -0.02000444340727872 -0.352902192726175
v -0.04671493540474892 -0.025765384691601643 -0.3408104994966918
v -0.050927108858777936 -0.016036450279549377 -0.36158143955647853
v -0.053925605001999326 -0.024185370844351458 -0.34570031383940547
v -0.05563085382976715 -0.020595611728987703 -0.3535254229652646
v -0.01868501083706215 -0.009498045126676475 0.0418470706641487
v -0.024845523558873695 -0.015167406344806199 0.15292192200860266
v -0.0013320693849850017 -0.014775692981443335 0.17746777667044378
v -0.011440301062038827 0.017911255062763694 -0.44172543017154553
v 0.020543248162825482 -0.014992713598153327 0.16521570674471509
v 0.016426846680803985 -0.006428576664143523 0.09359896783123949
v 0.012521983878300044 -0.004248851008150545 0.09513697203142801
v 0.017000132862752686 -0.00683573477046378 0.08957643482972238
v 0.01975148979387976 -0.007719758754591419 0.09075031983983775
v 0.020260688813145022 -0.007562837326963369 0.09726120879144246
v 0.03942837336041431 0.010215544026423601 -0.4067375729708287
v 0.048355871795960716 0.005343221175171581 -0.3995681225917596
v 0.04216297158224679 0.06361831216643844 -0.48877918120931924
v 0.00680046130149657 -0.014827581718982914 0.17216093368026325
v 0.014526089817634863 -0.014623693103526507 0.18195239058533605
v -0.002405104454713845 -0.014423290175668431 0.1912974618925815
v 0.05072029897591521 0.0018712281913212925 -0.39347076751907284
v 0.05941693816510493 -0.04677883536320891 -0.30775074321360774
v -0.034836080291459924 -0.011937879300613949 0.26643157756379576
v 0.015917956427573994 -0.01485946348533722 0.17266211598789066
v 0.06112264406847338 -0.06198300355173472 -0.19907242873011127
v -0.055932586716302975 0.023812283818525494 -0.44143737281551776
v 0.06686369279586699 -0.0478003964080767 -0.2919975866772706
v 0.05466315065706692 -0.043316727840231904 -0.2875542131414816
v 0.024140779247701305 -0.012005058013512496 0.15112052844942198
v 0.024512393366187053 -0.009654530961090901 0.15402713210345995
v 0.023902476529924475 -0.012230871032856392 0.14821426367804774
v 0.02051056801122425 -0.009684158463283455 0.10206810058823276
v 0.020536872604110665 -0.012727094578590597 0.09624975939476632
v 0.0201010429070885 -0.00983701790625229 0.09539311464469542
v 0.05624615518449905 -0.04684246071315302 -0.2714557366218945
v -0.016820985392336348 -0.013280050185139676 0.2078540442472336
v -0.0147323708875206 -0.0143122756130077 0.19410616854917082
v 0.008606888390379784 0.0024238764683968505 0.20618279229439251
v -0.04944680538933191 0.006554906400756302 -0.42381554110379593
v -0.046325101917380984 0.00904089200139075 -0.42831285788814744
v -0.05454878512779251 0.02369080994846897 -0.4325811460713208
v -0.011631029384416798 0.006020583869067336 0.298567259293408
v -0.016792666621071765 0.005209390670122572 0.30043075221823745
v -0.054993489947969265 -0.048897898702464665 -0.26169148591165414
v -0.05326697650048504 -0.054544235079342515 -0.16500044519701115
v -0.05433482341371788 -0.04903537824179015 -0.1639625460785656
v -0.041823415357102545 0.06737549052228314 -0.4937559684967217
v -0.01804708034139291 -0.018652525261015403 0.03923714637453615
v 0.025018144253943404 -0.005999474961819162 0.15782453929413925
v -0.05450452445760453 -0.04745368397163524 -0.1650353662030141
v -0.0392318485360433 0.018122909618014653 -0.432115485298447
v 0.04671466984800236 -0.004482972781276691 -0.4038922386358502
v 0.009483082628797669 0.01006521330403909 0.4739958920873578
v 0.010298675328257526 0.006470819598256888 0.47350667794959556
v 0.010648649409599142 0.011966851676623695 0.47333943418380964
v -0.033057323100870444 -0.012270806276511354 0.361396135414522
v -0.04570136389454713 -0.012247703471595121 0.3582379808866232
v -0.0583568252577035 -0.03718601490367358 -0.3142984093555145
v -0.061194432186500426 -0.03877148261513673 -0.30864348030687017
v -0.060037034929522136 -0.03806294593514691 -0.3112239620147529
v -0.018537550208649674 -0.014100906035247116 0.04528656310778819
v -0.037666510981241845 -0.004344393640631622 0.24703184781215742
v 0.018272026014794013 -0.008744995568249559 0.062024627192722726
v -0.05156980640900147 -0.04396777752285777 -0.1623943621146559
v -0.029209623781193027 -0.013442467287295324 0.18998222683934865
v -0.020975518974772223 -0.011831669643586808 0.09461317246328428
v -0.03353675124936448 -0.011155050694046025 0.21968190168252114
v -0.03414609537614362 -0.009065457684775876 0.221881791941378
v 0.050917346709273614 -0.05021875409183647 -0.19191496282823742
v 0.049029038283355884 -0.0008900516647693134 -0.4106576240213532
v 0.0514270790385005 -0.002755027295139552 -0.4067286709550552
v 0.05263757798816554 -0.0051369250585037345 -0.40196929303070145
v -0.010668577717283743 0.0017203469769597425 0.20097418906495335
v -0.023237042064769592 -0.0016773616650873 0.1968292891750851
v -0.01520474080460461 0.0012972668111387664 0.2061267360859752
v 0.002467839773783435 0.003664213377971392 0.19333615340955498
v 0.002202299632301274 0.004113234837390822 0.1991150663722673
v -0.045892396301798755 -0.0018556073151112457 0.35518464292170787
v -0.04733019414272012 -0.0064492083012620445 0.35828674440725267
v -0.007258099618163568 0.0031394827125424034 0.20611550521727906
v -0.0006377524677687227 0.0052691852884570916 0.19195489448955783
v -0.0005747677023497413 0.005462716432285466 0.19803420588895174
v -0.007047255761644647 -0.01623268733299043 0.11048211331715116
v -0.021979839029125214 -0.01595244677401656 0.12004486963168372
v -0.053534223534989045 -0.035581274282869724 -0.31908834576618644
v -0.057835489511011605 -0.0416493332426668 -0.2943383650433732
v -0.02536741072769923 0.004142277379932857 0.3108329033025003
v -0.04978227445540394 0.0003312805227315245 -0.4130762628542602
v 0.06353201874387077 -0.03603641500594243 -0.33664062145957585
v 0.058318099961254866 0.0030413637491785456 -0.4048902794676762
v -0.004549314255738828 0.004223311843528033 0.2033791602482221
v -0.06901310502325454 -0.056056704296939416 -0.2376644930920147
v -0.06824581733497136 -0.05397995233778483 -0.23534095847016892
v -0.0677716448195834 -0.05298559798027717 -0.23871202973584654
v 0.06777665705530794 -0.054512452084307654 -0.2718834187721131
v 0.05359763190799864 -0.001339774516034866 -0.40971118744478396
v 0.04896686014028917 0.0011772083156176769 -0.41501509018866234
v 0.053024398675161934 4.8437567488613525e-05 -0.4126345790068671
v 0.010036829830326272 0.012034694695379556 0.4729439521803027
v -0.05205336087010076 -0.026906964179226788 -0.3396348602429161
v -0.052092942875115025 -0.029956397827344498 -0.3333189430688865
v -0.018067847006689192 0.05554277558035249 -0.4918918209231188
v -0.013063498610447944 0.057559052965400356 -0.49060595492720893
v -0.05027330261528283 0.020697123422808904 -0.42815788866895865
v 0.015163129316431235 0.0014752691075844305 -0.4154965047559978
v -0.06441931995783066 -0.04328066576026999 -0.3140829682043713
v -0.05125461476156632 -0.007399205916619349 -0.37892940497988026
v -0.0343106552759135 -0.006526757227800692 0.22639540556065915
v -0.0346382803435588 -0.008872868816565838 0.22622078925955655
v 0.05415585152736113 -0.05009407471498581 -0.2975475695409633
v 0.05818292350879133 -0.049810148855470256 -0.297275763713723
v 0.06250476504043369 -0.050673248127370084 -0.29319125270225266
v -0.06694888653504437 -0.054549322292089475 -0.2715777891067738
v -0.02525046680330079 -0.010455048604075957 0.15292955382472587
v -0.03701738801403142 -0.004744574529131658 0.2427961585499583
v 0.01956064356230079 -0.01492768180562889 0.16875409901435928
v -0.06521558004062038 -0.04086270426303621 -0.31517532285949745
v -0.06472498206825393 -0.03845022098534261 -0.3185158336298262
v -0.06471841857574644 -0.03841325301492628 -0.3163792101966605
v -0.06493676048970744 -0.03933519596223065 -0.31143870846106514
v -0.06482906714306934 -0.03887522425758761 -0.3137396091899199
v 0.020077618982651396 -0.010800327188328712 0.0930188653238267
v 0.01952747602608255 -0.00778803499113957 0.08789766297573987
v -0.028765106190505804 -0.00577900602359534 0.18241055307569565
v -0.018924431286345644 0.060175979731391 -0.48451771476023225
v -0.012513700914936572 0.061643610422654344 -0.4864599987918968
v -0.05545919125945441 -0.02808322892135012 -0.3379553448720909
v -0.055780326760020524 -0.02638382766256797 -0.3415539517247476
v 0.024981192927710803 -0.009904293752663084 0.16021815010369664
v 0.02509128937526142 -0.012396951268465855 0.16344923052973312
v 0.05859038419578275 0.0007589854967909927 -0.4079224677293163
v 0.05903358540919517 -0.0014895113323343551 -0.4027545491316024
v -0.03436466318159521 -0.010784911179441328 0.22452472282852362
v -0.02962441580142704 -0.006322357617085931 0.188737735603936
v 0.05799800086075414 0.004162122860530124 -0.41314144865879443
v 0.0582936628326043 0.002460544928444363 -0.4105324887507073
v -0.06419899303362077 -0.03668402095729513 -0.31929205338974237
v -0.03870301015278207 0.007605131061861565 -0.4051469743158318
v -0.04365893783742841 0.007824663697500055 -0.4070465410194353
v -0.029512534174656227 -0.0037924530029429123 0.19090118865277925
v -0.028847642564558792 -0.004282081951431491 0.1856279508408598
v -0.024632350172080847 -0.00272983574077294 0.19082909473161808
v -0.01605764195448324 0.05647089374524253 -0.47954710074899626
v -0.011714461767370286 0.057180661253823005 -0.4804961771653149
v 0.06261156781161789 -0.05167073817040991 -0.2896855131427646
v 0.0661025954177828 -0.05076373774806326 -0.29259309091573954
v 0.012131060783408466 0.06016395200274819 -0.4845094183749478
v 0.013002224111212254 0.05584764659959375 -0.4923390549467904
v 0.012033507619463544 0.049769031898997285 -0.4846150919700207
v 0.01741011788316102 -0.015223896345647825 0.14941396914185084
v -0.05291785702460922 -0.004587039702560615 -0.38504498935874637
v -0.05048024519000544 0.008704187412383383 -0.40868483120441096
v 0.054884377402415516 -0.0038207520490727057 -0.4044821793340125
v 0.05473001485711294 -0.0024745907218011037 -0.40731753763063827
v 0.06174014798819564 -0.04517918936763959 -0.27880597542348196
v 0.05449790250418281 -0.045443200691465006 -0.2778884507218164
v -0.026315331521177262 -0.003937524053026941 0.18386993046957453
v 0.05713089621910487 0.0006814583728521964 -0.41397057988724506
v 0.02524690966102489 -0.015001843533375503 0.16550931750100165
v -0.0005252707573498486 0.005636014390582375 0.20413269707436768
v -0.05650394097810408 0.01863103675214553 -0.4311137266969932
v -0.04918882560276455 0.011582535937495688 -0.41377804710740174
v -0.04359138163277037 -0.003075874343249116 -0.4079219729188351
v -0.017531216062577355 -0.006927085777742044 0.018044191509597924
v -0.01768927795483031 -0.009664764679033487 0.01813293326510721
v 0.015557911886190242 0.05462754202496714 -0.49064245648339944
v -0.059697110840761416 -0.03619840778349988 -0.3192939528455852
v -0.06206582360614863 -0.0370092531368146 -0.3168398590168926
v 0.0010210235102527173 0.0048254077397229915 0.20483489001175223
v 0.05628838432875436 -0.005228027491390379 -0.40151555916296694
v 0.05845195895927851 -0.004601020471290393 -0.40283757467740267
v 0.05818026284879016 -0.003273880571424706 -0.4056289090243549
v 0.058923634489574224 -0.003814956099917324 -0.40234880596216893
v 0.011307315938556835 0.05008405464059921 -0.47811768507477836
v -0.034763135740758906 -0.010618950630526704 0.22727371892831322
v -0.03216260842811547 -0.010768054470738921 0.22781674865341148
v 0.058340943688576806 -9.056515123253422e-06 -0.40944169315943413
v 0.05871994062409064 -0.0019340450354126413 -0.40530337764987634
v 0.05781139184791906 -0.001889649259959096 -0.40855140137403223
v 0.05747162800649242 -0.0006035956361614923 -0.41126050951233867
v 0.05804914409301645 0.002282448351446066 -0.4133275321408531
v -0.052537050265360895 0.048055346064739254 -0.4755538511702899
v -0.05201944321395009 0.051707521681072136 -0.47880466167932445
v -0.051864404014477804 0.05063654296360778 -0.4761083336583951
v 0.02270804748220124 -0.015022064562357374 0.1631562610627918
v 0.021025129485038145 -0.015175930874688626 0.15166278966346391
v 0.06563491762508383 -0.043944231643072124 -0.28430533167264604
v -0.0647668256873658 -0.042673475626415415 -0.29311057194568996
v -0.05152293966710311 0.05384638157934367 -0.4809084864788831
v -0.061307408129758996 -0.03764532773184788 -0.31367217751692955
v 0.06655575085950868 -0.049493091426599196 -0.2925160651286227
v -0.022270507604533498 -0.014139677707858352 0.12005604913090054
v -0.06431292541169374 -0.03788125524872743 -0.314056108892155
v -0.0643694451600321 -0.03848040848671236 -0.3114385646049327
v -0.06425951689310629 -0.037318203233512516 -0.31652026613448925
v -0.06219371093988696 -0.03819752252365142 -0.3116519396118187
v -0.06442608784658242 -0.03907959829943042 -0.30881997597509075
f 1 2 3
f 1 3 4
f 1 5 6
f 1 6 2
f 1 7 8
f 1 4 7
f 1 8 5
f 9 10 11
f 9 12 10
f 9 13 14
f 9 11 13
f 9 14 15
f 9 15 12
f 16 17 18
f 16 18 4
f 16 3 19
f 16 4 3
f 16 20 17
f 16 19 20
f 18 17 21
f 18 21 7
f 18 7 4
f 22 23 24
f 22 25 23
f 22 26 27
f 22 24 26
f 22 27 28
f 22 29 30
f 22 28 29
f 22 30 25
f 23 31 32
f 23 32 33
f 23 34 24
f 23 25 31
f 23 35 34
f 23 33 35
f 3 36 37
f 3 2 36
f 3 37 38
f 3 38 19
f 6 39 36
f 6 36 2
f 6 5 40
f 6 40 39
f 10 41 42
f 10 42 43
f 10 44 41
f 10 12 44
f 10 43 11
f 13 45 14
f 13 46 45
f 13 47 46
f 13 48 47
f 13 11 48
f 49 50 51
f 49 44 50
f 49 51 52
f 49 52 53
f 49 41 44
f 49 54 41
f 49 53 55
f 49 55 56
f 49 56 54
f 57 58 59
f 57 59 60
f 57 61 45
f 57 62 61
f 57 45 46
f 57 63 58
f 57 46 63
f 57 60 62
f 21 17 64
f 21 65 7
f 21 64 66
f 21 66 65
f 67 68 69
f 67 69 70
f 67 71 72
f 67 72 68
f 67 73 71
f 67 74 73
f 67 70 74
f 17 75 76
f 17 77 75
f 17 76 78
f 17 78 64
f 17 20 77
f 32 31 79
f 32 80 81
f 32 81 82
f 32 79 80
f 32 82 33
f 83 84 85
f 83 86 84
f 83 87 88
f 83 88 89
f 83 85 87
f 83 89 86
f 84 90 91
f 84 91 85
f 84 92 90
f 84 86 93
f 84 93 92
f 75 94 76
f 75 77 95
f 75 95 94
f 96 97 98
f 96 98 99
f 96 100 101
f 96 101 102
f 96 99 100
f 96 103 97
f 96 102 103
f 76 104 78
f 76 94 104
f 88 105 106
f 88 106 107
f 88 108 109
f 88 107 108
f 88 87 105
f 88 109 89
f 110 111 112
f 110 112 113
f 110 114 115
f 110 115 116
f 110 113 114
f 110 116 111
f 78 117 118
f 78 118 64
f 78 119 120
f 78 120 117
f 78 121 119
f 78 104 121
f 77 122 123
f 77 19 122
f 77 123 124
f 77 124 95
f 77 20 19
f 112 125 126
f 112 127 125
f 112 126 113
f 112 111 127
f 128 129 130
f 128 131 129
f 128 132 133
f 128 134 132
f 128 133 131
f 128 130 135
f 128 135 134
f 115 114 136
f 115 136 137
f 115 137 138
f 115 138 139
f 115 139 116
f 125 140 141
f 125 142 140
f 125 141 143
f 125 143 126
f 125 127 142
f 144 145 146
f 144 147 145
f 144 148 149
f 144 150 148
f 144 149 151
f 144 146 150
f 144 151 147
f 152 153 154
f 152 151 153
f 152 154 155
f 152 155 156
f 152 147 151
f 152 156 147
f 157 158 145
f 157 145 147
f 157 159 160
f 157 160 158
f 157 161 159
f 157 156 161
f 157 147 156
f 162 163 164
f 162 165 163
f 162 164 166
f 162 167 165
f 162 166 167
f 163 168 169
f 163 170 168
f 163 171 164
f 163 165 170
f 163 169 171
f 172 173 174
f 172 175 173
f 172 176 175
f 172 177 176
f 172 174 178
f 172 178 177
f 179 180 181
f 179 182 180
f 179 148 183
f 179 184 148
f 179 181 185
f 179 186 182
f 179 183 186
f 179 187 188
f 179 185 187
f 179 188 184
f 168 189 169
f 168 170 190
f 168 190 189
f 164 191 166
f 164 171 192
f 164 192 193
f 164 193 191
f 165 167 194
f 165 195 170
f 165 194 195
f 167 166 196
f 167 196 197
f 167 197 194
f 166 198 196
f 166 191 199
f 166 199 200
f 166 200 198
f 201 202 203
f 201 204 202
f 201 205 206
f 201 206 207
f 201 203 205
f 201 207 208
f 201 208 204
f 169 209 210
f 169 189 209
f 169 211 171
f 169 210 211
f 170 212 190
f 170 213 212
f 170 195 213
f 202 214 215
f 202 215 216
f 202 204 214
f 202 217 203
f 202 216 217
f 196 218 219
f 196 219 197
f 196 198 218
f 220 221 222
f 220 223 221
f 220 224 225
f 220 226 224
f 220 227 228
f 220 222 227
f 220 228 229
f 220 225 223
f 220 229 226
f 230 231 232
f 230 232 233
f 230 234 235
f 230 236 234
f 230 235 237
f 230 237 231
f 230 238 236
f 230 233 238
f 190 212 239
f 190 209 189
f 190 240 209
f 190 239 240
f 221 241 242
f 221 223 241
f 221 242 243
f 221 243 222
f 244 245 246
f 244 246 247
f 244 248 245
f 244 228 248
f 244 229 228
f 244 247 249
f 244 249 250
f 244 250 229
f 241 251 242
f 241 252 251
f 241 225 252
f 241 223 225
f 212 253 254
f 212 213 253
f 212 254 239
f 209 255 256
f 209 240 255
f 209 256 210
f 257 258 259
f 257 260 258
f 257 261 262
f 257 262 260
f 257 263 261
f 257 259 264
f 257 264 263
f 242 251 265
f 242 265 266
f 242 266 243
f 251 252 267
f 251 268 265
f 251 267 268
f 269 199 270
f 269 270 271
f 269 272 198
f 269 273 272
f 269 200 199
f 269 198 200
f 269 271 274
f 269 274 273
f 252 275 276
f 252 225 275
f 252 276 267
f 265 268 277
f 265 277 266
f 268 278 279
f 268 267 278
f 268 279 277
f 270 199 191
f 270 191 280
f 270 281 282
f 270 282 271
f 270 280 281
f 272 283 198
f 272 284 283
f 272 273 284
f 243 266 285
f 243 286 222
f 243 285 286
f 287 288 289
f 287 289 290
f 287 291 288
f 287 290 291
f 278 292 279
f 278 293 292
f 278 276 293
f 278 267 276
f 266 277 294
f 266 294 285
f 295 296 290
f 295 297 296
f 295 298 299
f 295 299 300
f 295 290 298
f 295 300 297
f 301 302 303
f 301 304 302
f 301 305 306
f 301 306 307
f 301 308 305
f 301 307 309
f 301 303 308
f 301 309 304
f 289 288 310
f 289 310 311
f 289 311 312
f 289 312 298
f 289 298 290
f 288 291 313
f 288 314 310
f 288 313 314
f 291 315 313
f 291 316 317
f 291 317 315
f 291 290 316
f 302 318 319
f 302 304 318
f 302 319 303
f 296 317 316
f 296 320 317
f 296 316 290
f 296 321 320
f 296 297 321
f 299 322 323
f 299 298 322
f 299 323 324
f 299 324 300
f 325 326 327
f 325 328 326
f 325 327 329
f 325 330 328
f 325 331 330
f 325 329 331
f 326 332 327
f 326 333 332
f 326 328 334
f 326 334 333
f 310 314 335
f 310 335 311
f 313 336 314
f 313 315 337
f 313 337 336
f 327 332 338
f 327 339 329
f 327 338 340
f 327 340 339
f 330 341 328
f 330 331 342
f 330 342 343
f 330 343 341
f 332 344 338
f 332 345 344
f 332 333 345
f 328 346 347
f 328 347 334
f 328 341 346
f 314 331 335
f 314 336 331
f 294 348 285
f 294 349 348
f 294 277 279
f 294 279 349
f 292 293 279
f 348 350 351
f 348 349 350
f 348 352 286
f 348 286 285
f 348 351 352
f 331 329 335
f 331 336 342
f 335 329 353
f 335 353 311
f 354 355 356
f 354 357 355
f 354 356 358
f 354 359 345
f 354 358 359
f 354 347 357
f 354 334 347
f 354 345 333
f 354 333 334
f 342 337 360
f 342 360 343
f 342 336 337
f 329 339 353
f 361 362 363
f 361 363 364
f 361 365 159
f 361 366 365
f 361 367 366
f 361 364 367
f 361 159 368
f 361 368 362
f 369 370 371
f 369 371 372
f 369 373 370
f 369 374 375
f 369 375 376
f 369 376 377
f 369 377 373
f 369 372 374
f 378 379 380
f 378 380 381
f 378 382 379
f 378 106 382
f 378 383 106
f 378 381 384
f 378 384 383
f 363 385 386
f 363 386 387
f 363 362 388
f 363 387 364
f 363 388 389
f 363 389 385
f 371 370 390
f 371 390 391
f 371 391 392
f 371 392 393
f 371 393 372
f 394 395 396
f 394 397 395
f 394 398 399
f 394 400 398
f 394 399 397
f 394 401 400
f 394 396 401
f 370 402 390
f 370 403 402
f 370 373 403
f 390 404 391
f 390 402 404
f 405 406 407
f 405 407 408
f 405 408 409
f 405 409 410
f 405 411 412
f 405 412 406
f 405 410 411
f 404 413 414
f 404 415 413
f 404 414 416
f 404 416 391
f 404 402 415
f 403 417 418
f 403 418 415
f 403 415 402
f 403 419 417
f 403 373 419
f 420 421 305
f 420 422 421
f 420 305 308
f 420 423 424
f 420 424 422
f 420 319 423
f 420 303 319
f 420 308 303
f 425 426 427
f 425 428 426
f 425 429 430
f 425 430 428
f 425 427 431
f 425 431 432
f 425 433 429
f 425 432 433
f 434 435 436
f 434 436 437
f 434 438 435
f 434 439 438
f 434 440 439
f 434 437 441
f 434 441 442
f 434 442 440
f 443 444 439
f 443 445 444
f 443 446 447
f 443 447 445
f 443 254 446
f 443 439 448
f 443 448 254
f 413 449 450
f 413 451 449
f 413 452 414
f 413 450 452
f 413 415 451
f 418 453 454
f 418 454 451
f 418 455 453
f 418 417 455
f 418 451 415
f 456 457 458
f 456 459 457
f 456 458 460
f 456 460 461
f 456 461 462
f 456 462 459
f 463 464 465
f 463 466 464
f 463 460 458
f 463 458 467
f 463 468 460
f 463 465 469
f 463 469 468
f 463 467 466
f 449 470 450
f 449 471 470
f 449 451 471
f 454 453 472
f 454 472 471
f 454 471 451
f 473 474 475
f 473 476 474
f 473 477 478
f 473 479 477
f 473 475 480
f 473 478 476
f 473 481 479
f 473 480 481
f 470 482 483
f 470 483 484
f 470 485 482
f 470 484 450
f 470 471 485
f 472 453 486
f 472 487 488
f 472 486 487
f 472 488 485
f 472 485 471
f 474 489 475
f 474 490 489
f 474 491 492
f 474 492 493
f 474 476 491
f 474 494 490
f 474 493 494
f 495 496 497
f 495 498 496
f 495 499 500
f 495 501 499
f 495 502 498
f 495 500 502
f 495 497 501
f 503 488 504
f 503 504 505
f 503 496 498
f 503 505 496
f 503 506 488
f 503 498 506
f 507 508 509
f 507 509 510
f 507 511 512
f 507 513 511
f 507 512 514
f 507 515 513
f 507 514 508
f 507 510 515
f 509 516 517
f 509 518 516
f 509 517 519
f 509 519 520
f 509 521 518
f 509 508 521
f 509 520 522
f 509 522 510
f 523 438 444
f 523 444 524
f 523 435 438
f 523 525 435
f 523 526 525
f 523 524 527
f 523 527 526
f 444 528 524
f 444 529 528
f 444 438 439
f 444 445 529
f 530 531 532
f 530 532 533
f 530 534 531
f 530 535 536
f 530 536 537
f 530 533 535
f 530 537 534
f 532 538 539
f 532 539 540
f 532 531 538
f 532 540 533
f 541 542 543
f 541 543 544
f 541 520 545
f 541 545 542
f 541 546 520
f 541 544 546
f 543 547 548
f 543 542 547
f 543 548 549
f 543 549 544
f 550 551 552
f 550 552 553
f 550 554 551
f 550 555 554
f 550 422 555
f 550 553 422
f 552 551 556
f 552 556 557
f 552 557 558
f 552 558 553
f 559 560 561
f 559 562 560
f 559 563 564
f 559 561 563
f 559 564 565
f 559 565 562
f 560 566 567
f 560 567 568
f 560 569 566
f 560 562 569
f 560 568 561
f 570 571 572
f 570 572 573
f 570 574 571
f 570 575 574
f 570 573 575
f 572 571 576
f 572 576 573
f 577 578 579
f 577 580 578
f 577 581 582
f 577 583 581
f 577 582 584
f 577 585 583
f 577 579 585
f 577 584 580
f 551 586 556
f 551 554 587
f 551 587 588
f 551 589 586
f 551 588 589
f 556 590 557
f 556 591 590
f 556 586 592
f 556 592 591
f 593 484 594
f 593 594 595
f 593 452 450
f 593 596 452
f 593 450 484
f 593 595 596
f 453 597 598
f 453 598 486
f 453 599 597
f 453 600 599
f 453 455 600
f 601 602 603
f 601 603 604
f 601 604 605
f 601 605 606
f 601 607 602
f 601 606 608
f 601 608 607
f 609 610 611
f 609 611 612
f 609 613 614
f 609 614 615
f 609 616 613
f 609 617 610
f 609 618 616
f 609 612 618
f 609 615 617
f 574 575 571
f 571 575 619
f 571 619 620
f 571 620 576
f 539 535 621
f 539 621 622
f 539 623 536
f 539 624 623
f 539 536 535
f 539 538 624
f 539 622 625
f 539 625 540
f 557 590 626
f 557 626 627
f 557 627 628
f 557 628 629
f 557 629 558
f 630 631 632
f 630 632 633
f 630 634 635
f 630 636 634
f 630 635 631
f 630 633 637
f 630 637 636
f 638 639 527
f 638 640 639
f 638 641 642
f 638 642 640
f 638 527 524
f 638 524 643
f 638 643 641
f 528 643 524
f 528 529 644
f 528 644 641
f 528 641 643
f 590 645 626
f 590 646 645
f 590 591 646
f 647 499 504
f 647 504 648
f 647 649 650
f 647 650 502
f 647 500 499
f 647 648 649
f 647 502 500
f 651 652 594
f 651 653 652
f 651 654 649
f 651 649 655
f 651 594 484
f 651 484 483
f 651 483 654
f 651 656 653
f 651 655 656
f 657 598 658
f 657 658 656
f 657 648 487
f 657 487 486
f 657 655 648
f 657 486 598
f 657 656 655
f 477 489 490
f 477 479 489
f 477 490 478
f 489 480 475
f 489 479 659
f 489 660 480
f 489 659 660
f 504 499 661
f 504 488 648
f 504 661 505
f 639 662 525
f 639 640 662
f 639 525 526
f 639 526 527
f 652 663 595
f 652 664 663
f 652 595 594
f 652 653 664
f 658 665 653
f 658 666 665
f 658 598 667
f 658 653 656
f 658 667 666
f 642 668 669
f 642 669 640
f 642 641 668
f 663 670 671
f 663 664 670
f 663 671 595
f 665 672 673
f 665 674 672
f 665 664 653
f 665 666 674
f 665 673 664
f 662 675 525
f 662 676 675
f 662 677 678
f 662 640 677
f 662 678 676
f 679 680 681
f 679 682 680
f 679 681 683
f 679 684 685
f 679 686 684
f 679 685 682
f 679 687 688
f 679 688 686
f 679 683 687
f 689 690 691
f 689 691 692
f 689 693 567
f 689 694 693
f 689 695 690
f 689 692 696
f 689 696 694
f 689 566 695
f 689 567 566
f 675 697 698
f 675 676 697
f 675 699 435
f 675 435 525
f 675 698 699
f 626 700 627
f 626 645 700
f 701 702 703
f 701 703 704
f 701 705 702
f 701 704 706
f 701 706 707
f 701 708 705
f 701 709 708
f 701 707 709
f 710 711 712
f 710 713 711
f 710 714 715
f 710 715 713
f 710 712 264
f 710 264 716
f 710 716 714
f 717 718 719
f 717 720 718
f 717 719 721
f 717 722 720
f 717 723 722
f 717 724 723
f 717 725 724
f 717 726 725
f 717 727 726
f 717 721 728
f 717 728 727
f 729 730 731
f 729 731 423
f 729 732 730
f 729 733 734
f 729 423 733
f 729 734 735
f 729 736 737
f 729 735 736
f 729 737 732
f 738 739 740
f 738 671 739
f 738 740 741
f 738 741 742
f 738 742 743
f 738 743 671
f 744 745 746
f 744 746 747
f 744 600 745
f 744 748 600
f 744 674 748
f 744 747 749
f 744 749 674
f 670 750 739
f 670 751 750
f 670 739 671
f 670 664 751
f 672 752 753
f 672 753 754
f 672 749 752
f 672 674 749
f 672 751 673
f 672 754 751
f 677 669 755
f 677 755 756
f 677 757 678
f 677 640 669
f 677 756 757
f 755 669 668
f 755 758 759
f 755 759 756
f 755 668 758
f 760 761 762
f 760 529 761
f 760 762 763
f 760 644 529
f 760 763 758
f 760 668 644
f 760 758 668
f 750 764 739
f 750 765 764
f 750 754 765
f 750 751 754
f 753 752 766
f 753 766 765
f 753 765 754
f 627 700 767
f 627 767 768
f 627 768 628
f 678 769 697
f 678 697 676
f 678 770 769
f 678 757 770
f 771 772 773
f 771 773 774
f 771 775 772
f 771 776 775
f 771 774 777
f 771 777 778
f 771 779 776
f 771 778 779
f 780 781 782
f 780 783 781
f 780 784 785
f 780 785 783
f 780 786 784
f 780 787 786
f 780 782 787
f 788 789 790
f 788 790 791
f 788 792 787
f 788 791 792
f 788 793 789
f 788 787 794
f 788 794 795
f 788 795 793
f 766 752 796
f 766 797 798
f 766 798 799
f 766 796 797
f 766 799 765
f 764 800 739
f 764 799 801
f 764 765 799
f 764 801 802
f 764 802 800
f 773 803 804
f 773 805 803
f 773 804 774
f 773 772 798
f 773 798 805
f 645 806 700
f 645 807 806
f 645 646 807
f 752 747 808
f 752 808 809
f 752 749 747
f 752 809 796
f 810 811 812
f 810 813 811
f 810 814 815
f 810 816 814
f 810 815 817
f 810 817 813
f 810 812 816
f 811 818 819
f 811 819 820
f 811 821 818
f 811 813 821
f 811 820 812
f 697 822 698
f 697 823 822
f 697 769 823
f 824 825 826
f 824 827 825
f 824 826 828
f 824 828 829
f 824 829 830
f 824 830 831
f 824 831 827
f 825 827 826
f 832 833 834
f 832 834 823
f 832 835 836
f 832 836 833
f 832 837 838
f 832 823 837
f 832 838 835
f 806 839 700
f 806 840 839
f 806 841 842
f 806 842 840
f 806 683 841
f 806 807 687
f 806 687 683
f 822 843 844
f 822 823 843
f 822 844 845
f 822 718 699
f 822 846 718
f 822 699 698
f 822 845 846
f 826 847 828
f 826 827 847
f 828 847 848
f 828 848 849
f 828 849 829
f 850 851 852
f 850 852 602
f 850 853 854
f 850 854 855
f 850 856 851
f 850 857 856
f 850 855 857
f 850 858 853
f 850 859 858
f 850 602 860
f 850 860 859
f 739 861 740
f 739 862 861
f 739 800 862
f 863 853 864
f 863 865 853
f 863 864 866
f 863 867 868
f 863 869 867
f 863 868 870
f 863 866 869
f 863 870 865
f 700 839 767
f 839 871 767
f 839 554 872
f 839 587 554
f 839 872 873
f 839 588 587
f 839 840 588
f 839 873 871
f 767 874 768
f 767 871 874
f 814 875 876
f 814 876 877
f 814 816 875
f 814 819 815
f 814 878 819
f 814 877 878
f 843 879 844
f 843 833 879
f 843 834 833
f 843 823 834
f 879 880 844
f 879 881 880
f 879 761 881
f 879 762 761
f 879 833 762
f 882 883 884
f 882 885 883
f 882 886 887
f 882 888 886
f 882 889 890
f 882 890 885
f 882 887 889
f 882 884 891
f 882 891 888
f 892 893 894
f 892 894 895
f 892 895 896
f 892 896 862
f 892 897 893
f 892 802 897
f 892 800 802
f 892 862 800
f 775 803 805
f 775 776 803
f 775 898 772
f 775 897 898
f 775 805 897
f 894 899 895
f 894 809 899
f 894 893 797
f 894 797 796
f 894 796 809
f 803 776 804
f 781 783 900
f 781 900 901
f 781 902 782
f 781 901 902
f 900 903 904
f 900 783 903
f 900 784 786
f 900 904 784
f 900 786 905
f 900 905 901
f 906 907 908
f 906 909 907
f 906 910 911
f 906 912 910
f 906 913 914
f 906 908 913
f 906 911 909
f 906 914 912
f 899 915 895
f 899 809 915
f 896 895 916
f 896 916 862
f 917 918 919
f 917 919 920
f 917 921 918
f 917 922 921
f 917 923 922
f 917 920 923
f 924 925 874
f 924 874 871
f 924 926 730
f 924 730 732
f 924 873 926
f 924 927 925
f 924 732 927
f 924 871 873
f 874 925 928
f 874 928 929
f 874 930 768
f 874 929 931
f 874 931 930
f 932 933 934
f 932 934 935
f 932 936 937
f 932 921 936
f 932 937 938
f 932 938 933
f 932 918 921
f 932 935 918
f 916 939 861
f 916 940 939
f 916 861 862
f 916 895 940
f 915 941 942
f 915 942 940
f 915 809 941
f 915 940 895
f 880 943 844
f 880 944 943
f 880 945 944
f 880 881 945
f 844 943 845
f 939 942 946
f 939 940 942
f 939 946 947
f 939 948 861
f 939 947 948
f 942 949 946
f 942 950 949
f 942 951 950
f 942 941 951
f 952 953 954
f 952 954 955
f 952 956 957
f 952 957 958
f 952 958 953
f 952 955 959
f 952 959 956
f 946 949 960
f 946 960 961
f 946 961 947
f 949 962 960
f 949 950 962
f 960 962 963
f 960 964 961
f 960 965 966
f 960 963 965
f 960 966 964
f 967 968 969
f 967 970 968
f 967 969 971
f 967 971 972
f 967 972 973
f 967 973 974
f 967 974 970
f 962 975 963
f 962 950 975
f 976 965 963
f 976 977 965
f 976 963 978
f 976 978 912
f 976 979 977
f 976 912 914
f 976 914 980
f 976 980 979
f 981 982 910
f 981 983 982
f 981 910 912
f 981 978 984
f 981 912 978
f 981 984 985
f 981 985 983
f 986 987 988
f 986 988 989
f 986 989 990
f 986 990 991
f 986 992 987
f 986 993 992
f 986 994 993
f 986 991 994
f 995 996 997
f 995 997 998
f 995 999 996
f 995 713 999
f 995 998 711
f 995 711 713
f 1000 1001 996
f 1000 996 999
f 1000 1002 1001
f 1000 1003 1002
f 1000 999 1004
f 1000 1004 1005
f 1000 1006 1003
f 1000 1005 1006
f 997 996 1001
f 997 1001 1007
f 997 1007 998
f 1001 1002 1007
f 1008 1009 1010
f 1008 1011 1009
f 1008 1010 1012
f 1008 1012 1013
f 1008 1014 1015
f 1008 1013 1014
f 1008 1015 1011
f 1009 1016 1010
f 1009 1017 1016
f 1009 1011 1017
f 1002 1018 1007
f 1002 1019 1020
f 1002 1003 1019
f 1002 1020 1021
f 1002 1021 1018
f 1007 1022 998
f 1007 1018 1023
f 1007 1023 1022
f 1004 999 1024
f 1004 1024 1005
f 999 1025 1024
f 999 713 1025
f 1026 1027 1025
f 1026 1028 1027
f 1026 1025 1029
f 1026 1030 1028
f 1026 1031 1030
f 1026 1029 1031
f 1027 1024 1025
f 1027 1005 1024
f 1027 1028 1032
f 1027 1032 1033
f 1027 1033 1034
f 1027 1034 1005
f 1035 1036 1037
f 1035 1037 927
f 1035 1038 1036
f 1035 1039 1038
f 1035 1040 1039
f 1035 732 1040
f 1035 927 732
f 1037 1036 1041
f 1037 1042 1043
f 1037 1044 1042
f 1037 1043 928
f 1037 928 925
f 1037 1041 1044
f 1037 925 927
f 1025 713 1029
f 1016 1045 1010
f 1016 1017 1045
f 1012 1010 1046
f 1012 1046 1047
f 1012 1047 1013
f 1010 1045 1046
f 1045 1048 1046
f 1045 1017 1049
f 1045 1049 1048
f 944 1050 943
f 944 1051 1050
f 944 1052 1051
f 944 945 1052
f 943 1050 1053
f 943 1053 846
f 943 846 845
f 1036 1038 1054
f 1036 1054 1041
f 961 1055 1056
f 961 964 1055
f 961 1056 1057
f 961 1057 947
f 1046 1048 1058
f 1046 1058 1047
f 1059 1060 1061
f 1059 1062 1060
f 1059 1063 1064
f 1059 1064 1065
f 1059 1066 1063
f 1059 1061 1066
f 1059 1065 1062
f 1058 1067 1060
f 1058 1060 1062
f 1058 1068 1067
f 1058 1069 1068
f 1058 1049 1069
f 1058 1048 1049
f 1058 1062 1047
f 1060 1067 1061
f 1070 1071 1072
f 1070 1072 1073
f 1070 1074 1075
f 1070 1076 1074
f 1070 1067 1068
f 1070 1073 1067
f 1070 1068 1076
f 1070 1075 1071
f 1072 1077 1066
f 1072 1078 1077
f 1072 1066 1061
f 1072 1079 1078
f 1072 1071 1079
f 1072 1061 1073
f 1053 1050 1080
f 1053 1080 1081
f 1053 1081 846
f 1082 1083 1084
f 1082 1084 1085
f 1082 1086 1087
f 1082 1087 1088
f 1082 1089 1086
f 1082 1090 1083
f 1082 1085 1089
f 1082 1088 1090
f 1050 1091 1080
f 1050 1051 1091
f 1080 1091 1092
f 1080 1092 1081
f 1092 1091 1051
f 1092 1051 1093
f 1092 1028 1030
f 1092 1093 1028
f 1092 1030 721
f 1092 721 1081
f 1051 1094 1032
f 1051 1032 1093
f 1051 1052 1094
f 1038 1039 1095
f 1038 1095 1096
f 1038 1097 1054
f 1038 1096 1098
f 1038 1098 1097
f 1099 1100 1101
f 1099 1102 1100
f 1099 1103 1104
f 1099 1105 1103
f 1099 1104 1086
f 1099 1086 1089
f 1099 1101 1105
f 1099 1089 1102
f 1106 1107 1108
f 1106 1109 1107
f 1106 1110 1111
f 1106 1108 1110
f 1106 1111 1112
f 1106 1112 1109
f 1113 1114 1115
f 1113 1116 1114
f 1113 1117 1118
f 1113 1118 1116
f 1113 1119 1120
f 1113 1121 1119
f 1113 1120 1122
f 1113 1123 1117
f 1113 1115 1121
f 1113 1122 1123
f 1100 1124 1125
f 1100 1126 1124
f 1100 1125 1127
f 1100 1127 1101
f 1100 1128 1126
f 1100 1102 1128
f 1107 1115 1129
f 1107 1121 1115
f 1107 1129 1130
f 1107 1109 1121
f 1107 1130 1108
f 1131 1132 1133
f 1131 1134 1132
f 1131 1135 1136
f 1131 1133 1135
f 1131 1136 1134
f 1132 1137 1133
f 1132 1138 1137
f 1132 1139 1138
f 1132 1140 1139
f 1132 1134 1140
f 1141 1142 1143
f 1141 1143 1144
f 1141 1145 1142
f 1141 1146 1145
f 1141 1147 1148
f 1141 1144 1147
f 1141 1148 1149
f 1141 1149 1146
f 1150 1151 1152
f 1150 1153 1151
f 1150 1154 1155
f 1150 1152 1154
f 1150 1155 1156
f 1150 1156 1157
f 1150 1157 1153
f 1158 1144 1151
f 1158 1151 1153
f 1158 1159 1144
f 1158 1160 1159
f 1158 1161 1160
f 1158 1153 1162
f 1158 1162 1161
f 1151 1144 1152
f 1163 1164 1165
f 1163 1165 1097
f 1163 1166 1164
f 1163 1098 1096
f 1163 1096 1166
f 1163 1097 1098
f 907 1167 1168
f 907 1169 1167
f 907 1168 1170
f 907 1171 908
f 907 1170 1171
f 907 909 1169
f 1172 1173 1170
f 1172 1174 1173
f 1172 1175 1176
f 1172 1176 1177
f 1172 1177 1178
f 1172 1178 1174
f 1172 1179 1175
f 1172 1170 1179
f 1180 1173 1181
f 1180 1182 1173
f 1180 1181 1183
f 1180 1184 1185
f 1180 1185 1186
f 1180 1187 1182
f 1180 1186 1187
f 1180 1183 1184
f 1165 1188 1189
f 1165 1189 1190
f 1165 1191 1188
f 1165 1164 1191
f 1165 1192 1054
f 1165 1190 1192
f 1165 1054 1097
f 1173 1174 1181
f 1173 1171 1170
f 1173 1182 1171
f 1189 1188 1193
f 1189 1193 1194
f 1189 1194 1195
f 1189 1195 1196
f 1189 1196 1190
f 1197 1198 1199
f 1197 1200 1198
f 1197 1199 1201
f 1197 1202 1055
f 1197 1055 1200
f 1197 1201 1202
f 1203 1204 1205
f 1203 1206 1204
f 1203 1207 1208
f 1203 1209 1207
f 1203 1208 1210
f 1203 1210 1206
f 1203 1205 1211
f 1203 1211 1212
f 1203 1212 1209
f 1213 1214 1215
f 1213 1215 1216
f 1213 1217 1214
f 1213 1216 1218
f 1213 1219 1220
f 1213 1221 1219
f 1213 1218 1222
f 1213 1220 1217
f 1213 1222 1221
f 1191 1223 1188
f 1191 1164 1223
f 1198 1204 1199
f 1198 1205 1204
f 1198 1224 1205
f 1198 1200 1224
f 1188 1223 1193
f 1225 1193 1223
f 1225 1223 1226
f 1225 1227 1193
f 1225 1228 1229
f 1225 1226 1228
f 1225 1229 1230
f 1225 1230 1227
f 1223 1164 1226
f 1204 1231 1199
f 1204 1206 1232
f 1204 1232 1231
f 1233 1234 1235
f 1233 1236 1234
f 1233 1235 1237
f 1233 1238 1239
f 1233 1239 1236
f 1233 1237 1238
f 1193 1227 1194
f 1234 1240 1241
f 1234 1241 1242
f 1234 1243 1240
f 1234 1236 1243
f 1234 1244 1235
f 1234 1245 1244
f 1234 1242 1245
f 1246 72 1247
f 1246 1248 72
f 1246 1247 107
f 1246 383 1249
f 1246 1249 1250
f 1246 107 383
f 1246 1250 1248
f 1251 1252 1253
f 1251 1253 1254
f 1251 1255 790
f 1251 1254 1255
f 1251 790 1252
f 1256 1257 745
f 1256 1258 1257
f 1256 745 600
f 1256 600 455
f 1256 455 1259
f 1256 1259 1258
f 945 881 445
f 945 1260 1261
f 945 1261 1052
f 945 445 1260
f 1262 1263 1264
f 1262 1149 1263
f 1262 1264 1265
f 1262 1135 1266
f 1262 1136 1135
f 1262 1266 1149
f 1262 1265 1136
f 1267 1268 1269
f 1267 1269 1270
f 1267 1271 1272
f 1267 1270 1271
f 1267 1272 1273
f 1267 1273 1268
f 842 841 1274
f 842 1275 840
f 842 1274 1275
f 718 1081 719
f 718 720 699
f 718 846 1081
f 1276 1277 1278
f 1276 1279 1277
f 1276 855 854
f 1276 854 870
f 1276 1278 855
f 1276 870 1279
f 852 851 680
f 852 680 682
f 852 682 1280
f 852 1280 603
f 852 603 602
f 1281 1282 859
f 1281 1283 1282
f 1281 1284 1283
f 1281 1285 1284
f 1281 860 602
f 1281 602 607
f 1281 859 860
f 1281 607 1286
f 1281 1286 1285
f 1287 1288 1289
f 1287 1290 1288
f 1287 1291 1292
f 1287 1289 1291
f 1287 1292 1283
f 1287 1283 1293
f 1287 1293 1290
f 1294 1295 1296
f 1294 1296 1297
f 1294 1298 1295
f 1294 1299 1298
f 1294 1300 1299
f 1294 1297 1300
f 1301 1299 1302
f 1301 1303 1299
f 1301 1302 1304
f 1301 1305 1303
f 1301 1304 1306
f 1301 1306 1307
f 1301 1307 1305
f 1308 1309 1310
f 1308 1310 1311
f 1308 1312 1309
f 1308 1311 1313
f 1308 1314 1315
f 1308 1315 1312
f 1308 1313 1314
f 1316 1317 1318
f 1316 1318 1319
f 1316 956 1317
f 1316 1320 1321
f 1316 1321 957
f 1316 1319 1320
f 1316 957 956
f 1322 1323 1324
f 1322 1325 1323
f 1322 1326 1327
f 1322 1328 1326
f 1322 1327 1325
f 1322 1324 1328
f 1269 1329 1330
f 1269 1268 1329
f 1269 1331 1332
f 1269 1332 1270
f 1269 1330 1331
f 1277 1333 605
f 1277 581 1333
f 1277 605 1278
f 1277 1279 581
f 1334 545 519
f 1334 1335 545
f 1334 695 569
f 1334 1336 695
f 1334 519 1337
f 1334 1337 1336
f 1334 569 1335
f 1329 1338 1330
f 1329 1339 1338
f 1329 1340 1339
f 1329 1268 1340
f 629 628 931
f 629 1341 558
f 629 931 1341
f 1342 1343 1344
f 1342 1344 1345
f 1342 416 1343
f 1342 1345 42
f 1342 42 1346
f 1342 1346 416
f 1347 511 1348
f 1347 1349 511
f 1347 1348 1350
f 1347 1350 1338
f 1347 1351 1349
f 1347 1338 1339
f 1347 1339 1351
f 1352 1353 428
f 1352 1354 1353
f 1352 430 1355
f 1352 428 430
f 1352 1355 1356
f 1352 1356 1354
f 951 1357 1358
f 951 941 1357
f 951 1208 950
f 951 1358 1359
f 951 1359 1208
f 253 447 446
f 253 1360 447
f 253 446 254
f 253 213 1360
f 447 1360 1361
f 447 1361 1261
f 447 1261 1260
f 447 1260 445
f 7 1362 8
f 7 65 1362
f 258 1363 259
f 258 260 1364
f 258 1364 346
f 258 346 1363
f 262 1365 1366
f 262 261 1365
f 262 1366 703
f 262 1367 1368
f 262 1368 260
f 262 703 1367
f 1369 1370 1344
f 1369 39 1370
f 1369 1344 1371
f 1369 1371 1372
f 1369 1373 1374
f 1369 1372 1373
f 1369 1374 39
f 1375 1376 1377
f 1375 1378 1376
f 1375 1371 1379
f 1375 1377 1371
f 1375 1379 742
f 1375 742 1380
f 1375 1380 1378
f 1228 1381 1229
f 1228 1382 1383
f 1228 1384 1382
f 1228 1383 1381
f 1228 1226 1384
f 998 712 711
f 998 1022 263
f 998 263 712
f 1361 1360 197
f 1361 1385 1261
f 1361 219 1385
f 1361 197 219
f 1296 1295 1386
f 1296 1387 1021
f 1296 1386 1387
f 1296 1021 1297
f 1388 1271 1389
f 1388 1389 1337
f 1388 519 517
f 1388 517 1390
f 1388 1390 1271
f 1388 1337 519
f 380 379 1391
f 380 1391 1392
f 380 1393 381
f 380 1392 1394
f 380 1394 1393
f 1395 1396 1397
f 1395 103 1396
f 1395 1397 1398
f 1395 1399 103
f 1395 1400 1399
f 1395 1398 1400
f 1401 1402 1403
f 1401 1404 1402
f 1401 1403 1405
f 1401 1405 1033
f 1401 1033 1094
f 1401 1094 1404
f 1406 1407 1408
f 1406 1409 1407
f 1406 1408 464
f 1406 464 1351
f 1406 1351 1410
f 1406 1410 1409
f 1411 1031 1029
f 1411 727 1031
f 1411 1412 1413
f 1411 1414 1412
f 1411 1029 715
f 1411 1413 727
f 1411 715 1414
f 1415 1416 1417
f 1415 1418 1416
f 1415 1417 1419
f 1415 1419 1420
f 1415 1420 1418
f 1421 1179 1167
f 1421 1167 1422
f 1421 1157 985
f 1421 985 1423
f 1421 1422 1157
f 1421 1423 1179
f 731 872 555
f 731 555 424
f 731 926 872
f 731 730 926
f 731 424 423
f 1424 1019 1425
f 1424 1425 1426
f 1424 1427 1019
f 1424 1428 1427
f 1424 1429 1430
f 1424 1430 1428
f 1424 1426 1429
f 555 872 554
f 555 422 424
f 1074 1431 1432
f 1074 1076 1431
f 1074 1432 1433
f 1074 1433 1434
f 1074 1434 1075
f 1435 966 965
f 1435 965 977
f 1435 1436 966
f 1435 1437 1436
f 1435 977 1438
f 1435 1439 1437
f 1435 1438 1440
f 1435 1440 1439
f 680 856 681
f 680 851 856
f 26 1441 27
f 26 24 1442
f 26 1442 1443
f 26 1443 1441
f 379 382 1444
f 379 1444 1445
f 379 1446 1391
f 379 1445 1446
f 1282 864 858
f 1282 858 859
f 1282 1292 864
f 1282 1283 1292
f 1167 1179 1168
f 1167 1169 1422
f 1447 1448 1449
f 1447 1450 1448
f 1447 1033 1405
f 1447 1405 1451
f 1447 1449 1034
f 1447 1034 1033
f 1447 1451 1450
f 1452 1453 1454
f 1452 1258 1453
f 1452 1455 1456
f 1452 1456 1457
f 1452 1457 1257
f 1452 1257 1258
f 1452 1454 1455
f 1458 1459 1358
f 1458 1460 1459
f 1458 746 1461
f 1458 1357 746
f 1458 1461 1462
f 1458 1462 1463
f 1458 1358 1357
f 1458 1464 1460
f 1458 1463 1464
f 1288 1465 693
f 1288 693 1289
f 1288 1466 1465
f 1288 1290 1466
f 854 853 865
f 854 865 870
f 1280 1467 603
f 1280 1468 1467
f 1280 682 685
f 1280 685 1468
f 1425 1019 1003
f 1425 1006 1469
f 1425 1469 1426
f 1425 1003 1006
f 69 1470 1471
f 69 1472 1470
f 69 68 1473
f 69 1473 1472
f 69 1471 70
f 785 784 1474
f 785 777 1475
f 785 1474 777
f 785 1475 783
f 232 133 132
f 232 132 233
f 232 231 1476
f 232 1476 133
f 1477 1478 1479
f 1477 1479 1480
f 1477 1481 1482
f 1477 1480 1481
f 1477 1482 1483
f 1477 1483 1478
f 1019 1427 1020
f 1484 1485 275
f 1484 1486 1485
f 1484 275 225
f 1484 224 1487
f 1484 225 224
f 1484 1487 1488
f 1484 1488 1486
f 1365 261 1023
f 1365 1023 1387
f 1365 1489 1366
f 1365 1387 1489
f 741 948 1490
f 741 1490 1326
f 741 740 948
f 741 1326 1380
f 741 1380 742
f 1491 1492 1493
f 1491 1494 1492
f 1491 1495 1496
f 1491 1372 1495
f 1491 1496 1494
f 1491 1493 1372
f 1492 1497 1498
f 1492 1494 1497
f 1492 122 1373
f 1492 1373 1493
f 1492 1498 123
f 1492 123 122
f 1497 1499 1498
f 1497 733 1499
f 1497 1500 734
f 1497 1494 1500
f 1497 734 733
f 457 1501 1502
f 457 1503 1501
f 457 1502 1504
f 457 1505 1506
f 457 1506 1503
f 457 1504 458
f 457 459 1505
f 681 856 1507
f 681 1507 1274
f 681 1274 841
f 681 841 683
f 1508 1295 1509
f 1508 1386 1295
f 1508 1509 1510
f 1508 706 1511
f 1508 1510 706
f 1508 1511 1386
f 1427 1021 1020
f 1427 1428 1302
f 1427 1302 1300
f 1427 1297 1021
f 1427 1300 1297
f 1469 1006 1449
f 1469 1448 1512
f 1469 1449 1448
f 1469 1512 1513
f 1469 1513 1514
f 1469 1514 1426
f 492 1515 1516
f 492 491 1515
f 492 1516 636
f 492 636 493
f 1402 1517 1403
f 1402 219 1517
f 1402 1385 219
f 1402 1404 1385
f 1032 1028 1093
f 1032 1094 1033
f 1518 1519 990
f 1518 1520 1519
f 1518 1104 1103
f 1518 1103 1521
f 1518 990 989
f 1518 1087 1104
f 1518 1522 1520
f 1518 989 1087
f 1518 1521 1522
f 903 1475 776
f 903 776 779
f 903 783 1475
f 903 779 904
f 1523 1524 1525
f 1523 1255 1524
f 1523 1525 1526
f 1523 902 1255
f 1523 1527 902
f 1523 1526 1528
f 1523 1528 1527
f 1431 1076 1069
f 1431 1069 1529
f 1431 1530 1432
f 1431 1529 1530
f 1470 1531 1532
f 1470 1472 1531
f 1470 1532 1471
f 1215 1214 1533
f 1215 1534 1216
f 1215 1535 1534
f 1215 1533 1535
f 436 435 723
f 436 723 210
f 436 1536 437
f 436 210 1536
f 1537 1538 1539
f 1537 1540 1538
f 1537 1541 1437
f 1537 1437 1439
f 1537 1439 1542
f 1537 1542 1540
f 1537 1539 1541
f 1332 1331 1543
f 1332 1543 1270
f 876 875 959
f 876 959 955
f 876 955 877
f 1544 1545 1546
f 1544 1547 1545
f 1544 208 1548
f 1544 1548 1547
f 1544 204 208
f 1544 1546 204
f 1407 1549 1550
f 1407 1409 1549
f 1407 1550 1408
f 1318 1317 816
f 1318 812 1319
f 1318 816 812
f 129 1551 1552
f 129 143 1551
f 129 1552 130
f 129 1553 126
f 129 131 1553
f 129 126 143
f 1490 948 1057
f 1490 1554 1326
f 1490 1057 1554
f 1555 1556 58
f 1555 58 1557
f 1555 1558 1556
f 1555 1559 1558
f 1555 30 1559
f 1555 1557 30
f 50 1560 51
f 50 1561 1560
f 50 15 1561
f 50 44 12
f 50 12 15
f 684 1562 1563
f 684 1563 1468
f 684 1564 1562
f 684 1468 685
f 684 686 1564
f 1565 604 1566
f 1565 1566 1567
f 1565 1568 605
f 1565 605 604
f 1565 1569 1568
f 1565 1567 1569
f 1214 1217 1570
f 1214 1570 1533
f 1216 1571 1218
f 1216 1534 1571
f 719 1081 721
f 1507 1572 1274
f 1507 1573 1572
f 1507 856 857
f 1507 857 1573
f 1519 991 990
f 1519 1520 1574
f 1519 1574 1575
f 1519 1575 991
f 173 1576 174
f 173 175 1577
f 173 1577 1576
f 1578 633 632
f 1578 632 1579
f 1578 1580 633
f 1578 1581 1580
f 1578 1579 1581
f 1538 1582 1583
f 1538 1583 1539
f 1538 1540 1582
f 1584 1419 1585
f 1584 1586 1419
f 1584 1587 1588
f 1584 1588 1586
f 1584 1585 1589
f 1584 1589 1587
f 817 815 1590
f 817 1590 813
f 1591 891 1319
f 1591 1319 812
f 1591 819 878
f 1591 820 819
f 1591 878 891
f 1591 812 820
f 1592 1593 1594
f 1592 1594 1595
f 1592 1596 1593
f 1592 1595 1328
f 1592 1324 1596
f 1592 1328 1324
f 1597 343 360
f 1597 360 1598
f 1597 341 343
f 1597 1363 341
f 1597 1599 1363
f 1597 1598 1599
f 1295 1600 1509
f 1295 1298 1600
f 1601 618 1602
f 1601 1602 1603
f 1601 613 616
f 1601 1604 613
f 1601 616 618
f 1601 1605 1604
f 1601 1603 1605
f 1606 1572 1573
f 1606 1604 1572
f 1606 855 1607
f 1606 1607 1608
f 1606 1608 614
f 1606 614 613
f 1606 1573 855
f 1606 613 1604
f 1084 1078 1609
f 1084 1609 1610
f 1084 1083 1078
f 1084 1128 1085
f 1084 1610 1128
f 1611 1612 1613
f 1611 1613 1480
f 1611 1479 1614
f 1611 1480 1479
f 1611 1615 1612
f 1611 177 1615
f 1611 1614 1545
f 1611 1545 177
f 1609 1071 1616
f 1609 1616 1617
f 1609 1078 1079
f 1609 1079 1071
f 1609 1617 1610
f 1618 692 1619
f 1618 1619 1620
f 1618 1621 1622
f 1618 1622 1623
f 1618 1624 692
f 1618 1620 1621
f 1618 1623 1624
f 1625 1626 1501
f 1625 1501 1503
f 1625 933 1627
f 1625 1627 1626
f 1625 1628 933
f 1625 1503 1628
f 52 51 1629
f 52 1629 1630
f 52 1630 53
f 1631 1272 1271
f 1631 1271 1390
f 1631 1632 1272
f 1631 1390 1626
f 1631 1626 1633
f 1631 1633 1632
f 1501 1390 1502
f 1501 1626 1390
f 59 58 1556
f 59 1634 1630
f 59 1556 1634
f 59 1630 60
f 804 1475 777
f 804 777 774
f 804 776 1475
f 632 631 1579
f 1459 1242 1358
f 1459 1460 1635
f 1459 1635 1245
f 1459 1245 1242
f 1389 1271 1270
f 1389 1636 1637
f 1389 1270 1636
f 1389 1336 1337
f 1389 1638 1336
f 1389 1637 1638
f 1114 1639 1115
f 1114 1116 1640
f 1114 1641 1639
f 1114 1640 1641
f 1199 1642 1201
f 1199 1231 1642
f 476 478 1643
f 476 1643 491
f 1644 1645 1646
f 1644 1646 1647
f 1644 1648 1645
f 1644 1649 1648
f 1644 1647 1649
f 1650 1535 1239
f 1650 1554 1535
f 1650 1239 1383
f 1650 1383 1554
f 1651 1652 1653
f 1651 1654 1652
f 1651 1653 1655
f 1651 1655 1420
f 1651 1586 1654
f 1651 1656 1586
f 1651 1420 1656
f 61 14 45
f 61 62 1561
f 61 1561 15
f 61 15 14
f 1323 1095 1324
f 1323 1096 1095
f 1323 1325 1166
f 1323 1166 1096
f 1594 1496 1376
f 1594 1376 1378
f 1594 1500 1496
f 1594 735 1500
f 1594 1593 735
f 1594 1378 1595
f 881 529 445
f 881 761 529
f 1499 318 1498
f 1499 733 319
f 1499 319 318
f 1376 1496 1495
f 1376 1495 1377
f 1657 1230 1658
f 1657 1658 1244
f 1657 1244 1635
f 1657 1635 1659
f 1657 1227 1230
f 1657 1659 1194
f 1657 1194 1227
f 1042 1660 1652
f 1042 1652 1661
f 1042 1661 1043
f 1042 1662 1660
f 1042 1044 1662
f 1495 1371 1377
f 1495 1372 1371
f 1219 1232 1220
f 1219 1221 1231
f 1219 1231 1232
f 72 71 1247
f 72 1442 68
f 72 1248 1442
f 1006 1005 1449
f 1663 1664 1665
f 1663 1665 1666
f 1663 1667 1668
f 1663 1666 1667
f 1663 1668 1669
f 1663 1669 1664
f 1670 1671 1672
f 1670 1672 1673
f 1670 1660 1671
f 1670 1674 1660
f 1670 1673 1674
f 1675 1370 1676
f 1675 42 1370
f 1675 1676 1677
f 1675 43 42
f 1675 1677 43
f 1103 1678 1521
f 1103 1679 1678
f 1103 1105 1679
f 1680 1681 1682
f 1680 1682 1683
f 1680 1684 178
f 1680 1683 1684
f 1680 1685 1681
f 1680 178 1685
f 948 740 861
f 948 947 1057
f 1317 959 875
f 1317 875 816
f 1317 956 959
f 180 1686 1687
f 180 1687 181
f 180 1688 1686
f 180 182 1688
f 1023 1018 1387
f 1023 261 1022
f 1366 704 703
f 1366 1489 1511
f 1366 1511 704
f 1689 1590 1690
f 1689 1691 1590
f 1689 1690 1692
f 1689 1692 1693
f 1689 848 1691
f 1689 1693 848
f 1321 1320 1694
f 1321 1695 957
f 1321 1694 1695
f 1696 1697 1698
f 1696 66 1697
f 1696 1698 1456
f 1696 1456 1699
f 1696 65 66
f 1696 1699 1362
f 1696 1362 65
f 1700 1701 988
f 1700 988 987
f 1700 1702 1701
f 1700 1616 1702
f 1700 1617 1616
f 1700 987 1617
f 1572 1605 1274
f 1572 1604 1605
f 722 435 699
f 722 723 435
f 722 699 720
f 98 1703 127
f 98 1704 1703
f 98 97 1704
f 98 111 99
f 98 127 111
f 1705 1706 1707
f 1705 1707 1708
f 1705 431 1709
f 1705 1708 431
f 1705 410 1706
f 1705 1709 410
f 1710 365 1711
f 1710 1711 1712
f 1710 1713 1714
f 1710 1715 1713
f 1710 1716 365
f 1710 1714 1716
f 1710 1712 1715
f 1143 1142 1154
f 1143 1154 1152
f 1143 1152 1144
f 883 1320 884
f 883 1694 1320
f 883 885 1694
f 1416 1698 1697
f 1416 1697 1417
f 1416 1257 1698
f 1416 1418 1257
f 746 745 1461
f 746 1357 808
f 746 808 747
f 1176 1175 1717
f 1176 1717 1177
f 1502 516 518
f 1502 1390 516
f 1502 518 521
f 1502 521 1504
f 516 1390 517
f 611 1563 1562
f 611 1718 1563
f 611 610 1718
f 611 1562 612
f 1462 1719 1655
f 1462 1655 1720
f 1462 1461 1721
f 1462 1720 1722
f 1462 1722 1463
f 1462 1721 1719
f 1652 1723 1661
f 1652 1654 1723
f 1652 1660 1674
f 1652 1674 1653
f 1370 39 1676
f 1370 1345 1344
f 1370 42 1345
f 1724 1725 1622
f 1724 1622 397
f 1724 1726 1725
f 1724 399 1727
f 1724 397 399
f 1724 1727 1728
f 1724 1728 1726
f 1682 1729 1683
f 1682 1730 1729
f 1682 1681 1730
f 1731 1368 1367
f 1731 1732 1368
f 1731 1367 702
f 1731 702 1733
f 1731 1734 1732
f 1731 1735 1734
f 1731 1733 1735
f 311 1450 312
f 311 353 1512
f 311 1512 1450
f 1333 583 1736
f 1333 1736 1737
f 1333 606 605
f 1333 581 583
f 1333 1737 606
f 1095 1738 1596
f 1095 1039 1738
f 1095 1596 1324
f 621 535 533
f 621 1739 1740
f 621 1740 1741
f 621 1741 622
f 621 533 1739
f 886 955 887
f 886 877 955
f 886 888 877
f 628 768 930
f 628 930 931
f 1430 1429 1742
f 1430 1304 1428
f 1430 1742 1743
f 1430 1743 1304
f 954 953 889
f 954 889 887
f 954 887 955
f 51 1560 1629
f 478 490 1643
f 1672 1463 1722
f 1672 1722 1673
f 1672 1744 1463
f 1672 1745 1744
f 1672 1671 1745
f 1030 1031 721
f 1453 47 1454
f 1453 377 1746
f 1453 419 377
f 1453 1746 47
f 1453 1258 1259
f 1453 1259 419
f 1500 1494 1496
f 1500 735 734
f 1747 1748 1749
f 1747 1742 1748
f 1747 1749 1750
f 1747 1750 1743
f 1747 1743 1742
f 1607 1278 605
f 1607 855 1278
f 1607 605 1568
f 1607 1568 1608
f 1751 1681 1685
f 1751 1685 178
f 1751 1752 1681
f 1751 178 174
f 1751 174 1752
f 1509 934 1753
f 1509 935 934
f 1509 1600 1754
f 1509 1753 1510
f 1509 1754 935
f 890 889 953
f 890 1755 885
f 890 953 1756
f 890 1756 1755
f 1757 564 398
f 1757 398 1758
f 1757 547 1759
f 1757 1759 565
f 1757 565 564
f 1757 1758 547
f 1467 1566 603
f 1467 1760 1566
f 1467 1468 1760
f 1320 1319 884
f 1761 1762 1763
f 1761 1764 1762
f 1761 1765 1764
f 1761 1766 1765
f 1761 1763 1767
f 1761 1767 1726
f 1761 1726 1728
f 1761 1728 1766
f 1748 1768 1749
f 1748 1742 1769
f 1748 1769 1770
f 1748 1770 1768
f 306 305 421
f 306 421 1587
f 306 1587 1589
f 306 1589 307
f 1771 1772 537
f 1771 537 1773
f 1771 1774 1581
f 1771 1581 1775
f 1771 1773 1774
f 1771 1775 1772
f 1776 1412 1777
f 1776 1777 281
f 1776 1413 1412
f 1776 280 726
f 1776 726 727
f 1776 727 1413
f 1776 281 280
f 1341 1778 1588
f 1341 931 1778
f 1341 421 558
f 1341 1587 421
f 1341 1588 1587
f 691 1619 692
f 691 1779 1619
f 691 690 1336
f 691 1638 1780
f 691 1780 1779
f 691 1336 1638
f 1371 1344 1379
f 1055 1781 1056
f 1055 1202 1781
f 1055 964 1782
f 1055 1782 1200
f 1018 1021 1387
f 1515 634 1516
f 1515 1783 634
f 1515 633 1783
f 1515 491 1784
f 1515 1784 633
f 1360 213 195
f 1360 195 197
f 1778 928 1723
f 1778 1723 1588
f 1778 929 928
f 1778 931 929
f 1723 928 1043
f 1723 1043 1661
f 1723 1654 1588
f 1785 1306 1304
f 1785 1786 1306
f 1785 1304 1787
f 1785 1787 1788
f 1785 1788 1789
f 1785 1790 1786
f 1785 1789 1790
f 623 1773 536
f 623 624 1580
f 623 1580 1774
f 623 1774 1773
f 1368 1732 260
f 1419 1791 1585
f 1419 1417 1791
f 1419 1586 1656
f 1419 1656 1420
f 1792 1793 1794
f 1792 1576 1793
f 1792 1794 1481
f 1792 1481 1795
f 1792 1795 1796
f 1792 1796 1576
f 1373 37 1374
f 1373 122 37
f 1373 1372 1493
f 511 1349 1797
f 511 1797 512
f 511 513 1348
f 1429 1769 1742
f 1429 344 1769
f 1429 1798 344
f 1429 1426 1798
f 1676 1799 1677
f 1676 40 1799
f 1676 39 40
f 1241 1359 1358
f 1241 1358 1242
f 1241 1240 1210
f 1241 1210 1359
f 1800 1801 1331
f 1800 396 1801
f 1800 1331 1350
f 1800 1350 401
f 1800 401 396
f 1263 1802 1803
f 1263 1148 1802
f 1263 1803 1264
f 1263 1149 1148
f 1804 568 1465
f 1804 1465 1805
f 1804 1765 1766
f 1804 1805 1765
f 1804 561 568
f 1804 1766 561
f 1118 1117 1125
f 1118 1806 1116
f 1118 993 1806
f 1118 1125 993
f 1807 579 578
f 1807 578 1808
f 1807 1809 1810
f 1807 1808 1809
f 1807 1811 579
f 1807 1810 1811
f 1448 1450 1512
f 578 1812 1808
f 578 580 1812
f 1813 1814 1768
f 1813 1815 1814
f 1813 1816 1817
f 1813 1770 1816
f 1813 1768 1770
f 1813 1818 1815
f 1813 1817 1818
f 1243 1819 1217
f 1243 1236 1819
f 1243 1217 1240
f 1777 1412 1414
f 1777 1414 320
f 1777 320 1820
f 1777 1820 281
f 1067 1073 1061
f 1697 118 1791
f 1697 66 118
f 1697 1791 1417
f 1655 1719 1418
f 1655 1653 1720
f 1655 1418 1420
f 982 1821 910
f 982 1822 1821
f 982 1155 1822
f 982 983 1155
f 1823 1824 1825
f 1823 1825 1393
f 1823 1826 1827
f 1823 1827 1824
f 1823 1393 1826
f 145 186 146
f 145 1828 186
f 145 1829 1828
f 145 158 1829
f 1119 1830 1120
f 1119 1831 1830
f 1119 1121 1109
f 1119 1109 1831
f 898 1832 772
f 898 802 1832
f 898 897 802
f 1120 1830 1833
f 1120 1833 1122
f 1834 971 1520
f 1834 1111 971
f 1834 1835 1112
f 1834 1522 1835
f 1834 1520 1522
f 1834 1112 1111
f 1117 1123 1125
f 1825 1836 1837
f 1825 1838 1836
f 1825 1837 384
f 1825 1824 1838
f 1825 384 381
f 1825 381 1393
f 1461 745 1721
f 1839 1840 1482
f 1839 1841 1840
f 1839 1482 1842
f 1839 1842 205
f 1839 1843 1841
f 1839 205 1844
f 1839 1844 1843
f 246 1845 1841
f 246 245 1845
f 246 1841 247
f 1846 1781 1847
f 1846 1847 1571
f 1846 1056 1781
f 1846 1534 1056
f 1846 1571 1534
f 968 1574 969
f 968 1575 1574
f 968 970 1575
f 1513 1512 353
f 1513 353 339
f 1513 1848 1514
f 1513 339 1848
f 592 1849 1850
f 592 1850 1851
f 592 586 1849
f 592 1851 591
f 1344 596 1379
f 1344 1343 596
f 439 440 448
f 934 933 1852
f 934 1852 1753
f 1077 1853 1066
f 1077 1083 1854
f 1077 1078 1083
f 1077 1854 1853
f 558 421 553
f 1261 1404 1052
f 1261 1385 1404
f 1031 728 721
f 1031 727 728
f 872 926 873
f 1847 1781 1202
f 1847 1855 1856
f 1847 1856 1571
f 1847 1642 1855
f 1847 1202 1642
f 1857 1622 1621
f 1857 397 1622
f 1857 1621 1858
f 1857 1859 1860
f 1857 1858 1859
f 1857 1860 397
f 1405 1403 1451
f 1456 1861 1862
f 1456 1455 1861
f 1456 1862 1699
f 1456 1698 1457
f 857 855 1573
f 988 1701 1863
f 988 1863 989
f 1524 1864 1525
f 1524 1255 1254
f 1524 1865 1864
f 1524 958 1865
f 1524 1254 958
f 693 1465 568
f 693 568 567
f 693 694 1289
f 1722 1720 1673
f 650 649 654
f 650 506 502
f 650 482 506
f 650 654 482
f 603 1566 604
f 322 298 312
f 322 312 1450
f 322 1450 323
f 1662 1671 1660
f 1662 1866 1671
f 1662 1196 1866
f 1662 1044 1190
f 1662 1190 1196
f 884 1319 891
f 1257 1721 745
f 1257 1418 1721
f 1257 1457 1698
f 101 1444 1867
f 101 1868 1444
f 101 1867 1869
f 101 1869 102
f 101 100 1868
f 421 422 553
f 132 153 1870
f 132 134 153
f 132 1870 1871
f 132 1871 233
f 1729 1686 1683
f 1729 1872 1686
f 1729 1730 1872
f 1873 317 1414
f 1873 315 317
f 1873 1874 1875
f 1873 1875 315
f 1873 1414 714
f 1873 714 1874
f 1684 1612 1615
f 1684 1615 177
f 1684 1713 1612
f 1684 1683 1713
f 1684 177 178
f 1736 1876 1877
f 1736 1877 1737
f 1736 583 585
f 1736 585 1876
f 1861 1455 1878
f 1861 1878 1879
f 1861 1879 1862
f 1793 207 206
f 1793 206 1794
f 1793 1548 207
f 1793 1577 1548
f 1793 1576 1577
f 1229 1880 1230
f 1229 1881 1880
f 1229 1381 1882
f 1229 1882 1881
f 215 1883 1884
f 215 1884 1885
f 215 1886 1883
f 215 214 1886
f 215 1885 216
f 355 1887 356
f 355 1888 1889
f 355 1889 1890
f 355 1890 1887
f 355 357 1888
f 1613 1612 1712
f 1613 1712 1795
f 1613 1795 1480
f 1891 1892 27
f 1891 27 1441
f 1891 56 55
f 1891 55 1892
f 1891 1893 56
f 1891 1441 1893
f 1479 1886 1614
f 1479 1478 1886
f 936 1894 937
f 936 921 922
f 936 1895 1894
f 936 1896 1895
f 936 922 1896
f 1897 1840 1845
f 1897 1845 1486
f 1897 1483 1840
f 1897 1488 1884
f 1897 1884 1478
f 1897 1486 1488
f 1897 1478 1483
f 1481 1842 1482
f 1481 1794 1842
f 1481 1480 1795
f 1291 1898 1899
f 1291 1900 1898
f 1291 696 1900
f 1291 1289 696
f 1291 1899 1292
f 808 1357 941
f 808 941 809
f 1353 1901 1786
f 1353 1354 1901
f 1353 1786 1902
f 1353 1902 428
f 1253 1756 953
f 1253 953 1254
f 1253 1252 1756
f 1738 1040 736
f 1738 1039 1040
f 1738 1593 1596
f 1738 736 1593
f 1903 187 1904
f 1903 1905 187
f 1903 1904 1795
f 1903 1712 1906
f 1903 1906 1905
f 1903 1795 1712
f 1845 1840 1841
f 1845 245 1907
f 1845 1907 1486
f 1619 1779 1908
f 1619 1908 1620
f 531 1909 1580
f 531 1580 624
f 531 534 1909
f 531 624 538
f 614 1608 615
f 1840 1483 1482
f 1910 1877 1876
f 1910 1911 1877
f 1910 1876 1912
f 1910 1912 1285
f 1910 1286 1911
f 1910 1285 1286
f 1379 743 742
f 1379 596 743
f 1913 1914 1915
f 1913 1915 237
f 1913 140 1914
f 1913 237 235
f 1913 235 1916
f 1913 1916 140
f 234 236 1917
f 234 1917 1918
f 234 1918 235
f 1836 372 1837
f 1836 1838 81
f 1836 375 374
f 1836 81 375
f 1836 374 372
f 255 1919 1920
f 255 240 1919
f 255 1920 256
f 1915 1914 1446
f 1915 1446 1445
f 1915 137 237
f 1915 1445 1921
f 1915 1921 137
f 448 1922 254
f 448 440 1922
f 724 210 723
f 724 725 192
f 724 192 211
f 724 211 210
f 1516 634 636
f 106 105 382
f 106 383 107
f 971 969 1574
f 971 1574 1520
f 971 1111 972
f 1646 105 87
f 1646 1867 105
f 1646 87 1647
f 1646 1869 1867
f 1646 1645 1869
f 1877 1911 1737
f 1145 1923 1924
f 1145 1924 1142
f 1145 1266 1923
f 1145 1146 1266
f 1124 987 992
f 1124 992 1125
f 1124 1617 987
f 1124 1126 1617
f 496 1925 1926
f 496 661 1925
f 496 481 497
f 496 1926 481
f 496 505 661
f 840 1275 1927
f 840 1927 588
f 634 1783 1909
f 634 1928 635
f 634 1909 1929
f 634 1929 1928
f 703 702 1367
f 1783 633 1930
f 1783 1930 1909
f 491 1643 1784
f 545 520 519
f 545 1335 542
f 1830 1112 1835
f 1830 1835 1833
f 1830 1831 1112
f 563 1727 564
f 563 1728 1727
f 563 1766 1728
f 563 561 1766
f 1809 1931 1932
f 1809 1933 1931
f 1809 1932 1810
f 1809 1808 1933
f 1566 1760 1567
f 1563 1718 1567
f 1563 1760 1468
f 1563 1567 1760
f 1056 1534 1057
f 1850 1849 612
f 1850 1934 1851
f 1850 612 1562
f 1850 1562 1564
f 1850 1564 1934
f 1749 1814 1935
f 1749 1768 1814
f 1749 1935 1750
f 536 1773 537
f 853 858 864
f 1643 494 1784
f 1643 490 494
f 1272 1632 1273
f 1580 1930 633
f 1580 1909 1930
f 1580 1581 1774
f 1040 737 736
f 1040 732 737
f 1784 637 633
f 1784 494 637
f 1917 1936 1937
f 1917 1937 1938
f 1917 236 1939
f 1917 1938 1918
f 1917 1939 1936
f 1299 1300 1302
f 1299 1303 1298
f 1094 1052 1404
f 1898 1940 1941
f 1898 1942 1940
f 1898 1943 1899
f 1898 866 1943
f 1898 1941 866
f 1898 1900 1942
f 690 695 1336
f 1814 407 1935
f 1814 1815 407
f 499 659 1925
f 499 1925 661
f 499 501 659
f 1907 351 1485
f 1907 1485 1486
f 1907 245 352
f 1907 352 351
f 1837 1249 384
f 1837 1443 1249
f 1837 1944 1443
f 1837 372 1944
f 1925 659 479
f 1925 479 1926
f 885 1755 1694
f 479 481 1926
f 784 904 1474
f 772 1832 798
f 777 1474 778
f 1396 1945 1397
f 1396 1645 1945
f 1396 102 1645
f 1396 103 102
f 395 1801 396
f 395 1860 1801
f 395 397 1860
f 1525 795 794
f 1525 794 1526
f 1525 1864 795
f 957 1695 1865
f 957 1865 958
f 1946 1947 1948
f 1946 1949 1947
f 1946 1948 90
f 1946 90 92
f 1946 92 1949
f 635 1928 631
f 1694 1950 1695
f 1694 1755 1950
f 696 692 1951
f 696 1289 694
f 696 1951 1900
f 1506 1952 1953
f 1506 1954 1952
f 1506 1953 1503
f 1506 1505 1954
f 91 90 1955
f 91 1955 85
f 1935 1787 1750
f 1935 1788 1787
f 1935 407 1788
f 1403 1517 1451
f 1956 869 1940
f 1956 1940 1957
f 1956 1958 1725
f 1956 1725 1767
f 1956 1959 1958
f 1956 1960 869
f 1956 1767 1960
f 1956 1957 1959
f 487 648 488
f 726 193 725
f 726 280 193
f 1590 815 1690
f 1590 1691 1961
f 1590 1961 813
f 1535 1554 1057
f 1535 1057 1534
f 1535 1533 1239
f 1692 1690 818
f 1692 818 821
f 1692 1962 1693
f 1692 821 1963
f 1692 1963 1962
f 819 1690 815
f 819 818 1690
f 1069 1076 1068
f 1069 1049 1529
f 1695 1964 1865
f 1695 1950 1964
f 493 636 494
f 1940 869 1941
f 1940 1942 1957
f 1878 1455 1965
f 1878 1965 1966
f 1878 1966 1879
f 864 1292 1943
f 864 1943 866
f 1302 1428 1304
f 1832 799 798
f 1832 801 799
f 1832 802 801
f 1275 1274 1605
f 1275 1605 1603
f 1275 1603 1927
f 1343 414 452
f 1343 452 596
f 1343 416 414
f 42 41 1967
f 42 1967 1346
f 1147 1821 1802
f 1147 1802 1148
f 1147 1968 1821
f 1147 1159 1968
f 1147 1144 1159
f 1622 1725 1958
f 1622 1958 1623
f 1849 589 1602
f 1849 1602 618
f 1849 618 612
f 1849 586 589
f 1588 1654 1586
f 1585 1791 120
f 1585 307 1589
f 1585 119 307
f 1585 120 119
f 702 1969 432
f 702 705 1969
f 702 432 1733
f 261 263 1022
f 631 1928 1970
f 631 1970 1579
f 953 958 1254
f 1255 902 790
f 649 648 655
f 897 805 893
f 1971 1648 1972
f 1971 1945 1648
f 1971 1972 1973
f 1971 1973 1974
f 1971 1397 1945
f 1971 1974 1397
f 108 1975 109
f 108 107 1975
f 1976 1977 114
f 1976 1476 1977
f 1976 114 1978
f 1976 1978 131
f 1976 133 1476
f 1976 131 133
f 805 798 797
f 805 797 893
f 790 902 901
f 790 905 791
f 790 901 905
f 790 789 1252
f 488 506 482
f 488 482 485
f 695 566 569
f 1721 1418 1719
f 194 197 195
f 1862 1979 1699
f 1862 8 1979
f 1862 1980 8
f 1862 1879 1980
f 1454 1965 1455
f 1454 47 1965
f 1701 1981 1863
f 1701 1433 1982
f 1701 1982 1981
f 1701 1434 1433
f 1701 1702 1075
f 1701 1075 1434
f 1284 1983 1283
f 1284 1285 1984
f 1284 1984 1985
f 1284 1985 1983
f 1600 1303 1986
f 1600 1298 1303
f 1600 1986 1754
f 1387 1386 1489
f 1273 1987 1268
f 1273 1632 1987
f 58 63 1988
f 58 1988 1557
f 1802 1822 1803
f 1802 1821 1822
f 910 1821 1968
f 910 1968 911
f 1989 646 1851
f 1989 1851 1934
f 1989 687 646
f 1989 688 687
f 1989 1934 688
f 978 1717 984
f 978 963 1990
f 978 1990 1717
f 1851 646 591
f 219 218 1517
f 1991 1992 1993
f 1991 1994 1992
f 1991 1973 1995
f 1991 1974 1973
f 1991 1995 1994
f 1991 1993 1974
f 1803 1822 1996
f 1803 1997 1264
f 1803 1998 1999
f 1803 1999 1997
f 1803 1996 1998
f 1822 1155 1996
f 1029 713 715
f 966 1436 964
f 317 320 1414
f 2000 1955 1948
f 2000 1647 1955
f 2000 1948 1995
f 2000 1995 1972
f 2000 1972 1649
f 2000 1649 1647
f 1947 1949 1992
f 1947 1992 1994
f 1947 1994 1948
f 1115 1639 1129
f 1863 1981 1854
f 1863 1854 1090
f 1863 1088 989
f 1863 1090 1088
f 171 211 192
f 1568 617 1608
f 1568 610 617
f 1568 1569 610
f 1064 1063 1432
f 1064 1432 1530
f 1064 2001 1014
f 1064 1014 1065
f 1064 1530 2001
f 2002 1446 1914
f 2002 2003 1446
f 2002 1914 2004
f 2002 2005 2003
f 2002 2006 2005
f 2002 2004 2006
f 1937 130 1552
f 1937 1552 1938
f 1937 135 130
f 1937 1936 135
f 1465 1466 2007
f 1465 2007 1805
f 464 2008 1797
f 464 1797 1351
f 464 2009 465
f 464 1408 2009
f 464 466 2008
f 1955 90 1948
f 1955 1647 85
f 105 1867 382
f 1444 382 1867
f 1444 1868 1445
f 1658 1230 1880
f 1658 1881 1244
f 1658 1880 1881
f 937 1894 938
f 1627 933 938
f 1627 1633 1626
f 1627 1894 1633
f 1627 938 1894
f 502 506 498
f 1982 1433 1063
f 1982 1063 1853
f 1982 1854 1981
f 1982 1853 1854
f 2010 1928 1929
f 2010 1970 1928
f 2010 1929 1772
f 2010 1772 1775
f 2010 1775 1970
f 1797 1349 1351
f 1797 2008 514
f 1797 514 512
f 1536 1920 437
f 1536 210 256
f 1536 256 1920
f 1549 2011 1550
f 1549 1312 2011
f 1549 1409 1312
f 2012 1780 2013
f 2012 2014 1780
f 2012 2015 2014
f 2012 2016 2015
f 2012 2013 1637
f 2012 1637 2016
f 1602 589 1603
f 1750 1787 1743
f 1326 1328 1380
f 1326 1382 1327
f 1326 1554 1382
f 1608 617 615
f 1909 534 1929
f 2017 1116 1806
f 2017 1640 1116
f 2017 1806 970
f 2017 1997 2018
f 2017 2018 1640
f 2017 974 1997
f 2017 970 974
f 1634 53 1630
f 1634 1558 53
f 1634 1556 1558
f 1648 1649 1972
f 1648 1945 1645
f 1433 1432 1063
f 646 687 807
f 2019 1014 2001
f 2019 1015 1014
f 2019 2001 1530
f 2019 1530 1529
f 2019 1049 1017
f 2019 1529 1049
f 2019 1017 1011
f 2019 1011 1015
f 2009 2020 2021
f 2009 1408 2020
f 2009 2021 2022
f 2009 2022 465
f 1725 1726 1767
f 1835 1678 1833
f 1835 1522 1678
f 118 117 1791
f 118 66 64
f 1137 1999 1924
f 1137 2023 1999
f 1137 1924 1923
f 1137 1138 2023
f 1137 1923 1133
f 458 1504 467
f 913 2024 979
f 913 908 2024
f 913 980 914
f 913 979 980
f 1630 1629 60
f 1154 1924 1996
f 1154 1142 1924
f 1154 1996 1155
f 786 792 905
f 786 787 792
f 497 480 660
f 497 481 480
f 497 660 501
f 867 1762 868
f 867 1763 1762
f 867 869 1960
f 867 1960 1763
f 1218 1571 1856
f 1218 1856 1222
f 1769 2025 359
f 1769 359 1770
f 1769 344 2025
f 919 918 2021
f 919 2021 2026
f 919 2026 920
f 1791 117 120
f 1164 1325 2027
f 1164 1166 1325
f 1164 2027 1226
f 692 1624 1951
f 193 192 725
f 193 280 191
f 1446 2003 1391
f 610 1569 1718
f 1380 1595 1378
f 1380 1328 1595
f 1992 1949 1993
f 1865 1964 1864
f 1806 994 1575
f 1806 1575 970
f 1806 993 994
f 1687 1686 1872
f 1687 1872 181
f 2028 181 1872
f 2028 1752 181
f 2028 1730 1681
f 2028 1681 1752
f 2028 1872 1730
f 1181 1178 2029
f 1181 1174 1178
f 1181 2029 1183
f 984 1717 1175
f 984 1423 985
f 984 1175 1423
f 1303 1305 1986
f 963 2030 1990
f 963 975 2030
f 581 868 582
f 581 1279 868
f 902 1527 782
f 878 888 891
f 878 877 888
f 2031 1987 2032
f 2031 2033 1987
f 2031 1311 1310
f 2031 1310 1340
f 2031 2032 1311
f 2031 1340 2033
f 2034 1636 1543
f 2034 2016 1636
f 2034 1543 1801
f 2034 1801 2035
f 2034 2035 2036
f 2034 2036 2016
f 950 1208 1207
f 950 1207 2037
f 950 2037 975
f 2038 1901 2039
f 2038 2039 1307
f 2038 1306 1786
f 2038 1307 1306
f 2038 1786 1901
f 706 704 1511
f 706 1510 2040
f 706 2040 707
f 659 501 660
f 148 2041 149
f 148 2042 2041
f 148 184 2042
f 148 150 183
f 398 1727 399
f 398 564 1727
f 398 400 1758
f 1235 1244 1881
f 1235 1881 1237
f 1686 2043 1683
f 1686 1688 2043
f 259 2044 264
f 259 2045 2044
f 259 1599 2045
f 259 1363 1599
f 63 2046 1988
f 63 46 2046
f 2047 304 2048
f 2047 2048 94
f 2047 1498 318
f 2047 95 1498
f 2047 318 304
f 2047 94 95
f 1485 2049 275
f 1485 351 350
f 1485 350 2049
f 1762 582 868
f 1762 584 582
f 1762 1764 2050
f 1762 2050 584
f 1636 1270 1543
f 1636 2016 1637
f 1987 1632 1633
f 1987 1633 2051
f 1987 2033 1268
f 1987 2051 2032
f 2048 309 2052
f 2048 2052 104
f 2048 304 309
f 2048 104 94
f 1498 124 123
f 1498 95 124
f 733 423 319
f 1711 365 366
f 1711 1906 1712
f 1711 1905 1906
f 1711 366 2053
f 1711 2053 1905
f 904 779 1474
f 748 599 600
f 748 667 599
f 748 666 667
f 748 674 666
f 983 1156 1155
f 983 985 1157
f 983 1157 1156
f 868 1279 870
f 537 1929 534
f 537 1772 1929
f 1264 974 2054
f 1264 2054 1265
f 1264 1997 974
f 2055 2056 836
f 2055 836 2057
f 2055 759 2056
f 2055 756 759
f 2055 2057 756
f 1707 1706 1734
f 1707 1734 1735
f 1707 1735 1708
f 323 2058 2059
f 323 1451 2058
f 323 2059 324
f 323 1450 1451
f 1801 1543 1331
f 1801 1860 2035
f 1973 1972 1995
f 1958 1959 1623
f 1827 1826 2060
f 1827 1532 1824
f 1827 2061 1532
f 1827 2060 2062
f 1827 2062 2061
f 1207 1209 2037
f 1999 1998 1924
f 1999 2023 1997
f 1104 1087 1086
f 1593 736 735
f 1489 1386 1511
f 2007 1812 2050
f 2007 2050 2063
f 2007 1466 1812
f 2007 2063 1805
f 356 2064 1816
f 356 1816 358
f 356 1887 2064
f 1517 283 2058
f 1517 2058 1451
f 1517 218 283
f 27 1892 28
f 1884 1883 1478
f 1884 1488 1487
f 1884 1487 1885
f 1765 2050 1764
f 1765 2063 2050
f 1765 1805 2063
f 1951 2065 1900
f 1951 1624 2065
f 1087 989 1088
f 307 119 2066
f 307 2066 309
f 1899 1943 1292
f 1986 2021 1754
f 1986 2022 2021
f 1986 1305 2022
f 2039 1901 2067
f 2039 2067 469
f 2039 469 465
f 2039 465 2022
f 2039 2022 1307
f 1914 140 2004
f 1734 1890 1732
f 1734 1706 1887
f 1734 1887 1890
f 340 338 1848
f 340 1848 339
f 1759 2068 565
f 1759 542 2068
f 1759 547 542
f 426 2069 2070
f 426 1902 2069
f 426 2070 427
f 426 428 1902
f 1948 1994 1995
f 1866 1196 2071
f 1866 2071 1745
f 1866 1745 1671
f 1653 1674 1720
f 2054 2072 2073
f 2054 973 2072
f 2054 2073 2074
f 2054 974 973
f 2054 2074 1265
f 359 2025 345
f 359 358 1770
f 1474 779 778
f 2052 2066 121
f 2052 309 2066
f 2052 121 104
f 275 2049 276
f 1327 2027 1325
f 1327 1382 1384
f 1327 1226 2027
f 1327 1384 1226
f 1998 1996 1924
f 1842 206 205
f 1842 1794 206
f 2018 1641 1640
f 2018 1138 1641
f 2018 1997 2023
f 2018 2023 1138
f 87 85 1647
f 933 1628 1852
f 1869 1645 102
f 1952 2075 1953
f 1952 2076 429
f 1952 429 2077
f 1952 1954 2076
f 1952 2077 2075
f 992 993 1125
f 598 597 667
f 1753 1852 2078
f 1753 2078 2079
f 1753 2040 1510
f 1753 2079 2040
f 2080 2081 271
f 2080 300 2081
f 2080 271 282
f 2080 282 321
f 2080 321 297
f 2080 297 300
f 1969 429 433
f 1969 433 432
f 1969 2077 429
f 1969 705 2082
f 1969 2082 2077
f 260 1889 1364
f 260 1732 1889
f 2068 1335 569
f 2068 569 562
f 2068 562 565
f 2068 542 1335
f 2083 1503 1953
f 2083 1953 2084
f 2083 2078 1628
f 2083 2084 2078
f 2083 1628 1503
f 1436 1437 1782
f 1436 1782 964
f 782 1527 787
f 24 34 1442
f 1247 71 1975
f 1247 1975 107
f 1561 62 1560
f 1629 62 60
f 1629 1560 62
f 1348 2085 1350
f 1348 549 2085
f 1348 513 2086
f 1348 2086 549
f 41 54 1967
f 1826 1393 2087
f 1826 2087 2060
f 792 791 905
f 1824 1532 1531
f 1824 1531 2088
f 1824 2088 1838
f 1875 1874 2089
f 1875 2089 315
f 1414 715 714
f 224 226 1487
f 1531 1472 2088
f 149 2090 1870
f 149 1870 151
f 149 2041 386
f 149 386 2090
f 1135 1923 1266
f 1135 1133 1923
f 1665 1664 1980
f 1665 1980 1879
f 1665 1879 1666
f 911 1968 1160
f 911 2091 909
f 911 1162 2091
f 911 1160 1161
f 911 1161 1162
f 1641 2092 1639
f 1641 1138 2092
f 1953 2075 2093
f 1953 2093 2084
f 1350 1331 1338
f 1350 2085 401
f 1787 1304 1743
f 2094 1677 1667
f 2094 43 1677
f 2094 1667 2095
f 2094 11 43
f 2094 2095 2096
f 2094 2096 11
f 1449 1005 1034
f 407 406 1788
f 407 1815 408
f 1703 2004 127
f 1703 2006 2004
f 1703 1704 2006
f 384 1249 383
f 1192 1041 1054
f 1192 1044 1041
f 1192 1190 1044
f 338 344 1798
f 338 1798 1848
f 1838 2088 81
f 2097 1211 1224
f 2097 1583 1211
f 2097 1224 1200
f 2097 1539 1583
f 2097 1200 1541
f 2097 1541 1539
f 599 667 597
f 1331 1330 1338
f 836 835 2057
f 836 2056 833
f 181 1752 185
f 71 73 1975
f 589 588 1603
f 2072 2098 2073
f 2072 973 2099
f 2072 2099 2100
f 2072 2100 2098
f 1874 714 716
f 1874 1598 2089
f 1874 716 1598
f 254 1922 239
f 264 712 263
f 264 2044 716
f 869 866 1941
f 2071 1195 1464
f 2071 1196 1195
f 2071 1464 1744
f 2071 1744 1745
f 1720 1674 1673
f 360 337 2089
f 360 2089 1598
f 2066 119 121
f 837 2101 838
f 837 769 770
f 837 823 769
f 837 770 2101
f 1063 1066 1853
f 2003 1392 1391
f 2003 2102 2103
f 2003 2005 2102
f 2003 2103 1392
f 1740 1739 2104
f 1740 2105 1741
f 1740 620 2105
f 1740 2104 620
f 401 2085 400
f 350 349 2049
f 1621 1620 1858
f 1635 1244 1245
f 1635 1460 1659
f 2106 160 159
f 2106 1829 160
f 2106 159 365
f 2106 365 1716
f 2106 2043 1829
f 2106 1716 2043
f 235 1918 1916
f 36 1374 37
f 36 39 1374
f 1702 1616 1071
f 1702 1071 1075
f 789 2107 1252
f 789 793 2107
f 1733 1708 1735
f 1733 432 1708
f 787 1526 794
f 787 1528 1526
f 787 1527 1528
f 1975 2108 109
f 1975 73 2108
f 437 1920 441
f 140 1916 2109
f 140 142 2004
f 140 2109 141
f 2058 284 2059
f 2058 283 284
f 2081 324 2059
f 2081 2059 273
f 2081 274 271
f 2081 273 274
f 2081 300 324
f 1195 1194 1659
f 1195 1659 1464
f 1364 1889 346
f 1990 2030 1717
f 2110 1709 427
f 2110 411 1709
f 2110 427 2070
f 2110 2111 412
f 2110 412 411
f 2110 2070 2111
f 2059 284 273
f 282 320 321
f 282 1820 320
f 282 281 1820
f 455 417 1259
f 2112 977 979
f 2112 1438 977
f 2112 979 1186
f 2112 2113 1438
f 2112 1186 2113
f 1239 1381 1383
f 1239 1570 1236
f 1239 1533 1570
f 1239 1238 1381
f 1677 1799 1668
f 1677 1668 1667
f 160 1829 158
f 1185 1438 2113
f 1185 2113 1186
f 1185 2114 1438
f 1185 1184 2114
f 1780 1638 2013
f 1780 2014 1779
f 337 315 2089
f 1886 1478 1883
f 1886 214 1614
f 622 1741 625
f 1856 1855 1222
f 1889 1732 1890
f 1889 1888 346
f 55 53 2115
f 55 2115 1892
f 344 345 2025
f 1893 392 56
f 1893 393 392
f 1893 1944 372
f 1893 372 393
f 1893 1441 1944
f 2116 1504 521
f 2116 467 1504
f 2116 508 2008
f 2116 2008 466
f 2116 521 508
f 2116 466 467
f 283 218 198
f 2085 548 400
f 2085 549 548
f 2020 1408 1550
f 2020 1550 2026
f 2020 2026 2021
f 838 2057 835
f 838 2101 2057
f 1642 1231 1855
f 1642 1202 1201
f 483 482 654
f 494 636 637
f 1855 1221 1222
f 1855 1231 1221
f 762 833 763
f 1819 1570 1217
f 1819 1236 1570
f 237 1977 231
f 237 137 1977
f 430 429 1355
f 2117 1816 2064
f 2117 1817 1816
f 2117 2064 1887
f 2117 1887 1706
f 2117 1706 410
f 2117 409 1818
f 2117 410 409
f 2117 1818 1817
f 1816 1770 358
f 688 1934 686
f 1581 1579 1775
f 743 596 595
f 743 595 671
f 5 1664 40
f 5 1980 1664
f 5 8 1980
f 2065 1624 1959
f 2065 1959 1957
f 2065 1942 1900
f 2065 1957 1942
f 1550 2011 2118
f 1550 2118 2026
f 1967 392 1346
f 1967 54 392
f 1713 1683 1714
f 1713 1715 1612
f 2119 2120 89
f 2119 2121 2120
f 2119 109 2108
f 2119 89 109
f 2119 2108 74
f 2119 74 2122
f 2119 2123 2121
f 2119 2122 2123
f 1788 406 1789
f 1977 1476 231
f 1977 136 114
f 1977 137 136
f 1220 1240 1217
f 1220 1232 1240
f 1638 1637 2013
f 1614 1546 1545
f 1614 214 1546
f 1960 1767 1763
f 431 427 1709
f 431 1708 432
f 2015 2124 1859
f 2015 1859 2125
f 2015 2125 2014
f 2015 2036 2124
f 2015 2016 2036
f 460 468 2126
f 460 2126 461
f 1841 1843 247
f 1208 1359 1210
f 573 2127 2128
f 573 2128 575
f 573 2104 2127
f 573 576 2104
f 1460 1464 1659
f 1545 176 177
f 1545 1547 176
f 245 248 227
f 245 227 352
f 1744 1464 1463
f 1799 1669 1668
f 1799 40 1669
f 2102 2129 2103
f 2102 2005 2130
f 2102 2130 2129
f 2131 2051 1894
f 2131 1894 1895
f 2131 1895 2132
f 2131 2132 1314
f 2131 1313 2051
f 2131 1314 1313
f 2092 2133 1639
f 2092 2134 2133
f 2092 1138 2134
f 1754 918 935
f 1754 2021 918
f 1249 1443 1250
f 2069 1902 1786
f 2069 1786 1790
f 2069 2135 2070
f 2069 1790 2135
f 2067 1901 1354
f 2067 2136 468
f 2067 1356 2136
f 2067 468 469
f 2067 1354 1356
f 227 248 228
f 227 222 352
f 1718 1569 1567
f 1667 1666 2095
f 2103 1993 1949
f 2103 2129 1993
f 2103 1394 1392
f 2103 1949 1394
f 1437 1541 1782
f 1779 2014 1908
f 375 1988 376
f 375 80 1988
f 375 81 80
f 606 1737 608
f 392 391 1346
f 392 54 56
f 377 2046 1746
f 377 376 2046
f 377 419 373
f 795 1864 1964
f 795 1964 793
f 1988 2046 376
f 1988 80 1557
f 1639 2137 1129
f 1639 2133 2138
f 1639 2138 2137
f 2024 1182 1187
f 2024 1187 1186
f 2024 1186 979
f 2024 908 1171
f 2024 1171 1182
f 1739 540 2127
f 1739 2127 2104
f 1739 533 540
f 2120 86 89
f 2120 2121 2139
f 2120 2139 86
f 2107 1756 1252
f 2107 793 1950
f 2107 1755 1756
f 2107 1950 1755
f 2140 2141 236
f 2140 362 2141
f 2140 236 238
f 2140 238 388
f 2140 388 362
f 2008 508 514
f 547 1758 548
f 2078 1852 1628
f 2078 2084 2079
f 1968 1159 1160
f 1633 1894 2051
f 2046 47 1746
f 2046 46 47
f 2142 2143 2136
f 2142 2136 1356
f 2142 1356 1355
f 2142 1355 2144
f 2142 2144 2143
f 2128 2127 2145
f 2128 2145 2146
f 2128 2105 575
f 2128 1741 2105
f 2128 2146 1741
f 2147 1440 1438
f 2147 1439 1440
f 2147 2148 1542
f 2147 1542 1439
f 2147 1438 2114
f 2147 2114 2148
f 1210 1240 1206
f 153 135 154
f 153 151 1870
f 153 134 135
f 2149 1691 847
f 2149 1961 1691
f 2149 847 827
f 2149 827 831
f 2149 831 2150
f 2149 2150 2151
f 2149 2151 1961
f 2127 540 2145
f 1339 1340 2152
f 1339 2152 1410
f 1339 1410 1351
f 1426 1514 1848
f 1426 1848 1798
f 1714 1683 1716
f 176 1547 175
f 122 38 37
f 122 19 38
f 2153 1916 1918
f 2153 2109 1916
f 2153 1552 1551
f 2153 1551 141
f 2153 1938 1552
f 2153 141 2109
f 2153 1918 1938
f 1612 1715 1712
f 2141 1939 236
f 2141 362 368
f 2141 368 2154
f 2141 2154 1939
f 347 346 1888
f 347 1888 357
f 2108 73 74
f 1669 40 1664
f 1532 2061 1471
f 286 352 222
f 400 548 1758
f 1579 1970 1775
f 74 70 2122
f 625 2145 540
f 625 2146 2145
f 625 1741 2146
f 367 2042 188
f 367 364 2042
f 367 2053 366
f 367 188 1905
f 367 1905 2053
f 1678 1522 1521
f 1678 1679 1833
f 2073 2155 2074
f 2073 2156 2155
f 2073 2098 2156
f 579 1811 585
f 1473 68 35
f 1473 35 1472
f 205 203 1844
f 1123 1127 1125
f 1123 1101 1127
f 1123 1122 1101
f 1240 1232 1206
f 2037 1212 2157
f 2037 1209 1212
f 2037 2158 975
f 2037 2157 2158
f 174 1904 185
f 174 1796 1904
f 174 185 1752
f 174 1576 1796
f 848 847 1691
f 848 1693 849
f 1505 459 2159
f 1505 2159 2144
f 1505 2144 1954
f 1575 994 991
f 1110 2099 1111
f 1110 2100 2099
f 1110 2160 2100
f 1110 1108 2160
f 1959 1624 1623
f 441 1920 442
f 1266 1146 1149
f 155 154 1936
f 155 2154 156
f 155 1936 2154
f 1978 114 113
f 1978 113 1553
f 1978 1553 131
f 1397 1974 1398
f 1993 2129 1974
f 31 1557 79
f 31 25 30
f 31 30 1557
f 923 2011 2161
f 923 2118 2011
f 923 2161 1896
f 923 1896 922
f 923 920 2118
f 1382 1554 1383
f 1934 1564 686
f 2093 2082 708
f 2093 2075 2082
f 2093 708 2162
f 2093 2162 2084
f 2043 1716 1683
f 2043 1688 2163
f 2043 2163 1829
f 1931 1293 1983
f 1931 1933 1293
f 1931 1983 1932
f 1966 1965 48
f 1966 48 2096
f 1966 2096 2095
f 1966 2095 1666
f 1966 1666 1879
f 1362 1699 1979
f 1362 1979 8
f 462 2143 2159
f 462 2126 2143
f 462 2159 459
f 462 461 2126
f 1709 411 410
f 607 608 1286
f 1293 1283 1983
f 1293 1933 1290
f 2045 716 2044
f 2045 1598 716
f 2045 1599 1598
f 409 408 1818
f 279 293 349
f 972 2099 973
f 972 1111 2099
f 2164 159 161
f 2164 161 156
f 2164 368 159
f 2164 2154 368
f 2164 156 2154
f 429 2076 1355
f 207 1548 208
f 53 1558 2115
f 1083 1090 1854
f 2050 580 584
f 2050 1812 580
f 2165 238 233
f 2165 385 238
f 2165 1871 2090
f 2165 2090 385
f 2165 233 1871
f 1105 1101 1679
f 186 2163 182
f 186 183 146
f 186 1828 2163
f 1922 440 1919
f 1922 1919 240
f 1922 240 239
f 1211 1205 1224
f 1211 1583 1212
f 1810 2166 1811
f 1810 1985 2166
f 1810 1932 1985
f 276 2049 293
f 1551 143 141
f 100 139 1868
f 100 99 139
f 1868 1921 1445
f 1868 138 1921
f 1868 139 138
f 1811 2166 2167
f 1811 2167 585
f 341 1363 346
f 1443 1442 1248
f 1443 1944 1441
f 1443 1248 1250
f 1693 1962 2168
f 1693 2168 849
f 2166 1876 2167
f 2166 1912 1876
f 2166 1984 1912
f 2166 1985 1984
f 1014 1013 1065
f 391 416 1346
f 238 389 388
f 238 385 389
f 2169 2170 2060
f 2169 2060 2087
f 2169 92 93
f 2169 93 2139
f 2169 2139 2170
f 2169 2087 92
f 2005 1400 2130
f 2005 1704 1400
f 2005 2006 1704
f 1442 34 68
f 1466 1933 1812
f 1466 1290 1933
f 2040 2171 707
f 2040 2079 2171
f 2167 1876 585
f 1919 442 1920
f 1919 440 442
f 2074 2172 1136
f 2074 1136 1265
f 2074 2155 2172
f 1136 2172 1134
f 81 2088 82
f 2136 2143 2126
f 2136 2126 468
f 2132 2161 1315
f 2132 1896 2161
f 2132 1895 1896
f 2132 1315 1314
f 1268 2033 1340
f 1859 2124 1860
f 1859 1858 2125
f 2173 2172 2155
f 2173 2155 2174
f 2173 1134 2172
f 2173 2174 2175
f 2173 2175 1134
f 182 2163 1688
f 146 183 150
f 821 813 2176
f 821 2176 2151
f 821 2151 1963
f 793 1964 1950
f 2155 2156 2174
f 575 2105 619
f 608 1737 1911
f 608 1911 1286
f 1112 1831 1109
f 1844 203 217
f 1844 217 1843
f 1860 2124 2035
f 187 185 1904
f 187 1905 188
f 588 1927 1603
f 2177 412 2111
f 2177 2178 412
f 2177 2111 2135
f 2177 2135 2178
f 1921 138 137
f 412 1789 406
f 412 2178 1789
f 154 135 1936
f 2179 2180 2181
f 2179 2181 2182
f 2179 2133 2180
f 2179 2138 2133
f 2179 2183 2138
f 2179 2182 2183
f 1904 1796 1795
f 1129 2137 1130
f 1815 1818 408
f 2042 387 2041
f 2042 184 188
f 2042 364 387
f 249 247 2184
f 249 2185 250
f 249 2186 2185
f 249 2184 2186
f 1870 2090 1871
f 2011 2187 2161
f 2011 1312 2187
f 1305 1307 2022
f 2187 1315 2161
f 2187 1312 1315
f 513 515 2086
f 2041 387 386
f 1548 1577 175
f 1548 175 1547
f 1912 1984 1285
f 1717 2030 1177
f 2082 705 708
f 2082 2075 2077
f 1310 1309 2188
f 1310 2188 1340
f 520 546 522
f 2162 709 2171
f 2162 2171 2079
f 2162 708 709
f 2162 2079 2084
f 247 1843 2184
f 68 34 35
f 2152 2188 1409
f 2152 1409 1410
f 2152 1340 2188
f 2030 2189 1178
f 2030 1178 1177
f 2030 2157 2189
f 2030 975 2158
f 2030 2158 2157
f 1553 113 126
f 1394 2087 1393
f 1394 1949 92
f 1394 92 2087
f 2088 2190 82
f 2088 1472 2190
f 1168 1179 1170
f 1559 30 29
f 1559 29 28
f 1559 2115 1558
f 1559 28 2115
f 2168 1962 2150
f 2168 2150 849
f 833 2056 763
f 47 48 1965
f 2091 1162 1422
f 2091 1422 1169
f 2091 1169 909
f 2181 2156 2098
f 2181 2098 2182
f 2181 2180 2174
f 2181 2174 2156
f 2133 2134 2180
f 2098 2100 2182
f 1908 2014 2125
f 1908 1858 1620
f 1908 2125 1858
f 1487 216 1885
f 1487 2191 2185
f 1487 2185 2186
f 1487 226 2191
f 1487 2186 216
f 2111 2070 2135
f 2032 2051 1313
f 2032 1313 1311
f 103 1399 97
f 97 1399 1704
f 813 1961 2176
f 2185 2191 250
f 1974 2129 1398
f 2060 2170 2192
f 2060 2192 2062
f 829 2150 830
f 829 849 2150
f 1178 2189 2029
f 1400 1398 2130
f 1400 1704 1399
f 1542 2148 1540
f 2171 709 707
f 831 830 2150
f 2130 1398 2129
f 293 2049 349
f 1828 1829 2163
f 2029 2193 1183
f 2029 2189 1582
f 2029 1540 2193
f 2029 1582 1540
f 93 86 2139
f 1175 1179 1423
f 2114 1184 2148
f 99 111 116
f 99 116 139
f 1157 1422 1153
f 1212 1583 2189
f 1212 2189 2157
f 2100 2160 2182
f 386 385 2090
f 522 2194 510
f 522 546 2194
f 1892 2115 28
f 1808 1812 1933
f 1089 1085 1102
f 1065 1047 1062
f 1065 1013 1047
f 1238 1237 1882
f 1238 1882 1381
f 1422 1162 1153
f 2004 142 127
f 1085 1128 1102
f 214 204 1546
f 419 1259 417
f 1355 2076 2144
f 2105 620 619
f 79 1557 80
f 1409 2188 1309
f 1409 1309 1312
f 1183 2193 1184
f 1583 1582 2189
f 2184 1843 217
f 2184 217 216
f 2184 216 2186
f 2104 576 620
f 759 763 2056
f 759 758 763
f 549 2086 544
f 2124 2036 2035
f 2194 2086 515
f 2194 544 2086
f 2194 515 510
f 2194 546 544
f 2076 1954 2144
f 1962 2151 2150
f 1962 1963 2151
f 1237 1881 1882
f 1184 2193 2148
f 1138 1139 2134
f 35 2190 1472
f 35 33 2190
f 2123 2195 2121
f 2123 2196 2195
f 2123 2122 2196
f 2170 2195 2192
f 2170 2197 2195
f 2170 2139 2197
f 1789 2178 1790
f 2151 2176 1961
f 770 757 2101
f 2190 33 82
f 2195 2198 2192
f 2195 2196 2198
f 2195 2197 2121
f 1541 1200 1782
f 2148 2193 1540
f 1128 1610 1126
f 2143 2144 2159
f 1126 1610 1617
f 2135 1790 2178
f 668 641 644
f 2026 2118 920
f 1130 2183 1108
f 1130 2137 2183
f 2096 48 11
f 1108 2183 2160
f 1139 1140 2175
f 1139 2175 2134
f 2180 2175 2174
f 2180 2134 2175
f 673 751 664
f 2101 756 2057
f 2101 757 756
f 1932 1983 1985
f 1833 1679 1122
f 2062 2192 2198
f 2062 2198 2061
f 2138 2183 2137
f 2198 2196 2199
f 2198 2199 2061
f 2191 229 250
f 2191 226 229
f 1134 2175 1140
f 2182 2160 2183
f 1122 1679 1101
f 1939 2154 1936
f 2121 2197 2139
f 2122 2199 2196
f 2122 70 2199
f 1471 2061 2199
f 1471 2199 70
