# Created by Open3D 
# object name: mug_tree_o3d_clean
# number of vertices: 2645
# number of triangles: 5286
mtllib mug_tree_o3d_clean.mtl
v 0.0074822 0.282464 -0.0221025 1 1 1
vn -0.249864 0.390193 0.886181
v 0.0070049 0.285583 -0.0179875 1 1 1
vn -0.333338 0.581189 -0.742364
v 0.0102109 0.286427 -0.0218221 1 1 1
vn -0.788966 0.557559 -0.258185
v 0.0029913 0.280327 -0.0188995 1 1 1
vn -0.0272793 0.640471 -0.767498
v 0.0104766 0.288594 -0.0180143 1 1 1
vn -0.675162 0.608868 -0.416457
v 0.0003185 0.281063 -0.021522 1 1 1
vn 0.759795 0.614768 0.211594
v 0.0215597 0.49924 -0.0435208 1 1 1
vn 0.512302 -0.150435 -0.845527
v 0.0174261 0.499366 -0.0452771 1 1 1
vn 0.299949 -0.101674 -0.948522
v 0.0202157 0.500404 -0.0427919 1 1 1
vn -0.0284891 0.996913 0.0731621
v 0.0426537 0.500432 -0.0206105 1 1 1
vn -0.0660297 0.997806 0.00490132
v 0.0448886 0.500123 -0.0174103 1 1 1
vn 0.386925 0.920621 -0.0524072
v 0.0433021 0.499411 -0.0211184 1 1 1
vn 0.896364 -0.169259 -0.409734
v 0.229065 -0.457898 -0.0229862 1 1 1
vn 0.987871 0.127568 -0.0885255
v 0.229363 -0.498753 -0.0229281 1 1 1
vn 0.994106 -0.018437 -0.106838
v 0.226567 -0.458834 -0.0398964 1 1 1
vn 0.984492 0.0352533 -0.171849
v 0.227593 -0.498913 -0.0353454 1 1 1
vn 0.984135 -0.0193315 -0.176364
v 0.230774 -0.498831 0.0006667 1 1 1
vn 0.999688 -0.0226711 -0.0104955
v 0.228858 -0.454887 0.0014544 1 1 1
vn 0.784507 0.620032 0.0104247
v 0.230531 -0.458342 0.0017434 1 1 1
vn 0.998826 0.0309909 0.0372275
v 0.228344 -0.457765 0.0292957 1 1 1
vn 0.949383 0.288593 0.124045
v 0.228711 -0.498749 0.029023 1 1 1
vn 0.992315 -0.0166318 0.122617
v 0.228079 -0.472877 0.0314415 1 1 1
vn 0.989204 0.00329544 0.146507
v 0.223122 -0.479753 0.0558491 1 1 1
vn 0.974682 0.00225786 0.223585
v 0.224044 -0.498727 0.0534247 1 1 1
vn 0.974004 -0.0350692 0.223798
v 0.223802 -0.458635 -0.0541146 1 1 1
vn 0.96734 0.051172 -0.248263
v 0.223928 -0.4988 -0.0532498 1 1 1
vn 0.970292 -0.0128852 -0.241594
v 0.221735 -0.454523 -0.0526679 1 1 1
vn 0.764051 0.619581 -0.179847
v 0.218347 -0.450514 -0.0498914 1 1 1
vn 0.514332 0.849464 -0.117784
v 0.223487 -0.450636 -0.0224604 1 1 1
vn 0.605625 0.792578 -0.0709891
v 0.224033 -0.450111 0.0008882 1 1 1
vn 0.552362 0.833558 0.00881471
v 0.222746 -0.450673 0.0273932 1 1 1
vn 0.574366 0.814961 0.0770883
v 0.22164 -0.454815 0.0543934 1 1 1
vn 0.76731 0.615073 0.181441
v 0.223898 -0.458493 0.0535793 1 1 1
vn 0.974083 0.0562508 0.219085
v 0.22026 -0.482843 0.0658332 1 1 1
vn 0.949233 0.00864534 0.314454
v 0.220802 -0.499754 0.0655617 1 1 1
vn 0.935843 -0.200371 0.289911
v 0.21426 -0.480551 -0.0816888 1 1 1
vn 0.933058 -8.73987e-05 -0.359727
v 0.219141 -0.458728 -0.0688095 1 1 1
vn 0.943974 0.0618486 -0.324171
v 0.220554 -0.499965 -0.0644887 1 1 1
vn 0.945685 -0.04689 -0.321685
v 0.214989 -0.498845 -0.0805854 1 1 1
vn 0.926688 -0.0167576 -0.375457
v 0.21484 -0.454085 -0.0722096 1 1 1
vn 0.733139 0.615318 -0.289639
v 0.211888 -0.444824 -0.0227915 1 1 1
vn 0.376309 0.925003 -0.052555
v 0.214492 -0.445362 0.0009943 1 1 1
vn 0.39982 0.916538 0.0100516
v 0.217462 -0.450414 0.0522687 1 1 1
vn 0.494187 0.861188 0.118887
v 0.218494 -0.459257 0.0724037 1 1 1
vn 0.939933 0.0823641 0.331275
v 0.215184 -0.498893 0.0816246 1 1 1
vn 0.931436 0.0107669 0.363746
v 0.211437 -0.459401 -0.0892256 1 1 1
vn 0.905775 0.150125 -0.396276
v 0.210633 -0.45032 -0.0723258 1 1 1
vn 0.548016 0.810647 -0.206228
v 0.209238 -0.446331 -0.0533075 1 1 1
vn 0.411611 0.904303 -0.113193
v 0.208577 -0.443991 0.0274009 1 1 1
vn 0.372121 0.926082 0.0624253
v 0.211251 -0.450508 0.0724795 1 1 1
vn 0.472449 0.862125 0.183118
v 0.214935 -0.453584 0.0724494 1 1 1
vn 0.722236 0.631834 0.281356
v 0.213205 -0.481617 0.0850264 1 1 1
vn 0.92856 -0.00270359 0.371171
v 0.207346 -0.459467 0.099914 1 1 1
vn 0.898403 0.107391 0.42584
v 0.208347 -0.479234 -0.0953862 1 1 1
vn 0.900735 0.000233213 -0.434369
v 0.207847 -0.499837 -0.0968005 1 1 1
vn 0.893138 -0.0649619 -0.445066
v 0.20683 -0.446687 0.0620841 1 1 1
vn 0.380325 0.917079 0.119665
v 0.202999 -0.454045 0.10055 1 1 1
vn 0.677146 0.639443 0.364122
v 0.206577 -0.480007 0.100184 1 1 1
vn 0.893361 0.0115636 0.44919
v 0.208375 -0.499658 0.0980035 1 1 1
vn 0.897697 -0.110318 0.426579
v 0.202453 -0.459327 -0.106971 1 1 1
vn 0.868614 0.151208 -0.471854
v 0.203329 -0.453586 -0.0975887 1 1 1
vn 0.696763 0.62801 -0.34659
v 0.200659 -0.450538 -0.0958737 1 1 1
vn 0.50017 0.823207 -0.268626
v 0.199749 -0.446263 -0.0806232 1 1 1
vn 0.393474 0.903635 -0.169183
v 0.199048 -0.442327 -0.053792 1 1 1
vn 0.334623 0.937857 -0.0919335
v 0.208427 -0.0358339 -0.0004468 1 1 1
vn 0.997007 0.0746598 -0.0200582
v 0.204741 -0.0264671 0.0122543 1 1 1
vn 0.925178 0.378933 0.0213528
v 0.207727 -0.034442 0.0088089 1 1 1
vn 0.969502 -0.0692859 0.235087
v 0.201667 -0.450688 0.0949503 1 1 1
vn 0.482531 0.841896 0.241609
v 0.201628 -0.49894 0.110182 1 1 1
vn 0.864161 0.00762194 0.503158
v 0.199631 -0.48201 -0.111901 1 1 1
vn 0.874373 0.00476961 -0.485232
v 0.198376 -0.498916 -0.11463 1 1 1
vn 0.861319 -0.0105436 -0.507955
v 0.202828 0.380545 -0.018326 1 1 1
vn 0.613354 0.095258 -0.784043
v 0.204511 0.379612 -0.0157744 1 1 1
vn 0.947537 0.311605 -0.0712398
v 0.204186 0.373201 -0.0154106 1 1 1
vn 0.357616 -0.483278 -0.799095
v 0.203829 -0.0281875 -0.0182127 1 1 1
vn 0.447656 -0.268112 -0.853065
v 0.20315 -0.022743 -0.0158506 1 1 1
vn 0.924409 0.378404 -0.0477376
v 0.206741 -0.0330339 -0.0129133 1 1 1
vn 0.886851 -0.210601 -0.411269
v 0.207449 0.369799 -0.0065097 1 1 1
vn 0.996338 -0.0356974 -0.0776921
v 0.203871 0.368281 -0.0106536 1 1 1
vn 0.380727 -0.751405 -0.538922
v 0.193246 -0.437294 0.0003735 1 1 1
vn 0.296449 0.955047 0.00164296
v 0.204048 0.365219 -0.0017834 1 1 1
vn 0.462347 -0.886651 -0.0092816
v 0.198286 0.395815 -0.0137144 1 1 1
vn 0.924831 0.377808 -0.0441365
v 0.205396 0.376509 0.0144771 1 1 1
vn 0.949879 0.309299 0.0454397
v 0.204832 -0.0377764 -0.0087649 1 1 1
vn 0.518902 -0.773171 -0.364618
v 0.204017 -0.0404784 -0.0019032 1 1 1
vn 0.465101 -0.884811 -0.0281155
v 0.207164 0.370068 0.0065994 1 1 1
vn 0.978671 -0.147562 0.142928
v 0.204936 0.367703 0.0085357 1 1 1
vn 0.541083 -0.741809 0.396167
v 0.204418 -0.0382711 0.0086921 1 1 1
vn 0.485609 -0.797209 0.358666
v 0.204662 0.373257 0.0145932 1 1 1
vn 0.40886 -0.540895 0.735028
v 0.20486 -0.0332304 0.0143372 1 1 1
vn 0.475031 -0.560425 0.678431
v 0.202469 0.382022 0.0179339 1 1 1
vn 0.602874 0.0693443 0.794817
v 0.201107 0.376834 0.0178538 1 1 1
vn 0.218172 -0.361726 0.906397
v 0.203726 -0.0262179 0.0181068 1 1 1
vn 0.85017 0.270323 0.451816
v 0.200224 -0.0305445 0.0180764 1 1 1
vn 0.171668 -0.337331 0.925602
v 0.199215 -0.442702 0.0517895 1 1 1
vn 0.326995 0.940363 0.0937583
v 0.188828 -0.442528 0.0809879 1 1 1
vn 0.323663 0.93603 0.138169
v 0.196113 -0.44655 0.0878869 1 1 1
vn 0.382039 0.906929 0.177555
v 0.20002 -0.459763 0.112852 1 1 1
vn 0.838005 0.209707 0.503756
v 0.196673 -0.479054 0.117251 1 1 1
vn 0.85973 -0.00166909 0.510746
v 0.188842 -0.442064 -0.080089 1 1 1
vn 0.317665 0.937662 -0.140995
v 0.189171 -0.437042 -0.0285088 1 1 1
vn 0.259307 0.964736 -0.0452087
v 0.197873 0.39261 -0.01806 1 1 1
vn 0.107904 0.475375 -0.873141
v 0.198761 -0.0166741 -0.0187375 1 1 1
vn 0.133833 0.537696 -0.832449
v 0.1974 -0.0099445 -0.0115143 1 1 1
vn 0.719109 0.654619 -0.233144
v 0.195098 0.400815 -0.0092022 1 1 1
vn -0.156754 0.93811 -0.308833
v 0.196704 0.40091 0.0016793 1 1 1
vn 0.806161 0.591696 0.000529665
v 0.197405 -0.008459 -0.0023977 1 1 1
vn 0.855369 0.517656 -0.0193928
v 0.198062 0.396974 0.0132062 1 1 1
vn 0.906564 0.407669 0.109305
v 0.197535 -0.0094304 0.0081673 1 1 1
vn 0.881233 0.46736 0.0707347
v 0.198653 0.391235 0.0180187 1 1 1
vn 0.685712 0.383566 0.618608
v 0.189246 0.365612 0.0143489 1 1 1
vn 0.281405 -0.608766 0.741765
v 0.196437 -0.011458 0.0142334 1 1 1
vn -0.164137 0.799794 0.577398
v 0.197628 -0.0145518 0.0176769 1 1 1
vn 0.18592 0.565032 0.803848
v 0.191804 -0.0400491 0.014283 1 1 1
vn 0.299208 -0.623619 0.722201
v 0.196686 0.384134 0.0201674 1 1 1
vn 0.0333982 -0.00636682 0.999422
v 0.198075 -0.0219395 0.0201249 1 1 1
vn 0.0304509 0.0552177 0.99801
v 0.18881 -0.450548 0.117176 1 1 1
vn 0.489387 0.811777 0.318618
v 0.188979 -0.454179 -0.123172 1 1 1
vn 0.630449 0.649717 -0.424737
v 0.195484 -0.460162 -0.118847 1 1 1
vn 0.844177 0.137921 -0.518018
v 0.184322 -0.446234 -0.109236 1 1 1
vn 0.355282 0.909406 -0.21623
v 0.194618 0.396733 -0.0147442 1 1 1
vn -0.226796 0.694965 -0.682339
v 0.194351 -0.0093248 -0.0106722 1 1 1
vn -0.294777 0.864621 -0.406863
v 0.194089 0.402115 0.0009442 1 1 1
vn -0.264417 0.961791 0.0710013
v 0.194405 -0.0077426 -0.0011804 1 1 1
vn -0.125963 0.991925 -0.0147913
v 0.194166 -0.0090886 0.0091251 1 1 1
vn -0.276339 0.912225 0.302461
v 0.194984 0.400278 0.0102917 1 1 1
vn -0.224817 0.896217 0.38243
v 0.184628 -0.0478302 0.0090627 1 1 1
vn 0.411365 -0.850265 0.328373
v 0.193293 0.396862 0.0143267 1 1 1
vn -0.260947 0.710113 0.653946
v 0.194414 0.391908 0.0183026 1 1 1
vn -0.146318 0.420232 0.895542
v 0.18882 -0.43692 0.0258812 1 1 1
vn 0.244569 0.96819 0.0528532
v 0.191403 -0.499813 0.127058 1 1 1
vn 0.818243 -0.200809 0.53866
v 0.189954 -0.484507 0.128419 1 1 1
vn 0.807686 0.0121411 0.589488
v 0.191006 -0.461562 -0.126092 1 1 1
vn 0.814172 0.0227752 -0.580177
v 0.190737 -0.499837 -0.126639 1 1 1
vn 0.810506 -0.108973 -0.575504
v 0.186206 -0.458049 -0.131042 1 1 1
vn 0.710407 0.446442 -0.544069
v 0.18169 -0.436824 -0.0544283 1 1 1
vn 0.227387 0.970955 -0.0744387
v 0.182152 0.364371 -0.0157064 1 1 1
vn 0.246965 -0.572573 -0.781773
v 0.187548 -0.0148513 -0.0139776 1 1 1
vn -0.27686 0.655116 -0.702974
v 0.182877 -0.0111454 -0.0010662 1 1 1
vn -0.366807 0.929046 -0.0482327
v 0.184384 -0.0162896 0.0139301 1 1 1
vn -0.313166 0.689054 0.653553
v 0.182026 0.368769 0.0181209 1 1 1
vn 0.142896 -0.325119 0.934815
v 0.181723 -0.0235359 0.0183921 1 1 1
vn -0.199635 0.389714 0.899038
v 0.181267 -0.446295 0.114664 1 1 1
vn 0.363118 0.904413 0.224016
v 0.186479 -0.45417 0.127781 1 1 1
vn 0.663938 0.601639 0.444092
v 0.189506 -0.460182 0.129864 1 1 1
vn 0.81402 0.0554531 0.578183
v 0.179163 -0.499279 -0.141701 1 1 1
vn 0.779518 -0.0108783 -0.626286
v 0.185316 -0.450465 -0.121227 1 1 1
vn 0.468242 0.823292 -0.320843
v 0.175885 -0.440843 -0.0976817 1 1 1
vn 0.292345 0.939224 -0.179979
v 0.171406 -0.432779 0.0006627 1 1 1
vn 0.203225 0.979131 -0.00149546
v 0.178358 0.396506 -0.0006384 1 1 1
vn -0.383777 0.920038 -0.0790287
v 0.17359 0.38772 0.0145645 1 1 1
vn -0.287302 0.606528 0.741337
v 0.16667 0.378711 0.0180451 1 1 1
vn -0.167216 0.321652 0.931976
v 0.177622 0.377317 0.019448 1 1 1
vn -0.0967021 0.15019 0.983916
v 0.17964 -0.031892 0.01945 1 1 1
vn 0.00275086 -0.0449315 0.998986
v 0.172419 -0.0425755 0.0181926 1 1 1
vn 0.153306 -0.34004 0.927831
v 0.179904 -0.436978 0.0583427 1 1 1
vn 0.234913 0.968436 0.0833524
v 0.174167 0.387955 -0.014406 1 1 1
vn -0.286356 0.62625 -0.725129
v 0.175412 0.393007 -0.0093358 1 1 1
vn -0.375843 0.844862 -0.380723
v 0.16862 -0.0198177 -0.0094702 1 1 1
vn -0.370291 0.822634 -0.43146
v 0.179117 -0.0147995 0.0087723 1 1 1
vn -0.380824 0.873256 0.303969
v 0.164396 0.368542 0.0193738 1 1 1
vn -0.00365154 -0.0268694 0.999632
v 0.170048 -0.437485 0.0869446 1 1 1
vn 0.233942 0.963147 0.132738
v 0.175027 -0.441731 0.103052 1 1 1
vn 0.278274 0.943631 0.179231
v 0.176894 -0.453753 0.139764 1 1 1
vn 0.58514 0.650798 0.483811
v 0.178141 -0.45937 0.144184 1 1 1
vn 0.757822 0.164993 0.631255
v 0.176488 -0.477864 0.145047 1 1 1
vn 0.761268 0.00306268 0.64843
v 0.179097 -0.499343 0.143628 1 1 1
vn 0.77405 -0.0331495 0.632256
v 0.171331 -0.458927 -0.149954 1 1 1
vn 0.678119 0.396075 -0.619096
v 0.174214 -0.46215 -0.147859 1 1 1
vn 0.759516 0.0134224 -0.65035
v 0.171274 -0.446296 -0.128596 1 1 1
vn 0.354234 0.892818 -0.278199
v 0.174113 -0.437122 -0.0765489 1 1 1
vn 0.235485 0.965383 -0.112173
v 0.176479 0.394449 0.006308 1 1 1
vn -0.384878 0.894451 0.227654
v 0.16566 0.388258 0.0095086 1 1 1
vn -0.348016 0.765987 0.540508
v 0.16914 0.356579 0.0145684 1 1 1
vn 0.276775 -0.598597 0.751716
v 0.162602 0.348588 0.0092755 1 1 1
vn 0.359939 -0.77672 0.516866
v 0.19291 0.36257 0.0088053 1 1 1
vn 0.381018 -0.81941 0.428244
v 0.167169 -0.0517565 0.0141697 1 1 1
vn 0.277908 -0.594268 0.754727
v 0.171969 -0.450703 0.14064 1 1 1
vn 0.402964 0.852571 0.33278
v 0.169933 -0.454044 -0.147154 1 1 1
vn 0.593634 0.619038 -0.514189
v 0.165812 -0.450176 -0.1457 1 1 1
vn 0.44965 0.800523 -0.396204
v 0.156628 -0.442129 -0.131347 1 1 1
vn 0.276634 0.936114 -0.217172
v 0.167121 -0.432696 -0.0229917 1 1 1
vn 0.202733 0.978199 -0.0450144
v 0.176902 -0.049562 -0.0114648 1 1 1
vn 0.324622 -0.681809 -0.655559
v 0.185359 -0.0466388 -0.0101503 1 1 1
vn 0.394975 -0.8332 -0.387005
v 0.168848 -0.0543428 -0.010167 1 1 1
vn 0.382429 -0.818455 -0.428812
v 0.164327 -0.0264428 0.0144755 1 1 1
vn -0.289981 0.609679 0.737701
v 0.166564 -0.432483 0.0237214 1 1 1
vn 0.210287 0.9766 0.0450731
v 0.155118 -0.43176 0.0500092 1 1 1
vn 0.204509 0.976297 0.0708577
v 0.166642 -0.499943 -0.15575 1 1 1
vn 0.214983 -0.954161 -0.208229
v 0.160174 -0.4345 -0.0738851 1 1 1
vn 0.196073 0.976243 -0.0922258
v 0.166234 -0.434158 -0.0529285 1 1 1
vn 0.196881 0.978493 -0.0615618
v 0.163099 -0.0199329 -0.0011944 1 1 1
vn -0.413161 0.910615 0.00883073
v 0.166773 -0.0563182 0.0091651 1 1 1
vn 0.396508 -0.841615 0.366695
v 0.158408 0.358739 0.0182324 1 1 1
vn 0.128571 -0.296823 0.946238
v 0.164897 -0.032343 0.0182993 1 1 1
vn -0.172868 0.341982 0.923669
v 0.165268 -0.444137 0.128706 1 1 1
vn 0.293648 0.926359 0.235859
v 0.159773 -0.454376 0.1598 1 1 1
vn 0.532246 0.663973 0.525219
v 0.161915 -0.459253 0.162584 1 1 1
vn 0.695043 0.186315 0.694407
v 0.159357 -0.436853 -0.101683 1 1 1
vn 0.206294 0.968043 -0.142602
v 0.156943 -0.0252239 0.0092227 1 1 1
vn -0.372506 0.809833 0.453222
v 0.161734 -0.0410048 0.0191383 1 1 1
vn -0.018199 0.0195723 0.999643
v 0.161862 -0.478276 0.161463 1 1 1
vn 0.697457 -0.00244289 0.716623
v 0.163461 -0.498776 0.161129 1 1 1
vn 0.710242 0.0166132 0.703761
v 0.15887 -0.462534 -0.164187 1 1 1
vn 0.696625 0.0135722 -0.717307
v 0.150059 0.381063 -0.0093417 1 1 1
vn -0.378282 0.797943 -0.469244
v 0.14795 0.38252 -0.0001779 1 1 1
vn -0.425216 0.904782 0.0236801
v 0.150343 0.376641 0.0143838 1 1 1
vn -0.303661 0.611491 0.730663
v 0.154329 -0.434554 0.0862686 1 1 1
vn 0.195016 0.975264 0.104065
v 0.156816 -0.450644 0.157089 1 1 1
vn 0.386449 0.833474 0.394942
v 0.151252 -0.453844 -0.166021 1 1 1
vn 0.540291 0.609493 -0.580176
v 0.146802 -0.4462 -0.156612 1 1 1
vn 0.298617 0.901885 -0.312141
v 0.17042 -0.0567729 -0.001535 1 1 1
vn 0.431004 -0.899734 -0.0686623
v 0.153491 -0.0614094 -0.0104675 1 1 1
vn 0.383485 -0.807547 -0.448115
v 0.146036 -0.427156 0.0015931 1 1 1
vn 0.229554 0.973295 0.000988394
v 0.146647 0.379904 0.0086125 1 1 1
vn -0.400642 0.839188 0.367764
v 0.140557 -0.032319 0.0085841 1 1 1
vn -0.389024 0.860071 0.330058
v 0.154779 0.349669 0.0143915 1 1 1
vn 0.246012 -0.540105 0.804838
v 0.145514 0.366928 0.0182062 1 1 1
vn -0.151311 0.285305 0.946418
v 0.147101 -0.0406624 0.0181303 1 1 1
vn -0.1535 0.322998 0.933868
v 0.14245 -0.437645 0.126789 1 1 1
vn 0.220502 0.960311 0.170829
v 0.151227 -0.446473 0.151485 1 1 1
vn 0.31676 0.893567 0.318122
v 0.148037 -0.499624 -0.173566 1 1 1
vn 0.670068 -0.023955 -0.741913
v 0.141913 -0.450218 -0.169391 1 1 1
vn 0.391793 0.796622 -0.460317
v 0.146073 -0.434899 -0.101295 1 1 1
vn 0.185974 0.97495 -0.122007
v 0.137387 -0.427925 -0.0546712 1 1 1
vn 0.228348 0.970596 -0.0761669
v 0.168783 0.371201 -0.0196116 1 1 1
vn -0.0259565 0.0248629 -0.999354
v 0.137709 0.361358 -0.0186715 1 1 1
vn -0.107139 0.20302 -0.973296
v 0.165322 0.375841 -0.0187212 1 1 1
vn -0.140304 0.267088 -0.953404
v 0.144649 -0.427714 -0.0248717 1 1 1
vn 0.246911 0.967858 -0.0478187
v 0.138312 -0.0380883 0.0142149 1 1 1
vn -0.292212 0.634913 0.71519
v 0.140751 -0.0572894 0.0180397 1 1 1
vn 0.152931 -0.339306 0.928162
v 0.142889 -0.0626079 0.0145514 1 1 1
vn 0.283391 -0.603064 0.745657
v 0.144681 -0.0489702 0.0191283 1 1 1
vn 0.00346768 -0.0195447 0.999803
v 0.145937 -0.442795 0.144829 1 1 1
vn 0.24988 0.936199 0.247165
v 0.148042 0.370228 -0.0174488 1 1 1
vn -0.228806 0.4313 -0.872713
v 0.155765 -0.0306609 -0.0148098 1 1 1
vn -0.293312 0.6263 -0.722299
v 0.139997 -0.0328605 -0.0091817 1 1 1
vn -0.378445 0.81703 -0.435018
v 0.139552 -0.0306912 -0.0004129 1 1 1
vn -0.41569 0.909389 -0.0146292
v 0.137815 0.342045 0.0144246 1 1 1
vn 0.26566 -0.590504 0.762057
v 0.147301 -0.0653459 0.0090938 1 1 1
vn 0.400167 -0.832129 0.383965
v 0.134767 -0.425278 0.0241472 1 1 1
vn 0.254528 0.965435 0.0561332
v 0.141422 -0.451834 0.172918 1 1 1
vn 0.393617 0.776218 0.492495
v 0.144222 -0.461917 0.177815 1 1 1
vn 0.638501 -0.0248722 0.769219
v 0.145322 -0.48229 0.176385 1 1 1
vn 0.637184 0.021995 0.770397
v 0.147995 -0.499645 0.175067 1 1 1
vn 0.637322 -0.119298 0.761307
v 0.138138 -0.4419 -0.150236 1 1 1
vn 0.223757 0.939838 -0.25814
v 0.134057 -0.437229 -0.135667 1 1 1
vn 0.191882 0.963448 -0.186948
v 0.133984 -0.0474042 -0.0183614 1 1 1
vn -0.163272 0.327583 -0.930608
v 0.141916 -0.038657 -0.0159803 1 1 1
vn -0.258982 0.55115 -0.793197
v 0.162629 -0.0343974 -0.0186929 1 1 1
vn -0.140119 0.28135 -0.94932
v 0.139282 0.378285 -0.0018528 1 1 1
vn -0.437831 0.887819 -0.141706
v 0.134704 0.347615 0.0179737 1 1 1
vn 0.146515 -0.333254 0.931383
v 0.132169 0.353269 0.0188494 1 1 1
vn -0.00215926 -0.0166974 0.999858
v 0.138745 -0.459777 0.182116 1 1 1
vn 0.56581 0.263975 0.781138
v 0.125693 -0.434049 -0.122838 1 1 1
vn 0.168276 0.973117 -0.157244
v 0.131987 -0.431247 -0.0986082 1 1 1
vn 0.204833 0.969386 -0.135403
v 0.125347 -0.0511142 0.0181268 1 1 1
vn -0.151405 0.30717 0.939534
v 0.133159 -0.42599 0.0414031 1 1 1
vn 0.251592 0.963631 0.0900956
v 0.128321 -0.427706 0.0723349 1 1 1
vn 0.211524 0.972156 0.100847
v 0.13106 -0.498877 0.188257 1 1 1
vn 0.572895 0.0216095 0.819344
v 0.143592 -0.462261 -0.177784 1 1 1
vn 0.628959 0.00881132 -0.777388
v 0.130022 -0.46106 -0.188116 1 1 1
vn 0.583427 0.100986 -0.805862
v 0.150495 -0.459324 -0.170854 1 1 1
vn 0.593893 0.428474 -0.680956
v 0.136153 -0.499893 -0.183497 1 1 1
vn 0.126004 -0.978998 -0.160267
v 0.126524 -0.454164 -0.186495 1 1 1
vn 0.489014 0.561477 -0.66754
v 0.151149 0.341088 -0.0021263 1 1 1
vn 0.407753 -0.877952 -0.250875
v 0.127576 0.331249 -0.0058582 1 1 1
vn 0.403212 -0.849004 -0.341485
v 0.136052 0.337337 -0.0101352 1 1 1
vn 0.359176 -0.765055 -0.534493
v 0.125108 -0.421608 0.0017572 1 1 1
vn 0.291974 0.956401 0.00699864
v 0.128903 0.371416 0.0082205 1 1 1
vn -0.396257 0.809739 0.432786
v 0.129623 0.366555 0.0142219 1 1 1
vn -0.295675 0.596467 0.746193
v 0.132266 -0.432168 0.104622 1 1 1
vn 0.198756 0.971575 0.1286
v 0.129844 -0.435072 0.125384 1 1 1
vn 0.179393 0.967874 0.176177
v 0.127852 -0.437535 0.141487 1 1 1
vn 0.192809 0.952745 0.234736
v 0.13289 -0.444941 0.164204 1 1 1
vn 0.247655 0.918914 0.307025
v 0.130144 -0.478881 0.187505 1 1 1
vn 0.569391 0.00525799 0.82205
v 0.124588 -0.42691 -0.0755903 1 1 1
vn 0.213447 0.970644 -0.110859
v 0.123424 -0.42322 -0.0449864 1 1 1
vn 0.283674 0.954447 -0.0925247
v 0.12822 -0.423081 -0.0231753 1 1 1
vn 0.295246 0.954428 -0.0435517
v 0.147676 0.347739 -0.014881 1 1 1
vn 0.238311 -0.524711 -0.817243
v 0.129285 0.339098 -0.0146865 1 1 1
vn 0.252146 -0.539704 -0.803207
v 0.112922 0.322988 -0.0015272 1 1 1
vn 0.418792 -0.894781 -0.154855
v 0.151152 0.341152 0.0015769 1 1 1
vn 0.417001 -0.899221 0.13233
v 0.12738 -0.0362478 -0.0003927 1 1 1
vn -0.413133 0.910276 -0.0268121
v 0.148113 -0.0674749 -0.0014407 1 1 1
vn 0.437981 -0.898867 -0.0144838
v 0.131863 -0.0732 0.0089614 1 1 1
vn 0.3978 -0.832849 0.384862
v 0.132398 -0.0752437 -0.0009962 1 1 1
vn 0.426343 -0.903968 0.0327664
v 0.130464 0.359578 0.0180263 1 1 1
vn -0.155367 0.310725 0.937716
v 0.123174 -0.0585877 0.0188743 1 1 1
vn -0.00564493 -0.00896389 0.999944
v 0.123203 -0.454166 0.189073 1 1 1
vn 0.421334 0.603412 0.677031
v 0.120883 -0.446123 -0.177316 1 1 1
vn 0.268709 0.891377 -0.365024
v 0.129194 -0.0428377 -0.0146146 1 1 1
vn -0.285996 0.610018 -0.738975
v 0.123001 -0.0408857 -0.0094048 1 1 1
vn -0.366288 0.792999 -0.486811
v 0.11937 -0.047055 0.0145203 1 1 1
vn -0.278057 0.5951 0.754016
v 0.1243 -0.0718979 0.0142578 1 1 1
vn 0.267753 -0.577236 0.771432
v 0.121883 -0.0651853 0.0182016 1 1 1
vn 0.141014 -0.314405 0.938757
v 0.1208 -0.450366 -0.185539 1 1 1
vn 0.331264 0.801452 -0.497934
v 0.111477 -0.442324 -0.172422 1 1 1
vn 0.194857 0.938513 -0.284997
v 0.11153 0.364011 0.0045502 1 1 1
vn -0.43862 0.883638 0.1637
v 0.121045 0.334503 0.0144359 1 1 1
vn 0.250409 -0.528299 0.811292
v 0.131709 0.334087 0.0087926 1 1 1
vn 0.362117 -0.780411 0.509736
v 0.118991 0.360258 0.0149778 1 1 1
vn -0.26535 0.527136 0.80729
v 0.112884 0.350149 0.0182048 1 1 1
vn -0.132176 0.24833 0.959615
v 0.104427 -0.425 0.0904597 1 1 1
vn 0.200113 0.968222 0.150005
v 0.115026 -0.446373 0.180706 1 1 1
vn 0.257859 0.885763 0.385918
v 0.115509 -0.450615 0.189012 1 1 1
vn 0.288003 0.841004 0.458003
v 0.116957 -0.460278 0.196543 1 1 1
vn 0.515408 0.0649567 0.85448
v 0.117852 -0.46156 -0.19625 1 1 1
vn 0.521488 0.101988 -0.847142
v 0.12498 -0.499791 -0.191583 1 1 1
vn 0.561287 -0.0082345 -0.82758
v 0.109251 -0.437098 -0.154545 1 1 1
vn 0.161344 0.962376 -0.218635
v 0.108498 -0.426361 -0.096085 1 1 1
vn 0.189635 0.969091 -0.157802
v 0.111413 -0.422751 -0.0680025 1 1 1
vn 0.246626 0.959055 -0.139242
v 0.121609 0.350878 -0.0190105 1 1 1
vn -0.0256721 0.0466686 -0.99858
v 0.116564 0.353133 -0.017982 1 1 1
vn -0.17501 0.344604 -0.92229
v 0.112723 0.357751 -0.0143846 1 1 1
vn -0.296323 0.596017 -0.746295
v 0.118241 0.365536 -0.0090259 1 1 1
vn -0.404787 0.809667 -0.424954
v 0.141345 0.372036 -0.0143151 1 1 1
vn -0.299647 0.600673 -0.741218
v 0.108859 -0.416508 -0.0219317 1 1 1
vn 0.364334 0.929393 -0.059067
v 0.132592 0.372871 -0.0089721 1 1 1
vn -0.39234 0.79457 -0.463386
v 0.115184 -0.0438356 0.0085687 1 1 1
vn -0.378259 0.827629 0.41467
v 0.115839 0.339628 0.0180402 1 1 1
vn 0.134063 -0.293111 0.946633
v 0.113392 -0.423357 0.0655426 1 1 1
vn 0.246232 0.960063 0.13285
v 0.117618 -0.431565 0.119227 1 1 1
vn 0.169073 0.972301 0.161382
v 0.107645 -0.443005 0.176105 1 1 1
vn 0.192933 0.938448 0.286516
v 0.117804 -0.484331 0.195666 1 1 1
vn 0.506454 0.0201339 0.862032
v 0.119721 0.329629 -0.0101034 1 1 1
vn 0.331881 -0.710724 -0.620263
v 0.114052 0.333036 -0.0154504 1 1 1
vn 0.233806 -0.495428 -0.836592
v 0.10413 0.358306 0.0093831 1 1 1
vn -0.380208 0.759318 0.528089
v 0.105931 -0.0733371 0.0178798 1 1 1
vn 0.147105 -0.323668 0.934665
v 0.104379 -0.415935 0.0227865 1 1 1
vn 0.3652 0.927448 0.0804318
v 0.0971595 -0.437551 0.16455 1 1 1
vn 0.155546 0.959988 0.232871
v 0.113276 -0.499789 0.199303 1 1 1
vn 0.493829 -0.0299867 0.869042
v 0.107851 -0.453939 -0.198063 1 1 1
vn 0.413755 0.568693 -0.710911
v 0.108399 -0.433772 -0.136926 1 1 1
vn 0.141978 0.973318 -0.180259
v 0.101801 -0.415852 -0.0399722 1 1 1
vn 0.356683 0.921909 -0.151198
v 0.109516 -0.052315 -0.0147089 1 1 1
vn -0.263806 0.557815 -0.786924
v 0.108299 -0.0473199 -0.0090577 1 1 1
vn -0.378365 0.82689 -0.416044
v 0.0941004 -0.0514152 -0.0006483 1 1 1
vn -0.409488 0.903978 -0.123059
v 0.0970267 -0.0506589 0.0033235 1 1 1
vn -0.402069 0.88636 0.229578
v 0.0998135 0.324024 0.0143337 1 1 1
vn 0.276091 -0.576313 0.769179
v 0.0984659 -0.415902 0.0406443 1 1 1
vn 0.317795 0.940723 0.118519
v 0.100384 -0.446093 -0.190384 1 1 1
vn 0.233405 0.890518 -0.390512
v 0.096442 0.354541 -0.0094024 1 1 1
vn -0.38911 0.779271 -0.491254
v 0.108044 -0.415582 0.0001274 1 1 1
vn 0.418592 0.908036 0.0158719
v 0.0871324 0.352315 -0.0013585 1 1 1
vn -0.442936 0.885992 -0.137211
v 0.101114 0.352234 0.0142715 1 1 1
vn -0.288887 0.562312 0.774822
v 0.0959419 -0.0579423 0.0142652 1 1 1
vn -0.258477 0.539935 0.801037
v 0.105975 -0.0607339 0.0180861 1 1 1
vn -0.131708 0.258312 0.957041
v 0.10234 -0.0821604 0.0140968 1 1 1
vn 0.273726 -0.591811 0.758178
v 0.0991558 0.336334 0.0185732 1 1 1
vn -0.00582285 -0.0102521 0.99993
v 0.104728 -0.0676793 0.018579 1 1 1
vn -0.00101209 -0.0181494 0.999835
v 0.0935003 -0.415673 0.0488369 1 1 1
vn 0.318897 0.926587 0.199353
v 0.0903741 -0.424716 0.104411 1 1 1
vn 0.157655 0.9699 0.185579
v 0.0945445 -0.430777 0.135112 1 1 1
vn 0.138027 0.971185 0.19429
v 0.10445 -0.462034 -0.203952 1 1 1
vn 0.461757 0.110424 -0.880106
v 0.0937328 -0.416536 -0.0588127 1 1 1
vn 0.304829 0.927139 -0.217929
v 0.093147 -0.054738 0.0094552 1 1 1
vn -0.363991 0.783641 0.503406
v 0.0938423 0.328729 0.0179601 1 1 1
vn 0.12842 -0.280516 0.95122
v 0.0966746 0.342272 0.0179457 1 1 1
vn -0.163809 0.30858 0.936987
v 0.0868876 -0.445586 0.195276 1 1 1
vn 0.175864 0.919063 0.352696
v 0.0941682 -0.450271 0.200784 1 1 1
vn 0.253321 0.806816 0.533739
v 0.0977241 -0.459705 0.207007 1 1 1
vn 0.431175 0.249751 0.867014
v 0.0997886 -0.485094 0.205622 1 1 1
vn 0.430879 0.0399428 0.901525
v 0.0987646 -0.498874 0.20689 1 1 1
vn 0.42646 0.00239006 0.904503
v 0.0982279 -0.449849 -0.198367 1 1 1
vn 0.280096 0.801272 -0.528687
v 0.0899147 -0.419504 -0.0784227 1 1 1
vn 0.207872 0.960304 -0.186024
v 0.124112 -0.0714345 -0.0144006 1 1 1
vn 0.247981 -0.542157 -0.802852
v 0.110991 -0.0819954 -0.0097151 1 1 1
vn 0.361136 -0.783608 -0.505509
v 0.104511 -0.0795848 -0.0148328 1 1 1
vn 0.237295 -0.517589 -0.822066
v 0.100065 0.325064 -0.0147137 1 1 1
vn 0.258782 -0.532647 -0.805804
v 0.104467 0.321156 -0.0078963 1 1 1
vn 0.391069 -0.825023 -0.407923
v 0.0961141 0.318446 -0.0102295 1 1 1
vn 0.334518 -0.66071 -0.671982
v 0.095018 -0.454263 0.204668 1 1 1
vn 0.332224 0.599035 0.728549
v 0.0983507 -0.471357 0.20629 1 1 1
vn 0.434308 -0.0167957 0.900608
v 0.0893986 -0.461497 -0.211247 1 1 1
vn 0.389424 0.0798454 -0.917591
v 0.0935902 -0.453872 -0.2056 1 1 1
vn 0.34871 0.566577 -0.746587
v 0.0880151 -0.437409 -0.170344 1 1 1
vn 0.131697 0.960585 -0.244811
v 0.0902196 -0.424854 -0.10489 1 1 1
vn 0.154192 0.968938 -0.19335
v 0.091453 -0.407247 -0.0207565 1 1 1
vn 0.511426 0.853284 -0.101734
v 0.0865789 0.344857 -0.014186 1 1 1
vn -0.307409 0.602976 -0.736152
v 0.0967157 -0.0525394 -0.0085565 1 1 1
vn -0.377986 0.828497 -0.413182
v 0.0900446 0.353212 0.0043565 1 1 1
vn -0.44052 0.87737 0.190168
v 0.0854318 -0.445585 -0.197029 1 1 1
vn 0.160192 0.925502 -0.343197
v 0.0873182 -0.433611 -0.150715 1 1 1
vn 0.111085 0.974309 -0.195914
v 0.0981315 -0.0872152 -0.0108342 1 1 1
vn 0.327813 -0.690608 -0.64467
v 0.0886399 -0.0874351 -0.0146009 1 1 1
vn 0.257668 -0.550671 -0.793958
v 0.0934504 -0.407524 0.000176 1 1 1
vn 0.545172 0.837772 0.0304197
v 0.0905063 -0.408236 0.0203173 1 1 1
vn 0.520415 0.841891 0.142785
v 0.0848178 0.343442 0.0144902 1 1 1
vn -0.299303 0.584964 0.753814
v 0.0905401 -0.0683316 0.0180818 1 1 1
vn -0.129576 0.261242 0.956537
v 0.0860943 -0.0823912 0.0178729 1 1 1
vn 0.168428 -0.360702 0.917347
v 0.0821435 0.332507 0.0182541 1 1 1
vn -0.0656966 0.100966 0.992718
v 0.0842836 -0.0785867 0.0184499 1 1 1
vn 0.00979813 -0.0306297 0.999483
v 0.0809309 -0.415613 0.067294 1 1 1
vn 0.258847 0.946099 0.194666
v 0.0799205 -0.426535 0.121453 1 1 1
vn 0.116565 0.973271 0.19788
v 0.0871083 -0.407506 -0.0341445 1 1 1
vn 0.490669 0.843816 -0.217296
v 0.0937143 -0.0593213 -0.014513 1 1 1
vn -0.285727 0.613469 -0.736217
v 0.0828222 -0.0594909 -0.0096236 1 1 1
vn -0.364889 0.768256 -0.525964
v 0.0837661 -0.408123 0.0371966 1 1 1
vn 0.487507 0.840698 0.235721
v 0.0792165 -0.459694 0.21466 1 1 1
vn 0.358368 0.165704 0.918757
v 0.0800519 -0.449771 -0.206457 1 1 1
vn 0.213861 0.800777 -0.559482
v 0.0779096 -0.426657 -0.121877 1 1 1
vn 0.116832 0.969547 -0.215242
v 0.0729304 -0.415872 -0.0805055 1 1 1
vn 0.253424 0.920294 -0.298053
v 0.0797492 -0.407399 -0.0482475 1 1 1
vn 0.402843 0.870325 -0.283288
v 0.0785196 -0.397018 -0.019159 1 1 1
vn 0.652012 0.740713 -0.161939
v 0.0813988 -0.398069 -0.0010077 1 1 1
vn 0.665599 0.744915 0.0455976
v 0.0776262 -0.059299 0.0034712 1 1 1
vn -0.408854 0.880305 0.240629
v 0.0810532 0.347345 0.0084516 1 1 1
vn -0.387068 0.759154 0.52332
v 0.0814317 -0.401141 0.0191977 1 1 1
vn 0.616515 0.764654 0.187654
v 0.0811128 -0.0917034 0.0143839 1 1 1
vn 0.262057 -0.558184 0.787246
v 0.0823197 -0.0962159 0.0085568 1 1 1
vn 0.388963 -0.823761 0.412463
v 0.0766617 0.320276 0.0177976 1 1 1
vn 0.111797 -0.251826 0.961293
v 0.079203 0.313828 0.0141074 1 1 1
vn 0.281577 -0.584866 0.760688
v 0.0746463 -0.407926 0.0510348 1 1 1
vn 0.40793 0.856594 0.315974
v 0.0807641 -0.479287 0.213471 1 1 1
vn 0.374499 0.0142374 0.927118
v 0.078509 -0.499406 0.215694 1 1 1
vn 0.368435 0.0167494 0.929502
v 0.0728706 -0.418836 -0.0914592 1 1 1
vn 0.183049 0.957507 -0.222875
v 0.07816 -0.40074 -0.0320848 1 1 1
vn 0.562271 0.793445 -0.233015
v 0.0764688 -0.0595273 -0.0019552 1 1 1
vn -0.418126 0.886537 -0.198049
v 0.0753116 -0.0631715 0.0096828 1 1 1
vn -0.366674 0.762559 0.532968
v 0.0710252 0.335608 0.0150512 1 1 1
vn -0.244888 0.461317 0.85277
v 0.0673769 -0.415366 0.0804563 1 1 1
vn 0.210986 0.945787 0.246927
v 0.0730832 -0.431111 0.148593 1 1 1
vn 0.0921113 0.97332 0.210153
v 0.0784126 -0.437565 0.175422 1 1 1
vn 0.116997 0.956593 0.26691
v 0.0714492 -0.453618 -0.214156 1 1 1
vn 0.241504 0.654457 -0.716493
v 0.0697941 -0.407148 -0.058215 1 1 1
vn 0.389366 0.829091 -0.401251
v 0.0712812 -0.399219 -0.0420965 1 1 1
vn 0.57507 0.739251 -0.350432
v 0.0703135 0.341568 -0.0091111 1 1 1
vn -0.412261 0.812041 -0.413075
v 0.071305 -0.0700722 0.0145789 1 1 1
vn -0.268824 0.549853 0.79082
v 0.0684317 -0.0770379 0.017032 1 1 1
vn -0.180696 0.348398 0.919765
v 0.0620502 -0.0845282 0.0182365 1 1 1
vn -0.0665467 0.129809 0.989303
v 0.0741417 -0.40089 0.0366854 1 1 1
vn 0.605435 0.731378 0.313901
v 0.0647457 -0.446597 0.206039 1 1 1
vn 0.128745 0.896887 0.423105
v 0.0716206 -0.462674 -0.218007 1 1 1
vn 0.319691 0.0545711 -0.945949
v 0.0761438 -0.48381 -0.21619 1 1 1
vn 0.338034 -0.00363471 -0.941127
v 0.0626837 -0.445824 -0.206204 1 1 1
vn 0.112451 0.915338 -0.386666
v 0.0670115 -0.437829 -0.181404 1 1 1
vn 0.0925886 0.956946 -0.275103
v 0.0529924 -0.426645 -0.133869 1 1 1
vn 0.0845177 0.970604 -0.225353
v 0.0642703 -0.421185 -0.106703 1 1 1
vn 0.146025 0.958484 -0.244918
v 0.0853002 0.312563 -0.0097723 1 1 1
vn 0.393649 -0.785746 -0.47712
v 0.0844035 0.308884 -0.0013294 1 1 1
vn 0.445993 -0.894753 -0.0225059
v 0.0720502 0.305869 -0.0094666 1 1 1
vn 0.379897 -0.783108 -0.492361
v 0.0622782 0.338882 0.0054115 1 1 1
vn -0.439328 0.859871 0.260024
v 0.0749904 -0.394959 0.0183213 1 1 1
vn 0.699525 0.688281 0.192181
v 0.0648847 -0.0919498 0.0180169 1 1 1
vn 0.123201 -0.273228 0.954027
v 0.062871 0.320885 0.0181615 1 1 1
vn -0.0114146 0.00548506 0.99992
v 0.0552143 -0.425039 0.126714 1 1 1
vn 0.0884427 0.970797 0.223005
v 0.0639994 -0.433959 -0.16262 1 1 1
vn 0.0646577 0.976648 -0.204886
v 0.0726601 -0.0996971 -0.0101247 1 1 1
vn 0.339628 -0.742998 -0.57672
v 0.0716877 -0.0948007 -0.0149009 1 1 1
vn 0.21513 -0.469088 -0.856548
v 0.0715522 -0.389005 -0.0152321 1 1 1
vn 0.29039 0.955456 -0.0527093
v 0.062293 -0.0693894 -0.009452 1 1 1
vn -0.378252 0.769164 -0.515085
v 0.0729984 -0.389353 0.0001416 1 1 1
vn 0.672055 0.737896 0.0620583
v 0.0696159 -0.388969 0.0183835 1 1 1
vn 0.108959 0.99359 0.0301177
v 0.062993 0.33713 0.0096514 1 1 1
vn -0.361439 0.703266 0.612192
v 0.0679155 0.328721 0.0170102 1 1 1
vn -0.159839 0.309201 0.937468
v 0.0618888 0.311928 0.0170653 1 1 1
vn 0.133424 -0.283111 0.949761
v 0.0648756 -0.400918 0.0500656 1 1 1
vn 0.528985 0.718585 0.451454
v 0.0639551 -0.422311 0.111493 1 1 1
vn 0.13532 0.962811 0.233845
v 0.0605527 -0.442558 0.196895 1 1 1
vn 0.105118 0.939284 0.326642
v 0.0617795 -0.451194 0.215312 1 1 1
vn 0.244565 0.695365 0.675763
v 0.0674258 -0.459842 0.218925 1 1 1
vn 0.285317 0.235258 0.929111
v 0.0680981 -0.476704 0.218069 1 1 1
vn 0.303911 0.0060264 0.952681
v 0.0793344 -0.457123 -0.213489 1 1 1
vn 0.318879 0.401157 -0.858714
v 0.0585252 -0.45768 -0.220665 1 1 1
vn 0.266212 0.417507 -0.868803
v 0.0529799 -0.450107 -0.215739 1 1 1
vn 0.145829 0.811832 -0.565387
v 0.0465427 -0.42261 -0.120402 1 1 1
vn 0.103069 0.958071 -0.267353
v 0.0577656 -0.407672 -0.0699601 1 1 1
vn 0.312974 0.853383 -0.416875
v 0.0608803 -0.396635 -0.0504878 1 1 1
vn 0.517589 0.692426 -0.502641
v 0.0637609 -0.388974 -0.0373314 1 1 1
vn 0.344928 0.917778 -0.196746
v 0.0530566 -0.0708 -0.0020651 1 1 1
vn -0.423098 0.883536 -0.200877
v 0.0520797 0.334826 -0.0009968 1 1 1
vn -0.457961 0.887717 -0.047222
v 0.0597834 -0.0678267 0.0031221 1 1 1
vn -0.424094 0.875036 0.233358
v 0.0676236 0.303173 0.0087169 1 1 1
vn 0.399299 -0.803187 0.442098
v 0.083385 0.310925 0.0085598 1 1 1
vn 0.411633 -0.834174 0.367031
v 0.0528845 -0.0739681 0.0093459 1 1 1
vn -0.365454 0.757525 0.540924
v 0.0553048 -0.104012 0.0143074 1 1 1
vn 0.241177 -0.583252 0.775662
v 0.0656657 -0.103811 0.0091421 1 1 1
vn 0.361387 -0.79712 0.483734
v 0.0646467 -0.389776 0.0323954 1 1 1
vn 0.626137 0.694525 0.354382
v 0.0629809 -0.407296 0.0619495 1 1 1
vn 0.404693 0.815534 0.413676
v 0.0650032 -0.499772 0.220182 1 1 1
vn 0.27548 -0.0578624 0.959564
v 0.0570483 0.328854 0.0146095 1 1 1
vn -0.268644 0.539088 0.798257
v 0.0536111 -0.437522 0.183563 1 1 1
vn 0.0702181 0.968584 0.238566
v 0.0518076 -0.400493 -0.0633077 1 1 1
vn 0.415376 0.74464 -0.52247
v 0.0509945 -0.388725 -0.0267852 1 1 1
vn 0.00583501 0.999979 -0.00280073
v 0.0672613 -0.0730103 -0.0148564 1 1 1
vn -0.264507 0.523702 -0.809798
v 0.0468952 -0.077793 -0.010463 1 1 1
vn -0.335059 0.736737 -0.587328
v 0.0711897 -0.103905 -0.0011435 1 1 1
vn 0.417752 -0.904121 -0.0897122
v 0.0536149 -0.111441 -0.0022895 1 1 1
vn 0.360653 -0.922587 -0.136978
v 0.0542167 -0.109296 -0.0077086 1 1 1
vn 0.376373 -0.852463 -0.362836
v 0.0544547 0.302498 0.014516 1 1 1
vn 0.257024 -0.518042 0.815826
v 0.0484018 -0.082108 0.0150217 1 1 1
vn -0.23709 0.489602 0.839094
v 0.0544377 -0.38894 0.0468797 1 1 1
vn 0.0554257 0.99741 0.0458361
v 0.0574993 -0.394989 0.0499387 1 1 1
vn 0.565155 0.633373 0.528619
v 0.0547934 -0.408216 0.0709915 1 1 1
vn 0.324741 0.827978 0.457161
v 0.0475004 -0.45082 0.218774 1 1 1
vn 0.17914 0.670049 0.720377
v 0.0509629 -0.460267 0.223696 1 1 1
vn 0.238818 0.174202 0.955311
v 0.0515904 -0.477422 0.222626 1 1 1
vn 0.23591 0.00676704 0.971751
v 0.047722 -0.453526 -0.220986 1 1 1
vn 0.161174 0.594884 -0.787487
v 0.046393 -0.415699 -0.0970854 1 1 1
vn 0.151461 0.934206 -0.322984
v 0.0430013 -0.407623 -0.0797762 1 1 1
vn 0.240817 0.870113 -0.430012
v 0.0498971 -0.389395 -0.0535104 1 1 1
vn 0.454291 0.704743 -0.544938
v 0.0478135 0.329818 0.0091841 1 1 1
vn -0.342889 0.711179 0.61372
v 0.0507767 0.31912 0.017558 1 1 1
vn -0.123266 0.250838 0.960149
v 0.0434351 0.307262 0.017974 1 1 1
vn 0.0665674 -0.0902476 0.993692
v 0.0539524 -0.0972995 0.0178673 1 1 1
vn 0.095456 -0.254989 0.962221
v 0.0463432 -0.396089 0.0611263 1 1 1
vn 0.445456 0.694394 0.565142
v 0.0473057 -0.414968 0.092602 1 1 1
vn 0.183563 0.92987 0.318821
v 0.0481452 -0.430787 0.15546 1 1 1
vn 0.0619154 0.973686 0.219324
v 0.0336524 -0.428122 -0.144691 1 1 1
vn 0.0435948 0.969025 -0.243083
v 0.0537077 -0.394631 -0.0548931 1 1 1
vn 0.480067 0.62558 -0.614968
v 0.0531613 0.326746 -0.0148272 1 1 1
vn -0.276556 0.546796 -0.790273
v 0.0465542 0.329036 -0.0093672 1 1 1
vn -0.407422 0.790522 -0.457255
v 0.0588552 0.33503 -0.0099894 1 1 1
vn -0.341916 0.6554 -0.673457
v 0.03809 -0.0783737 0.0031847 1 1 1
vn -0.404623 0.878533 0.253891
v 0.0478695 0.293941 0.0095196 1 1 1
vn 0.346734 -0.685517 0.640189
v 0.0507143 0.306941 0.0171937 1 1 1
vn 0.135765 -0.356886 0.92423
v 0.0412436 -0.0929682 0.0178846 1 1 1
vn -0.125858 0.243214 0.961773
v 0.0478195 -0.0942951 0.0185655 1 1 1
vn -0.00313947 -0.0132056 0.999908
v 0.0452744 -0.407597 0.076598 1 1 1
vn 0.287405 0.822444 0.490901
v 0.0359694 -0.442674 0.203603 1 1 1
vn 0.0549214 0.926369 0.372592
v 0.0488356 -0.498656 0.22443 1 1 1
vn 0.219524 0.0194795 0.975413
v 0.0305682 -0.437621 -0.190342 1 1 1
vn 0.0450056 0.972545 -0.22832
v 0.0308362 -0.433912 -0.17051 1 1 1
vn 0.0300399 0.977985 -0.2065
v 0.041059 -0.398915 -0.0682802 1 1 1
vn 0.375385 0.708645 -0.597418
v 0.0403352 0.320609 0.0148789 1 1 1
vn -0.2249 0.500389 0.836081
v 0.04136 0.312829 0.0178905 1 1 1
vn -0.0586159 0.224016 0.972821
v 0.0282474 -0.388821 0.0499174 1 1 1
vn 0.00172046 0.999983 0.00555484
v 0.0380136 -0.415832 0.0986208 1 1 1
vn 0.100129 0.944532 0.312785
v 0.0322637 -0.437781 0.190182 1 1 1
vn 0.0487816 0.961462 0.270575
v 0.0271955 -0.446374 -0.214814 1 1 1
vn 0.0542554 0.896374 -0.439966
v 0.0334223 -0.442008 -0.203042 1 1 1
vn 0.0601515 0.940733 -0.333771
v 0.0367058 -0.389011 -0.0613142 1 1 1
vn 0.0690958 0.987437 -0.142106
v 0.0480823 0.499144 -0.000896 1 1 1
vn 0.999079 0.0378221 -0.0202491
v 0.0447425 0.478193 -0.0010827 1 1 1
vn 0.983063 -0.180582 -0.0312639
v 0.0464401 0.499131 -0.0121363 1 1 1
vn 0.963761 -0.154488 -0.217482
v 0.0343464 -0.0794265 -0.00242 1 1 1
vn 0.55543 0.777639 -0.294575
v 0.0458363 0.500235 0.0109641 1 1 1
vn 0.00161689 0.999952 0.00970355
v 0.035045 0.32573 -0.0006387 1 1 1
vn 0.731597 0.679928 -0.0496307
v 0.0468565 0.498878 0.0100796 1 1 1
vn 0.977206 -0.133045 0.16543
v 0.0334403 0.323169 0.0088298 1 1 1
vn -0.10381 0.892288 0.43937
v 0.044193 0.49905 0.0195531 1 1 1
vn 0.911239 -0.145017 0.385505
v 0.0412694 0.296005 0.0144224 1 1 1
vn 0.263987 -0.483863 0.834379
v 0.0289112 -0.108304 0.0168163 1 1 1
vn 0.319707 -0.352536 0.879492
v 0.0413119 -0.389157 0.0583995 1 1 1
vn 0.272291 0.876338 0.397353
v 0.0349124 -0.4602 0.2271 1 1 1
vn 0.169941 0.096639 0.980704
v 0.0294905 -0.449697 -0.219591 1 1 1
vn 0.0795547 0.787425 -0.611256
v 0.0349689 -0.407703 -0.0843525 1 1 1
vn 0.193939 0.805684 -0.559698
v 0.0299562 -0.399365 -0.0746653 1 1 1
vn 0.260237 0.725921 -0.636644
v 0.0400408 0.499097 -0.0265115 1 1 1
vn 0.797413 -0.124597 -0.59043
v 0.0417446 0.472829 -0.012123 1 1 1
vn 0.938668 -0.193637 -0.28532
v 0.0397494 0.455161 -0.0010274 1 1 1
vn 0.978688 -0.204394 -0.0198421
v 0.0315708 -0.388714 -0.0168536 1 1 1
vn 0.0149831 0.99988 -0.00395335
v 0.0352214 -0.388765 -0.0015361 1 1 1
vn 0.912323 0.399264 -0.0908536
v 0.033407 0.322147 -0.0100163 1 1 1
vn 0.889562 0.220747 -0.399938
v 0.0430737 0.476059 0.0095805 1 1 1
vn 0.951331 -0.194647 0.238917
v 0.0327591 -0.084096 0.0105638 1 1 1
vn 0.116986 0.64904 0.751706
v 0.0381105 0.469449 0.0189741 1 1 1
vn 0.869223 -0.204016 0.450366
v 0.0329148 0.44308 0.0169327 1 1 1
vn 0.882869 -0.191022 0.429014
v 0.0311999 -0.113534 0.0128035 1 1 1
vn 0.379872 -0.616302 0.689833
v 0.0514605 -0.109399 0.0098871 1 1 1
vn 0.289206 -0.81926 0.495149
v 0.0402098 0.500121 0.026715 1 1 1
vn 0.670174 0.548942 0.499529
v 0.0339427 0.302684 0.018996 1 1 1
vn 0.150377 -0.207957 0.96651
v 0.0287849 -0.103545 0.0178809 1 1 1
vn 0.0710317 -0.0403647 0.996657
v 0.0371392 0.482692 0.0259477 1 1 1
vn 0.801497 -0.195153 0.565259
v 0.0298049 -0.394893 0.0695242 1 1 1
vn 0.293676 0.691734 0.659742
v 0.0272627 -0.422262 0.123853 1 1 1
vn 0.0542424 0.964832 0.257209
v 0.0331451 -0.450449 0.221385 1 1 1
vn 0.111245 0.785766 0.608438
v 0.0335255 -0.479135 0.226487 1 1 1
vn 0.165437 0.0164172 0.986084
v 0.0302217 -0.498713 0.22826 1 1 1
vn 0.118144 0.00739054 0.992969
v 0.0274531 -0.422001 -0.123639 1 1 1
vn 0.0534155 0.95689 -0.285495
v 0.02038 -0.415397 -0.104415 1 1 1
vn 0.0739987 0.940512 -0.331605
v 0.0224881 -0.411679 -0.0959199 1 1 1
vn 0.109291 0.891091 -0.440468
v 0.0361873 0.470834 -0.0231487 1 1 1
vn 0.816303 -0.197748 -0.542719
v 0.0374286 0.452504 -0.0112324 1 1 1
vn 0.932837 -0.198377 -0.300767
v 0.0361031 0.436181 -0.0007483 1 1 1
vn 0.991434 -0.125018 -0.0378154
v 0.0328208 -0.0823353 -0.008935 1 1 1
vn 0.914886 0.170903 -0.365753
v 0.0371523 0.499068 -0.009185 1 1 1
vn -0.231371 0.972544 0.0250242
v 0.0340908 -0.0795669 0.0032796 1 1 1
vn 0.9735 0.132779 0.186194
v 0.0355042 0.499262 0.0178604 1 1 1
vn -0.210716 0.97535 -0.0655124
v 0.0358328 0.440721 0.0084504 1 1 1
vn 0.957097 -0.162673 0.239796
v 0.0384308 -0.116069 0.0045715 1 1 1
vn 0.34832 -0.883754 0.312493
v 0.0337542 -0.38877 0.0088138 1 1 1
vn 0.871171 0.418103 0.257394
v 0.0298105 0.315188 0.0157572 1 1 1
vn 0.307254 0.399197 0.86385
v 0.0287594 0.291209 0.0160991 1 1 1
vn 0.739971 -0.150042 0.65569
v 0.0313989 0.28658 0.0106204 1 1 1
vn 0.930972 -0.0638883 0.359457
v 0.0332962 0.500184 0.0346451 1 1 1
vn 0.266773 0.940401 0.210896
v 0.0319744 0.489487 0.0340529 1 1 1
vn 0.679374 -0.194665 0.7075
v 0.032021 -0.402158 0.076741 1 1 1
vn 0.231447 0.743793 0.62706
v 0.0330942 -0.40841 0.0843432 1 1 1
vn 0.17915 0.84098 0.510547
v 0.024644 -0.427183 0.144634 1 1 1
vn 0.0374446 0.973616 0.225097
v 0.0223993 -0.431866 0.166202 1 1 1
vn 0.0324323 0.974294 0.222935
v 0.032094 0.496231 -0.0354089 1 1 1
vn 0.660784 -0.175283 -0.729822
v 0.0338267 0.500211 -0.0338366 1 1 1
vn 0.245647 0.931199 -0.269306
v 0.0326554 0.499501 -0.0253008 1 1 1
vn -0.227722 0.966369 0.119476
v 0.0343886 0.436996 -0.0116476 1 1 1
vn 0.944305 -0.122512 -0.305415
v 0.0319713 0.442386 -0.0180746 1 1 1
vn 0.849153 -0.16038 -0.503207
v 0.0332793 0.418065 -0.0095976 1 1 1
vn 0.976368 -0.0238433 -0.214793
v 0.0319671 -0.388499 -0.0135276 1 1 1
vn 0.929393 0.0417913 -0.366718
v 0.0341908 0.412154 -0.0009791 1 1 1
vn 0.998792 -0.0211743 0.0443428
v 0.0333135 0.497084 -0.0033645 1 1 1
vn -0.977786 0.176689 0.112765
v 0.0337357 0.497684 0.0035679 1 1 1
vn -0.589172 0.804668 -0.07339
v 0.0330542 0.41574 0.009415 1 1 1
vn 0.966442 -0.0439269 0.253101
v 0.0328462 -0.116549 0.0101126 1 1 1
vn 0.907341 -0.0732666 0.413961
v 0.0302203 0.430588 0.0180404 1 1 1
vn 0.859673 -0.0907437 0.50272
v 0.0293819 -0.0941639 0.0165231 1 1 1
vn 0.18593 0.308458 0.93289
v 0.0274873 0.306615 0.0186561 1 1 1
vn 0.381019 0.109222 0.918093
v 0.0284657 0.49922 0.028341 1 1 1
vn -0.126664 0.981966 -0.14035
v 0.0289218 -0.388876 0.0176958 1 1 1
vn 0.827092 0.163847 0.537655
v 0.0245979 -0.388899 0.0225149 1 1 1
vn 0.316475 0.846404 0.428303
v 0.0311759 0.499552 0.0368969 1 1 1
vn 0.602107 -0.116064 0.789934
v 0.0265276 -0.389152 0.0658721 1 1 1
vn 0.0481036 0.987518 0.149979
v 0.0275402 0.499416 -0.0311555 1 1 1
vn -0.16583 0.961239 0.220275
v 0.0216904 -0.388651 -0.0282256 1 1 1
vn 0.0181032 0.999714 -0.0156224
v 0.0310561 0.497359 -0.0179795 1 1 1
vn -0.539404 0.816977 0.203942
v 0.0372093 0.477497 -0.0129964 1 1 1
vn -0.951652 -0.0290956 0.305797
v 0.0315833 0.476848 -0.0233915 1 1 1
vn -0.797155 0.0165447 0.603548
v 0.0338453 0.465716 -0.017937 1 1 1
vn -0.875922 0.138476 0.462154
v 0.030317 0.421294 -0.0165902 1 1 1
vn 0.875394 -0.0243515 -0.482797
v 0.0325398 0.355309 -0.0113512 1 1 1
vn 0.928663 2.52666e-05 -0.370925
v 0.0324077 0.312903 -0.0167735 1 1 1
vn -0.0450601 0.248392 -0.967611
v 0.0289088 0.31341 -0.0184562 1 1 1
vn 0.82292 0.0121766 -0.568027
v 0.0310412 0.315693 -0.0151194 1 1 1
vn -0.229272 0.562792 -0.794166
v 0.0340727 0.356348 -0.0012528 1 1 1
vn 0.999625 0.00725894 -0.0264113
v 0.0324792 -0.115193 -0.0113946 1 1 1
vn 0.775247 -0.258835 -0.576191
v 0.0348405 -0.118798 -0.0012524 1 1 1
vn 0.938362 -0.301919 -0.168288
v 0.0322155 -0.148335 -0.010296 1 1 1
vn 0.923194 -0.00217667 -0.384327
v 0.0341389 -0.153665 -0.0012876 1 1 1
vn 0.992177 -0.00204465 -0.124819
v 0.0327789 -0.211006 -0.0086335 1 1 1
vn 0.972442 0.00224337 -0.233136
v 0.0328562 -0.302691 -0.009169 1 1 1
vn 0.969549 0.00493436 -0.244849
v 0.0349285 -0.349296 -0.0012781 1 1 1
vn 0.999228 0.00729846 -0.0386026
v 0.0325835 -0.367936 -0.0119192 1 1 1
vn 0.934614 0.00511202 -0.355626
v 0.0329315 0.284763 -0.0056515 1 1 1
vn 0.928074 -0.273999 -0.252197
v 0.0334047 0.283872 -0.0012062 1 1 1
vn 0.959535 -0.277567 -0.0474242
v 0.0320938 0.22088 -0.0096347 1 1 1
vn 0.982735 -0.00149715 -0.185013
v 0.0334327 0.195403 -0.001373 1 1 1
vn 0.994629 -0.000963681 -0.103499
v 0.0334192 -0.04326 -0.0005513 1 1 1
vn 0.999492 0.00665073 0.0311708
v 0.0344184 -0.28466 -0.0014327 1 1 1
vn 0.993475 0.00343397 -0.113998
v 0.0330593 0.283928 0.0032891 1 1 1
vn 0.983131 -0.045492 0.177157
v 0.0332633 0.20419 0.0017596 1 1 1
vn 0.987936 -0.000479139 0.154864
v 0.0333593 0.145391 -0.0003531 1 1 1
vn 0.999801 0.0003102 0.0199547
v 0.0334003 0.0649878 0.0018831 1 1 1
vn 0.987884 0.00118255 0.155192
v 0.0335739 0.0600719 -0.0011944 1 1 1
vn 0.990325 4.33972e-05 -0.138765
v 0.0319274 0.038962 0.0099271 1 1 1
vn 0.976952 -0.0016475 0.213451
v 0.0343965 -0.118655 0.003195 1 1 1
vn 0.985621 -0.0427284 0.163479
v 0.0340299 -0.208505 0.0019088 1 1 1
vn 0.988574 0.000131805 0.150736
v 0.0342381 -0.313621 0.0023413 1 1 1
vn 0.989826 0.00309771 0.142247
v 0.0326152 0.36482 0.009275 1 1 1
vn 0.978934 -0.00274672 0.204157
v 0.0329554 0.336127 0.0088989 1 1 1
vn 0.938058 0.0112249 0.346297
v 0.031606 0.213159 0.0107388 1 1 1
vn 0.942863 -0.00119175 0.333178
v 0.0314674 0.101841 0.0110676 1 1 1
vn 0.942295 0.00290914 0.33477
v 0.0324046 -0.0719804 0.0093349 1 1 1
vn 0.953907 0.0244318 0.299107
v 0.0324359 -0.14687 0.0101043 1 1 1
vn 0.927468 -0.00327235 0.373888
v 0.0325609 -0.194654 0.0091988 1 1 1
vn 0.984928 0.00247551 0.172948
v 0.0327949 -0.251769 0.0095613 1 1 1
vn 0.925283 0.00266488 0.379269
v 0.0330354 -0.330535 0.0091899 1 1 1
vn 0.974391 0.00455127 0.224813
v 0.0297409 0.496635 0.015765 1 1 1
vn -0.885088 0.198172 -0.421125
v 0.029925 0.393954 0.0156752 1 1 1
vn 0.893796 -0.0118703 0.448317
v 0.0273307 0.298247 0.0186816 1 1 1
vn 0.337722 -0.12691 0.932651
v 0.0292469 0.453551 0.0256916 1 1 1
vn 0.73267 -0.193443 0.652514
v 0.0225684 0.458546 0.0329141 1 1 1
vn 0.588256 -0.2054 0.782155
v -0.0002996 -0.422361 -0.128459 1 1 1
vn 0.00175091 0.957473 -0.288518
v 0.0248947 0.49665 -0.0260351 1 1 1
vn -0.437932 0.787821 0.433074
v 0.0245679 0.469727 -0.029675 1 1 1
vn -0.647616 0.112192 0.753662
v 0.0298645 0.462181 -0.0225469 1 1 1
vn -0.76987 0.168577 0.615534
v 0.0267923 0.421654 -0.0217969 1 1 1
vn 0.77529 -0.0370352 -0.630519
v 0.0271715 0.442793 -0.0247656 1 1 1
vn 0.709983 -0.173219 -0.682583
v 0.0280587 -0.388382 -0.0196452 1 1 1
vn 0.814364 0.0360533 -0.579233
v 0.0302625 0.495388 -0.0168561 1 1 1
vn -0.904396 -0.265357 0.334145
v 0.026466 0.494482 -0.0229385 1 1 1
vn -0.762005 -0.281209 0.583326
v 0.0334585 0.489285 -0.018155 1 1 1
vn -0.875689 -0.269342 0.400779
v 0.0268234 0.349185 -0.0211945 1 1 1
vn 0.788149 -0.00419475 -0.61547
v 0.0286008 0.293604 -0.0175937 1 1 1
vn 0.802305 -0.0370506 -0.595764
v 0.0315059 0.287307 -0.0124227 1 1 1
vn 0.892345 -0.129523 -0.432371
v 0.0310127 0.202182 -0.0128592 1 1 1
vn 0.907739 -0.00119026 -0.419533
v 0.0279859 0.169602 -0.0185613 1 1 1
vn 0.834458 -0.000847394 -0.551071
v 0.0309247 0.087436 -0.0129058 1 1 1
vn 0.895049 -0.000851624 -0.445967
v 0.0307027 -0.0363306 -0.0129129 1 1 1
vn 0.902096 -5.55814e-05 -0.431536
v 0.0279132 0.0540056 -0.0186198 1 1 1
vn 0.840658 -0.00184809 -0.541564
v 0.0275729 -0.0498319 -0.0183777 1 1 1
vn 0.802565 -0.00404103 -0.59655
v 0.0308459 -0.087672 -0.0131782 1 1 1
vn 0.606617 0.261904 -0.750615
v 0.0291075 -0.108588 -0.0166734 1 1 1
vn 0.559258 -0.124198 -0.819637
v 0.0279164 -0.145357 -0.018009 1 1 1
vn 0.80193 0.000496841 -0.597418
v 0.0281079 -0.235953 -0.0184147 1 1 1
vn 0.837681 0.00496634 -0.546138
v 0.0315062 -0.29642 -0.0128159 1 1 1
vn 0.901605 0.00489167 -0.432532
v 0.0284546 -0.335361 -0.0190328 1 1 1
vn 0.809096 0.00465081 -0.587659
v 0.0318818 0.0835365 -0.0101587 1 1 1
vn 0.975483 -7.38887e-05 -0.220076
v 0.0318567 -0.0366041 -0.0097469 1 1 1
vn 0.978492 0.00192452 -0.206277
v 0.0317607 -0.0340326 0.0097163 1 1 1
vn 0.961613 0.00182801 0.274403
v 0.0312858 0.171599 0.0109161 1 1 1
vn 0.951837 -0.00027949 0.306605
v 0.0304927 0.0586005 0.0132175 1 1 1
vn 0.883454 0.00114765 0.468517
v 0.0296872 -0.0378574 0.0142941 1 1 1
vn 0.879123 0.00125142 0.476593
v 0.0289805 -0.0785342 0.0164271 1 1 1
vn 0.84476 0.0139042 0.534965
v 0.0311828 -0.343097 0.0134912 1 1 1
vn 0.891028 0.0027396 0.453941
v 0.0274342 0.322857 0.0193483 1 1 1
vn 0.838118 -0.00339207 0.545479
v 0.0272598 0.234407 0.0185156 1 1 1
vn 0.840066 0.000179487 0.542484
v 0.0274116 0.16989 0.0181335 1 1 1
vn 0.851122 -0.000586702 0.524967
v 0.0256264 0.109861 0.0207434 1 1 1
vn 0.804949 0.0010514 0.593343
v 0.0270112 0.0590143 0.0192741 1 1 1
vn 0.800817 -0.000322753 0.598908
v 0.0262411 -0.02724 0.0199328 1 1 1
vn 0.75976 0.000143618 0.650204
v 0.0255524 -0.0990652 0.0209437 1 1 1
vn 0.717074 0.00419664 0.696985
v 0.0283412 -0.121238 0.017836 1 1 1
vn 0.848594 -0.000429357 0.529044
v 0.0279552 -0.195975 0.0185702 1 1 1
vn 0.838605 0.00187457 0.544737
v 0.028245 -0.275719 0.0186372 1 1 1
vn 0.828898 0.00245076 0.559394
v 0.0241869 0.497409 0.0258881 1 1 1
vn -0.339084 0.872453 -0.351921
v 0.0276354 0.411148 0.0199486 1 1 1
vn 0.774799 -0.017718 0.631959
v 0.0238305 0.337751 0.0232203 1 1 1
vn 0.707972 -0.00527394 0.706221
v 0.0237805 0.430296 0.0259857 1 1 1
vn 0.720942 -0.0967178 0.686213
v 0.020099 0.433627 0.0290267 1 1 1
vn 0.518424 -0.121263 0.846482
v 0.0225169 0.500129 0.0420018 1 1 1
vn 0.0342367 0.997255 0.0656588
v 0.0231753 0.48125 0.0385924 1 1 1
vn 0.483359 -0.204216 0.851269
v 0.0230906 0.499379 0.0428302 1 1 1
vn 0.490106 -0.138323 0.860618
v 0.0176443 -0.415596 0.103791 1 1 1
vn 0.067542 0.935682 0.346321
v 0.0208854 -0.45937 0.22868 1 1 1
vn 0.0932118 0.402321 0.910741
v 0.0180007 -0.466834 0.228557 1 1 1
vn 0.0964027 -0.0298362 0.994895
v 0.0186215 -0.482051 0.22834 1 1 1
vn 0.0971989 0.0279803 0.994872
v -0.0002386 -0.428776 -0.151372 1 1 1
vn -0.00110508 0.969642 -0.244524
v 0.0154734 -0.407769 -0.0899446 1 1 1
vn 0.113536 0.818243 -0.56355
v 0.0140755 -0.398645 -0.078691 1 1 1
vn 0.13657 0.748592 -0.648814
v 0.0152089 -0.389183 -0.0697565 1 1 1
vn 0.0925366 0.917077 -0.387824
v -0.0158113 -0.388736 -0.0568739 1 1 1
vn -0.000147848 0.999891 -0.0147661
v 0.0277293 0.472641 -0.0331877 1 1 1
vn 0.677051 -0.203246 -0.707314
v 0.0209566 0.461204 -0.0349603 1 1 1
vn 0.508053 -0.202049 -0.837292
v 0.0098606 -0.388595 -0.0319791 1 1 1
vn 0.180003 0.756611 -0.628601
v 0.0192636 0.499379 -0.036914 1 1 1
vn -0.106761 0.963249 0.246482
v 0.0249467 0.487745 -0.0296529 1 1 1
vn -0.631975 -0.0801827 0.770829
v 0.0179309 0.489054 -0.0338034 1 1 1
vn -0.424135 -0.232948 0.875125
v 0.0202156 0.481194 -0.0333644 1 1 1
vn -0.521052 -0.014835 0.853396
v 0.0183754 0.469375 -0.0338741 1 1 1
vn -0.502419 0.142737 0.852761
v 0.0207155 0.438536 -0.0295881 1 1 1
vn 0.571022 -0.139131 -0.809059
v 0.0290647 0.488775 -0.0251958 1 1 1
vn -0.745734 -0.281921 0.603657
v 0.0208679 0.49465 -0.0287102 1 1 1
vn -0.594664 -0.260523 0.760594
v 0.0280239 0.301932 -0.0189521 1 1 1
vn 0.243493 0.00164402 -0.969901
v 0.0243838 0.323258 -0.0236457 1 1 1
vn 0.707917 -0.00847693 -0.706245
v 0.024202 0.275871 -0.0233894 1 1 1
vn 0.739808 -0.00148275 -0.672816
v 0.0237669 0.166975 -0.0237362 1 1 1
vn 0.682302 -0.00103615 -0.731069
v 0.026931 0.0892258 -0.0197967 1 1 1
vn 0.812469 1.57233e-05 -0.583004
v 0.023266 0.0907692 -0.0240763 1 1 1
vn 0.657837 0.000813598 -0.75316
v 0.0237205 -0.242747 -0.0233409 1 1 1
vn 0.669724 0.00604139 -0.742585
v 0.0241461 -0.340394 -0.0238795 1 1 1
vn 0.648701 0.00374358 -0.761034
v 0.0236336 -0.388295 -0.0242937 1 1 1
vn 0.681887 0.0244142 -0.73105
v 0.0295455 0.441272 -0.0162833 1 1 1
vn -0.81937 0.122148 0.560101
v 0.0236867 0.442493 -0.0239621 1 1 1
vn -0.649068 0.143513 0.747071
v 0.0246039 0.419668 -0.0200439 1 1 1
vn -0.747327 0.0432675 0.663046
v 0.023734 0.070491 -0.0238616 1 1 1
vn 0.696208 -0.0029622 -0.717834
v 0.0237113 0.0197163 -0.0236144 1 1 1
vn 0.667995 -0.00713347 -0.744131
v 0.0250815 -0.0954545 -0.0209948 1 1 1
vn 0.748305 0.00109248 -0.663354
v 0.028985 -0.0937173 -0.0160574 1 1 1
vn 0.427778 0.181491 -0.885476
v 0.02333 -0.132979 -0.0229342 1 1 1
vn 0.629225 0.00393787 -0.777213
v 0.0214011 0.365742 -0.0213046 1 1 1
vn -0.707368 0.0191418 0.706586
v 0.0256518 0.367514 -0.0161465 1 1 1
vn -0.835989 0.020419 0.548367
v 0.0242583 0.309113 0.0233776 1 1 1
vn 0.701227 -0.0099172 0.712869
v 0.0237245 0.277618 0.0229613 1 1 1
vn 0.741323 -0.00508978 0.671129
v 0.0235554 0.223698 0.0231518 1 1 1
vn 0.665487 -0.00164349 0.746408
v 0.023787 0.175659 0.0227581 1 1 1
vn 0.693657 0.000384799 0.720306
v 0.0221111 0.123759 0.0245664 1 1 1
vn 0.643593 -0.00106044 0.765367
v 0.0206035 0.104976 0.0252052 1 1 1
vn 0.624209 -0.019181 0.781022
v 0.0225697 0.075794 0.0237247 1 1 1
vn 0.628918 0.00152521 0.77747
v 0.0225642 0.00039 0.0236984 1 1 1
vn 0.650926 -0.00212399 0.759138
v 0.0202265 -0.0571418 0.0252123 1 1 1
vn 0.573928 -0.00229222 0.818902
v 0.0225444 -0.107606 0.0236891 1 1 1
vn 0.570846 0.00566951 0.821037
v 0.023636 -0.210149 0.0234326 1 1 1
vn 0.658317 0.00261547 0.752736
v 0.0258222 -0.367974 0.0215483 1 1 1
vn 0.731826 -0.000128875 0.681492
v 0.0231061 -0.347523 0.0240906 1 1 1
vn 0.601329 -0.00208085 0.798999
v 0.0220178 0.409948 0.0261286 1 1 1
vn 0.627242 -0.019952 0.778569
v 0.0191697 0.329985 0.0271792 1 1 1
vn 0.515492 -0.00820111 0.856855
v -0.0145976 -0.388854 0.0543665 1 1 1
vn -0.000489631 0.999935 0.0113811
v 0.01244 -0.396822 0.0759359 1 1 1
vn 0.13931 0.740471 0.657492
v 0.014233 -0.40889 0.0902647 1 1 1
vn 0.09977 0.857085 0.505421
v -0.0019448 -0.437884 0.19401 1 1 1
vn -0.00182206 0.963439 0.267921
v 0.0189442 -0.45036 0.223042 1 1 1
vn 0.0581581 0.814505 0.577234
v 0.0175765 0.171122 -0.20687 1 1 1
vn 0.854216 0.519876 0.00657091
v 0.0201719 0.16366 -0.205366 1 1 1
vn 0.975348 0.220624 -0.00457918
v 0.0186529 0.158659 -0.211107 1 1 1
vn 0.879052 -0.169297 -0.445653
v 0.0202716 0.159441 -0.19559 1 1 1
vn 0.999863 0.00563623 0.01555
v 0.018246 0.152376 -0.19952 1 1 1
vn 0.931674 -0.335046 -0.140453
v 0.0182192 0.161117 -0.185067 1 1 1
vn 0.876034 0.44021 0.196925
v 0.0199009 0.149784 -0.177265 1 1 1
vn 0.997191 -0.0717629 -0.0214592
v 0.0179434 0.141214 -0.17349 1 1 1
vn 0.90478 -0.391746 -0.167055
v 0.0179375 0.154155 -0.170454 1 1 1
vn 0.914643 0.36251 0.178926
v -0.0012455 -0.437668 -0.193439 1 1 1
vn -0.00262877 0.970956 -0.239243
v 0.0199603 0.141884 -0.158637 1 1 1
vn 0.999125 -0.0403268 -0.0111135
v 0.0179929 0.143011 -0.147501 1 1 1
vn 0.906933 0.379196 0.18353
v 0.0174059 0.12552 -0.140267 1 1 1
vn 0.91748 -0.364566 -0.159128
v 0.0196335 0.130235 -0.134191 1 1 1
vn 0.998555 0.0438125 0.0311057
v 0.0179097 0.133693 -0.127692 1 1 1
vn 0.903321 0.385256 0.18865
v 0.0194056 0.119297 -0.112519 1 1 1
vn 0.984807 -0.157777 -0.0725405
v 0.0178047 0.123128 -0.106788 1 1 1
vn 0.934935 0.322967 0.146929
v 0.0195776 0.113571 -0.0974879 1 1 1
vn 0.999165 0.0369675 0.0174209
v 0.0180117 0.106241 -0.0950225 1 1 1
vn 0.909347 -0.384055 -0.159971
v 0.0182885 0.114706 -0.0877827 1 1 1
vn 0.921604 0.349992 0.167784
v 0.019068 0.102029 -0.0758258 1 1 1
vn 0.975194 -0.208581 -0.0740918
v 0.0177181 0.107449 -0.0729049 1 1 1
vn 0.933439 0.325256 0.151329
v 0.019314 0.098028 -0.0605423 1 1 1
vn 0.952256 0.280496 0.12054
v 0.0188705 0.0899532 -0.0478425 1 1 1
vn 0.913178 -0.375785 -0.157771
v 0.0193894 0.0876331 -0.0380859 1 1 1
vn 0.996444 0.0839417 -0.00729672
v -0.000614 -0.388642 -0.0342636 1 1 1
vn 0.00240147 0.993559 -0.113289
v 0.0151804 0.497571 -0.0338985 1 1 1
vn -0.257812 0.789762 0.556604
v 0.0200978 0.0842337 -0.0264263 1 1 1
vn 0.929413 0.136789 -0.342753
v 0.0185779 0.0770662 -0.0280848 1 1 1
vn 0.814195 -0.204773 -0.543281
v 0.0175344 -0.388435 -0.0285797 1 1 1
vn 0.518576 0.0190344 -0.85482
v 0.0177297 0.420969 -0.026169 1 1 1
vn -0.54369 0.0475696 0.837937
v 0.0159866 0.368039 -0.0258366 1 1 1
vn -0.583319 0.0196717 0.812005
v 0.0226714 -0.0546554 -0.0235546 1 1 1
vn 0.623486 -0.0052401 -0.781817
v 0.0210634 0.332149 -0.0212174 1 1 1
vn -0.699259 0.0367007 0.713925
v 0.0259142 0.334991 -0.0154777 1 1 1
vn -0.848379 0.0358279 0.528176
v 0.0218098 0.313554 -0.0175411 1 1 1
vn -0.86955 0.180271 0.459767
v 0.0184207 0.289945 0.0272376 1 1 1
vn 0.534407 -0.00408092 0.845217
v 0.0172652 0.202962 0.0278212 1 1 1
vn 0.499832 -0.00195088 0.86612
v 0.0180853 0.128692 0.0270599 1 1 1
vn 0.524948 0.00276131 0.85113
v 0.0192703 0.111557 0.0265097 1 1 1
vn 0.944201 0.0293283 0.328061
v 0.01686 0.100561 0.0270958 1 1 1
vn 0.512001 -0.0110402 0.858914
v 0.0170412 0.05065 0.0277104 1 1 1
vn 0.475966 -0.000896664 0.879463
v 0.0145472 -0.092528 0.0281528 1 1 1
vn 0.429943 0.00113499 0.902855
v 0.0178542 -0.160764 0.027324 1 1 1
vn 0.490712 0.00666203 0.871296
v 0.0176388 -0.224228 0.0276763 1 1 1
vn 0.449692 0.0025489 0.89318
v 0.0178682 -0.301614 0.0277799 1 1 1
vn 0.504073 4.69561e-05 0.863661
v 0.0171203 -0.368117 0.027835 1 1 1
vn 0.483051 -0.00670198 0.875567
v 0.0120265 -0.388834 0.030422 1 1 1
vn 0.348395 0.237249 0.906826
v 0.0144876 0.409432 0.0304493 1 1 1
vn 0.439666 -0.0181065 0.897979
v 0.0138085 0.499259 0.0371932 1 1 1
vn -0.0567545 0.97756 -0.202868
v 0.0161865 0.451474 0.0347634 1 1 1
vn 0.431062 -0.194397 0.881133
v 0.0094757 0.427122 0.0334452 1 1 1
vn 0.270079 -0.108096 0.956751
v 0.0128577 0.472873 0.0413555 1 1 1
vn 0.270927 -0.21019 0.939371
v 0.0135251 0.498816 0.0468304 1 1 1
vn 0.268948 -0.162476 0.949352
v 0.0188626 0.131027 0.0490889 1 1 1
vn 0.991848 0.0997152 -0.0793413
v 0.0186955 0.129223 0.0524795 1 1 1
vn 0.934509 -0.283064 0.215793
v 0.0188642 0.119895 0.0400379 1 1 1
vn 0.985502 -0.123485 0.11635
v 0.0190228 0.144066 0.0653005 1 1 1
vn 0.99981 0.0135052 -0.0140857
v 0.0171891 0.147338 0.0577057 1 1 1
vn 0.941107 0.279017 -0.190963
v 0.0179761 0.154904 0.0740188 1 1 1
vn 0.935149 0.294514 -0.196872
v 0.0078007 -0.389193 0.0699076 1 1 1
vn 0.0384999 0.94872 0.313764
v 0.0178748 0.162909 0.0842564 1 1 1
vn 0.936068 0.292918 -0.194875
v 0.0192839 0.163373 0.096721 1 1 1
vn 0.999792 -0.020312 0.00206583
v 0.0183492 0.150892 0.0843677 1 1 1
vn 0.952312 -0.262951 0.154783
v 0.0172053 0.153116 0.0947682 1 1 1
vn 0.924031 -0.334164 0.185746
v 0.017958 0.177155 0.106425 1 1 1
vn 0.932809 0.306218 -0.189996
v 0.0181195 0.162205 0.107797 1 1 1
vn 0.917702 -0.349229 0.189374
v 0.0194744 0.178434 0.12194 1 1 1
vn 0.999518 0.0263618 -0.0163921
v 0.0180168 0.186816 0.123472 1 1 1
vn 0.937912 0.297831 -0.177813
v 0.018236 0.174298 0.128807 1 1 1
vn 0.947434 -0.272922 0.166978
v 0.0182426 0.194748 0.137395 1 1 1
vn 0.943971 0.287077 -0.162807
v 0.0194049 0.194195 0.149548 1 1 1
vn 0.9996 0.0275137 -0.00655107
v 0.0181885 0.184145 0.1428 1 1 1
vn 0.95454 -0.252431 0.158533
v 0.0033712 -0.423645 0.132016 1 1 1
vn 0.0113349 0.969267 0.245749
v 0.0180219 0.189641 0.153835 1 1 1
vn 0.925084 -0.317381 0.20854
v 0.0176914 0.200974 0.1467 1 1 1
vn 0.939382 0.301195 -0.16384
v 0.0176701 0.207061 0.156748 1 1 1
vn 0.944522 0.287884 -0.158118
v 0.0191433 0.202719 0.165507 1 1 1
vn 0.988189 -0.122816 0.091642
v 0.0180786 0.213037 0.171468 1 1 1
vn 0.948362 0.288132 -0.132629
v 0.0191905 0.212908 0.181057 1 1 1
vn 0.999912 0.00831956 0.0102923
v 0.0149362 0.200784 0.182532 1 1 1
vn 0.856548 -0.440003 0.269672
v -0.0008875 -0.451377 -0.22426 1 1 1
vn -0.00813076 0.776832 -0.629655
v 0.0145922 0.148392 -0.205524 1 1 1
vn 0.767529 -0.570671 -0.29195
v 0.0122891 0.154299 -0.215302 1 1 1
vn 0.325658 -0.183412 -0.927527
v 0.0110773 0.17789 -0.205136 1 1 1
vn 0.401567 0.912013 0.0835226
v 0.013453 0.169796 -0.187727 1 1 1
vn 0.763669 0.599103 0.240592
v -0.0022469 -0.441309 -0.204012 1 1 1
vn -0.00414799 0.934294 -0.356479
v 0.0134306 0.139285 -0.187358 1 1 1
vn 0.765411 -0.5861 -0.265769
v 0.0142275 0.13499 -0.176025 1 1 1
vn 0.817881 -0.52042 -0.245425
v 0.01393 0.15831 -0.164669 1 1 1
vn 0.730717 0.615471 0.295377
v 0.013638 0.125701 -0.157861 1 1 1
vn 0.806059 -0.539661 -0.242969
v 0.0143769 0.148592 -0.145703 1 1 1
vn 0.778624 0.567079 0.268636
v 0.0096489 0.147484 -0.134488 1 1 1
vn 0.348105 0.85005 0.39527
v 0.0139279 0.12051 -0.145 1 1 1
vn 0.816823 -0.52862 -0.231002
v 0.0139535 0.139861 -0.125609 1 1 1
vn 0.752723 0.596993 0.277503
v 0.0137733 0.111957 -0.125931 1 1 1
vn 0.828118 -0.5164 -0.218066
v 0.0168774 0.11112 -0.109831 1 1 1
vn 0.881298 -0.431386 -0.192925
v 0.0140995 0.12837 -0.101503 1 1 1
vn 0.80553 0.539997 0.243977
v 0.0139296 0.0994952 -0.0965349 1 1 1
vn 0.772788 -0.58083 -0.255804
v 0.0141253 0.118519 -0.0792985 1 1 1
vn 0.812044 0.531004 0.242114
v 0.0138275 0.0905668 -0.0750833 1 1 1
vn 0.86254 -0.468533 -0.191052
v 0.0154442 0.109499 -0.064459 1 1 1
vn 0.878124 0.439716 0.18854
v 0.0111075 0.11444 -0.0621516 1 1 1
vn 0.523217 0.781182 0.340586
v 0.0131503 0.107659 -0.0503474 1 1 1
vn 0.737226 0.623777 0.259615
v 0.0143486 0.0791153 -0.0465332 1 1 1
vn 0.848393 -0.476451 -0.230702
v 0.0145044 0.101544 -0.0417124 1 1 1
vn 0.900155 0.401111 0.169795
v 0.0119251 0.500492 -0.0459997 1 1 1
vn -0.000791176 0.997489 0.0708154
v 0.0157713 0.0950179 -0.0302351 1 1 1
vn 0.90665 0.411857 0.0914323
v 0.0128263 0.478194 -0.0372192 1 1 1
vn -0.292871 -0.0101492 0.956098
v 0.0123035 0.100455 -0.0321556 1 1 1
vn 0.613277 0.789644 0.0188034
v 0.0128959 0.495257 -0.0333909 1 1 1
vn -0.337017 -0.148103 0.929777
v 0.0108345 0.422949 -0.0329361 1 1 1
vn 0.29654 -0.0712303 -0.95236
v 0.0180728 0.420113 -0.0291974 1 1 1
vn 0.493546 -0.047021 -0.868448
v 0.0134274 0.378893 -0.0313701 1 1 1
vn 0.475264 -0.00647673 -0.879819
v 0.01372 0.0998572 -0.0304132 1 1 1
vn 0.476894 0.00771106 -0.878927
v 0.0143835 0.318308 -0.0257722 1 1 1
vn -0.53404 0.0494991 0.844009
v 0.0172432 0.305628 -0.0214852 1 1 1
vn -0.722162 0.162982 0.672249
v 0.017677 0.298803 -0.0134615 1 1 1
vn -0.84278 0.526916 -0.109916
v 0.0128334 0.296789 -0.0063773 1 1 1
vn -0.380767 0.907503 -0.177355
v 0.0164292 0.301232 0.0027748 1 1 1
vn -0.855764 0.49867 -0.137826
v 0.0144339 0.298742 0.000861 1 1 1
vn -0.624861 0.77891 -0.0533636
v 0.010327 0.319297 0.0313154 1 1 1
vn 0.292268 -0.00506001 0.956323
v 0.0105046 0.157936 0.0309638 1 1 1
vn 0.292474 -0.00574203 0.956256
v 0.0175503 0.1256 0.0281859 1 1 1
vn 0.972856 0.221567 -0.0667849
v 0.0182877 0.106571 0.0279775 1 1 1
vn 0.830582 -0.390269 0.39727
v 0.0102037 0.0976842 0.030774 1 1 1
vn 0.371229 -0.134589 0.918736
v 0.0097694 -0.0235934 0.0305232 1 1 1
vn 0.269448 -0.00384917 0.963007
v 0.0099246 -0.180325 0.0308588 1 1 1
vn 0.284433 0.00543588 0.95868
v 0.0100326 -0.311778 0.031081 1 1 1
vn 0.287506 0.000999466 0.957778
v 0.0161901 0.496997 0.0300095 1 1 1
vn -0.481164 0.223941 -0.847545
v 0.009741 0.401283 0.0321649 1 1 1
vn 0.192558 -0.0183968 0.981113
v 0.0138997 0.112136 0.0449961 1 1 1
vn 0.790599 -0.489729 0.367585
v 0.0099871 0.446228 0.036233 1 1 1
vn 0.240826 -0.182613 0.953234
v 0.0162803 0.134312 0.0356554 1 1 1
vn 0.866305 0.395456 -0.305174
v 0.0181194 0.129177 0.0379635 1 1 1
vn 0.980043 0.159175 -0.119075
v 0.0118912 0.500323 0.0462623 1 1 1
vn 0.00925904 0.999763 0.0197066
v 0.0140272 0.149381 0.050935 1 1 1
vn 0.747929 0.547788 -0.374874
v 0.0145251 0.141685 0.0413924 1 1 1
vn 0.65566 0.599521 -0.459003
v 0.014441 0.124027 0.0606332 1 1 1
vn 0.786919 -0.503872 0.356192
v 0.0147105 0.158546 0.0664782 1 1 1
vn 0.810536 0.490615 -0.319887
v 0.0098203 0.161892 0.0638803 1 1 1
vn 0.412228 0.761268 -0.500539
v 0.0170989 0.138077 0.070047 1 1 1
vn 0.937679 -0.283857 0.200458
v 0.0143587 0.131267 0.0706597 1 1 1
vn 0.813682 -0.474924 0.335216
v 0.0100715 0.169822 0.0765544 1 1 1
vn 0.585223 0.684652 -0.434472
v 0.0144083 0.140922 0.0847874 1 1 1
vn 0.815306 -0.490956 0.306982
v 0.0145397 0.16871 0.0816398 1 1 1
vn 0.748196 0.56096 -0.354297
v 0.0146855 0.176841 0.0950015 1 1 1
vn 0.804525 0.502827 -0.316078
v 0.0138881 0.184443 0.10555 1 1 1
vn 0.721975 0.591057 -0.359727
v 0.0149586 0.159743 0.114845 1 1 1
vn 0.762917 -0.560206 0.322687
v 0.0139149 0.151411 0.103408 1 1 1
vn 0.760334 -0.558107 0.332278
v 0.0148475 0.191874 0.120045 1 1 1
vn 0.78844 0.529183 -0.313572
v 0.0094639 0.193658 0.114679 1 1 1
vn 0.360467 0.797604 -0.483623
v 0.0146831 0.170025 0.133906 1 1 1
vn 0.758402 -0.56465 0.325572
v 0.009416 0.157263 0.119795 1 1 1
vn 0.382857 -0.795261 0.470086
v 0.0147133 0.202658 0.138206 1 1 1
vn 0.77839 0.542859 -0.3153
v 0.0143808 0.17904 0.149624 1 1 1
vn 0.777503 -0.534071 0.332051
v 0.0142469 0.210424 0.150254 1 1 1
vn 0.719709 0.60387 -0.342579
v 0.0141392 0.187679 0.163639 1 1 1
vn 0.739201 -0.56883 0.360575
v 0.0153314 0.213816 0.159447 1 1 1
vn 0.817323 0.509355 -0.269333
v 0.0095102 0.219051 0.158569 1 1 1
vn 0.355431 0.809663 -0.467027
v 0.0144997 0.220381 0.169049 1 1 1
vn 0.822902 0.498757 -0.272164
v 0.0156096 0.194063 0.168494 1 1 1
vn 0.915123 -0.332775 0.227619
v 0.0147134 0.226832 0.180239 1 1 1
vn 0.857653 0.447003 -0.254205
v 0.0187735 0.218843 0.188157 1 1 1
vn 0.999607 0.0266653 -0.00870354
v 0.016938 0.212121 0.192663 1 1 1
vn 0.936262 -0.300013 0.182775
v 0.0185595 0.224947 0.196395 1 1 1
vn 0.979987 0.187677 -0.0663507
v 0.014615 0.206502 0.192568 1 1 1
vn 0.802973 -0.50942 0.309396
v 0.0143421 0.24016 0.205358 1 1 1
vn 0.805998 0.54362 -0.234191
v 0.0170013 0.234511 0.206299 1 1 1
vn 0.956677 0.283222 -0.0674824
v 0.0173922 0.223498 0.210374 1 1 1
vn 0.963837 -0.139114 0.227302
v 0.0139675 0.214062 0.206909 1 1 1
vn 0.783842 -0.517094 0.34381
v 0.0106456 0.204163 0.195892 1 1 1
vn 0.396393 -0.778814 0.486129
v 0.015751 0.235729 0.208568 1 1 1
vn 0.589597 0.348737 0.728531
v 0.0110209 0.243637 0.205955 1 1 1
vn 0.101824 0.466598 0.878589
v 0.0136986 0.220972 0.215462 1 1 1
vn 0.276345 0.227012 0.933862
v 0.0006434 -0.450096 0.224161 1 1 1
vn 0.00652637 0.853396 0.521223
v 0.024731 -0.460252 -0.228647 1 1 1
vn 0.113882 0.298817 -0.947491
v -0.0006244 -0.456581 -0.228809 1 1 1
vn -0.0140986 0.500735 -0.865486
v 0.0221932 -0.454381 -0.225723 1 1 1
vn 0.0840568 0.634303 -0.768501
v 0.0112223 0.171167 -0.186865 1 1 1
vn 0.330457 0.865495 0.376453
v -0.0001925 -0.433859 -0.172733 1 1 1
vn 0.000974662 0.978378 -0.206825
v 0.0110498 0.132293 -0.177547 1 1 1
vn 0.35695 -0.843799 -0.400737
v 0.0101816 0.157933 -0.157561 1 1 1
vn 0.354862 0.847832 0.394024
v 0.0100745 0.131806 -0.100951 1 1 1
vn 0.365547 0.848979 0.38159
v 0.0100938 0.123398 -0.0812401 1 1 1
vn 0.405211 0.841123 0.358213
v 0.010393 0.107409 -0.0454435 1 1 1
vn 0.336757 0.86017 0.383017
v 0.0055006 0.499284 -0.0482072 1 1 1
vn 0.130982 0.00169414 -0.991383
v 0.0019039 0.498056 -0.0369463 1 1 1
vn -0.00585586 0.926355 0.376606
v 0.0079445 0.489502 -0.0372122 1 1 1
vn -0.263307 -0.23446 0.935787
v 0.0094685 0.466615 -0.0370878 1 1 1
vn -0.213186 0.152542 0.96503
v 0.0106531 0.449145 -0.0332849 1 1 1
vn -0.309485 0.183652 0.933001
v 0.0135174 0.439559 -0.0304191 1 1 1
vn -0.445064 0.138229 0.884766
v 0.0104427 0.420495 -0.0294226 1 1 1
vn -0.21301 0.0620926 0.975075
v 0.0117066 0.386963 -0.0282728 1 1 1
vn -0.347426 0.0185931 0.937523
v 0.0118191 0.31914 -0.0269678 1 1 1
vn -0.229258 0.0312803 0.972863
v 0.0092031 0.297807 -0.0255112 1 1 1
vn -0.291847 0.165574 0.942025
v 0.0128002 0.291998 -0.0218439 1 1 1
vn -0.76549 0.349364 0.540342
v 0.0141774 0.294524 -0.0148181 1 1 1
vn -0.681667 0.693207 -0.23408
v 0.0083478 0.293525 -0.0116431 1 1 1
vn -0.143951 0.8176 -0.557502
v 0.0100189 0.297035 0.0101251 1 1 1
vn -0.109314 0.988069 -0.108486
v 0.013858 0.298926 0.0133784 1 1 1
vn -0.52183 0.77827 -0.34927
v 0.009769 0.210117 0.0312988 1 1 1
vn 0.231614 -0.00157072 0.972806
v 0.0108073 0.137176 0.0303935 1 1 1
vn 0.745085 0.638352 0.193275
v 0.0093175 -0.0970633 0.0301824 1 1 1
vn 0.221197 0.000666629 0.975229
v 0.0080219 0.49746 0.0333476 1 1 1
vn -0.184692 -0.0427347 -0.981867
v 0.0091757 0.151296 0.0476911 1 1 1
vn 0.3473 0.764451 -0.543137
v 0.0092566 0.117371 0.0580717 1 1 1
vn 0.38594 -0.744324 0.545006
v 0.0091387 0.106979 0.0446686 1 1 1
vn 0.324122 -0.768427 0.551783
v 0.0096784 0.135987 0.0849075 1 1 1
vn 0.514691 -0.716837 0.470358
v 0.0095126 0.182416 0.0962565 1 1 1
vn 0.375386 0.790751 -0.483528
v 0.0077754 0.174103 0.0816808 1 1 1
vn 0.205576 0.830186 -0.518198
v 0.0013817 -0.406749 0.0888246 1 1 1
vn 0.00761125 0.788996 0.614352
v -0.0003758 -0.415523 0.105272 1 1 1
vn 0.0120342 0.947735 0.318831
v 0.0094437 0.202016 0.128579 1 1 1
vn 0.47313 0.75991 -0.445741
v 0.0093382 0.168711 0.139544 1 1 1
vn 0.402495 -0.78628 0.468787
v 0.009278 0.20948 0.141488 1 1 1
vn 0.304123 0.827139 -0.4726
v 0.0094522 0.226201 0.17096 1 1 1
vn 0.42686 0.778752 -0.459712
v 0.0099212 0.193162 0.178569 1 1 1
vn 0.378367 -0.785835 0.489185
v 0.0097297 0.234504 0.184957 1 1 1
vn 0.508355 0.743559 -0.434391
v 0.0105891 0.243436 0.201165 1 1 1
vn 0.510214 0.810485 -0.287741
v 0.0087449 0.241729 0.196588 1 1 1
vn 0.210634 0.867886 -0.449898
v -6.36e-05 -0.44289 0.20748 1 1 1
vn 0.00498136 0.927005 0.375017
v 0.0104731 0.216997 0.215701 1 1 1
vn 0.356343 -0.730006 0.583191
v -0.0004704 0.180139 -0.20466 1 1 1
vn -0.0230172 0.970801 -0.238778
v -0.0001001 0.174537 -0.187983 1 1 1
vn -0.0482642 0.9307 0.362585
v -0.0004421 0.139447 -0.111886 1 1 1
vn -0.000764001 0.908902 0.417009
v -0.0014976 -0.415296 -0.106921 1 1 1
vn 0.0143246 0.943813 -0.330169
v -0.0012752 -0.411419 -0.098066 1 1 1
vn -0.000911437 0.901631 -0.432505
v -0.0011177 -0.407558 -0.0914119 1 1 1
vn -0.00824622 0.814518 -0.58008
v -0.0004299 -0.389649 -0.0719489 1 1 1
vn -0.0334205 0.726643 -0.686202
v -0.0146885 -0.389179 -0.0697972 1 1 1
vn -0.0888785 0.933493 -0.347407
v 0.0012718 0.120689 -0.0685312 1 1 1
vn 0.258823 0.886934 0.382568
v 0.0014958 0.486916 -0.0390534 1 1 1
vn -0.129575 -0.115429 0.984828
v -0.0010672 0.476181 -0.0396139 1 1 1
vn -0.0634518 0.065705 0.99582
v 1e-06 0.106258 -0.0347608 1 1 1
vn 0.0211762 0.922955 0.384326
v 0.0011015 0.495074 -0.0364601 1 1 1
vn 0.0328206 -0.268015 0.962855
v 0.004832 0.438261 -0.0322421 1 1 1
vn -0.145373 0.172136 0.974287
v 0.0072707 0.391242 -0.0291033 1 1 1
vn -0.098315 0.0216564 0.99492
v 0.0067441 0.313732 -0.0276623 1 1 1
vn -0.0755461 0.0474261 0.996014
v 0.004116 0.296015 -0.0045352 1 1 1
vn 0.00204032 0.994568 -0.104073
v 0.0060823 0.29835 0.0145888 1 1 1
vn -0.0498375 0.930497 -0.362893
v -0.0001434 0.295098 0.0327206 1 1 1
vn 0.0227529 -0.00222643 0.999739
v -0.0003537 0.194974 0.0326589 1 1 1
vn -0.0237345 -0.0028686 0.999714
v 0.0022543 0.143523 0.0321493 1 1 1
vn 0.13234 0.00968978 0.991157
v 0.0020325 0.0958432 0.0320533 1 1 1
vn 0.12306 -0.00350684 0.992393
v 0.0028817 -0.0229595 0.0315443 1 1 1
vn 0.08126 -0.00444302 0.996683
v 0.0030706 -0.115668 0.0311322 1 1 1
vn 0.0866267 0.00450957 0.996231
v 0.0036939 -0.208729 0.031875 1 1 1
vn 0.0945311 0.00388616 0.995514
v 0.0037918 -0.312916 0.0320161 1 1 1
vn 0.0791321 0.00209511 0.996862
v 0.003146 -0.388299 0.0323606 1 1 1
vn 0.132055 -0.00180793 0.991241
v -5.94e-05 0.389312 0.0332608 1 1 1
vn 0.0095559 -0.0123913 0.999878
v 0.000221 0.450775 0.038663 1 1 1
vn 0.0264257 -0.200778 0.97928
v 0.0016736 0.143066 0.0332323 1 1 1
vn 0.188706 0.811833 -0.552554
v 9.15e-05 0.479331 0.045195 1 1 1
vn 0.0645699 -0.205044 0.976621
v 0.0001259 0.49907 0.048738 1 1 1
vn -0.0409862 -0.00618218 0.999141
v 0.0013321 -0.394263 0.0745583 1 1 1
vn -0.0137548 0.718036 0.69587
v 0.0012231 -0.411479 0.0964337 1 1 1
vn -0.00186569 0.889535 0.456863
v -0.0002949 0.242856 0.194951 1 1 1
vn -0.000792514 0.865962 -0.500109
v -0.0009163 0.246604 0.205235 1 1 1
vn 0.0100464 0.511204 0.859401
v -0.0023934 0.219416 0.216814 1 1 1
vn 8.14318e-05 0.358734 0.93344
v 0.0002313 -0.459093 0.230445 1 1 1
vn -0.0094424 0.257631 0.966197
v -0.0001461 -0.479921 0.229798 1 1 1
vn 0.0165013 0.0115467 0.999797
v -0.0010039 -0.498677 0.230878 1 1 1
vn -0.0112506 -0.0140705 0.999838
v -0.0027679 -0.446439 -0.216802 1 1 1
vn -0.0184908 0.888369 -0.458757
v 0.0104591 0.138288 -0.189687 1 1 1
vn 0.345768 -0.83964 -0.418866
v -0.000734 0.136163 -0.192244 1 1 1
vn -0.0492991 -0.89142 -0.450489
v 0.0011238 0.166214 -0.170141 1 1 1
vn 0.209031 0.888575 0.408339
v 0.0102923 0.123924 -0.159566 1 1 1
vn 0.329318 -0.853681 -0.403459
v -0.0009038 0.115012 -0.148527 1 1 1
vn 0.0221291 -0.911752 -0.410144
v -0.0008005 0.122805 -0.164363 1 1 1
vn -0.10947 -0.896575 -0.429151
v -0.0007767 0.147645 -0.129112 1 1 1
vn -0.0964853 0.902008 0.4208
v 0.0104508 0.116353 -0.143883 1 1 1
vn 0.384591 -0.846854 -0.367326
v 0.0117309 0.107386 -0.12089 1 1 1
vn 0.372911 -0.858046 -0.353121
v -0.0008219 0.103413 -0.120583 1 1 1
vn -0.027548 -0.924667 -0.37978
v 0.0118147 0.102303 -0.108302 1 1 1
vn 0.496269 -0.802148 -0.332078
v -0.000591 0.0947501 -0.0994636 1 1 1
vn -0.0683305 -0.92085 -0.383883
v -0.0006742 0.129872 -0.090122 1 1 1
vn -0.0328311 0.920074 0.390366
v 0.0097667 0.097116 -0.0975847 1 1 1
vn 0.332003 -0.870305 -0.363791
v -0.0003177 0.0878656 -0.0829904 1 1 1
vn 0.0214507 -0.91794 -0.39614
v -0.000276 -0.397771 -0.0795974 1 1 1
vn 0.00837954 0.725401 -0.688276
v -0.0130702 0.500462 -0.0458915 1 1 1
vn 0.000158305 0.999939 0.011041
v -0.0019452 0.461701 -0.037763 1 1 1
vn -0.00464857 0.181654 0.983352
v -0.002098 0.437128 -0.032508 1 1 1
vn -0.0133693 0.157571 0.987417
v -0.0011472 0.420111 -0.0306224 1 1 1
vn -0.00307064 0.0549823 0.998483
v -0.0014813 0.380929 -0.0293755 1 1 1
vn 0.0546148 0.0264301 0.998158
v -0.0004261 0.306803 -0.0337175 1 1 1
vn 0.0330238 -0.00300828 -0.99945
v 0.0098589 0.260308 -0.0321897 1 1 1
vn 0.18928 -0.00341897 -0.981917
v -1.15e-05 0.258539 -0.0336914 1 1 1
vn -0.0516102 -0.00353803 -0.998661
v 0.0021684 0.200405 -0.0330366 1 1 1
vn 0.133275 -0.00633304 -0.991059
v -0.0016933 0.166677 -0.0331449 1 1 1
vn -0.017956 -0.00267447 -0.999835
v 0.0103332 0.155557 -0.0316422 1 1 1
vn 0.193709 -0.00181109 -0.981057
v -0.0009747 0.114617 -0.0332443 1 1 1
vn -0.00790489 0.0047327 -0.999958
v 0.0102442 0.108835 -0.0317282 1 1 1
vn 0.200125 0.022065 -0.979522
v -0.0003408 0.107162 -0.0336811 1 1 1
vn -0.000837059 0.135382 -0.990793
v -0.0009142 0.334576 -0.028488 1 1 1
vn 0.0249261 0.0232689 0.999418
v -0.0014323 0.296066 -0.0255854 1 1 1
vn 0.104211 0.209087 0.972329
v 0.0028174 0.286256 -0.0228309 1 1 1
vn 0.200326 0.277831 0.93951
v 0.0025719 0.288445 -0.0169362 1 1 1
vn 0.299868 0.642197 -0.705452
v -0.0022935 0.29509 -0.0092742 1 1 1
vn 0.19491 0.90421 -0.380018
v -0.0007582 0.415742 0.0339148 1 1 1
vn 0.0275511 -0.0537595 0.998174
v -0.0026828 -0.388556 0.0327796 1 1 1
vn -0.0588454 0.820482 0.568636
v -0.0050366 0.498427 0.0351722 1 1 1
vn 0.0543899 0.816008 -0.575476
v -0.0092699 0.499439 0.0375723 1 1 1
vn 0.0303787 0.985291 -0.168164
v -0.0006384 0.433306 0.0357014 1 1 1
vn -0.0398735 -0.140237 0.989315
v 0.0003613 0.164575 0.0640456 1 1 1
vn -0.0278375 0.8369 -0.546648
v -0.000463 0.179913 0.0886886 1 1 1
vn -0.127314 0.848658 -0.513392
v 9.66e-05 0.190301 0.105942 1 1 1
vn -0.0273769 0.853306 -0.520691
v 0.0019951 0.201708 0.124911 1 1 1
vn 0.136726 0.85444 -0.501237
v -0.0005236 0.215075 0.148104 1 1 1
vn -0.112712 0.860973 -0.496006
v -0.0005595 0.226388 0.167481 1 1 1
vn -0.0882675 0.857709 -0.506502
v -0.0033808 -0.431592 0.166518 1 1 1
vn -0.0100546 0.974517 0.22409
v -0.0011057 0.246373 0.202781 1 1 1
vn -0.0711906 0.934298 -0.349312
v 0.0015291 0.216241 0.216882 1 1 1
vn -0.0116738 -0.466581 0.884401
v -0.0015083 0.166533 -0.170647 1 1 1
vn -0.252523 0.880271 0.401691
v -0.0012599 0.120227 -0.0670489 1 1 1
vn -0.286125 0.880619 0.377682
v -0.0038236 0.49911 -0.0485024 1 1 1
vn -0.102495 -0.074493 -0.99194
v -0.0037962 0.483027 -0.0394701 1 1 1
vn 0.206388 -0.0817743 0.975047
v -0.0018278 0.310239 -0.0273336 1 1 1
vn 0.0862989 0.0757536 0.993385
v -0.0024015 0.290275 -0.022305 1 1 1
vn 0.592554 0.497992 0.633154
v -0.0016989 0.289262 -0.0192756 1 1 1
vn 0.706004 0.525281 -0.475014
v -0.0065201 0.293361 -0.0180859 1 1 1
vn 0.521529 0.835617 -0.172488
v -0.0104166 0.296998 0.0105841 1 1 1
vn 0.0700204 0.991892 -0.106052
v -0.0018543 0.148309 0.0323039 1 1 1
vn -0.134327 0.00992175 0.990887
v -0.0035023 0.142968 0.0327528 1 1 1
vn -0.290314 0.954598 0.0667916
v -0.0012399 0.0962868 0.0324833 1 1 1
vn -0.0181566 -0.489308 0.871922
v -0.0018517 0.0539115 0.0319436 1 1 1
vn -0.119782 -0.00615516 0.992781
v -0.0022423 -0.039895 0.0315085 1 1 1
vn -0.102063 -0.00531758 0.994764
v -0.0019823 -0.103621 0.0310881 1 1 1
vn -0.121967 0.00059086 0.992534
v -0.0020214 -0.166183 0.0318358 1 1 1
vn -0.0931094 0.00644279 0.995635
v -0.0019123 -0.277678 0.0321966 1 1 1
vn -0.0765406 0.00150093 0.997065
v -0.0022997 -0.362584 0.0322534 1 1 1
vn -0.0953994 0.00517373 0.995426
v -0.0016347 0.308876 0.0326518 1 1 1
vn -0.157641 -0.00494824 0.987484
v -0.002768 0.14752 0.0392994 1 1 1
vn -0.21592 0.813662 -0.539753
v -0.0001242 0.119824 0.0653885 1 1 1
vn -0.0240117 -0.821541 0.569644
v 0.0025849 0.134893 0.0874246 1 1 1
vn 0.220382 -0.817156 0.532623
v -0.0013687 0.133978 0.0863887 1 1 1
vn -0.228513 -0.816734 0.529837
v -0.0013975 0.198532 0.119997 1 1 1
vn -0.303497 0.817611 -0.489286
v -0.0102289 0.167005 -0.178314 1 1 1
vn -0.381647 0.846006 0.372317
v -0.0111448 0.154943 -0.152924 1 1 1
vn -0.407206 0.827934 0.385626
v -0.0107592 0.139315 -0.119305 1 1 1
vn -0.446749 0.809465 0.381026
v -0.0099466 0.131985 -0.102724 1 1 1
vn -0.408798 0.83421 0.370105
v -0.0106705 0.123972 -0.0848847 1 1 1
vn -0.444975 0.826291 0.345313
v -0.0113646 0.105418 -0.0419621 1 1 1
vn -0.405577 0.837642 0.365873
v -0.0202789 0.499774 -0.0382271 1 1 1
vn 0.0862679 0.979552 0.181755
v -0.0111151 0.487112 -0.0370632 1 1 1
vn 0.307128 -0.187172 0.93308
v -0.0098355 0.467055 -0.0375465 1 1 1
vn 0.223341 0.135621 0.965259
v -0.0109472 0.497948 -0.0345687 1 1 1
vn 0.191919 0.804536 0.56204
v -0.0096871 0.495037 -0.0341162 1 1 1
vn 0.296675 -0.222303 0.928744
v -0.0090838 0.436097 -0.0315888 1 1 1
vn 0.226396 0.170543 0.958989
v -0.009586 0.419797 -0.0294916 1 1 1
vn 0.262866 0.0610543 0.962899
v -0.0092549 0.377978 -0.0281884 1 1 1
vn 0.269061 0.0252166 0.962793
v -0.0070663 0.328833 -0.0276728 1 1 1
vn 0.210089 0.0352188 0.977048
v -0.0093571 0.307275 -0.025673 1 1 1
vn 0.412461 0.130074 0.901641
v -0.008214 0.295619 -0.0222264 1 1 1
vn 0.496028 0.453521 0.740456
v -0.0102944 0.296893 -0.0063345 1 1 1
vn 0.194961 0.979111 -0.0577264
v -0.0091319 0.298709 0.0171947 1 1 1
vn 0.0357841 0.743494 -0.667785
v 0.0067616 0.300461 0.0175227 1 1 1
vn -0.238542 0.542439 -0.805517
v -0.010078 0.227954 0.0311711 1 1 1
vn -0.210809 -0.00257565 0.977524
v -0.0098974 0.0983478 0.0310577 1 1 1
vn -0.265268 -0.225677 0.937391
v -0.0097272 -0.138423 0.0301908 1 1 1
vn -0.211567 0.00925474 0.97732
v -0.0098267 0.447168 0.0366308 1 1 1
vn -0.232196 -0.19137 0.953658
v -0.0099144 0.424851 0.0330241 1 1 1
vn -0.270749 -0.0833063 0.959039
v -0.0138473 -0.388758 0.0296749 1 1 1
vn -0.366443 0.460532 0.808474
v -0.0106222 0.483373 0.044577 1 1 1
vn -0.221599 -0.199674 0.954476
v -0.0176194 0.500183 0.0447654 1 1 1
vn -0.0141062 0.998566 0.0516428
v -0.0096959 0.154844 0.0544722 1 1 1
vn -0.470407 0.740488 -0.479995
v -0.0094397 0.118183 0.0583668 1 1 1
vn -0.474553 -0.710184 0.520037
v -0.000718 0.107447 0.0488709 1 1 1
vn -0.0762292 -0.805971 0.587026
v -0.0095831 0.162353 0.0661415 1 1 1
vn -0.530079 0.717628 -0.451693
v -0.0135515 -0.389475 0.0692921 1 1 1
vn -0.105802 0.781825 0.614455
v -0.009462 0.169582 0.0773334 1 1 1
vn -0.484434 0.745342 -0.458028
v -0.0094345 0.209236 0.14376 1 1 1
vn -0.497174 0.748894 -0.438151
v 0.0002143 0.179163 0.1602 1 1 1
vn -0.111618 -0.839468 0.531822
v -0.0090012 0.173152 0.145769 1 1 1
vn -0.432034 -0.77038 0.468893
v 0.000103 0.16781 0.141904 1 1 1
vn -0.0156646 -0.859716 0.510532
v -0.009522 0.216867 0.15697 1 1 1
vn -0.527624 0.732212 -0.430671
v -0.0098469 0.233518 0.18493 1 1 1
vn -0.419707 0.776563 -0.46989
v -0.0101781 0.241354 0.198518 1 1 1
vn -0.592953 0.717411 -0.365688
v -0.0100131 0.218192 0.215574 1 1 1
vn -0.288246 -0.654979 0.69851
v -0.0387751 -0.449803 -0.218233 1 1 1
vn -0.0982008 0.811132 -0.57656
v -0.0123196 0.176816 -0.204757 1 1 1
vn -0.369167 0.900873 -0.228348
v -0.0122222 0.17409 -0.197497 1 1 1
vn -0.616351 0.726446 0.303954
v -0.0231344 -0.433951 -0.170949 1 1 1
vn -0.0368969 0.980555 -0.192743
v -0.0162949 -0.398916 -0.0785292 1 1 1
vn -0.145863 0.743392 -0.652757
v -0.0164954 0.470491 -0.0357334 1 1 1
vn 0.376795 0.0926184 0.921655
v -0.0091159 0.102267 -0.0325736 1 1 1
vn -0.49405 0.740889 -0.454971
v -0.0201919 -0.388508 -0.0296247 1 1 1
vn -0.00862546 0.999883 -0.0126213
v -0.0099578 -0.388172 -0.0323016 1 1 1
vn -0.207949 0.0122582 -0.978063
v -0.0129658 0.333417 -0.0258299 1 1 1
vn 0.44794 0.0370747 0.893295
v -0.0127535 0.298766 -0.0210342 1 1 1
vn 0.758205 0.386279 0.525274
v -0.0115754 0.296324 -0.0144582 1 1 1
vn 0.419731 0.904594 -0.0744064
v -0.0099802 0.415033 0.0285362 1 1 1
vn 0.315326 0.0696772 -0.946422
v -0.0006339 0.419878 0.0308118 1 1 1
vn 0.0508425 0.0868187 -0.994926
v -0.0014577 0.399175 0.0293956 1 1 1
vn 0.104448 0.0558276 -0.992962
v -0.0096669 0.325619 0.0314079 1 1 1
vn -0.238492 -0.00354876 0.971138
v -0.0109214 0.138677 0.0304117 1 1 1
vn -0.357489 0.0756456 0.930849
v -0.0114003 0.0446133 0.0299406 1 1 1
vn -0.340589 -0.00557051 0.940196
v -0.0097935 -0.0359103 0.0301746 1 1 1
vn -0.236503 -0.005202 0.971617
v -0.0121155 -0.097948 0.0289798 1 1 1
vn -0.338169 0.00249954 0.941082
v -0.0094025 -0.261012 0.030978 1 1 1
vn -0.216605 0.00328987 0.976254
v -0.0104575 -0.314459 0.0306399 1 1 1
vn -0.264267 0.00141466 0.964448
v -0.0098415 -0.385243 0.0310675 1 1 1
vn -0.227168 0.00428597 0.973846
v -0.0122155 0.455609 0.0337151 1 1 1
vn 0.238553 0.172598 -0.955669
v 0.0006809 0.464847 0.0374024 1 1 1
vn 0.0108634 0.168569 -0.98563
v -0.0047229 0.442071 0.032706 1 1 1
vn 0.143353 0.153072 -0.977762
v -0.0108404 0.397506 0.0315261 1 1 1
vn -0.285074 -0.0145501 0.958395
v -0.0092255 0.140942 0.0330483 1 1 1
vn -0.318038 0.801755 -0.506005
v -0.0126069 0.489519 0.0341852 1 1 1
vn 0.344215 -0.241208 -0.907378
v -0.0001447 0.488238 0.0373538 1 1 1
vn 0.0505459 -0.2312 -0.971592
v -0.0093491 0.480439 0.0370216 1 1 1
vn 0.247563 -0.107319 -0.96291
v -0.0106466 0.147311 0.0441233 1 1 1
vn -0.594313 0.680019 -0.429379
v -0.0147822 0.499007 0.046172 1 1 1
vn -0.210398 -0.0984769 0.972643
v -0.0158888 -0.397489 0.0763012 1 1 1
vn -0.11359 0.766904 0.63163
v -0.010144 0.176097 0.0895849 1 1 1
vn -0.522293 0.734564 -0.433157
v -0.0172214 -0.410983 0.0944398 1 1 1
vn -0.0916928 0.853216 0.513435
v -0.0099666 0.185577 0.105067 1 1 1
vn -0.513721 0.735106 -0.442391
v -0.016835 -0.415642 0.104757 1 1 1
vn -0.0495918 0.941995 0.331943
v -0.0101949 0.198672 0.127112 1 1 1
vn -0.591165 0.689904 -0.417799
v -0.0196363 -0.424371 0.133286 1 1 1
vn -0.0401879 0.966674 0.252835
v -0.0101205 0.224916 0.171583 1 1 1
vn -0.526885 0.728415 -0.437955
v -0.0103284 0.243731 0.205524 1 1 1
vn -0.489827 0.835881 0.247732
v -0.01343 0.235651 0.209476 1 1 1
vn -0.119829 0.403573 0.907067
v -0.0264144 -0.450136 0.222264 1 1 1
vn -0.0732381 0.769237 0.634752
v -0.0222247 -0.45944 0.228599 1 1 1
vn -0.0839872 -0.019227 0.996281
v -0.0161511 -0.481605 0.228695 1 1 1
vn -0.0820095 0.0291997 0.996204
v -0.0135296 0.167581 -0.184528 1 1 1
vn -0.813944 0.538416 0.21818
v -0.0138341 0.158985 -0.167431 1 1 1
vn -0.820026 0.51747 0.244504
v -0.0258903 -0.432041 -0.161618 1 1 1
vn -0.0488622 0.96813 -0.245637
v -0.0143784 0.148064 -0.145928 1 1 1
vn -0.829894 0.504357 0.238537
v -0.0102389 0.146579 -0.134479 1 1 1
vn -0.489817 0.78853 0.371886
v -0.0209409 -0.415386 -0.104638 1 1 1
vn -0.0563819 0.942243 -0.33015
v -0.0140135 0.128455 -0.103978 1 1 1
vn -0.832146 0.505127 0.228867
v -0.0237283 -0.411789 -0.095852 1 1 1
vn -0.106169 0.895153 -0.43293
v -0.0189563 -0.407797 -0.0894004 1 1 1
vn -0.133451 0.822018 -0.553604
v -0.0137274 0.119499 -0.0814885 1 1 1
vn -0.834839 0.506912 0.214672
v -0.0107455 0.114749 -0.0629927 1 1 1
vn -0.482982 0.806539 0.340916
v -0.0138594 0.114614 -0.0707667 1 1 1
vn -0.899514 0.39708 0.182216
v -0.019663 0.498826 -0.0449404 1 1 1
vn -0.402883 -0.16037 -0.901092
v -0.0192346 0.489852 -0.032567 1 1 1
vn 0.472335 -0.334999 0.815276
v -0.0131417 0.0989453 -0.0307618 1 1 1
vn -0.821992 0.550629 -0.145387
v -0.0179684 0.495551 -0.0300374 1 1 1
vn 0.497452 -0.121197 0.858984
v -0.0155324 0.441507 -0.030075 1 1 1
vn 0.425431 0.167353 0.889383
v -0.0146108 -0.388317 -0.0304388 1 1 1
vn -0.491076 0.0216425 -0.870848
v -0.0201746 0.42785 -0.0250853 1 1 1
vn 0.606261 0.115024 0.786903
v -0.0176363 0.420955 -0.0262482 1 1 1
vn 0.466286 0.034876 0.883946
v -0.0158696 0.372475 -0.0252365 1 1 1
vn 0.529487 0.0308626 0.847757
v -0.0181669 0.322722 -0.02143 1 1 1
vn 0.714404 0.108591 0.691256
v -0.0148909 0.298666 -0.0088145 1 1 1
vn 0.683395 0.730016 0.00685246
v -0.0145285 0.298665 0.0100306 1 1 1
vn 0.627172 0.777264 -0.0501615
v -0.0131317 0.300041 0.0170021 1 1 1
vn 0.609881 0.500568 -0.614391
v -0.013917 0.341503 0.0297304 1 1 1
vn -0.456259 -0.0057677 0.889828
v -0.0127253 0.278216 0.0300308 1 1 1
vn -0.437042 -0.0012706 0.89944
v -0.0133914 0.177164 0.0297325 1 1 1
vn -0.463327 -0.00339417 0.886181
v -0.0131578 0.100091 0.0298468 1 1 1
vn -0.500954 -0.0837806 0.861409
v -0.015589 -0.0385563 0.0278927 1 1 1
vn -0.468099 -0.00291837 0.883671
v -0.0133228 -0.16065 0.0292824 1 1 1
vn -0.342359 0.00632429 0.939548
v -0.0138447 -0.257966 0.0294884 1 1 1
vn -0.39103 0.0013406 0.920377
v -0.0160928 0.497163 0.0296513 1 1 1
vn 0.426137 0.29759 -0.854311
v -0.0142949 0.441453 0.033753 1 1 1
vn -0.428569 -0.172448 0.886899
v -0.0145754 0.157269 0.0673268 1 1 1
vn -0.834575 0.467728 -0.291058
v -0.0087202 0.158576 0.121058 1 1 1
vn -0.427237 -0.775362 0.465061
v -0.014479 0.155099 0.106704 1 1 1
vn -0.853012 -0.446042 0.270957
v -0.0109842 0.150003 0.104332 1 1 1
vn -0.61455 -0.668918 0.418182
v -0.0141688 0.221356 0.215038 1 1 1
vn -0.644748 -0.229474 0.729138
v -0.0322227 -0.442869 0.204988 1 1 1
vn -0.051394 0.926498 0.372774
v -0.0294861 -0.454351 -0.224584 1 1 1
vn -0.0933909 0.633361 -0.7682
v -0.017247 0.170427 -0.20591 1 1 1
vn -0.903327 0.424853 -0.0591626
v -0.0141416 0.1384 -0.125024 1 1 1
vn -0.82765 0.506506 0.241758
v -0.0288577 -0.423476 -0.128528 1 1 1
vn -0.0548249 0.960445 -0.27302
v -0.0161498 0.105376 -0.0617653 1 1 1
vn -0.91934 0.364813 0.147395
v -0.0118726 0.109642 -0.0524782 1 1 1
vn -0.673892 0.67864 0.292091
v -0.0142946 0.102141 -0.0440571 1 1 1
vn -0.898759 0.408739 0.158633
v -0.015955 0.0954876 -0.0330944 1 1 1
vn -0.893406 0.441925 0.0808002
v -0.0212743 0.481945 -0.0330274 1 1 1
vn 0.526047 -0.0733322 0.847288
v -0.0217307 0.497703 -0.0288824 1 1 1
vn 0.300173 0.86949 0.392281
v -0.0211129 0.469362 -0.0328674 1 1 1
vn 0.562192 0.130645 0.816623
v -0.0165139 0.0947927 -0.0284027 1 1 1
vn -0.777809 0.157198 -0.608525
v -0.0211217 0.372349 -0.0210375 1 1 1
vn 0.711046 0.0406343 0.701971
v -0.0173701 0.309159 -0.0175567 1 1 1
vn 0.909989 0.208683 0.358289
v -0.0171764 0.30184 -0.0117832 1 1 1
vn 0.931374 0.347984 0.107003
v -0.0168407 0.302709 -0.0006425 1 1 1
vn 0.936354 0.348837 -0.0394112
v -0.0168744 0.302265 0.0114929 1 1 1
vn 0.948607 0.259281 -0.181432
v -0.0172034 0.308705 0.0105386 1 1 1
vn 0.93855 0.29845 -0.173354
v -0.01537 0.308169 0.0167699 1 1 1
vn 0.779082 0.231689 -0.582539
v -0.0193799 0.156568 0.0258596 1 1 1
vn -0.600663 -0.00398082 0.799492
v -0.0193195 0.124108 0.025957 1 1 1
vn -0.577991 0.0076343 0.816007
v -0.0163226 0.128581 0.0281233 1 1 1
vn -0.893324 0.41494 -0.17262
v -0.0194516 -0.096961 0.0252723 1 1 1
vn -0.524752 0.00453251 0.851243
v -0.0173121 -0.160086 0.0274695 1 1 1
vn -0.509313 0.00497301 0.860567
v -0.0171946 -0.354365 0.0279002 1 1 1
vn -0.493183 0.00106585 0.869925
v -0.0208007 -0.38836 0.0255801 1 1 1
vn -0.577135 0.0186917 0.816435
v -0.0135993 0.438371 0.0299899 1 1 1
vn 0.38338 0.141983 -0.912612
v -0.0240032 0.450371 0.0253293 1 1 1
vn 0.656696 0.16055 -0.736868
v -0.0187406 0.465152 0.0325817 1 1 1
vn 0.504539 0.1388 -0.852159
v -0.019392 0.404659 0.027399 1 1 1
vn -0.579715 -0.0142863 0.814694
v -0.0177697 0.272346 0.0272753 1 1 1
vn -0.533694 -0.00100593 0.845677
v -0.0250248 0.499426 0.0307923 1 1 1
vn 0.0939521 0.984266 -0.149645
v -0.0199975 0.424588 0.0281138 1 1 1
vn -0.535253 -0.0809203 0.840807
v -0.0189221 0.467021 0.0376153 1 1 1
vn -0.411203 -0.209184 0.887217
v -0.0140556 0.114076 0.0449374 1 1 1
vn -0.836987 -0.434023 0.333281
v -0.017521 0.108772 0.0299766 1 1 1
vn -0.911564 -0.268094 0.311732
v -0.0101636 0.106878 0.0424454 1 1 1
vn -0.589465 -0.636518 0.497368
v -0.0206881 0.498867 0.044215 1 1 1
vn -0.453622 -0.167588 0.875295
v -0.035477 -0.38916 0.0614443 1 1 1
vn -0.100099 0.977437 0.186005
v -0.0142947 0.141915 0.0852815 1 1 1
vn -0.826233 -0.47732 0.299173
v -0.0157067 0.237258 0.206867 1 1 1
vn -0.903507 0.415027 -0.106902
v -0.0170541 0.229234 0.210495 1 1 1
vn -0.949565 0.148597 0.276124
v -0.0362564 -0.445948 -0.212159 1 1 1
vn -0.0606933 0.906187 -0.418499
v -0.0192105 0.141247 -0.157708 1 1 1
vn -0.97401 -0.206873 -0.0922344
v -0.0181227 0.141479 -0.149417 1 1 1
vn -0.924472 0.342933 0.166578
v -0.0177696 0.151931 -0.170944 1 1 1
vn -0.923232 0.347992 0.162923
v -0.0173081 0.130808 -0.123757 1 1 1
vn -0.931723 0.323474 0.165099
v -0.0188128 0.123633 -0.122386 1 1 1
vn -0.981557 -0.175579 -0.0756141
v -0.0168225 0.123797 -0.108083 1 1 1
vn -0.942295 0.303412 0.141495
v -0.0185594 0.116485 -0.106818 1 1 1
vn -0.969504 -0.224078 -0.0992552
v -0.0184076 0.112862 -0.0914681 1 1 1
vn -0.945599 0.29494 0.137307
v -0.0183025 0.102533 -0.0739013 1 1 1
vn -0.998859 -0.0472547 -0.00684474
v -0.0184417 0.0961488 -0.0566616 1 1 1
vn -0.997579 -0.0645676 -0.0258322
v -0.027155 0.500246 -0.0406964 1 1 1
vn -0.524905 0.406618 -0.747755
v -0.0261726 0.489034 -0.0276422 1 1 1
vn 0.720326 -0.246141 0.648494
v -0.024753 0.494808 -0.0252126 1 1 1
vn 0.717895 -0.246317 0.651118
v -0.0261595 0.468559 -0.0283267 1 1 1
vn 0.729548 0.141587 0.669113
v -0.0232059 -0.388308 -0.0243632 1 1 1
vn -0.729045 0.0210587 -0.684142
v -0.0210661 0.329471 -0.0187098 1 1 1
vn 0.814027 0.068683 0.576751
v -0.0252915 0.326249 -0.0096623 1 1 1
vn 0.91199 0.232143 0.338207
v -0.0200222 0.312485 -0.0105634 1 1 1
vn 0.930773 0.317633 0.181025
v -0.0187035 0.308795 -0.0004798 1 1 1
vn 0.932832 0.356446 -0.0526417
v -0.0227115 0.317409 0.0047761 1 1 1
vn 0.911309 0.388222 -0.137109
v -0.0208289 0.319704 0.0128778 1 1 1
vn 0.878948 0.251837 -0.405004
v -0.0174121 0.316204 0.0175758 1 1 1
vn 0.763856 0.169017 -0.622863
v -0.0245052 0.416712 0.0178473 1 1 1
vn 0.808638 0.0723231 -0.583845
v -0.0177652 0.424785 0.0257707 1 1 1
vn 0.61425 0.112171 -0.781098
v -0.0166394 0.401195 0.0243294 1 1 1
vn 0.588325 0.0480104 -0.807198
v -0.0223497 0.397852 0.0186971 1 1 1
vn 0.757492 0.0337435 -0.651972
v -0.0173373 0.350649 0.0216025 1 1 1
vn 0.594432 0.0404723 -0.803127
v -0.0264335 0.437096 0.0189817 1 1 1
vn 0.830506 0.142317 -0.538522
v -0.0192869 0.328353 0.0264629 1 1 1
vn -0.592798 -0.00548755 0.805332
v -0.0234236 0.23631 0.0228379 1 1 1
vn -0.697766 -0.00178552 0.716323
v -0.0189683 0.198285 0.0265902 1 1 1
vn -0.601535 -0.00301832 0.79884
v -0.0242561 0.138084 0.0213752 1 1 1
vn -0.727916 -0.00229964 0.685662
v -0.0197073 0.110352 0.0259227 1 1 1
vn -0.69045 -0.00399085 0.723369
v -0.0176285 0.104873 0.0273608 1 1 1
vn -0.620681 -0.109866 0.776328
v -0.0193156 0.0374754 0.0256644 1 1 1
vn -0.556504 -0.00366089 0.830837
v -0.0220185 -0.0531414 0.0235922 1 1 1
vn -0.612958 -0.00124042 0.790114
v -0.0228857 -0.136465 0.0235665 1 1 1
vn -0.648012 0.00593543 0.761607
v -0.0228922 -0.275462 0.0239661 1 1 1
vn -0.620072 0.00124169 0.784544
v -0.0250246 0.497717 0.0250944 1 1 1
vn 0.39006 0.843587 -0.369071
v -0.023391 -0.38876 0.0263718 1 1 1
vn -0.0107498 0.999725 0.0208209
v -0.0205691 0.445026 0.0309843 1 1 1
vn -0.565235 -0.187599 0.803316
v -0.0273374 -0.389881 0.065932 1 1 1
vn -0.289586 0.671389 0.682185
v -0.0305604 -0.396478 0.070733 1 1 1
vn -0.271796 0.737828 0.617849
v -0.033757 -0.431711 0.163385 1 1 1
vn -0.0431162 0.974651 0.219537
v -0.033089 -0.437611 0.189589 1 1 1
vn -0.0519487 0.960751 0.272505
v -0.0323686 -0.459084 0.2276 1 1 1
vn -0.164705 0.234065 0.958168
v -0.0375351 -0.442106 -0.202738 1 1 1
vn -0.0606952 0.940349 -0.334754
v -0.0328622 -0.437952 -0.190498 1 1 1
vn -0.0485084 0.970961 -0.234268
v -0.0387104 -0.407619 -0.082441 1 1 1
vn -0.247432 0.825818 -0.506757
v -0.0319732 -0.398434 -0.072869 1 1 1
vn -0.291934 0.720442 -0.629078
v -0.0299086 -0.389532 -0.0649923 1 1 1
vn -0.318868 0.695241 -0.644177
v -0.0450416 -0.389062 -0.0562851 1 1 1
vn -0.128371 0.970529 -0.203948
v -0.0308353 0.499673 -0.0281674 1 1 1
vn 0.140403 0.984129 0.108519
v -0.0275804 0.480271 -0.0277433 1 1 1
vn 0.777778 -0.0353255 0.627545
v -0.0288136 0.49782 -0.0211657 1 1 1
vn 0.572132 0.759237 0.310201
v -0.0291077 0.439752 -0.0168038 1 1 1
vn 0.839914 0.136619 0.525242
v -0.0251159 0.427683 -0.0200358 1 1 1
vn 0.774115 0.0791575 0.628076
v -0.0260768 0.388556 -0.0163444 1 1 1
vn 0.830384 0.0416463 0.555632
v -0.0260245 0.340447 -0.0124506 1 1 1
vn 0.91049 0.0511542 0.410356
v -0.025424 0.322669 -0.0010312 1 1 1
vn 0.954748 0.297396 0.00356186
v -0.0258695 0.330582 0.0083369 1 1 1
vn 0.944694 0.0933713 -0.314381
v -0.025918 0.387679 0.0126267 1 1 1
vn 0.889559 0.0372662 -0.455298
v -0.0257987 0.367052 0.0120363 1 1 1
vn 0.876953 0.03245 -0.479479
v -0.0211777 0.336187 0.0172504 1 1 1
vn 0.783662 0.0638601 -0.617896
v -0.0234076 0.333284 0.0228614 1 1 1
vn -0.701753 -0.00583121 0.712396
v -0.0273941 0.30086 0.0182417 1 1 1
vn -0.629421 0.00354718 0.777056
v -0.0265627 0.24861 0.0190472 1 1 1
vn -0.863151 -0.000886721 0.504945
v -0.0245314 0.0980683 0.0213949 1 1 1
vn -0.723006 0.000631983 0.690841
v -0.0246107 -0.092702 0.0211691 1 1 1
vn -0.726989 0.00319551 0.686642
v -0.0282831 -0.107872 0.01761 1 1 1
vn -0.721627 -0.0866396 0.686839
v -0.0266031 0.405428 0.0207279 1 1 1
vn -0.746245 -0.0227872 0.665281
v -0.0241104 -0.388429 0.0227955 1 1 1
vn -0.72353 0.0113634 0.690199
v -0.0250052 0.467432 0.0282755 1 1 1
vn 0.670683 0.104199 -0.734389
v -0.0254827 0.476419 0.0361306 1 1 1
vn -0.585411 -0.201707 0.785244
v -0.0364353 -0.406596 0.0820972 1 1 1
vn -0.228308 0.807816 0.543423
v -0.0385729 -0.415762 0.0996989 1 1 1
vn -0.113551 0.946763 0.301242
v -0.0324981 -0.481523 0.227141 1 1 1
vn -0.161413 0.0232716 0.986613
v -0.0317247 -0.498708 0.228387 1 1 1
vn -0.115601 0.0109099 0.993236
v -0.0378575 -0.41559 -0.100344 1 1 1
vn -0.105038 0.946218 -0.306004
v -0.0295572 0.468209 -0.0243834 1 1 1
vn 0.809764 0.124297 0.57344
v -0.0300869 0.495763 -0.0175484 1 1 1
vn 0.859496 -0.213452 0.464441
v -0.0336349 0.489218 -0.016197 1 1 1
vn 0.899808 -0.210906 0.381922
v -0.0305862 -0.388541 -0.0142813 1 1 1
vn -0.650453 0.684023 -0.330187
v -0.0292594 0.419216 -0.012858 1 1 1
vn 0.933487 0.0657924 0.352524
v -0.0292736 0.396354 -0.0092986 1 1 1
vn 0.992553 0.0432566 0.113873
v -0.0283539 0.390768 -0.011613 1 1 1
vn 0.958163 0.0445314 0.282739
v -0.0284378 0.371168 -0.00484 1 1 1
vn 0.996799 0.0430057 0.0674032
v -0.0267677 0.332201 -0.006098 1 1 1
vn 0.99351 0.0680803 0.0911154
v -0.0294391 0.39049 0.0001458 1 1 1
vn 0.997682 0.0459266 -0.0502077
v -0.0269484 0.33256 0.0022785 1 1 1
vn 0.997322 0.0549717 -0.0482388
v -0.0287373 0.382639 0.0028592 1 1 1
vn 0.992326 0.0385982 -0.117467
v -0.0291937 0.420345 0.0084831 1 1 1
vn 0.945813 0.0743001 -0.316098
v -0.0277597 0.377716 0.0072647 1 1 1
vn 0.958277 0.0343492 -0.28377
v -0.0321718 0.446439 0.0104882 1 1 1
vn 0.939459 0.152108 -0.307051
v -0.0289582 0.291176 0.0159243 1 1 1
vn -0.382561 -0.396755 0.834406
v -0.0274776 0.286392 0.0178389 1 1 1
vn -0.887835 -0.0162258 0.459877
v -0.0314436 0.283597 0.0098147 1 1 1
vn -0.941273 -0.0168045 0.337227
v -0.0277244 -0.103706 0.0183756 1 1 1
vn -0.15062 0.0118472 0.988521
v -0.0305199 0.497593 0.0155996 1 1 1
vn 0.610201 0.742468 -0.276399
v -0.0243817 0.49526 0.0244366 1 1 1
vn 0.707311 -0.175039 -0.684888
v -0.0295494 0.495345 0.0162697 1 1 1
vn 0.852302 -0.299696 -0.428676
v -0.0338549 0.499168 0.0190738 1 1 1
vn 0.181918 0.98021 -0.0780707
v -0.0276561 0.490327 0.0236136 1 1 1
vn 0.749781 -0.245124 -0.614608
v -0.0303469 0.463631 0.0209414 1 1 1
vn 0.82596 0.152954 -0.542582
v -0.0290079 -0.388663 0.0169875 1 1 1
vn -0.594706 0.713929 0.369636
v -0.0291466 0.477549 0.0248629 1 1 1
vn 0.797168 -0.0223899 -0.603343
v -0.0251515 0.478842 0.0288088 1 1 1
vn 0.636373 -0.0775184 -0.767476
v -0.0253951 0.430804 0.024245 1 1 1
vn -0.719369 -0.119796 0.684221
v -0.0281928 0.453058 0.0269726 1 1 1
vn -0.712017 -0.201718 0.672564
v -0.0321913 0.500039 0.0364745 1 1 1
vn -0.634703 0.291166 0.715803
v -0.0366017 -0.411725 0.0905208 1 1 1
vn -0.18756 0.88035 0.435666
v -0.0400221 0.500183 -0.0279395 1 1 1
vn -0.614135 0.655688 -0.439218
v -0.0342181 0.479909 -0.0174857 1 1 1
vn 0.88951 -0.0443259 0.45476
v -0.0337175 0.469816 -0.0179265 1 1 1
vn 0.894774 0.104579 0.434101
v -0.0353105 0.498645 -0.0066377 1 1 1
vn 0.279478 0.958044 0.0635851
v -0.0330285 0.497502 -0.0086599 1 1 1
vn 0.96105 -0.158014 0.226749
v -0.0322352 0.442759 -0.0112196 1 1 1
vn 0.960455 0.131069 0.245658
v -0.032576 0.439413 -0.0047726 1 1 1
vn 0.989888 0.131884 0.0522397
v -0.0308834 0.423229 -0.0040006 1 1 1
vn 0.996604 0.0570194 0.0593993
v -0.0309767 0.105874 -0.0115972 1 1 1
vn -0.961151 -0.00105307 -0.27602
v -0.032845 0.0897398 -0.0008923 1 1 1
vn -0.999921 -0.00114181 -0.0125087
v -0.032663 0.14221 -0.0006825 1 1 1
vn -0.999897 -0.00260718 -0.0141058
v -0.0324291 0.439601 0.0032659 1 1 1
vn 0.984295 0.140509 -0.106867
v -0.0306377 0.423589 0.0024045 1 1 1
vn 0.992071 0.0739649 -0.101611
v -0.0318527 -0.0831845 0.0103042 1 1 1
vn -0.957521 0.0297922 0.286822
v -0.0335825 -0.0817983 -0.0014888 1 1 1
vn -0.972086 0.228009 -0.0553185
v -0.0337259 -0.0811661 0.0009956 1 1 1
vn 0.40694 0.91345 0.00294521
v -0.0330923 0.497682 0.0051338 1 1 1
vn 0.944954 0.220345 -0.241889
v -0.0330518 0.487804 0.016714 1 1 1
vn 0.908112 -0.179867 -0.378128
v -0.0294732 0.392103 0.0155841 1 1 1
vn -0.888019 -0.0155758 0.459543
v -0.0322733 0.388297 0.0094948 1 1 1
vn -0.974712 -0.0132008 0.223074
v -0.0321721 0.334772 0.0091694 1 1 1
vn -0.935369 2.04712e-05 0.353673
v -0.0272774 0.33371 0.0186967 1 1 1
vn -0.838773 -0.00565761 0.544452
v -0.0331401 0.322964 0.0067303 1 1 1
vn 0.0156401 0.904117 0.426998
v -0.0317684 0.316084 0.0142556 1 1 1
vn 0.375621 0.70843 0.597524
v -0.0292864 0.314425 0.0156162 1 1 1
vn -0.549097 0.159153 0.820465
v -0.0321138 -0.0852783 0.0111824 1 1 1
vn 0.254941 0.767998 0.587524
v -0.0288198 -0.0923582 0.016693 1 1 1
vn -0.381442 0.286829 0.878767
v -0.0322756 -0.11366 0.0123493 1 1 1
vn -0.25116 -0.705017 0.663226
v -0.0322476 -0.116497 0.0106096 1 1 1
vn -0.895295 -0.00843748 0.445393
v -0.033772 0.471698 0.0177161 1 1 1
vn 0.914239 0.0703585 -0.39902
v -0.0374542 0.301171 0.017689 1 1 1
vn -0.130176 -0.248825 0.959761
v -0.0482637 -0.42271 0.120391 1 1 1
vn -0.0944209 0.962588 0.253987
v -0.0472205 -0.426049 0.134343 1 1 1
vn -0.0684397 0.97478 0.212416
v -0.0533448 -0.432435 -0.155227 1 1 1
vn -0.06611 0.972255 -0.224389
v -0.047713 -0.423496 -0.123427 1 1 1
vn -0.090913 0.960161 -0.264246
v -0.0435405 -0.4115 -0.0881646 1 1 1
vn -0.194811 0.906522 -0.374522
v -0.0338763 0.498483 -0.0349362 1 1 1
vn -0.658337 -0.137186 -0.740117
v -0.0294307 -0.0943308 -0.0163363 1 1 1
vn -0.587876 0.142944 -0.796222
v -0.0456655 -0.0915503 -0.0181836 1 1 1
vn 0.101159 0.2311 -0.967657
v -0.0309485 -0.088869 -0.0131358 1 1 1
vn -0.59075 0.28859 -0.753479
v -0.0393268 0.499529 -0.0014243 1 1 1
vn 0.169248 0.985537 -0.00854069
v -0.036938 0.474914 -0.0099619 1 1 1
vn 0.975381 0.0446517 0.21596
v -0.0371922 0.48692 -0.002046 1 1 1
vn 0.972017 -0.188968 0.139552
v -0.0342793 0.496017 0.0005363 1 1 1
vn 0.978465 -0.205801 -0.0158993
v -0.0373157 0.467591 -7.04e-05 1 1 1
vn 0.989447 0.144886 -0.00174057
v -0.0371927 0.485737 0.0035687 1 1 1
vn 0.963621 -0.176757 -0.200479
v -0.0371295 0.473083 0.007306 1 1 1
vn 0.969723 0.0534559 -0.238284
v -0.0377177 -0.0806515 0.0080052 1 1 1
vn 0.42743 0.85978 0.279433
v -0.0338666 -0.117833 0.0053389 1 1 1
vn -0.827214 -0.466586 0.313074
v -0.0377561 0.32352 0.0101574 1 1 1
vn 0.392655 0.692612 0.60507
v -0.0454974 0.297782 0.0146136 1 1 1
vn -0.269264 -0.53861 0.798371
v -0.0338643 0.286906 0.0094904 1 1 1
vn -0.418232 -0.728601 0.542423
v -0.0401697 0.500149 0.0272484 1 1 1
vn -0.704061 0.482984 0.520599
v -0.040165 0.319477 0.01528 1 1 1
vn 0.243279 0.480827 0.84239
v -0.0422002 0.309172 0.0182297 1 1 1
vn 0.0308224 0.0671008 0.99727
v -0.0384207 -0.0976072 0.0187406 1 1 1
vn 0.0554336 0.0953609 0.993898
v -0.0401391 -0.102299 0.0181451 1 1 1
vn -0.10215 -0.259904 0.960216
v -0.0331338 0.475508 0.0290476 1 1 1
vn -0.756002 -0.199489 0.62343
v -0.0549886 -0.388901 0.0477369 1 1 1
vn -0.0548582 0.996792 0.0582729
v -0.0455546 -0.395847 0.0619781 1 1 1
vn -0.410989 0.698082 0.586319
v -0.0664419 -0.43783 -0.181029 1 1 1
vn -0.0610673 0.977814 -0.200376
v -0.0566385 -0.388967 -0.0463319 1 1 1
vn -0.082992 0.993398 -0.0791977
v -0.0433221 -0.0855454 -0.0149912 1 1 1
vn 0.252597 0.538806 -0.803668
v -0.0319807 0.318596 -0.0121144 1 1 1
vn -0.740424 0.225376 -0.633228
v -0.043559 0.326717 -0.0101837 1 1 1
vn 0.394371 0.748498 -0.533126
v -0.0330011 0.321992 -0.0080405 1 1 1
vn -0.41362 0.797736 -0.43879
v -0.043313 -0.0797452 -0.0094494 1 1 1
vn 0.374317 0.803349 -0.46316
v -0.0321761 -0.0858823 -0.0102278 1 1 1
vn -0.937617 0.15827 -0.309557
v -0.0455491 0.50011 0.0116428 1 1 1
vn -0.0756414 0.997006 0.0160161
v -0.0381526 0.477342 -0.0004028 1 1 1
vn 0.999954 -0.00352201 0.00896277
v -0.0487425 0.33276 -0.0013487 1 1 1
vn 0.46873 0.880788 -0.0671217
v -0.0338178 0.324303 -0.0006795 1 1 1
vn -0.990713 0.118226 0.0671624
v -0.0468527 -0.0772856 0.009135 1 1 1
vn 0.358632 0.804289 0.473817
v -0.0489319 -0.0822961 0.0150802 1 1 1
vn 0.232293 0.535016 0.81228
v -0.0482091 0.315079 0.0178663 1 1 1
vn 0.166818 0.280185 0.94534
v -0.0469204 -0.0899789 0.0178891 1 1 1
vn 0.107821 0.286247 0.95207
v -0.0505239 -0.105262 0.0147651 1 1 1
vn -0.214596 -0.565309 0.796476
v -0.0411999 0.483908 0.0196648 1 1 1
vn -0.881552 -0.201256 0.427038
v -0.051648 -0.407443 0.0738599 1 1 1
vn -0.361422 0.784888 0.503314
v -0.0575257 -0.437384 0.182544 1 1 1
vn -0.0756311 0.96451 0.252983
v -0.0495115 -0.450303 0.218151 1 1 1
vn -0.13608 0.80319 0.579972
v -0.0512992 -0.459478 0.223857 1 1 1
vn -0.225461 0.24361 0.943304
v -0.0531882 -0.479104 0.222568 1 1 1
vn -0.245039 0.010283 0.969459
v -0.0656395 -0.445898 -0.205352 1 1 1
vn -0.121703 0.903584 -0.410761
v -0.0501253 -0.415639 -0.0954133 1 1 1
vn -0.166501 0.947639 -0.272502
v -0.0496853 -0.401568 -0.066481 1 1 1
vn -0.345572 0.751458 -0.562042
v -0.0491485 -0.394496 -0.0584771 1 1 1
vn -0.456322 0.674241 -0.580663
v -0.0442459 0.498825 -0.0207671 1 1 1
vn -0.895423 -0.183768 -0.40552
v -0.0466402 0.499834 -0.0142131 1 1 1
vn -0.975084 0.127656 -0.181425
v -0.0370078 0.317416 -0.0153277 1 1 1
vn 0.254616 0.477672 -0.840833
v -0.0527054 0.332491 0.0090617 1 1 1
vn 0.414297 0.782309 0.465135
v -0.0441542 0.499004 0.0199332 1 1 1
vn -0.951591 -0.0898371 0.293944
v -0.0451217 0.487982 0.0091739 1 1 1
vn -0.958243 -0.180065 0.222141
v -0.0357213 0.459404 0.0189046 1 1 1
vn -0.875205 -0.206343 0.437536
v -0.0499544 -0.0926978 0.0185402 1 1 1
vn 0.00873409 0.0429855 0.999038
v -0.0566553 -0.411319 0.0781424 1 1 1
vn -0.278045 0.8843 0.375107
v -0.0493621 -0.499606 0.224925 1 1 1
vn -0.223072 -0.0610416 0.972889
v -0.052147 -0.454585 -0.220961 1 1 1
vn -0.176969 0.613525 -0.76959
v -0.0669782 -0.388929 -0.0277496 1 1 1
vn -0.0244054 0.999694 -0.00403536
v -0.0338601 -0.388572 -0.0064428 1 1 1
vn -0.310426 0.947788 -0.0730369
v -0.0573168 -0.070456 -0.0004889 1 1 1
vn 0.437709 0.89724 -0.0580561
v -0.0481003 0.498987 -0.0003203 1 1 1
vn -0.997016 -0.0437545 0.0635991
v -0.0552099 0.297478 0.0096457 1 1 1
vn -0.370332 -0.743557 0.556756
v -0.033113 -0.388622 0.0087017 1 1 1
vn -0.277538 0.958541 0.0645882
v -0.0553514 0.308432 0.0169846 1 1 1
vn -0.14751 -0.303251 0.941424
v -0.0538224 -0.096967 0.0179859 1 1 1
vn -0.133291 -0.285321 0.949118
v -0.0612028 -0.444246 0.201895 1 1 1
vn -0.105254 0.928356 0.356478
v -0.067982 -0.449496 -0.210094 1 1 1
vn -0.19106 0.78626 -0.587615
v -0.0658084 -0.440529 -0.190325 1 1 1
vn -0.100948 0.94266 -0.318122
v -0.0686254 -0.423338 -0.114442 1 1 1
vn -0.131409 0.959678 -0.248494
v -0.0641224 -0.411272 -0.0730044 1 1 1
vn -0.285939 0.897968 -0.334503
v -0.0564797 -0.406942 -0.0691771 1 1 1
vn -0.394822 0.790402 -0.468381
v -0.0579677 0.334757 -0.009262 1 1 1
vn 0.411211 0.792059 -0.451163
v -0.0595411 -0.072021 -0.0089585 1 1 1
vn 0.380396 0.774312 -0.505708
v -0.053783 -0.10844 0.009853 1 1 1
vn -0.312233 -0.792597 0.523737
v -0.0487893 0.324458 0.0148617 1 1 1
vn 0.251866 0.471053 0.845383
v -0.0586531 -0.415606 0.0884001 1 1 1
vn -0.175702 0.951171 0.253775
v -0.0749369 -0.432511 0.155876 1 1 1
vn -0.082861 0.974384 0.20907
v -0.0714627 -0.432166 -0.147779 1 1 1
vn -0.0895129 0.973641 -0.209785
v -0.0605667 -0.0777159 -0.0148977 1 1 1
vn 0.243055 0.514925 -0.822057
v -0.0524397 0.326271 -0.0147365 1 1 1
vn 0.277379 0.547866 -0.789243
v -0.0631229 0.339501 0.004197 1 1 1
vn 0.455938 0.871014 0.182909
v -0.0633206 -0.0693109 0.0087466 1 1 1
vn 0.422808 0.843849 0.330383
v -0.0663838 -0.0734759 0.0148081 1 1 1
vn 0.276909 0.549653 0.788164
v -0.0613043 0.32397 0.0176786 1 1 1
vn 0.126393 0.219823 0.967317
v -0.0617854 0.315929 0.0180003 1 1 1
vn -0.0330429 -0.0974701 0.99469
v -0.0672253 0.307635 0.0140662 1 1 1
vn -0.277793 -0.568561 0.774318
v -0.0607146 -0.0815575 0.0171396 1 1 1
vn 0.12617 0.305931 0.943656
v -0.0623644 -0.401765 0.0558456 1 1 1
vn -0.459207 0.747747 0.479587
v -0.0684429 -0.421593 0.105903 1 1 1
vn -0.137758 0.962337 0.234372
v -0.0663444 -0.459937 0.219763 1 1 1
vn -0.291273 0.0841699 0.95293
v -0.0680322 -0.395105 -0.0402881 1 1 1
vn -0.607044 0.659251 -0.443718
v -0.0659666 0.334101 0.0144877 1 1 1
vn 0.29568 0.555551 0.777133
v -0.0674272 -0.0839949 0.0184143 1 1 1
vn 0.027718 0.0512152 0.998303
v -0.069976 -0.407504 0.0583072 1 1 1
vn -0.395635 0.814736 0.423885
v -0.0692689 -0.49875 0.219462 1 1 1
vn -0.299793 0.0238025 0.953707
v -0.0735601 -0.455296 -0.215102 1 1 1
vn -0.280974 0.568275 -0.773381
v -0.068558 -0.415515 -0.082122 1 1 1
vn -0.207539 0.948045 -0.241117
v -0.0658099 -0.389871 -0.0355526 1 1 1
vn -0.643215 0.701992 -0.305749
v -0.0672665 0.339836 -0.0090425 1 1 1
vn 0.387213 0.74301 -0.545896
v -0.0805463 0.349014 -0.0020488 1 1 1
vn 0.450464 0.883993 -0.125054
v -0.0762755 0.307994 0.0095796 1 1 1
vn -0.392237 -0.778981 0.489223
v -0.0721287 -0.389173 0.0160984 1 1 1
vn -0.252258 0.966155 0.0539539
v -0.0755787 0.326937 0.0185173 1 1 1
vn 0.0405892 0.0401104 0.998371
v -0.0682862 -0.0918378 0.017433 1 1 1
vn -0.121296 -0.277761 0.952962
v -0.0730268 -0.096092 0.0141756 1 1 1
vn -0.262458 -0.576142 0.774065
v -0.0649893 -0.389086 0.0358046 1 1 1
vn -0.612723 0.719388 0.327187
v -0.0777447 -0.450769 0.210007 1 1 1
vn -0.158072 0.878114 0.451584
v -0.0744336 -0.452447 0.21307 1 1 1
vn -0.261155 0.53195 0.805498
v -0.0739884 -0.47187 0.216649 1 1 1
vn -0.327266 -0.0244966 0.944615
v -0.0728244 -0.48609 0.217214 1 1 1
vn -0.330862 0.0493503 0.942388
v -0.0817312 -0.431505 -0.139604 1 1 1
vn -0.127016 0.96946 -0.209794
v -0.0800266 -0.420584 -0.0959323 1 1 1
vn -0.179454 0.961789 -0.206779
v -0.0787354 -0.407335 -0.0491269 1 1 1
vn -0.429393 0.821953 -0.374186
v -0.0667048 -0.401709 -0.0515722 1 1 1
vn -0.482147 0.734117 -0.478127
v -0.0651957 0.332619 -0.0148218 1 1 1
vn 0.292814 0.549408 -0.782567
v -0.0720993 -0.0707162 -0.0141604 1 1 1
vn 0.30856 0.60246 -0.736093
v -0.0745876 -0.0640897 -0.0085857 1 1 1
vn 0.409825 0.807768 -0.423739
v -0.0743077 -0.389194 -0.0015455 1 1 1
vn -0.418868 0.908038 -0.00413755
v -0.0798846 0.346337 0.0094684 1 1 1
vn 0.387646 0.748292 0.538322
v -0.0757281 0.333143 0.0173338 1 1 1
vn 0.173169 0.294557 0.939813
v -0.0742804 0.316126 0.0167717 1 1 1
vn -0.171908 -0.369163 0.913327
v -0.0758343 -0.0771638 0.0183823 1 1 1
vn 0.116378 0.186073 0.975619
v -0.0702775 -0.39732 0.0398555 1 1 1
vn -0.598491 0.716461 0.358458
v -0.0612222 -0.395433 0.0480881 1 1 1
vn -0.545499 0.644429 0.535856
v -0.0806499 -0.411511 0.0562788 1 1 1
vn -0.379409 0.874119 0.303256
v -0.0747973 -0.415413 0.0738631 1 1 1
vn -0.226399 0.947957 0.223879
v -0.0792953 -0.425874 0.11934 1 1 1
vn -0.115441 0.974975 0.189994
v -0.0810166 -0.438026 0.176101 1 1 1
vn -0.127294 0.954556 0.269479
v -0.0870713 -0.446631 -0.198344 1 1 1
vn -0.215621 0.856794 -0.468414
v -0.0849717 -0.441724 -0.186951 1 1 1
vn -0.159667 0.930494 -0.329678
v -0.0824827 -0.438047 -0.175829 1 1 1
vn -0.108944 0.970845 -0.21352
v -0.0885949 -0.41519 -0.0605392 1 1 1
vn -0.243281 0.950893 -0.191356
v -0.0734576 -0.389933 -0.0162044 1 1 1
vn -0.675017 0.720255 -0.159949
v -0.0915172 -0.0533426 -0.0012081 1 1 1
vn 0.430432 0.881255 -0.19524
v -0.0815555 0.349012 0.0045116 1 1 1
vn 0.44975 0.876762 0.170336
v -0.0873788 -0.0554156 0.0018677 1 1 1
vn 0.433108 0.885483 0.168336
v -0.0764498 -0.0631794 0.0095283 1 1 1
vn 0.348257 0.687895 0.636802
v -0.0822307 0.323294 0.0180092 1 1 1
vn -0.106568 -0.240259 0.964841
v -0.0774485 -0.396446 0.0202576 1 1 1
vn -0.685768 0.695577 0.214232
v -0.0777146 -0.405793 0.0465319 1 1 1
vn -0.501576 0.79051 0.351447
v -0.0800766 -0.444491 0.19581 1 1 1
vn -0.167788 0.916655 0.362754
v -0.0819499 -0.460458 0.214484 1 1 1
vn -0.365856 0.187815 0.911523
v -0.0846853 -0.41171 -0.0528568 1 1 1
vn -0.376103 0.885313 -0.273438
v -0.0726909 -0.400072 -0.0418343 1 1 1
vn -0.560566 0.770771 -0.302783
v -0.0801345 -0.398697 -0.0201083 1 1 1
vn -0.650165 0.733556 -0.19794
v -0.068967 0.322454 -0.0185426 1 1 1
vn 0.00126796 0.00303811 -0.999995
v -0.0805646 0.330203 -0.018601 1 1 1
vn 0.0217949 0.0177207 -0.999605
v -0.0716784 0.328692 -0.0179338 1 1 1
vn 0.157949 0.273423 -0.948837
v -0.0908419 0.347383 -0.014081 1 1 1
vn 0.319807 0.616823 -0.719203
v -0.0853495 0.348533 -0.0096245 1 1 1
vn 0.404009 0.794493 -0.453386
v -0.0864653 -0.0574844 0.0085158 1 1 1
vn 0.389877 0.793435 0.467394
v -0.0783625 0.33907 0.0156171 1 1 1
vn 0.27573 0.505602 0.81752
v -0.0774742 -0.0681285 0.0152097 1 1 1
vn 0.271711 0.533205 0.801165
v -0.0822376 -0.0844008 0.0180318 1 1 1
vn -0.104967 -0.243553 0.964191
v -0.0960011 -0.426871 -0.11097 1 1 1
vn -0.15534 0.961536 -0.226535
v -0.0979143 -0.421248 -0.0816322 1 1 1
vn -0.215989 0.96048 -0.175576
v -0.0785421 -0.394141 -0.0008198 1 1 1
vn -0.732516 0.680415 0.0213516
v -0.0833569 -0.401501 0.0193676 1 1 1
vn -0.631255 0.765421 0.125091
v -0.0874019 0.345533 0.0147115 1 1 1
vn 0.27731 0.5279 0.802758
v -0.0877066 0.318128 0.0142858 1 1 1
vn -0.280864 -0.568524 0.773237
v -0.0864313 -0.0730257 0.0186133 1 1 1
vn 0.0692618 0.11114 0.991388
v -0.0830143 -0.405582 0.0349809 1 1 1
vn -0.578728 0.781274 0.233848
v -0.0888836 -0.415074 0.0574386 1 1 1
vn -0.267966 0.944441 0.190329
v -0.0907825 -0.422705 0.0946371 1 1 1
vn -0.174696 0.96615 0.18983
v -0.0984933 -0.437874 -0.165304 1 1 1
vn -0.129536 0.973523 -0.188346
v -0.0885655 -0.410098 -0.0387343 1 1 1
vn -0.51369 0.829238 -0.220198
v -0.0851371 -0.40061 -0.0010124 1 1 1
vn -0.656944 0.753601 -0.0225783
v -0.090896 -0.0560659 -0.0088733 1 1 1
vn 0.39427 0.772736 -0.497423
v -0.092721 0.340324 0.0181728 1 1 1
vn 0.128481 0.232528 0.964066
v -0.0898423 -0.0665286 0.017284 1 1 1
vn 0.184823 0.362682 0.913401
v -0.0982422 -0.0841658 0.0142039 1 1 1
vn -0.286214 -0.608178 0.740406
v -0.090107 -0.451232 0.205703 1 1 1
vn -0.282215 0.752958 0.594482
v -0.0926964 -0.470632 0.209434 1 1 1
vn -0.401091 -0.0323842 0.915465
v -0.0931235 -0.484324 0.209179 1 1 1
vn -0.40088 0.0335706 0.915515
v -0.0907118 -0.49968 0.211297 1 1 1
vn -0.384684 -0.0509314 0.921642
v -0.0741747 -0.462774 -0.217425 1 1 1
vn -0.318065 0.0466762 -0.946919
v -0.0988041 -0.462752 -0.207874 1 1 1
vn -0.409649 0.126395 -0.903444
v -0.0984803 -0.455005 -0.205103 1 1 1
vn -0.313775 0.683295 -0.659283
v -0.101522 -0.432447 -0.131745 1 1 1
vn -0.13356 0.974051 -0.182719
v -0.0932942 -0.40926 -0.0226197 1 1 1
vn -0.556972 0.824279 -0.101715
v -0.0957852 0.317791 0.0095401 1 1 1
vn -0.38168 -0.783705 0.490026
v -0.0969826 -0.0888288 0.0093873 1 1 1
vn -0.389699 -0.8172 0.42464
v -0.075983 -0.0990124 0.0090413 1 1 1
vn -0.368136 -0.795041 0.482063
v -0.0919243 -0.411714 0.0365321 1 1 1
vn -0.486577 0.843572 0.227221
v -0.105134 -0.427579 0.108505 1 1 1
vn -0.158614 0.974898 0.156255
v -0.101109 -0.433012 0.143737 1 1 1
vn -0.13699 0.96906 0.205321
v -0.0988273 -0.441776 0.178096 1 1 1
vn -0.199621 0.931982 0.30259
v -0.107248 -0.446576 -0.186191 1 1 1
vn -0.263119 0.878869 -0.397941
v -0.108479 -0.441616 -0.173507 1 1 1
vn -0.185303 0.934583 -0.303674
v -0.0964535 -0.415212 -0.0450712 1 1 1
vn -0.298793 0.946152 -0.124578
v -0.091953 -0.406465 0.000411 1 1 1
vn -0.605246 0.795648 0.0249304
v -0.0954402 -0.410938 0.0221475 1 1 1
vn -0.537851 0.834143 0.122157
v -0.096392 0.327712 0.0170237 1 1 1
vn -0.204253 -0.445242 0.871803
v -0.0975564 -0.0575225 0.0147086 1 1 1
vn 0.274347 0.567285 0.77648
v -0.0978834 -0.077254 0.0178918 1 1 1
vn -0.16971 -0.35377 0.919807
v -0.10133 0.337194 0.0188869 1 1 1
vn -0.0154795 -0.0476251 0.998745
v -0.0984192 -0.415023 0.0386702 1 1 1
vn -0.315202 0.940174 0.129304
v -0.107208 -0.446216 0.185188 1 1 1
vn -0.226464 0.901208 0.369512
v -0.102562 -0.460261 0.205328 1 1 1
vn -0.443647 0.173989 0.87915
v -0.102524 0.357971 -0.008681 1 1 1
vn 0.40373 0.805604 -0.433595
v -0.10421 0.359493 0.0084195 1 1 1
vn 0.40059 0.794108 0.457078
v -0.103542 -0.0494457 0.0086431 1 1 1
vn 0.38356 0.796975 0.466596
v -0.103952 -0.0623873 0.0182877 1 1 1
vn 0.12277 0.252861 0.959682
v -0.104955 -0.0686427 0.0187936 1 1 1
vn -0.00948837 -0.0381136 0.999228
v -0.105267 -0.437364 0.158991 1 1 1
vn -0.180261 0.949444 0.257025
v -0.104835 -0.451881 0.198897 1 1 1
vn -0.361398 0.681944 0.635881
v -0.113139 -0.450072 -0.188939 1 1 1
vn -0.302392 0.818748 -0.488069
v -0.121254 -0.425472 -0.0719534 1 1 1
vn -0.244452 0.960094 -0.135879
v -0.103735 -0.415464 -0.0253266 1 1 1
vn -0.345185 0.934698 -0.0847698
v -0.106384 -0.0531435 -0.01446 1 1 1
vn 0.297392 0.595701 -0.746122
v -0.0877079 -0.0628501 -0.0142374 1 1 1
vn 0.305241 0.584873 -0.7515
v -0.0997175 -0.411731 0.0012113 1 1 1
vn -0.51124 0.859268 0.0170889
v -0.106177 -0.0483511 -0.0089658 1 1 1
vn 0.378417 0.78569 -0.489379
v -0.121256 0.369203 0.0039042 1 1 1
vn 0.441777 0.887816 0.128903
v -0.110213 0.356756 0.0148406 1 1 1
vn 0.301512 0.605532 0.736493
v -0.107086 0.32745 0.0143081 1 1 1
vn -0.283649 -0.600107 0.74794
v -0.108141 -0.422063 0.0699364 1 1 1
vn -0.225383 0.963135 0.146878
v -0.110722 -0.455358 -0.198228 1 1 1
vn -0.435703 0.526734 -0.729873
v -0.115411 -0.431651 -0.116566 1 1 1
vn -0.16816 0.969407 -0.17881
v -0.106216 -0.415152 -0.0014705 1 1 1
vn -0.356262 0.934161 -0.0205092
v -0.103431 -0.415059 0.0197812 1 1 1
vn -0.33923 0.93873 0.0609016
v -0.118242 0.328187 0.0092575 1 1 1
vn -0.364833 -0.781924 0.505462
v -0.109107 0.351134 0.0173803 1 1 1
vn 0.198345 0.3932 0.897805
v -0.119645 -0.432728 0.127598 1 1 1
vn -0.151788 0.972801 0.174983
v -0.105039 -0.479634 0.203024 1 1 1
vn -0.481356 0.00844721 0.876484
v -0.108482 -0.499537 0.202607 1 1 1
vn -0.450353 0.0154448 0.892717
v -0.125334 -0.43127 -0.103308 1 1 1
vn -0.192693 0.970006 -0.148185
v -0.110715 -0.0510287 0.014672 1 1 1
vn 0.283175 0.57322 0.768915
v -0.110795 0.335313 0.0176528 1 1 1
vn -0.169613 -0.354508 0.919541
v -0.115766 -0.075234 0.0147893 1 1 1
vn -0.237373 -0.508619 0.827623
v -0.116663 -0.4996 0.198106 1 1 1
vn -0.502867 -0.24081 0.830142
v -0.123808 -0.442284 -0.165009 1 1 1
vn -0.253212 0.91581 -0.31173
v -0.121454 0.369449 -0.0024061 1 1 1
vn 0.437084 0.88444 -0.163474
v -0.11674 -0.057581 0.018783 1 1 1
vn 0.0998903 0.201407 0.974401
v -0.120536 0.353554 0.0185187 1 1 1
vn 0.119692 0.233013 0.96508
v -0.136792 -0.440846 0.147129 1 1 1
vn -0.238619 0.928364 0.284959
v -0.117343 -0.451788 0.191243 1 1 1
vn -0.344739 0.785942 0.513274
v -0.118943 -0.461031 0.195992 1 1 1
vn -0.506273 0.143957 0.850273
v -0.131457 -0.0414567 -0.0145066 1 1 1
vn 0.283973 0.606983 -0.742247
v -0.113361 0.358724 -0.0140977 1 1 1
vn 0.300948 0.608332 -0.734413
v -0.120492 0.36605 -0.0096636 1 1 1
vn 0.381396 0.777556 -0.499944
v -0.119411 -0.0421357 -0.0087851 1 1 1
vn 0.400216 0.854676 -0.330692
v -0.122742 -0.0403345 0.0089769 1 1 1
vn 0.391062 0.834046 0.38915
v -0.127829 0.370461 0.009369 1 1 1
vn 0.385029 0.783823 0.48721
v -0.121347 0.363042 0.0144252 1 1 1
vn 0.286435 0.568056 0.771536
v -0.126554 0.35037 0.0189904 1 1 1
vn 0.00179055 -0.0123075 0.999923
v -0.129418 0.345784 0.0180588 1 1 1
vn -0.128888 -0.285868 0.949562
v -0.119841 -0.0640004 0.0186354 1 1 1
vn -0.101024 -0.22015 0.970221
v -0.123577 -0.423641 0.0474841 1 1 1
vn -0.273248 0.957903 0.0880803
v -0.118233 -0.42663 0.0862683 1 1 1
vn -0.181684 0.974122 0.134451
v -0.128598 -0.445896 0.168876 1 1 1
vn -0.261013 0.906155 0.332798
v -0.125462 -0.472007 0.191466 1 1 1
vn -0.564779 -0.0223945 0.824938
v -0.12642 -0.485028 0.190967 1 1 1
vn -0.554541 0.05098 0.830593
v -0.114266 -0.463102 -0.199099 1 1 1
vn -0.508715 0.0641148 -0.858544
v -0.126743 -0.454605 -0.187708 1 1 1
vn -0.478319 0.542452 -0.69062
v -0.132252 -0.426494 -0.0549186 1 1 1
vn -0.261479 0.961385 -0.0858411
v -0.129966 -0.0349697 -8.45e-05 1 1 1
vn 0.423238 0.906019 -9.30936e-05
v -0.129856 -0.423018 0.0012293 1 1 1
vn -0.293201 0.956049 -0.00171928
v -0.126812 -0.0501805 0.0180224 1 1 1
vn 0.144542 0.279388 0.949237
v -0.12875 -0.42359 0.0233329 1 1 1
vn -0.282642 0.957765 0.0529068
v -0.129611 -0.427795 0.0769935 1 1 1
vn -0.198266 0.97516 0.0987573
v -0.14184 -0.453113 -0.174536 1 1 1
vn -0.388452 0.789162 -0.475741
v -0.133491 -0.437791 -0.137761 1 1 1
vn -0.162123 0.969763 -0.182417
v -0.12685 -0.423323 -0.032916 1 1 1
vn -0.301717 0.952275 -0.0462523
v -0.134782 -0.0670015 0.0142723 1 1 1
vn -0.2892 -0.619289 0.729962
v -0.115944 -0.0798051 0.0094461 1 1 1
vn -0.361789 -0.777654 0.514162
v -0.130312 0.338249 0.0141657 1 1 1
vn -0.270481 -0.574678 0.772389
v -0.128803 -0.0423081 0.0147032 1 1 1
vn 0.267457 0.565968 0.779837
v -0.133405 -0.0608354 0.0178409 1 1 1
vn -0.157919 -0.356606 0.920812
v -0.133394 -0.437961 0.139488 1 1 1
vn -0.202226 0.953778 0.22229
v -0.125309 -0.452774 0.186699 1 1 1
vn -0.507427 0.50556 0.697801
v -0.128367 -0.461093 0.189968 1 1 1
vn -0.569057 0.20786 0.795593
v -0.140413 0.378529 0.0041774 1 1 1
vn 0.431034 0.888532 0.157229
v -0.138524 0.363535 0.0184193 1 1 1
vn 0.138428 0.263578 0.954654
v -0.13707 -0.0535976 0.0189175 1 1 1
vn -0.0180723 -0.0604143 0.99801
v -0.132888 -0.43275 0.113928 1 1 1
vn -0.182557 0.97243 0.145095
v -0.135634 -0.452072 0.178148 1 1 1
vn -0.391358 0.786878 0.477139
v -0.132256 -0.498758 0.188019 1 1 1
vn -0.600034 -0.0368579 0.799125
v -0.119336 0.349774 -0.0188519 1 1 1
vn 0.0517769 0.100323 -0.993607
v -0.139385 0.361266 -0.0186609 1 1 1
vn 0.0624126 0.107196 -0.992277
v -0.123206 0.358197 -0.0171349 1 1 1
vn 0.181227 0.368497 -0.911793
v -0.133293 0.3682 -0.0142434 1 1 1
vn 0.293126 0.59435 -0.748883
v -0.139107 0.37594 -0.0087768 1 1 1
vn 0.395557 0.8019 -0.447763
v -0.133872 -0.0354867 -0.0090703 1 1 1
vn 0.383559 0.825756 -0.413532
v -0.136924 -0.0700854 0.0095056 1 1 1
vn -0.370374 -0.780909 0.502995
v -0.122707 -0.0784042 0.0054606 1 1 1
vn -0.413689 -0.874189 0.254273
v -0.136098 0.369813 0.01468 1 1 1
vn 0.270902 0.546414 0.792493
v -0.140398 0.338729 0.0095476 1 1 1
vn -0.344581 -0.752199 0.561659
v -0.135521 -0.427339 0.0564346 1 1 1
vn -0.22405 0.973023 0.0550188
v -0.145605 -0.431267 -0.0718407 1 1 1
vn -0.200266 0.974744 -0.0988308
v -0.141519 0.33741 0.0055157 1 1 1
vn -0.401165 -0.881532 0.248932
v -0.141946 -0.031439 0.0086629 1 1 1
vn 0.39434 0.859197 0.326
v -0.146248 -0.0344148 0.0146828 1 1 1
vn 0.292781 0.628122 0.720932
v -0.141714 -0.0434605 0.0184113 1 1 1
vn 0.177718 0.364891 0.913932
v -0.138573 -0.461389 0.182632 1 1 1
vn -0.597495 0.313667 0.737979
v -0.14629 -0.468991 0.175785 1 1 1
vn -0.635895 -0.0458045 0.770416
v -0.147312 -0.481676 0.174552 1 1 1
vn -0.646906 0.0278343 0.762062
v -0.149888 -0.446489 -0.151868 1 1 1
vn -0.331021 0.877781 -0.346303
v -0.144324 -0.44233 -0.14541 1 1 1
vn -0.279283 0.923175 -0.264101
v -0.14715 -0.437886 -0.12327 1 1 1
vn -0.206952 0.964312 -0.165148
v -0.138043 -0.426388 -0.0308281 1 1 1
vn -0.239735 0.970006 -0.0402019
v -0.15084 0.383859 -0.0020832 1 1 1
vn 0.430266 0.886165 -0.171995
v -0.145887 0.345968 0.0146899 1 1 1
vn -0.254256 -0.561351 0.787553
v -0.14795 -0.045492 0.0191492 1 1 1
vn 0.0655082 0.101047 0.992723
v -0.14629 -0.427341 0.0050434 1 1 1
vn -0.235841 0.971545 0.0218861
v -0.148281 -0.432779 0.0918133 1 1 1
vn -0.205124 0.970458 0.127021
v -0.153789 -0.446403 0.148228 1 1 1
vn -0.316868 0.894509 0.315353
v -0.153556 -0.430614 -0.0420161 1 1 1
vn -0.208953 0.97649 -0.0529681
v -0.155107 -0.030526 -0.0146175 1 1 1
vn 0.269592 0.580276 -0.768505
v -0.150972 0.381844 0.0095184 1 1 1
vn 0.381352 0.774307 0.504994
v -0.148042 0.375891 0.0146374 1 1 1
vn 0.29274 0.584643 0.756634
v -0.15139 0.370378 0.0183068 1 1 1
vn 0.151511 0.285999 0.946176
v -0.150454 0.35501 0.0181869 1 1 1
vn -0.156234 -0.345525 0.925313
v -0.155127 0.364215 0.0194021 1 1 1
vn -0.016252 -0.0637597 0.997833
v -0.155323 -0.430799 0.0355824 1 1 1
vn -0.20488 0.977983 0.0396767
v -0.146766 -0.437824 0.124721 1 1 1
vn -0.243689 0.952122 0.184608
v -0.156518 -0.441789 0.129404 1 1 1
vn -0.288464 0.92761 0.237335
v -0.150033 -0.453291 0.167129 1 1 1
vn -0.537866 0.593607 0.598608
v -0.158674 -0.452926 -0.158977 1 1 1
vn -0.441069 0.783205 -0.438233
v -0.165249 -0.437723 -0.097376 1 1 1
vn -0.195771 0.97215 -0.12883
v -0.152437 0.377959 -0.0141109 1 1 1
vn 0.304506 0.614628 -0.727673
v -0.156435 -0.0227317 -0.0009425 1 1 1
vn 0.416087 0.90718 -0.0624141
v -0.149708 -0.0646854 0.0080578 1 1 1
vn -0.398435 -0.845828 0.354719
v -0.150241 -0.0532957 0.0179366 1 1 1
vn -0.153685 -0.362591 0.919189
v -0.163464 -0.433778 0.0704373 1 1 1
vn -0.208593 0.975701 0.0670537
v -0.157981 -0.450479 0.154529 1 1 1
vn -0.379344 0.846187 0.374253
v -0.157594 0.384522 -0.0094578 1 1 1
vn 0.386049 0.80049 -0.458456
v -0.151825 -0.0274268 -0.0092116 1 1 1
vn 0.374014 0.802247 -0.46531
v -0.161418 0.389148 -0.0011605 1 1 1
vn 0.429619 0.901142 -0.0580505
v -0.155849 -0.025045 0.0089008 1 1 1
vn 0.390969 0.844627 0.365716
v -0.158195 -0.0352131 0.0183216 1 1 1
vn 0.168852 0.331657 0.928166
v -0.158103 -0.0564978 0.0140134 1 1 1
vn -0.28936 -0.646591 0.705826
v -0.149107 -0.498649 0.174405 1 1 1
vn -0.652766 0.00334622 0.757553
v -0.161035 -0.441889 -0.125484 1 1 1
vn -0.321757 0.912739 -0.251754
v -0.175684 -0.437552 -0.0778487 1 1 1
vn -0.254162 0.960954 -0.109402
v -0.166316 0.355351 0.0145207 1 1 1
vn -0.251695 -0.565099 0.785693
v -0.163054 -0.0410388 0.0195881 1 1 1
vn 0.000390403 -0.0315118 0.999503
v -0.167601 -0.43772 0.0949344 1 1 1
vn -0.251408 0.956184 0.150021
v -0.162048 -0.458059 -0.160035 1 1 1
vn -0.636245 0.448922 -0.627424
v -0.169505 -0.449885 -0.139884 1 1 1
vn -0.374663 0.872672 -0.313163
v -0.183338 -0.437198 -0.0523694 1 1 1
vn -0.228218 0.970862 -0.0731021
v -0.164011 -0.431219 0.0004004 1 1 1
vn -0.2077 0.978154 -0.00872923
v -0.171323 0.392109 0.0089886 1 1 1
vn 0.404317 0.854282 0.326696
v -0.169998 -0.0555261 0.0082731 1 1 1
vn -0.397203 -0.862925 0.312396
v -0.166558 0.38517 0.0144605 1 1 1
vn 0.3069 0.611845 0.729012
v -0.163398 -0.0259743 0.0145083 1 1 1
vn 0.302444 0.631862 0.713637
v -0.168737 -0.0457817 0.0180089 1 1 1
vn -0.172016 -0.397755 0.901222
v -0.164549 0.361481 0.0181163 1 1 1
vn -0.143557 -0.33215 0.932238
v -0.175435 -0.434377 0.0288652 1 1 1
vn -0.200039 0.97917 0.0347802
v -0.158556 -0.460588 0.165438 1 1 1
vn -0.649978 0.344913 0.677174
v -0.16593 -0.461544 0.157999 1 1 1
vn -0.721484 -0.0277172 0.691876
v -0.162538 -0.480891 0.160425 1 1 1
vn -0.711876 0.0119591 0.702203
v -0.144847 -0.498101 -0.177805 1 1 1
vn -0.646479 -0.000658606 -0.762931
v -0.162142 -0.498188 -0.162161 1 1 1
vn -0.701006 -0.115675 -0.703712
v -0.161212 -0.484663 -0.161952 1 1 1
vn -0.707381 0.0415412 -0.705611
v -0.173254 0.387539 -0.0145901 1 1 1
vn 0.282905 0.575951 -0.766972
v -0.17284 0.381732 0.0182582 1 1 1
vn 0.183804 0.337212 0.923312
v -0.178413 -0.441791 0.0987933 1 1 1
vn -0.311232 0.928733 0.20147
v -0.168586 -0.453405 0.14878 1 1 1
vn -0.601103 0.580567 0.549197
v -0.176458 -0.442066 -0.104181 1 1 1
vn -0.328275 0.922423 -0.203401
v -0.189949 -0.437481 -0.0298585 1 1 1
vn -0.240496 0.969705 -0.0428219
v -0.177644 0.394078 -0.009757 1 1 1
vn 0.385889 0.807985 -0.445253
v -0.170593 -0.0232172 -0.0146466 1 1 1
vn 0.277476 0.55636 -0.783244
v -0.171876 -0.0158538 -0.0004948 1 1 1
vn 0.410932 0.91036 0.0487802
v -0.176267 -0.0156866 0.0089134 1 1 1
vn 0.387938 0.848505 0.359921
v -0.173187 0.353364 0.0091919 1 1 1
vn -0.327181 -0.739956 0.587723
v -0.157193 0.346053 0.009363 1 1 1
vn -0.347952 -0.762464 0.545507
v -0.179002 -0.0244881 0.0185739 1 1 1
vn 0.186366 0.344262 0.920191
v -0.177563 -0.0477984 0.0139647 1 1 1
vn -0.327095 -0.668807 0.667612
v -0.176907 0.37521 0.0199284 1 1 1
vn 0.0238752 0.000995387 0.999714
v -0.171362 -0.446259 0.127361 1 1 1
vn -0.348187 0.90102 0.258705
v -0.181039 -0.452285 0.132577 1 1 1
vn -0.518301 0.752426 0.406472
v -0.174441 -0.453889 -0.142688 1 1 1
vn -0.624535 0.581411 -0.521458
v -0.18224 -0.0167923 -0.0140732 1 1 1
vn 0.31482 0.660154 -0.681972
v -0.175986 -0.0159354 -0.0086897 1 1 1
vn 0.392853 0.858568 -0.329435
v -0.183354 0.369149 0.0181579 1 1 1
vn -0.136466 -0.325026 0.935807
v -0.17892 -0.437801 0.0731506 1 1 1
vn -0.270497 0.957729 0.0979105
v -0.174985 -0.481582 0.146497 1 1 1
vn -0.770257 0.0237039 0.637293
v -0.186858 -0.450463 -0.118407 1 1 1
vn -0.407705 0.870442 -0.275877
v -0.178801 0.397493 -0.0011932 1 1 1
vn 0.404084 0.914074 -0.0344125
v -0.183972 -0.0488023 0.0085315 1 1 1
vn -0.427813 -0.836987 0.341217
v -0.186215 -0.0381709 0.0178457 1 1 1
vn -0.194119 -0.420171 0.886439
v -0.173706 -0.0362939 0.0196478 1 1 1
vn -0.0171233 -0.0903734 0.995761
v -0.177955 -0.462624 -0.144315 1 1 1
vn -0.778446 0.13453 -0.613127
v -0.165454 -0.0332326 -0.0183844 1 1 1
vn 0.176563 0.345946 -0.921492
v -0.178029 -0.0306807 -0.0194816 1 1 1
vn 0.0219212 0.00213991 -0.999757
v -0.182483 -0.0239614 -0.0185901 1 1 1
vn 0.193599 0.376512 -0.905957
v -0.192954 -0.437349 3.09e-05 1 1 1
vn -0.263677 0.96461 -0.00134164
v -0.189123 0.400527 0.0080747 1 1 1
vn 0.345446 0.890403 0.296396
v -0.183779 -0.0166585 0.0146746 1 1 1
vn 0.323403 0.671528 0.666679
v -0.184948 -0.0267559 0.0198877 1 1 1
vn 0.114257 0.0926312 0.989123
v -0.188345 -0.446163 0.101475 1 1 1
vn -0.380654 0.895097 0.23217
v -0.189741 -0.451933 0.119467 1 1 1
vn -0.560516 0.744415 0.36286
v -0.182456 -0.453761 -0.131932 1 1 1
vn -0.649503 0.592577 -0.476444
v -0.190006 0.400061 -0.009309 1 1 1
vn 0.333033 0.880708 -0.336812
v -0.185496 -0.0096939 -0.0008457 1 1 1
vn 0.384781 0.922831 -0.0180706
v -0.191088 0.365869 0.0145311 1 1 1
vn -0.278935 -0.603921 0.746642
v -0.188623 0.360372 0.0096039 1 1 1
vn -0.345892 -0.773752 0.530722
v -0.18752 0.395704 0.0144356 1 1 1
vn 0.309302 0.70088 0.642728
v -0.19367 0.392987 0.018432 1 1 1
vn 0.158863 0.432163 0.887692
v -0.192718 0.385862 0.0201219 1 1 1
vn 0.0800822 0.158348 0.984131
v -0.187474 -0.0302867 0.0200956 1 1 1
vn -0.0274349 -0.173075 0.984526
v -0.191856 -0.437934 0.0294986 1 1 1
vn -0.25285 0.965887 0.0559426
v -0.188385 -0.442068 0.0813007 1 1 1
vn -0.330802 0.932598 0.144329
v -0.175799 -0.482558 -0.14534 1 1 1
vn -0.773367 0.0392797 -0.632741
v -0.190107 -0.497832 -0.128441 1 1 1
vn -0.828621 0.0282763 -0.559095
v -0.188608 -0.478586 -0.12822 1 1 1
vn -0.824598 -0.00561686 -0.565692
v -0.189 -0.453799 -0.122633 1 1 1
vn -0.744719 0.483418 -0.460108
v -0.188922 -0.443303 -0.0869007 1 1 1
vn -0.35849 0.918002 -0.16958
v -0.193753 0.397309 -0.0145805 1 1 1
vn 0.166021 0.659139 -0.733466
v -0.195423 -0.0103714 -0.0137665 1 1 1
vn 0.0233592 0.694692 -0.718928
v -0.193197 -0.0086608 -0.0100445 1 1 1
vn 0.304369 0.88747 -0.346059
v -0.194992 -0.0071978 0.009116 1 1 1
vn 0.280152 0.908535 0.309967
v -0.189035 -0.462746 -0.129087 1 1 1
vn -0.823179 0.139329 -0.550421
v -0.197804 -0.443883 -0.0688957 1 1 1
vn -0.374545 0.915806 -0.144969
v -0.202806 -0.443779 -0.0529914 1 1 1
vn -0.373644 0.922122 -0.100404
v -0.192855 0.402645 -0.0002717 1 1 1
vn 0.146718 0.988384 -0.0396345
v -0.196782 -0.0099485 0.0143721 1 1 1
vn -0.535809 0.721895 0.437923
v -0.202066 -0.0390325 0.0085253 1 1 1
vn -0.473044 -0.814919 0.334869
v -0.197506 -0.0140363 0.0181482 1 1 1
vn -0.054419 0.51809 0.853593
v -0.198367 0.383227 0.0200949 1 1 1
vn -0.173193 -0.0858136 0.981142
v -0.197971 -0.446485 0.0847957 1 1 1
vn -0.399482 0.896352 0.19227
v -0.197865 -0.453103 -0.106585 1 1 1
vn -0.766754 0.47374 -0.433196
v -0.204279 -0.451563 -0.0932452 1 1 1
vn -0.551843 0.787612 -0.274109
v -0.191018 0.390493 -0.0182333 1 1 1
vn 0.160836 0.403384 -0.900785
v -0.197746 0.389248 -0.0185579 1 1 1
vn -0.343314 0.367095 -0.864509
v -0.194017 0.400294 -0.0104232 1 1 1
vn -0.34264 0.864602 -0.367507
v -0.195335 -0.0066258 -0.0013561 1 1 1
vn -0.029632 0.996804 -0.0741933
v -0.19427 0.401207 0.0094236 1 1 1
vn -0.579955 0.795678 0.17478
v -0.194899 0.397551 0.0147383 1 1 1
vn -0.0468671 0.760078 0.64814
v -0.202719 0.377244 0.0177331 1 1 1
vn -0.310288 -0.343828 0.886287
v -0.203775 -0.0336326 0.0146256 1 1 1
vn -0.422452 -0.6218 0.659468
v -0.198511 -0.0230943 0.021277 1 1 1
vn -0.046486 0.00621521 0.9989
v -0.198099 -0.44184 0.0531126 1 1 1
vn -0.321729 0.941709 0.0983601
v -0.188205 -0.485176 0.129436 1 1 1
vn -0.823825 0.0502872 0.564609
v -0.192262 -0.49956 0.124708 1 1 1
vn -0.577505 -0.713447 0.396838
v -0.178661 -0.499105 0.143656 1 1 1
vn -0.782207 -0.0904467 0.616419
v -0.205787 -0.4434 -0.0331225 1 1 1
vn -0.383847 0.921709 -0.0558048
v -0.197842 -0.0100857 -0.0118683 1 1 1
vn -0.740384 0.639449 -0.207211
v -0.195572 0.400078 -0.0067384 1 1 1
vn -0.901849 0.431857 -0.0129388
v -0.203633 -0.441922 0.0313255 1 1 1
vn -0.354061 0.933725 0.0528915
v -0.197917 0.391281 0.0180795 1 1 1
vn -0.641031 0.396744 0.657019
v -0.203165 -0.0290507 0.0181837 1 1 1
vn -0.316172 -0.398744 0.860836
v -0.197047 -0.451955 0.10722 1 1 1
vn -0.613709 0.710917 0.34345
v -0.198107 -0.461263 0.114663 1 1 1
vn -0.860691 0.0901117 0.501089
v -0.1965 -0.482326 0.11525 1 1 1
vn -0.866705 0.0130917 0.498649
v -0.187709 -0.472919 0.12986 1 1 1
vn -0.823451 -0.0352733 0.56629
v -0.202023 -0.0217308 -0.0188009 1 1 1
vn -0.616564 0.364552 -0.697819
v -0.196966 -0.01589 -0.0181303 1 1 1
vn 0.109612 0.457713 -0.882317
v -0.206055 -0.441969 -7.51e-05 1 1 1
vn -0.365503 0.930805 -0.00301259
v -0.205506 0.367849 0.0090447 1 1 1
vn -0.509676 -0.724526 0.463995
v -0.197718 -0.0087374 0.0039905 1 1 1
vn -0.889581 0.455964 0.0272414
v -0.197492 0.395342 0.0135518 1 1 1
vn -0.90453 0.42019 0.0725673
v -0.205313 0.372327 0.0134945 1 1 1
vn -0.860518 -0.195063 0.470594
v -0.203087 -0.0242754 0.0188829 1 1 1
vn -0.687338 0.260632 0.677966
v -0.206812 -0.446292 0.0617157 1 1 1
vn -0.419277 0.898258 0.131676
v -0.203733 -0.451699 0.0942641 1 1 1
vn -0.644138 0.706347 0.293533
v -0.197109 -0.462686 -0.115518 1 1 1
vn -0.865227 0.0867308 -0.493822
v -0.206495 -0.462691 -0.0984169 1 1 1
vn -0.884134 0.160002 -0.438983
v -0.211654 -0.451572 -0.0761759 1 1 1
vn -0.665655 0.706876 -0.23923
v -0.198317 0.393073 -0.0145879 1 1 1
vn -0.914264 0.398086 -0.0751549
v -0.205657 0.374947 -0.0142463 1 1 1
vn -0.953308 0.290955 -0.0809257
v -0.202072 0.38302 0.0162685 1 1 1
vn -0.935172 0.349526 0.0573101
v -0.206122 -0.46119 0.100205 1 1 1
vn -0.874365 0.211517 0.436745
v -0.202282 -0.0194321 -0.015343 1 1 1
vn -0.913284 0.406788 -0.0208567
v -0.206567 -0.0293443 -0.0143067 1 1 1
vn -0.930144 0.166425 -0.327314
v -0.208535 -0.0334554 -0.0030853 1 1 1
vn -0.942124 0.335185 0.00725891
v -0.205279 -0.0268202 0.0158479 1 1 1
vn -0.925966 0.366769 0.0898151
v -0.207888 -0.0347663 0.008033 1 1 1
vn -0.879594 -0.431206 0.200937
v -0.213249 -0.446021 0.0300413 1 1 1
vn -0.44059 0.895623 0.0611489
v -0.211843 -0.451485 0.0749085 1 1 1
vn -0.668004 0.697879 0.258332
v -0.213422 -0.461031 0.0836161 1 1 1
vn -0.916037 0.136541 0.377138
v -0.218817 -0.451945 -0.0549619 1 1 1
vn -0.644926 0.744932 -0.170726
v -0.216613 -0.446476 -0.0008771 1 1 1
vn -0.430147 0.902348 -0.0272246
v -0.21973 -0.451954 0.0511626 1 1 1
vn -0.638956 0.753778 0.153475
v -0.222454 -0.451871 -0.0366807 1 1 1
vn -0.584275 0.804484 -0.1069
v -0.224432 -0.451889 -0.0247606 1 1 1
vn -0.757138 0.647767 -0.084502
v -0.223927 -0.451805 0.0293632 1 1 1
vn -0.710783 0.698533 0.0826974
v -0.215704 -0.452509 0.066703 1 1 1
vn -0.870934 0.419001 0.256735
v -0.218349 -0.460972 0.0705638 1 1 1
vn -0.940157 0.157423 0.302195
v -0.225134 -0.451015 -0.0003484 1 1 1
vn -0.56151 0.827315 0.0160133
v -0.228494 -0.460493 -0.0226944 1 1 1
vn -0.987012 0.134312 -0.0881299
v -0.230184 -0.460946 -0.0004986 1 1 1
vn -0.98692 0.161208 0.00137471
v -0.227596 -0.454748 -1.13e-05 1 1 1
vn -0.898346 0.439262 0.00486088
v -0.228428 -0.460477 0.0226491 1 1 1
vn -0.982566 0.161725 0.0916977
v 0.228538 -0.499891 -0.0223583 1 1 1
vn 0.169192 -0.985509 -0.0120798
v 0.22942 -0.49991 0.0130396 1 1 1
vn 0.343746 -0.938856 0.0197222
v 0.224903 -0.499953 -0.0446746 1 1 1
vn 0.00664967 -0.999978 -0.00086603
v 0.225378 -0.499967 0.0406374 1 1 1
vn 0.0042946 -0.99999 0.000894499
v 0.21546 -0.500008 -0.0772206 1 1 1
vn 0.00545073 -0.999984 -0.00168507
v 0.214454 -0.499938 0.08118 1 1 1
vn 0.108147 -0.993243 0.0421024
v 0.199167 -0.499989 -0.111878 1 1 1
vn 0.00143087 -0.999998 -0.00116662
v 0.200549 0.377677 -0.0186859 1 1 1
vn 0.142779 -0.287779 -0.946994
v 0.197909 -0.0381331 -0.0138737 1 1 1
vn 0.312779 -0.624143 -0.715971
v 0.198404 -0.499933 0.11424 1 1 1
vn 0.000767293 -1 0.000612
v 0.197679 0.384466 -0.0202351 1 1 1
vn 0.0541912 0.108194 -0.992652
v 0.19879 -0.0237734 -0.0202144 1 1 1
vn 0.0493119 0.00248478 -0.99878
v 0.185551 -0.0223885 -0.018714 1 1 1
vn -0.183393 0.377346 -0.907732
v 0.190736 -0.0332918 -0.0187071 1 1 1
vn 0.167688 -0.394898 -0.903292
v 0.127331 -0.499897 -0.0488264 1 1 1
vn -0.000441512 -1 0.00023115
v 0.182476 0.385118 -0.0187281 1 1 1
vn -0.170067 0.365843 -0.915006
v 0.188175 0.380192 -0.0199906 1 1 1
vn -0.00686676 -0.0166008 -0.999839
v 0.184161 -0.0299127 -0.0197928 1 1 1
vn -0.0273256 0.00342627 -0.999621
v 0.181461 -0.0444592 -0.0142009 1 1 1
vn 0.241632 -0.543311 -0.804007
v 0.184911 0.358473 -0.0079759 1 1 1
vn 0.391387 -0.85868 -0.330885
v 0.175862 0.353306 0.0048771 1 1 1
vn 0.413784 -0.882363 0.224094
v 0.171815 0.367024 -0.0190606 1 1 1
vn 0.134824 -0.327743 -0.935097
v 0.17983 0.357523 -0.0104585 1 1 1
vn 0.336426 -0.755091 -0.562721
v 0.175327 0.351769 -0.0015665 1 1 1
vn 0.410296 -0.898936 -0.153531
v 0.171939 -0.0228542 -0.0146603 1 1 1
vn -0.280718 0.583996 -0.761674
v 0.172221 -0.0401676 -0.0190632 1 1 1
vn 0.089191 -0.219524 -0.971521
v 0.170101 0.357703 -0.014811 1 1 1
vn 0.24064 -0.54338 -0.804258
v 0.145252 -0.499897 0.0253175 1 1 1
vn -0.000495537 -1 7.60451e-05
v 0.161453 -0.0460296 -0.0186198 1 1 1
vn 0.192599 -0.406362 -0.893183
v 0.159374 -0.0553126 -0.0139967 1 1 1
vn 0.264283 -0.554966 -0.788776
v 0.15657 0.346732 -0.0099894 1 1 1
vn 0.358237 -0.788839 -0.499399
v 0.161738 -0.499879 0.161273 1 1 1
vn 0.0360489 -0.998739 0.0349483
v 0.153411 -0.044707 -0.0194618 1 1 1
vn -0.0101718 0.0202786 -0.999743
v 0.159565 0.380356 -0.0150128 1 1 1
vn -0.271636 0.55183 -0.788478
v 0.156097 0.360192 -0.0190025 1 1 1
vn 0.146164 -0.328876 -0.932993
v 0.145247 0.339494 0.00566 1 1 1
vn 0.407175 -0.879124 0.247688
v 0.144597 0.350968 -0.0174009 1 1 1
vn 0.156118 -0.403909 -0.901379
v 0.140625 -0.0557267 -0.0188179 1 1 1
vn 0.146202 -0.329574 -0.932741
v 0.0640852 -0.499899 -0.146373 1 1 1
vn -0.000173519 -1 0.000267022
v 0.13569 0.352585 -0.0191283 1 1 1
vn 0.0373504 -0.116461 -0.992493
v 0.139171 -0.0638681 -0.0147554 1 1 1
vn 0.260174 -0.562774 -0.784599
v 0.140909 -0.0675675 -0.0103235 1 1 1
vn 0.38233 -0.779117 -0.49679
v 0.130209 -0.0539517 -0.0190561 1 1 1
vn -0.0300339 0.0259985 -0.999211
v 0.131351 0.362345 -0.0172076 1 1 1
vn -0.213641 0.448426 -0.867912
v 0.132152 -0.073278 -0.0076207 1 1 1
vn 0.404068 -0.856746 -0.320492
v 0.126969 0.3461 -0.0184411 1 1 1
vn 0.133215 -0.27694 -0.951608
v 0.12041 0.326696 0.0013493 1 1 1
vn 0.413081 -0.884096 0.218491
v 0.0634667 -0.499864 0.110839 1 1 1
vn -0.000184082 -1 -0.000130354
v 0.125937 -0.0620915 -0.01841 1 1 1
vn 0.135096 -0.321852 -0.937102
v 0.121864 -0.076617 -0.0103625 1 1 1
vn 0.332971 -0.710511 -0.619923
v 0.12762 -0.499879 0.189632 1 1 1
vn 0.0793341 -0.990776 0.109856
v 0.119158 0.340857 -0.0178645 1 1 1
vn 0.188341 -0.392324 -0.900339
v 0.114609 -0.0831017 -0.0016397 1 1 1
vn 0.416911 -0.893793 -0.165286
v 0.0970754 -0.499955 0.20694 1 1 1
vn 0.0107876 -0.999714 0.0213559
v 0.116441 -0.0555448 -0.0180811 1 1 1
vn -0.13044 0.249854 -0.959457
v 0.113445 -0.0711028 -0.0170751 1 1 1
vn 0.162875 -0.367651 -0.91559
v 0.110502 -0.0844165 0.00377 1 1 1
vn 0.410603 -0.88391 0.223847
v 0.110496 -0.49998 -0.200466 1 1 1
vn 0.127697 -0.964613 -0.230686
v 0.113397 -0.0647763 -0.0188274 1 1 1
vn 0.014041 -0.0559121 -0.998337
v 0.116508 0.327149 0.0089391 1 1 1
vn 0.381792 -0.813795 0.438147
v 0.110643 -0.0820365 0.0097012 1 1 1
vn 0.36102 -0.784869 0.503632
v 0.110193 -0.479801 -0.200497 1 1 1
vn 0.489826 -0.00610436 -0.871799
v 0.102973 0.336328 -0.0189835 1 1 1
vn 0.0964871 -0.210375 -0.972848
v 0.0814339 -0.499913 0.213341 1 1 1
vn -0.000307328 -1 0.000464756
v 0.100484 0.319575 0.0090478 1 1 1
vn 0.392223 -0.818455 0.419872
v 0.0976996 0.340663 -0.0187185 1 1 1
vn -0.0848521 0.14932 -0.985141
v 0.0439184 -0.499878 0.0260312 1 1 1
vn 2.41072e-05 -1 0.000159953
v 0.101658 0.348258 -0.016792 1 1 1
vn -0.219414 0.431231 -0.875156
v 0.0953747 -0.0690131 -0.0185124 1 1 1
vn -0.0775041 0.139923 -0.987124
v 0.0997179 -0.0626786 -0.0175242 1 1 1
vn -0.19457 0.371258 -0.907915
v 0.101993 -0.0873957 -0.0073846 1 1 1
vn 0.408501 -0.855469 -0.318275
v 0.0993702 0.316486 -0.0003735 1 1 1
vn 0.43667 -0.89954 0.0121218
v 0.0931656 -0.483091 -0.209316 1 1 1
vn 0.421781 -0.00331245 -0.906692
v 0.0932741 -0.499237 -0.209392 1 1 1
vn 0.417147 -0.0349861 -0.908165
v 0.0975405 -0.074625 -0.0182844 1 1 1
vn 0.090468 -0.212402 -0.972986
v 0.0884621 -0.499968 -0.210826 1 1 1
vn 0.00165406 -0.99998 -0.00608363
v 0.0883338 0.328092 -0.0186115 1 1 1
vn 0.0869559 -0.193832 -0.977173
v 0.0890508 -0.0795543 -0.0179866 1 1 1
vn 0.159075 -0.342176 -0.926073
v 0.0864955 -0.0966882 -0.0009515 1 1 1
vn 0.425926 -0.904597 -0.0170729
v 0.0860743 0.339305 -0.0171902 1 1 1
vn -0.202131 0.381231 -0.902112
v 0.085978 -0.0941577 -0.009328 1 1 1
vn 0.377848 -0.816003 -0.437458
v 0.0792463 0.329937 -0.0187038 1 1 1
vn -0.0500617 0.0776546 -0.995723
v 0.079827 0.322509 -0.0180717 1 1 1
vn 0.135028 -0.28449 -0.949122
v 0.082421 0.317696 -0.0154692 1 1 1
vn 0.251578 -0.525371 -0.812831
v 0.0814487 -0.0653846 -0.014583 1 1 1
vn -0.260518 0.527969 -0.808319
v 0.0828984 -0.0701642 -0.0173101 1 1 1
vn -0.141697 0.291981 -0.945869
v 0.0776725 -0.0812385 -0.0184504 1 1 1
vn -0.00977872 -0.00537003 -0.999938
v 0.0796838 -0.0862413 -0.0171788 1 1 1
vn 0.143788 -0.332702 -0.932005
v 0.0750052 -0.49986 -0.216772 1 1 1
vn 0.34723 -0.0772717 -0.934591
v 0.0681199 0.329201 -0.0174181 1 1 1
vn -0.172679 0.326487 -0.929295
v 0.07151 -0.0777469 -0.0177471 1 1 1
vn -0.123343 0.233173 -0.964581
v 0.0712006 0.310474 -0.0142933 1 1 1
vn 0.258142 -0.522087 -0.812888
v 0.069487 0.336077 -0.0141583 1 1 1
vn -0.289038 0.561164 -0.775598
v 0.0703284 0.30199 -0.0009784 1 1 1
vn 0.445886 -0.893695 -0.04995
v 0.0674983 0.317601 -0.0182828 1 1 1
vn 0.130196 -0.277435 -0.951882
v 0.0638742 -0.0889576 -0.0182418 1 1 1
vn 0.0599909 -0.128449 -0.9899
v 0.0548354 -0.498676 -0.223266 1 1 1
vn 0.270131 -0.0271834 -0.96244
v 0.0541641 -0.481019 -0.223444 1 1 1
vn 0.264033 -0.00422291 -0.964504
v 0.0599394 0.317638 -0.0186556 1 1 1
vn -0.0205944 0.0167082 -0.999648
v 0.0508377 -0.499916 -0.223431 1 1 1
vn 0.00185565 -0.999957 -0.00912583
v 0.0588055 -0.0852529 -0.0177959 1 1 1
vn -0.0954973 0.200939 -0.974938
v 0.0533073 0.302326 -0.0148375 1 1 1
vn 0.267461 -0.539179 -0.798593
v 0.0594147 0.300264 -0.0102349 1 1 1
vn 0.388026 -0.77116 -0.504726
v 0.0495229 0.293477 0.007063 1 1 1
vn 0.429586 -0.872264 0.23369
v 0.0567585 -0.109649 0.0039336 1 1 1
vn 0.381141 -0.898517 0.217712
v 0.0513892 -0.461314 -0.224194 1 1 1
vn 0.22121 0.090176 -0.971048
v 0.0533206 0.320323 -0.0178349 1 1 1
vn -0.146325 0.290959 -0.94548
v 0.0532838 0.307937 -0.0173563 1 1 1
vn 0.140938 -0.288427 -0.947072
v 0.0524784 -0.0818347 -0.0156575 1 1 1
vn -0.204302 0.43218 -0.87834
v 0.0520876 -0.0969437 -0.0178892 1 1 1
vn 0.131848 -0.278475 -0.95135
v 0.0502615 -0.103763 -0.0154223 1 1 1
vn 0.214067 -0.530244 -0.820376
v 0.0518451 -0.108138 -0.0112646 1 1 1
vn 0.30246 -0.760332 -0.574816
v 0.0521696 0.294745 -0.0067717 1 1 1
vn 0.424299 -0.843792 -0.328612
v 0.0571943 0.295502 -0.0009359 1 1 1
vn 0.440492 -0.897754 0.00195674
v 0.0411996 0.309622 -0.0184278 1 1 1
vn -0.0203328 0.0458662 -0.998741
v 0.0448847 -0.0942027 -0.0185307 1 1 1
vn -0.0799693 0.114255 -0.990228
v 0.0437518 0.292858 -0.0106803 1 1 1
vn 0.368181 -0.71528 -0.593984
v 0.0421742 -0.499824 0.224911 1 1 1
vn 0.00145763 -0.999952 0.00965074
v 0.0320687 -0.498799 -0.227916 1 1 1
vn 0.170085 -0.0289581 -0.985004
v -0.0179636 -0.499889 -0.0850704 1 1 1
vn 3.97845e-05 -1 0.000168895
v 0.0393051 0.303124 -0.0180007 1 1 1
vn 0.155499 -0.250843 -0.955457
v 0.0396609 -0.10189 -0.0177801 1 1 1
vn 0.0836095 -0.265291 -0.960536
v 0.0396495 0.296284 -0.0152526 1 1 1
vn 0.282598 -0.486353 -0.826801
v 0.0349564 -0.462267 -0.227388 1 1 1
vn 0.166733 0.0130445 -0.985916
v 0.035632 -0.116056 -0.0078148 1 1 1
vn 0.318683 -0.867355 -0.382278
v 0.0359661 0.287299 0.0081018 1 1 1
vn 0.429582 -0.853161 0.295931
v 0.0202776 -0.499901 -0.228639 1 1 1
vn 0.0229254 -0.948086 -0.317185
v -0.0235445 -0.499888 -0.228464 1 1 1
vn -0.0081027 -0.989881 -0.141668
v 0.0289578 -0.0987627 -0.017061 1 1 1
vn -0.152405 0.0396508 -0.987522
v 0.0374527 0.48981 -0.0043957 1 1 1
vn -0.942313 -0.27057 0.197074
v 0.0390072 0.48199 -0.0002968 1 1 1
vn -0.994569 -0.098979 0.0321853
v 0.0391597 0.475041 0.0001429 1 1 1
vn -0.998752 0.0490392 -0.00946039
v 0.036903 0.465267 -0.0101169 1 1 1
vn -0.967085 0.14342 0.210184
v 0.0334321 0.493536 -0.0088008 1 1 1
vn -0.841305 -0.50045 0.204344
v 0.0372227 0.490045 0.0018211 1 1 1
vn -0.9142 -0.400947 -0.0589856
v 0.03752 0.46216 0.0005693 1 1 1
vn -0.986742 0.161691 -0.0140415
v 0.0371491 0.485891 0.0086509 1 1 1
vn -0.945211 -0.195412 -0.261516
v 0.0374332 0.475609 0.0109009 1 1 1
vn -0.943593 0.0254677 -0.330126
v 0.0371222 0.466511 0.0089531 1 1 1
vn -0.963828 0.140559 -0.226448
v -0.0440699 -0.499958 -0.224766 1 1 1
vn -0.000724702 -0.999997 -0.0023936
v 0.0318464 0.44139 -0.0121012 1 1 1
vn -0.914114 0.155072 0.374632
v 0.0330597 0.439682 -0.0054544 1 1 1
vn -0.978502 0.143509 0.148119
v 0.03332 0.495479 0.0051491 1 1 1
vn -0.88873 -0.406618 -0.211708
v 0.0333019 0.438526 0.0003523 1 1 1
vn -0.990803 0.12798 -0.0439371
v 0.032865 0.442196 0.0088727 1 1 1
vn -0.961929 0.152193 -0.227004
v 0.0332684 0.490268 0.0155241 1 1 1
vn -0.86189 -0.331004 -0.384165
v 0.0333898 0.480206 0.0194082 1 1 1
vn -0.865273 -0.124311 -0.485643
v 0.033161 0.459986 0.0165227 1 1 1
vn -0.896679 0.147225 -0.417483
v 0.0318969 0.472755 0.0222657 1 1 1
vn -0.831087 0.0821739 -0.550039
v 0.0224401 -0.471372 -0.229222 1 1 1
vn 0.0902264 0.00354275 -0.995915
v 0.0222042 0.419251 -0.026316 1 1 1
vn 0.622574 -0.0208356 -0.782283
v 0.0295949 0.419208 -0.0120203 1 1 1
vn -0.908572 0.0509618 0.414608
v 0.0312414 0.421446 -0.0060778 1 1 1
vn -0.989652 0.0483865 0.135084
v 0.0289006 0.371694 -0.0096296 1 1 1
vn -0.963298 0.0232642 0.267423
v 0.031628 0.420432 0.0008405 1 1 1
vn -0.996984 0.0509186 -0.0585598
v 0.0303468 0.380519 0.0002257 1 1 1
vn -0.999444 0.028972 -0.0165217
v 0.0294493 0.348975 -0.0042249 1 1 1
vn -0.995134 0.0256599 0.0951319
v 0.0288638 0.336313 0.0016904 1 1 1
vn -0.993915 0.0537315 -0.0961601
v 0.0288769 0.353989 0.0063069 1 1 1
vn -0.960038 0.0316847 -0.27807
v 0.0301796 0.415806 0.0070951 1 1 1
vn -0.972583 0.0571287 -0.225432
v 0.0285758 0.413419 0.0110488 1 1 1
vn -0.904276 0.0407392 -0.425001
v 0.0301565 0.437663 0.0136256 1 1 1
vn -0.873755 0.133587 -0.467662
v 0.0299078 0.457162 0.0206202 1 1 1
vn -0.787836 0.168474 -0.592394
v 0.0282005 0.489762 0.0235802 1 1 1
vn -0.718397 -0.272752 -0.639932
v 0.0246604 0.495136 0.0243369 1 1 1
vn -0.661181 -0.242874 -0.709826
v 0.0279369 0.480375 0.0265812 1 1 1
vn -0.653787 -0.104067 -0.749488
v 0.0258736 0.470041 0.0283291 1 1 1
vn -0.638568 0.137705 -0.757145
v 0.0119466 -0.499748 0.229418 1 1 1
vn 0.0198481 -0.945333 0.325501
v 0.0142494 -0.498454 -0.229879 1 1 1
vn 0.08321 -0.0266752 -0.996175
v 0.0210479 0.328939 -0.0265054 1 1 1
vn 0.568635 -0.00475916 -0.822576
v 0.019078 0.284209 -0.0276091 1 1 1
vn 0.556199 -0.00312622 -0.831043
v 0.0189344 0.187779 -0.0273532 1 1 1
vn 0.530022 -0.000973055 -0.847983
v 0.0277347 0.333788 -0.0116558 1 1 1
vn -0.960345 0.0413099 0.275737
v 0.025406 0.32304 -0.0131771 1 1 1
vn -0.934017 0.198314 0.297127
v 0.0284553 0.330083 -0.0066124 1 1 1
vn -0.987394 0.131 0.0888331
v 0.0255049 0.31846 -0.0061734 1 1 1
vn -0.938505 0.34497 -0.0142604
v 0.0278725 0.327264 0.0010182 1 1 1
vn -0.972311 0.211158 -0.100116
v 0.0258059 0.322835 0.0050974 1 1 1
vn -0.889189 0.389733 -0.239692
v 0.026608 0.330432 0.008926 1 1 1
vn -0.91523 0.122395 -0.383893
v 0.0259334 0.347472 0.0124399 1 1 1
vn -0.87397 0.0334721 -0.484826
v 0.0254314 0.412786 0.0166891 1 1 1
vn -0.824842 0.047058 -0.563401
v 0.0252362 0.435056 0.0205536 1 1 1
vn -0.753118 0.139664 -0.642889
v 0.0164393 0.488794 0.0333857 1 1 1
vn -0.516436 -0.22279 -0.826836
v 0.0148274 0.168684 -0.210079 1 1 1
vn 0.122437 0.390577 -0.912392
v 0.0136496 0.476146 -0.0421119 1 1 1
vn 0.384609 -0.207557 -0.899442
v 0.0094992 0.445448 -0.03625 1 1 1
vn 0.255992 -0.1959 -0.946621
v 0.0141632 0.440007 -0.0334786 1 1 1
vn 0.429949 -0.143271 -0.891413
v 0.0115193 0.304108 -0.0320054 1 1 1
vn 0.337984 -0.00429358 -0.941142
v 0.0184561 0.108691 -0.027679 1 1 1
vn 0.565521 -0.00260745 -0.82473
v 0.0180371 0.0562315 -0.0278577 1 1 1
vn 0.499319 -0.012449 -0.866329
v 0.0177462 -0.0505598 -0.026835 1 1 1
vn 0.514549 -0.00800684 -0.857424
v 0.0158311 -0.112318 -0.027604 1 1 1
vn 0.445063 0.00252322 -0.895496
v 0.0177217 -0.215067 -0.0275049 1 1 1
vn 0.529688 0.00629335 -0.848169
v 0.0176917 -0.249375 -0.027594 1 1 1
vn 0.49546 0.00693379 -0.868603
v 0.0183249 -0.329871 -0.0280014 1 1 1
vn 0.539211 0.00588584 -0.84215
v 0.0214184 0.307998 -0.0125786 1 1 1
vn -0.934944 0.32101 0.151103
v 0.0219037 0.310609 -0.0054533 1 1 1
vn -0.908645 0.38904 -0.151696
v 0.0173255 0.30565 0.0043571 1 1 1
vn -0.900165 0.371156 -0.227916
v 0.022063 0.321411 0.01214 1 1 1
vn -0.820223 0.336409 -0.46267
v 0.0220049 0.334469 0.0173452 1 1 1
vn -0.765947 0.0746874 -0.638551
v 0.0215649 0.41741 0.0218021 1 1 1
vn -0.697384 0.048732 -0.715039
v 0.0195321 0.346908 0.020426 1 1 1
vn -0.557417 0.0488597 -0.828794
v 0.0203594 0.436758 0.02538 1 1 1
vn -0.586416 0.134942 -0.798691
v 0.0165653 0.415198 0.0253319 1 1 1
vn -0.52404 0.0477696 -0.850353
v 0.0176649 0.445299 0.028807 1 1 1
vn -0.479697 0.157072 -0.863261
v 0.0176731 0.474589 0.0342215 1 1 1
vn -0.491458 -0.00922449 -0.870852
v 0.0163041 0.464191 0.0335463 1 1 1
vn -0.444193 0.165471 -0.880518
v -0.049731 -0.49988 0.1629 1 1 1
vn 7.80503e-05 -1 5.22749e-05
v 0.0116266 0.148801 -0.20991 1 1 1
vn 0.286429 -0.830329 -0.47803
v 0.0118448 0.0911647 -0.0814515 1 1 1
vn 0.404187 -0.839141 -0.363972
v 0.0110491 0.0855462 -0.0699313 1 1 1
vn 0.388527 -0.845557 -0.366169
v 0.0115482 0.0783226 -0.0522934 1 1 1
vn 0.402717 -0.837603 -0.369106
v 0.0095015 0.482286 -0.0447422 1 1 1
vn 0.195953 -0.196291 -0.960766
v 0.0133736 0.0701087 -0.0310998 1 1 1
vn 0.619306 -0.295748 -0.727319
v 0.0107517 0.0739299 -0.0438952 1 1 1
vn 0.379006 -0.830231 -0.408744
v 0.0131083 0.200008 -0.0305972 1 1 1
vn 0.450421 -0.00247771 -0.892813
v 0.0109728 0.0380346 -0.0309539 1 1 1
vn 0.317841 -0.0140713 -0.94804
v 0.0135865 -0.0582305 -0.0287514 1 1 1
vn 0.395835 -0.0088716 -0.918279
v 0.0135894 -0.225965 -0.0294394 1 1 1
vn 0.364044 0.00785386 -0.931349
v 0.0130774 -0.356898 -0.0308343 1 1 1
vn 0.396453 0.00557246 -0.918038
v 0.0174854 0.299621 -0.0180097 1 1 1
vn -0.896275 0.360774 0.257938
v 0.0169037 0.312225 0.0130263 1 1 1
vn -0.865036 0.260507 -0.428775
v 0.0168795 0.317408 0.0170698 1 1 1
vn -0.710929 0.281375 -0.644521
v 0.012695 0.320107 0.0218985 1 1 1
vn -0.539328 0.146516 -0.829252
v 0.0120539 0.376477 0.0261182 1 1 1
vn -0.424754 0.0386165 -0.904485
v 0.0095115 0.336498 0.025721 1 1 1
vn -0.44898 0.0648027 -0.891189
v 0.0108979 0.419955 0.0285828 1 1 1
vn -0.396085 0.0824753 -0.914502
v 0.0097912 0.484649 0.0371625 1 1 1
vn -0.238724 -0.126928 -0.962756
v 0.0096054 0.126 0.0703729 1 1 1
vn 0.402289 -0.758464 0.512733
v 0.0092098 0.14643 0.102109 1 1 1
vn 0.419269 -0.771247 0.478948
v -8.3e-05 -0.462283 -0.230784 1 1 1
vn -0.0212877 0.0395809 -0.99899
v 0.0087096 0.0673315 -0.032828 1 1 1
vn 0.283259 -0.422578 -0.860925
v 0.009127 0.413954 -0.0330128 1 1 1
vn 0.159942 -0.00545467 -0.987111
v 0.0097493 0.0587042 -0.0316242 1 1 1
vn 0.157955 -0.0214691 -0.987213
v 0.0092894 -0.0622215 -0.0302078 1 1 1
vn 0.212124 -0.010535 -0.977186
v 0.0086001 -0.10656 -0.0301313 1 1 1
vn 0.201402 0.00582623 -0.979491
v 0.0097985 -0.235322 -0.0308542 1 1 1
vn 0.267166 0.00821787 -0.963616
v 0.0087998 -0.31897 -0.0318874 1 1 1
vn 0.203295 0.00790595 -0.979086
v 0.0171026 0.302453 0.0101616 1 1 1
vn -0.937287 0.301936 -0.174147
v 0.0144707 0.302808 0.0146702 1 1 1
vn -0.6561 0.208824 -0.725207
v 0.0117813 0.306585 0.0172651 1 1 1
vn -0.626981 0.28922 -0.723357
v 0.0085446 0.31083 0.0216505 1 1 1
vn -0.358641 0.300226 -0.883878
v 0.008897 0.445691 0.0326386 1 1 1
vn -0.262199 0.160249 -0.951615
v 0.009985 0.470168 0.0369269 1 1 1
vn -0.233167 0.111185 -0.966059
v 0.0089501 0.18186 0.161347 1 1 1
vn 0.331086 -0.800708 0.499248
v -0.001423 -0.498782 -0.230714 1 1 1
vn 0.00805482 -0.0566976 -0.998359
v -0.0019402 0.153746 -0.216224 1 1 1
vn -0.0269181 0.318324 -0.9476
v -0.0006536 0.150186 -0.21559 1 1 1
vn -0.0398266 -0.542644 -0.839018
v -9.51e-05 0.173877 -0.20829 1 1 1
vn -0.0458421 0.411886 -0.910082
v -0.0004074 0.146644 -0.211704 1 1 1
vn -0.0838487 -0.834309 -0.544883
v -0.0002441 0.478157 -0.0453438 1 1 1
vn -0.00996084 -0.187621 -0.982191
v 0.0001048 0.439126 -0.036651 1 1 1
vn 0.0264993 -0.141862 -0.989532
v 0.0029362 -0.0199488 -0.0318173 1 1 1
vn 0.128532 -0.0121071 -0.991631
v 0.0058762 -0.22322 -0.0315545 1 1 1
vn 0.140719 0.00812159 -0.990016
v 0.0032652 -0.385817 -0.0332765 1 1 1
vn 0.118056 0.0116796 -0.992938
v 0.0060534 0.322374 0.025134 1 1 1
vn -0.192885 0.126299 -0.973059
v 0.0072717 0.423659 0.0300444 1 1 1
vn -0.173327 0.0893497 -0.980803
v 0.0067173 0.389034 0.0281236 1 1 1
vn -0.166079 0.0464014 -0.98502
v 0.0070511 0.345813 0.0267702 1 1 1
vn -0.139305 0.039614 -0.989457
v 5.2e-06 0.476462 0.0386693 1 1 1
vn -0.00136905 0.00145974 -0.999998
v 0.0005004 0.188605 0.174834 1 1 1
vn -0.0420122 -0.847835 0.528593
v 0.0011313 0.211018 0.211021 1 1 1
vn 0.0176991 -0.818511 0.574218
v -0.0002242 0.0825175 -0.0709725 1 1 1
vn -0.0249059 -0.917191 -0.397669
v -0.0004495 0.0758453 -0.0552583 1 1 1
vn 0.00585142 -0.911355 -0.41158
v -0.0003787 0.45947 -0.0409775 1 1 1
vn 0.0316842 -0.220376 -0.9749
v -0.0004624 0.0654799 -0.033682 1 1 1
vn -0.0503233 -0.76346 -0.643892
v 0.0002307 0.412579 -0.0340555 1 1 1
vn -0.00996239 -0.0403072 -0.999138
v -3.35e-05 0.365951 -0.0337835 1 1 1
vn -0.0542156 -0.00242192 -0.998526
v -0.0009098 0.0494399 -0.0327302 1 1 1
vn -0.0270783 -0.0238199 -0.999349
v -0.0016231 -0.0758236 -0.0312909 1 1 1
vn -0.0121847 -0.0115992 -0.999858
v -0.0010617 -0.107126 -0.0311786 1 1 1
vn 0.0227518 0.00713351 -0.999716
v 0.0016679 -0.229242 -0.0320494 1 1 1
vn 0.0687691 0.00896038 -0.997592
v -0.0008088 -0.325455 -0.0331002 1 1 1
vn -0.0180316 0.0091099 -0.999796
v -7.3e-05 0.304933 0.0212917 1 1 1
vn -0.049643 0.384017 -0.921991
v 0.0001793 0.319198 0.0252336 1 1 1
vn -0.00273627 0.197656 -0.980268
v -0.0008782 0.378907 0.0283704 1 1 1
vn 0.0508831 0.035382 -0.998078
v -0.000951 0.337278 0.0269106 1 1 1
vn 0.0232762 0.0536127 -0.99829
v 0.0022605 0.443406 0.0330665 1 1 1
vn -0.0682393 0.142073 -0.987501
v -0.0049782 0.495843 0.0343245 1 1 1
vn 0.161188 -0.227302 -0.960392
v 0.0012671 0.148232 0.108362 1 1 1
vn 0.183225 -0.830367 0.526231
v -0.0002473 0.154509 0.118823 1 1 1
vn -0.0986389 -0.84994 0.517563
v 8.85e-05 0.201516 0.196126 1 1 1
vn -0.0250204 -0.849752 0.526589
v -0.0032156 -0.386034 -0.0334305 1 1 1
vn -0.0767238 0.0181182 -0.996888
v -0.0017277 -0.0138376 -0.0321339 1 1 1
vn -0.106857 -0.00885992 -0.994235
v -0.0027443 -0.167396 -0.0317186 1 1 1
vn -0.105402 0.00819018 -0.994396
v -0.002713 -0.251765 -0.0321575 1 1 1
vn -0.124286 0.00723874 -0.99222
v -0.0135948 0.154974 -0.21451 1 1 1
vn -0.485279 -0.272667 -0.830757
v -0.015112 0.167276 -0.209563 1 1 1
vn -0.22907 0.382658 -0.895042
v -0.0111146 0.12983 -0.169592 1 1 1
vn -0.51015 -0.778033 -0.366621
v -0.0109502 0.12333 -0.155884 1 1 1
vn -0.514482 -0.775198 -0.366574
v -0.0102848 0.1155 -0.140532 1 1 1
vn -0.452081 -0.815058 -0.362359
v -0.0115011 0.101124 -0.104196 1 1 1
vn -0.405266 -0.8434 -0.352754
v -0.0114582 0.0916279 -0.0819723 1 1 1
vn -0.439658 -0.827972 -0.348084
v -0.0109098 0.0853412 -0.0680832 1 1 1
vn -0.419491 -0.831034 -0.365254
v -0.0108841 0.487942 -0.0456813 1 1 1
vn -0.192885 -0.162335 -0.9677
v -0.0104057 0.469861 -0.0422838 1 1 1
vn -0.264902 -0.210991 -0.940909
v -0.0112836 0.077723 -0.0505654 1 1 1
vn -0.454509 -0.810961 -0.368463
v -0.009303 0.442197 -0.0360579 1 1 1
vn -0.252849 -0.192882 -0.948084
v -0.0097399 0.4252 -0.0336279 1 1 1
vn -0.245996 -0.0766767 -0.966233
v -0.009409 0.400328 -0.0326021 1 1 1
vn -0.202348 -0.00882651 -0.979274
v -0.0101218 0.313815 -0.0324262 1 1 1
vn -0.300171 -0.00234969 -0.953882
v -0.0110133 0.258721 -0.0319739 1 1 1
vn -0.280731 -0.00365302 -0.95978
v -0.0082598 0.0675704 -0.032804 1 1 1
vn -0.289148 -0.436333 -0.85206
v -0.0092812 -0.0221468 -0.0308665 1 1 1
vn -0.232581 -0.0111393 -0.972513
v -0.0091594 -0.0877062 -0.0298415 1 1 1
vn -0.236643 -0.000470674 -0.971596
v -0.0096662 -0.285531 -0.0313159 1 1 1
vn -0.198923 0.00837352 -0.979979
v -0.0103411 -0.323961 -0.0316803 1 1 1
vn -0.321862 0.00901108 -0.946744
v -0.0090596 0.307387 0.021401 1 1 1
vn 0.277307 0.251505 -0.927279
v -0.0057601 0.325474 0.0254703 1 1 1
vn 0.224484 0.121243 -0.966906
v -0.0106394 0.380001 0.0266563 1 1 1
vn 0.345332 0.0391241 -0.937665
v -0.0092688 0.342677 0.0260013 1 1 1
vn 0.310137 0.044609 -0.949645
v -0.0099324 0.470555 0.0370265 1 1 1
vn 0.256772 0.0959759 -0.961695
v -0.0095034 0.127832 0.0720741 1 1 1
vn -0.476107 -0.728626 0.492368
v -0.0756552 -0.499881 0.0585954 1 1 1
vn 0.000123659 -1 8.17615e-05
v -0.0076453 0.146602 0.102319 1 1 1
vn -0.338955 -0.796226 0.501132
v -0.0086628 0.182443 0.160944 1 1 1
vn -0.485629 -0.73711 0.469929
v -0.0094449 0.190551 0.172905 1 1 1
vn -0.391761 -0.778317 0.490658
v -0.0094055 0.200121 0.188617 1 1 1
vn -0.440543 -0.767111 0.466329
v -0.0095109 0.21127 0.206703 1 1 1
vn -0.433376 -0.754857 0.492317
v -0.0267476 -0.46021 -0.228095 1 1 1
vn -0.119097 0.385664 -0.91492
v -0.0267963 -0.498739 -0.229076 1 1 1
vn -0.110353 -0.0169815 -0.993747
v -0.0139129 0.149549 -0.20698 1 1 1
vn -0.526674 -0.743607 -0.411901
v -0.0113915 0.1367 -0.183706 1 1 1
vn -0.447686 -0.805553 -0.388152
v -0.0117102 0.106721 -0.117239 1 1 1
vn -0.48187 -0.809349 -0.335792
v -0.0111393 0.0735543 -0.0416076 1 1 1
vn -0.592084 -0.723109 -0.35574
v -0.0098729 0.160636 -0.0317007 1 1 1
vn -0.193113 -0.00328369 -0.981171
v -0.0109585 0.112134 -0.0313505 1 1 1
vn -0.339178 0.00876485 -0.940681
v -0.010778 0.0685571 -0.0317572 1 1 1
vn -0.424062 -0.10445 -0.89959
v -0.0104568 0.0300836 -0.0307677 1 1 1
vn -0.29733 -0.0101489 -0.954721
v -0.0097763 -0.159757 -0.0304324 1 1 1
vn -0.24116 0.00731224 -0.970458
v -0.0135396 0.320214 0.0219556 1 1 1
vn 0.529457 0.11291 -0.840789
v -0.010191 0.137176 0.0852497 1 1 1
vn -0.525557 -0.715394 0.460436
v -0.0098667 0.165553 0.131933 1 1 1
vn -0.429904 -0.779797 0.455082
v -0.0142119 0.144052 -0.192925 1 1 1
vn -0.875552 -0.44677 -0.183864
v -0.014349 0.130798 -0.164061 1 1 1
vn -0.866368 -0.45428 -0.207452
v -0.0139572 0.114549 -0.13062 1 1 1
vn -0.873675 -0.444869 -0.196938
v -0.0142167 0.0995794 -0.0946135 1 1 1
vn -0.877256 -0.443642 -0.183312
v -0.0182933 0.432778 -0.0306379 1 1 1
vn -0.499389 -0.106864 -0.859762
v -0.0156722 0.401631 -0.0302529 1 1 1
vn -0.411256 -0.016226 -0.911376
v -0.0143959 0.338277 -0.0307285 1 1 1
vn -0.47388 -0.00539102 -0.880573
v -0.0129668 0.154062 -0.0305651 1 1 1
vn -0.445201 -0.00426505 -0.89542
v -0.0149072 -0.0210641 -0.0286328 1 1 1
vn -0.436207 -0.00687621 -0.89982
v -0.0148587 -0.0758917 -0.028047 1 1 1
vn -0.427539 -0.00168776 -0.903996
v -0.0155002 -0.119711 -0.0280324 1 1 1
vn -0.419447 0.00612133 -0.907759
v -0.0134617 -0.232753 -0.0295817 1 1 1
vn -0.409437 0.00642745 -0.912316
v -0.0179072 0.478683 0.0337035 1 1 1
vn 0.479923 -0.0502807 -0.875869
v -0.0142672 0.124068 0.0584598 1 1 1
vn -0.819839 -0.472441 0.323518
v -0.0229675 -0.499806 0.228329 1 1 1
vn -0.00793787 -0.994663 0.102876
v -0.0284541 -0.462895 -0.228491 1 1 1
vn -0.147741 0.0189992 -0.988844
v -0.0144676 0.137362 -0.177655 1 1 1
vn -0.889319 -0.414727 -0.192648
v -0.0143234 0.125314 -0.15188 1 1 1
vn -0.892377 -0.409354 -0.189983
v -0.0143164 0.0931638 -0.077209 1 1 1
vn -0.888194 -0.425466 -0.173464
v -0.0138894 0.0849959 -0.060771 1 1 1
vn -0.883959 -0.425715 -0.193346
v -0.0145496 0.0779713 -0.0404022 1 1 1
vn -0.862549 -0.45371 -0.223954
v -0.019226 0.454952 -0.0349802 1 1 1
vn -0.453116 -0.205408 -0.867464
v -0.0173904 0.0758034 -0.0283695 1 1 1
vn -0.720452 -0.186126 -0.668061
v -0.0198928 0.295773 -0.0273335 1 1 1
vn -0.549302 -0.00492292 -0.83561
v -0.0190435 0.221051 -0.0276011 1 1 1
vn -0.53897 -0.00325964 -0.842319
v -0.0187353 0.127842 -0.0272647 1 1 1
vn -0.532389 -0.00372779 -0.846492
v -0.0195422 0.0340525 -0.0261898 1 1 1
vn -0.538322 -0.00967172 -0.842684
v -0.01899 -0.322728 -0.0275429 1 1 1
vn -0.488152 0.00604671 -0.872738
v -0.0219485 0.489515 0.0291878 1 1 1
vn 0.548979 -0.234016 -0.802408
v -0.0157891 0.136186 0.0367214 1 1 1
vn -0.883779 0.39852 -0.245188
v -0.0150996 0.14804 0.0545207 1 1 1
vn -0.868533 0.422181 -0.25964
v -0.0148201 0.13485 0.0733155 1 1 1
vn -0.885531 -0.385791 0.258843
v -0.0148031 0.165013 0.0809886 1 1 1
vn -0.894715 0.382355 -0.230847
v -0.01487 0.175093 0.0978872 1 1 1
vn -0.869868 0.424919 -0.250547
v -0.0148484 0.186791 0.118057 1 1 1
vn -0.904942 0.363643 -0.221005
v -0.014054 0.169162 0.130847 1 1 1
vn -0.80386 -0.50963 0.306733
v -0.0150316 0.199721 0.139008 1 1 1
vn -0.890641 0.386949 -0.238808
v -0.0142158 0.181435 0.1511 1 1 1
vn -0.837315 -0.464221 0.288796
v -0.0149173 0.207993 0.153265 1 1 1
vn -0.835411 0.476168 -0.274503
v -0.0154626 0.213423 0.164393 1 1 1
vn -0.941801 0.287147 -0.174807
v -0.0140874 0.194102 0.170466 1 1 1
vn -0.806228 -0.501308 0.314143
v -0.0150707 0.220626 0.173957 1 1 1
vn -0.886371 0.394848 -0.241747
v -0.0144986 0.226967 0.183619 1 1 1
vn -0.832605 0.480998 -0.27461
v -0.0143785 0.207406 0.191948 1 1 1
vn -0.814617 -0.496786 0.299338
v -0.0188335 0.160147 -0.207693 1 1 1
vn -0.931222 -0.122403 -0.343282
v -0.0171723 0.152883 -0.200435 1 1 1
vn -0.935091 -0.330918 -0.126881
v -0.0191285 0.162588 -0.200871 1 1 1
vn -0.977312 0.197451 0.076649
v -0.0189869 0.150618 -0.17966 1 1 1
vn -0.976998 -0.197087 -0.081429
v -0.018414 0.160361 -0.190131 1 1 1
vn -0.917102 0.360267 0.170681
v -0.0187822 0.13095 -0.136736 1 1 1
vn -0.991483 -0.120737 -0.0488173
v -0.0182428 0.109153 -0.0932679 1 1 1
vn -0.955079 -0.275461 -0.109294
v -0.0184678 0.0911912 -0.0472425 1 1 1
vn -0.9961 0.086989 -0.0147738
v -0.0189609 0.0868724 -0.0372384 1 1 1
vn -0.976411 -0.170522 -0.132453
v -0.0198764 0.0844006 -0.0264536 1 1 1
vn -0.724384 0.0118281 -0.689295
v -0.0211782 0.408863 -0.0270581 1 1 1
vn -0.573373 -0.0113529 -0.819216
v -0.0242322 0.293567 -0.0237065 1 1 1
vn -0.732782 -0.0049038 -0.680446
v -0.0238931 0.214467 -0.0236451 1 1 1
vn -0.718143 -0.00399042 -0.695884
v -0.0234592 0.125801 -0.0235422 1 1 1
vn -0.710952 -0.0029452 -0.703234
v -0.0226041 0.066238 -0.0244391 1 1 1
vn -0.704845 -0.00554928 -0.709339
v -0.0211003 -0.0637458 -0.0246191 1 1 1
vn -0.579802 -0.0016166 -0.814756
v -0.0217053 -0.118339 -0.0244669 1 1 1
vn -0.576525 0.00387185 -0.81707
v -0.0202644 -0.222192 -0.0259989 1 1 1
vn -0.544593 0.00524003 -0.838684
v -0.023542 -0.351649 -0.0243651 1 1 1
vn -0.653319 0.00124121 -0.757081
v -0.0369238 -0.499911 0.0289734 1 1 1
vn 4.09652e-05 -1 7.08001e-05
v -0.0180606 0.12253 0.0285439 1 1 1
vn -0.994695 0.102197 0.0117395
v -0.0178936 0.117191 0.0369024 1 1 1
vn -0.973473 -0.174728 0.147717
v -0.0179725 0.130985 0.0532754 1 1 1
vn -0.984641 -0.133938 0.111996
v -0.0167589 0.14284 0.0569195 1 1 1
vn -0.978665 0.18067 -0.0978368
v -0.0177489 0.144001 0.0685826 1 1 1
vn -0.996812 -0.0616573 0.050634
v -0.016993 0.153877 0.0757712 1 1 1
vn -0.975003 0.193346 -0.109481
v -0.0174003 0.150312 0.0841253 1 1 1
vn -0.968534 -0.212635 0.129339
v -0.0176228 0.157373 0.0905247 1 1 1
vn -0.986165 0.139684 -0.0892595
v -0.0169684 0.166799 0.0977461 1 1 1
vn -0.973039 0.193388 -0.125684
v -0.0177639 0.163646 0.103213 1 1 1
vn -0.983571 -0.153927 0.0943104
v -0.017627 0.173478 0.114478 1 1 1
vn -0.989289 0.127269 -0.0714882
v -0.0166175 0.168611 0.119179 1 1 1
vn -0.951963 -0.261166 0.15987
v -0.0165901 0.184921 0.125804 1 1 1
vn -0.975165 0.197913 -0.0994177
v -0.0176139 0.1807 0.133056 1 1 1
vn -0.978549 -0.174347 0.109751
v -0.0176536 0.187174 0.142004 1 1 1
vn -0.995857 -0.0782604 0.0463011
v -0.0177676 0.192431 0.148852 1 1 1
vn -0.987061 0.131271 -0.0920741
v -0.0173699 0.201311 0.156668 1 1 1
vn -0.98484 0.152332 -0.0829724
v -0.0169868 0.194066 0.159003 1 1 1
vn -0.956462 -0.249054 0.152159
v -0.0175946 0.201649 0.168758 1 1 1
vn -0.999526 -0.0261378 0.0162587
v -0.0177133 0.214592 0.183736 1 1 1
vn -0.997089 0.0633878 -0.0423638
v -0.0175568 0.207644 0.177704 1 1 1
vn -0.934792 -0.299581 0.190825
v -0.0162422 0.213298 0.193142 1 1 1
vn -0.951935 -0.263706 0.155816
v -0.0171713 0.225667 0.196255 1 1 1
vn -0.983395 0.162412 -0.080973
v -0.0167276 0.223614 0.209798 1 1 1
vn -0.970558 -0.195974 0.14004
v -0.0261187 0.472834 -0.0352374 1 1 1
vn -0.616043 -0.199897 -0.761927
v -0.0259606 0.439516 -0.0261951 1 1 1
vn -0.675784 -0.173548 -0.716377
v -0.0257575 0.421038 -0.0236266 1 1 1
vn -0.763716 -0.0302589 -0.644842
v -0.024773 0.364085 -0.0236298 1 1 1
vn -0.682658 -0.00712424 -0.730703
v -0.0268191 0.0918654 -0.0191044 1 1 1
vn -0.853836 -0.00339215 -0.520531
v -0.026338 0.0592271 -0.0197305 1 1 1
vn -0.847393 -0.00340776 -0.530956
v -0.0239972 0.0229277 -0.0222105 1 1 1
vn -0.723995 -0.00456926 -0.68979
v -0.024445 -0.0620129 -0.0215772 1 1 1
vn -0.740791 0.00352318 -0.671726
v -0.0249836 -0.092539 -0.0217283 1 1 1
vn -0.71778 0.0103037 -0.696194
v -0.0283713 -0.103765 -0.0181759 1 1 1
vn -0.65081 -0.00771949 -0.759202
v -0.0238687 -0.178815 -0.0229412 1 1 1
vn -0.704627 0.00249105 -0.709573
v -0.0242966 -0.292276 -0.0230302 1 1 1
vn -0.730757 0.00386022 -0.682627
v -0.0236766 -0.202888 0.0230876 1 1 1
vn -0.730089 0.00164492 0.68335
v -0.068076 -0.499905 0.218759 1 1 1
vn -0.00184666 -0.99997 0.00756849
v -0.0276512 0.342888 -0.0199196 1 1 1
vn -0.830836 -0.00441881 -0.5565
v -0.0297692 0.309435 -0.0173979 1 1 1
vn -0.600413 0.0963645 -0.793863
v -0.0284818 0.298218 -0.0187884 1 1 1
vn -0.377161 -0.100303 -0.9207
v -0.0290333 0.290745 -0.0169988 1 1 1
vn -0.822003 -0.0931021 -0.561821
v -0.0277246 0.209502 -0.0185761 1 1 1
vn -0.84947 -0.0041317 -0.527621
v -0.0313917 0.242829 -0.0113757 1 1 1
vn -0.957564 -0.00428436 -0.288189
v -0.0310911 0.159182 -0.0112087 1 1 1
vn -0.936218 -0.00388779 -0.351399
v -0.0309091 0.0590318 -0.0109535 1 1 1
vn -0.946028 -0.00205083 -0.324077
v -0.0269813 -0.0452084 -0.0180362 1 1 1
vn -0.843979 0.0045198 -0.536358
v -0.0296964 -0.0445118 -0.0133989 1 1 1
vn -0.892371 0.00859425 -0.451221
v -0.0300647 -0.11146 -0.0154508 1 1 1
vn -0.569585 -0.358813 -0.739477
v -0.0279436 -0.159471 -0.0182884 1 1 1
vn -0.825921 -0.00349723 -0.563775
v -0.0282355 -0.230398 -0.0180676 1 1 1
vn -0.838039 0.00152973 -0.545608
v -0.028216 -0.351059 -0.0185702 1 1 1
vn -0.840864 -0.000343841 -0.541247
v -0.0271141 0.188293 0.0182907 1 1 1
vn -0.852768 -0.00390072 0.522275
v -0.0278028 0.126779 0.0162098 1 1 1
vn -0.868636 0.00104044 0.495449
v -0.0276213 0.0948366 0.0172886 1 1 1
vn -0.878365 0.00133521 0.477989
v -0.027024 0.0318868 0.0180553 1 1 1
vn -0.847524 -0.000228775 0.530756
v -0.0276394 -0.0486622 0.0172126 1 1 1
vn -0.867235 0.00682941 0.497852
v -0.0277234 -0.195425 0.0186118 1 1 1
vn -0.82711 0.00105356 0.562039
v -0.0276917 -0.297742 0.01882 1 1 1
vn -0.789658 0.000626697 0.613548
v -0.0342363 0.489221 -0.0323541 1 1 1
vn -0.738844 -0.204249 -0.642177
v -0.0332441 0.458248 -0.0228663 1 1 1
vn -0.799845 -0.196764 -0.567038
v -0.0296318 0.433259 -0.0198896 1 1 1
vn -0.841528 -0.122322 -0.526182
v -0.0319923 0.415328 -0.0138763 1 1 1
vn -0.877537 -0.0149415 -0.479276
v -0.031958 0.344458 -0.0124114 1 1 1
vn -0.954598 -0.00534964 -0.297849
v -0.0367765 0.29395 -0.015539 1 1 1
vn -0.269233 -0.465718 -0.842983
v -0.0314027 0.285167 -0.012072 1 1 1
vn -0.961671 -0.0278541 -0.272789
v -0.0334802 0.285681 -0.0083887 1 1 1
vn -0.435791 -0.817154 -0.377287
v -0.0314611 0.200142 -0.0110936 1 1 1
vn -0.973339 -0.00402079 -0.229335
v -0.0327014 -0.115906 -0.0107779 1 1 1
vn -0.902959 -0.0988462 -0.418203
v -0.0309176 -0.158331 -0.0129331 1 1 1
vn -0.90235 -0.00334201 -0.43099
v -0.0318787 -0.261106 -0.0106709 1 1 1
vn -0.949014 0.000644932 -0.315232
v -0.0312117 -0.0426769 -0.0097227 1 1 1
vn -0.977055 0.00671586 -0.212881
v -0.0326386 -0.149651 -0.0085521 1 1 1
vn -0.973504 -0.00715815 -0.228559
v -0.0324577 -0.371991 -0.0092502 1 1 1
vn -0.970687 0.00771847 -0.240222
v -0.0333816 0.283568 -0.0009368 1 1 1
vn -0.966031 -0.247916 -0.0729493
v -0.0331054 0.23846 -0.0003588 1 1 1
vn -0.999834 -0.00419978 0.0177059
v -0.0325335 -0.0029741 -0.0009141 1 1 1
vn -0.998294 0.0014651 -0.0583748
v -0.032757 -0.0482575 -0.0005917 1 1 1
vn -0.999555 0.0123908 0.0271419
v -0.033619 -0.22872 -0.0019034 1 1 1
vn -0.994136 -0.00199827 -0.108117
v -0.0335059 -0.297601 -0.0023288 1 1 1
vn -0.993368 0.000839291 -0.114978
v -0.0338617 -0.358115 -0.0007511 1 1 1
vn -0.999246 0.00716416 -0.0381708
v -0.0343694 -0.38623 -0.001406 1 1 1
vn -0.999498 0.00576721 -0.031142
v -0.0325678 0.0624277 -0.0007878 1 1 1
vn -0.999626 -0.00245369 0.0272291
v -0.0327545 0.283084 0.0038914 1 1 1
vn -0.982812 -0.0514402 0.177298
v -0.0313832 0.207235 0.0100008 1 1 1
vn -0.956166 -0.00245845 0.292814
v -0.031222 0.139502 0.0092563 1 1 1
vn -0.95773 -0.00178797 0.287665
v -0.0312365 0.0934256 0.0096735 1 1 1
vn -0.961913 0.000542405 0.273355
v -0.0312477 0.02169 0.0095059 1 1 1
vn -0.958902 0.000753148 0.283737
v -0.0313076 -0.0481311 0.0097728 1 1 1
vn -0.961011 0.00764785 0.276403
v -0.0325366 -0.153214 0.0088835 1 1 1
vn -0.973854 -0.0033615 0.227148
v -0.0306428 -0.196489 0.0132659 1 1 1
vn -0.904928 -0.000833659 0.425564
v -0.032225 -0.30024 0.0095141 1 1 1
vn -0.961999 -7.59301e-06 0.273054
v -0.0306223 -0.325848 0.0134656 1 1 1
vn -0.895811 0.00115548 0.444433
v -0.0322576 -0.362331 0.0098996 1 1 1
vn -0.96522 0.00493782 0.261393
v -0.029507 0.424171 0.0178628 1 1 1
vn -0.859743 -0.0656315 0.506492
v -0.031795 0.44049 0.0182586 1 1 1
vn -0.869715 -0.165629 0.464933
v -0.0523293 -0.461285 -0.223968 1 1 1
vn -0.23603 0.0945916 -0.967131
v -0.0341104 0.437724 -0.0131696 1 1 1
vn -0.877468 -0.150589 -0.455382
v -0.0363174 0.446502 -0.0113866 1 1 1
vn -0.945098 -0.170293 -0.278908
v -0.0371958 0.30223 -0.0184993 1 1 1
vn -0.109291 -0.19919 -0.973847
v -0.0374991 0.307756 -0.0184752 1 1 1
vn 0.10035 0.18166 -0.978228
v -0.0379033 -0.097656 -0.0185383 1 1 1
vn 0.0856611 0.097388 -0.991553
v -0.0375925 -0.104721 -0.0179149 1 1 1
vn -0.0888472 -0.311805 -0.945983
v -0.0336763 0.422563 -0.0102331 1 1 1
vn -0.968261 -0.0623476 -0.242038
v -0.0329322 0.392348 -0.0096542 1 1 1
vn -0.985359 -0.0128821 -0.170003
v -0.0340791 0.401323 -0.0007617 1 1 1
vn -0.999576 -0.0156738 0.0245366
v -0.035092 0.425795 -0.0015267 1 1 1
vn -0.995889 -0.0846222 0.032309
v -0.0337811 0.357407 -0.0014746 1 1 1
vn -0.989 -0.00661788 -0.147768
v -0.0347252 -0.118856 -0.0016651 1 1 1
vn -0.911513 -0.404324 -0.0752712
v -0.0337797 -0.151079 -0.0018096 1 1 1
vn -0.994625 -0.0097911 -0.10308
v -0.0336943 -0.152882 0.0019413 1 1 1
vn -0.994682 -0.00632506 0.102799
v -0.0334063 -0.304381 0.0022111 1 1 1
vn -0.99248 -0.000533047 0.122409
v -0.0333762 0.42439 0.0095593 1 1 1
vn -0.949182 -0.0656342 0.307808
v -0.0385656 0.476095 -0.0212844 1 1 1
vn -0.870623 -0.205035 -0.447188
v -0.0456933 0.316915 -0.0174954 1 1 1
vn 0.136879 0.259166 -0.956084
v -0.044488 -0.0986092 -0.0186741 1 1 1
vn -0.0845705 -0.16538 -0.982597
v -0.0532203 -0.104133 -0.0152593 1 1 1
vn -0.21937 -0.550423 -0.80555
v -0.0450185 0.292141 -0.0101555 1 1 1
vn -0.382265 -0.771287 -0.50891
v -0.0402033 -0.11494 -0.0080484 1 1 1
vn -0.290864 -0.84723 -0.444522
v -0.0471562 -0.111314 -0.0105034 1 1 1
vn -0.281951 -0.78073 -0.557641
v -0.0383895 0.449982 -0.0016073 1 1 1
vn -0.982978 -0.182482 -0.0213268
v -0.0358057 0.441552 0.0089167 1 1 1
vn -0.964085 -0.157612 0.213774
v -0.0458873 0.2912 0.0068371 1 1 1
vn -0.41274 -0.866911 0.279483
v -0.0406346 0.465599 0.008973 1 1 1
vn -0.957435 -0.197463 0.210541
v -0.050914 -0.498647 -0.224424 1 1 1
vn -0.232169 -0.00789304 -0.972643
v -0.0412018 0.471202 -0.0122014 1 1 1
vn -0.952368 -0.200383 -0.229875
v -0.0484405 0.311169 -0.0184938 1 1 1
vn -0.00336196 0.00987417 -0.999946
v -0.0546371 0.302171 -0.0147769 1 1 1
vn -0.260332 -0.488709 -0.832701
v -0.0457264 0.289382 -0.0011624 1 1 1
vn -0.439997 -0.897816 -0.0181282
v -0.0511668 -0.112583 -0.0025527 1 1 1
vn -0.374904 -0.910395 -0.175009
v -0.0588786 -0.10901 0.003457 1 1 1
vn -0.376355 -0.901385 0.214153
v -0.109618 -0.499908 -0.131157 1 1 1
vn -0.00036053 -1 1.05169e-05
v -0.130411 -0.499903 -0.051975 1 1 1
vn 9.0337e-05 -1 -1.79588e-06
v -0.0532716 0.308248 -0.0176553 1 1 1
vn -0.157185 -0.289733 -0.944112
v -0.0539965 -0.0855687 -0.0173512 1 1 1
vn 0.12861 0.358172 -0.924755
v -0.0524702 -0.0985317 -0.0178925 1 1 1
vn -0.0700895 -0.154228 -0.985546
v -0.0563946 0.298009 -0.0104791 1 1 1
vn -0.378306 -0.737382 -0.559599
v -0.0454901 0.484041 -0.0010362 1 1 1
vn -0.980397 -0.194249 -0.0330029
v -0.0626641 0.298112 -0.0021919 1 1 1
vn -0.446188 -0.879203 -0.167087
v -0.0656499 -0.499695 -0.220413 1 1 1
vn -0.291961 -0.123316 -0.948447
v -0.0609218 0.297863 0.0036903 1 1 1
vn -0.439875 -0.86546 0.239768
v -0.0604031 0.324938 -0.0172132 1 1 1
vn 0.161578 0.317398 -0.934426
v -0.0647276 -0.0867887 -0.0184497 1 1 1
vn 0.0607194 0.112367 -0.99181
v -0.0645166 -0.10451 -0.0099511 1 1 1
vn -0.36426 -0.814146 -0.452196
v -0.0774751 -0.499783 -0.215594 1 1 1
vn -0.0891366 -0.971543 -0.219452
v -0.0628553 -0.0953308 -0.0173539 1 1 1
vn -0.157178 -0.336154 -0.928599
v -0.0716475 -0.482782 -0.218091 1 1 1
vn -0.320687 0.0105777 -0.947126
v -0.0669539 0.315488 -0.0176543 1 1 1
vn -0.155907 -0.301849 -0.940521
v -0.0763938 0.312903 -0.0142462 1 1 1
vn -0.258865 -0.50509 -0.823331
v -0.0706573 -0.0974593 -0.0142168 1 1 1
vn -0.290587 -0.607931 -0.738904
v -0.0685328 0.304138 -0.0099953 1 1 1
vn -0.386409 -0.739935 -0.550622
v -0.0764614 -0.101523 -0.0021448 1 1 1
vn -0.421276 -0.8979 -0.127682
v -0.075458 -0.0747568 -0.0172079 1 1 1
vn 0.202594 0.358253 -0.911379
v -0.0699368 -0.0883394 -0.0183566 1 1 1
vn -0.0746129 -0.153268 -0.985364
v -0.0764871 -0.0917125 -0.0160301 1 1 1
vn -0.200605 -0.411527 -0.889046
v -0.0807856 -0.0988834 0.0033598 1 1 1
vn -0.416057 -0.878024 0.23658
v -0.0810843 -0.498754 -0.215065 1 1 1
vn -0.361875 -0.0186389 -0.93204
v -0.0963181 -0.499806 -0.207466 1 1 1
vn -0.0288318 -0.997913 -0.0577843
v -0.0782528 0.336171 -0.0167428 1 1 1
vn 0.20252 0.367884 -0.90755
v -0.0783684 0.319938 -0.0172468 1 1 1
vn -0.151095 -0.303784 -0.940684
v -0.081059 0.311684 -0.0109635 1 1 1
vn -0.370244 -0.710824 -0.598037
v -0.0777331 0.307415 -0.0068442 1 1 1
vn -0.432243 -0.839079 -0.330323
v -0.0829258 0.309011 0.0035916 1 1 1
vn -0.436761 -0.869739 0.229771
v -0.0860311 -0.475339 -0.212525 1 1 1
vn -0.366767 -0.00264042 -0.930309
v -0.0849452 -0.0737789 -0.0183663 1 1 1
vn 0.0527394 0.0944985 -0.994127
v -0.0812027 -0.0850347 -0.0178819 1 1 1
vn -0.106241 -0.23412 -0.966385
v -0.082871 -0.0956669 -0.0096771 1 1 1
vn -0.375781 -0.77468 -0.508586
v -0.0879244 0.326864 -0.0180296 1 1 1
vn -0.12037 -0.273666 -0.954263
v -0.0928715 -0.073537 -0.0188107 1 1 1
vn 0.0410317 0.0310475 -0.998675
v -0.0897579 -0.08771 -0.0145195 1 1 1
vn -0.278543 -0.57333 -0.770524
v -0.0927115 0.313298 -0.0006641 1 1 1
vn -0.44613 -0.893381 -0.0532866
v -0.0905362 0.314276 -0.007712 1 1 1
vn -0.40328 -0.811218 -0.423428
v -0.101318 -0.499876 0.204979 1 1 1
vn -0.00283645 -0.999987 0.00431486
v -0.0991153 0.346834 -0.0168995 1 1 1
vn 0.205572 0.401929 -0.892297
v -0.0911594 0.336673 -0.0187019 1 1 1
vn 0.0803659 0.125217 -0.988869
v -0.0959835 0.322259 -0.0140458 1 1 1
vn -0.28571 -0.580394 -0.762569
v -0.094679 -0.0789749 -0.0178405 1 1 1
vn -0.172568 -0.35155 -0.920127
v -0.0989981 -0.479449 -0.207201 1 1 1
vn -0.433918 0.0061362 -0.900931
v -0.0983409 -0.498616 -0.208093 1 1 1
vn -0.427719 -0.0733389 -0.900932
v -0.0974688 -0.0628428 -0.017116 1 1 1
vn 0.185169 0.348265 -0.918925
v -0.094527 -0.0904439 -0.0092377 1 1 1
vn -0.393118 -0.811111 -0.433079
v -0.158816 -0.499908 0.0796744 1 1 1
vn -0.000339551 -1 0.000140057
v -0.101863 0.342963 -0.0185779 1 1 1
vn 0.0921407 0.182846 -0.978814
v -0.100449 0.335073 -0.0187727 1 1 1
vn -0.0866436 -0.194997 -0.976969
v -0.106882 0.323311 -0.0095727 1 1 1
vn -0.357893 -0.759748 -0.542858
v -0.10574 0.31984 -0.0021181 1 1 1
vn -0.416353 -0.865447 -0.27866
v -0.108107 -0.0859009 0.0028272 1 1 1
vn -0.4208 -0.888074 0.185075
v -0.107775 0.321779 0.0049314 1 1 1
vn -0.415951 -0.875167 0.247118
v -0.154752 -0.499828 -0.167243 1 1 1
vn -0.0129722 -0.999834 -0.0128207
v -0.106196 0.328014 -0.0147375 1 1 1
vn -0.229927 -0.48602 -0.84316
v -0.107858 -0.0634772 -0.0189537 1 1 1
vn 0.054693 0.0915993 -0.994293
v -0.102828 -0.0714611 -0.0188247 1 1 1
vn -0.120407 -0.239434 -0.963418
v -0.117459 -0.0817326 -0.0015998 1 1 1
vn -0.423242 -0.887113 -0.184109
v -0.111299 -0.0775578 -0.0144133 1 1 1
vn -0.2789 -0.587042 -0.759998
v -0.108728 -0.0836257 -0.0087974 1 1 1
vn -0.386281 -0.806095 -0.448328
v -0.114854 0.323988 -0.0003259 1 1 1
vn -0.419463 -0.907738 -0.00789584
v -0.114159 -0.498638 -0.199419 1 1 1
vn -0.506595 -0.00155121 -0.862183
v -0.116331 -0.499684 -0.19713 1 1 1
vn -0.12994 -0.968292 -0.213369
v -0.113535 0.341196 -0.0186094 1 1 1
vn -0.122605 -0.256291 -0.958792
v -0.11659 0.333878 -0.0154001 1 1 1
vn -0.234055 -0.510283 -0.827544
v -0.116979 -0.0534572 -0.01732 1 1 1
vn 0.183884 0.378953 -0.906963
v -0.11065 -0.0718332 -0.0176824 1 1 1
vn -0.122476 -0.284078 -0.950946
v -0.121746 0.329779 -0.0094428 1 1 1
vn -0.354873 -0.783454 -0.510162
v -0.16539 -0.499905 0.148377 1 1 1
vn -0.00196727 -0.999997 0.00158687
v -0.122075 -0.0612153 -0.0189493 1 1 1
vn -0.0699456 -0.154366 -0.985535
v -0.15471 -0.499755 0.168258 1 1 1
vn -0.0900289 -0.991263 0.0963966
v -0.12777 -0.498966 -0.191029 1 1 1
vn -0.575158 -0.0618453 -0.815702
v -0.127412 0.348583 -0.0188878 1 1 1
vn -0.0683888 -0.159534 -0.984821
v -0.122808 -0.0563126 -0.0188809 1 1 1
vn 0.0735079 0.158574 -0.984607
v -0.125667 -0.0662228 -0.0169971 1 1 1
vn -0.194963 -0.395878 -0.897369
v -0.127659 -0.0746949 -0.009008 1 1 1
vn -0.385685 -0.808477 -0.444535
v -0.129109 -0.477283 -0.189389 1 1 1
vn -0.583096 -8.60707e-05 -0.812403
v -0.12898 0.339124 -0.0151959 1 1 1
vn -0.221886 -0.489164 -0.843496
v -0.132299 -0.0677522 -0.0143157 1 1 1
vn -0.294275 -0.599836 -0.744043
v -0.130223 0.332633 -0.0072339 1 1 1
vn -0.394827 -0.872626 -0.287465
v -0.130204 -0.462874 -0.189425 1 1 1
vn -0.569635 0.119696 -0.813135
v -0.141444 -0.499585 -0.179558 1 1 1
vn -0.303335 -0.875629 -0.375848
v -0.137632 -0.0516363 -0.0189475 1 1 1
vn -0.0105127 -0.0280832 -0.99955
v -0.133811 0.349865 -0.0187104 1 1 1
vn -0.0988049 -0.231574 -0.967787
v -0.138863 -0.0445382 -0.0179974 1 1 1
vn 0.154477 0.318339 -0.935306
v -0.135044 -0.0593081 -0.0177866 1 1 1
vn -0.1618 -0.331926 -0.929326
v -0.137183 0.33769 -0.010292 1 1 1
vn -0.328623 -0.700468 -0.633524
v -0.146274 0.338319 -0.0008686 1 1 1
vn -0.411381 -0.906347 -0.0964375
v -0.139968 -0.0714224 -0.0009934 1 1 1
vn -0.432147 -0.898487 -0.077272
v -0.140509 0.36686 -0.0170382 1 1 1
vn 0.202315 0.393566 -0.896758
v -0.148092 0.341305 -0.008262 1 1 1
vn -0.368562 -0.810907 -0.454524
v -0.147042 -0.462017 -0.175978 1 1 1
vn -0.632258 0.160534 -0.757944
v -0.166466 -0.499873 -0.141858 1 1 1
vn -0.00261919 -0.999995 -0.00193007
v -0.145022 0.351883 -0.0177092 1 1 1
vn -0.182082 -0.420147 -0.889001
v -0.145705 0.346163 -0.0146234 1 1 1
vn -0.260636 -0.578347 -0.773035
v -0.146644 -0.0599957 -0.0146808 1 1 1
vn -0.251596 -0.534828 -0.806634
v -0.147387 -0.0643662 -0.0099527 1 1 1
vn -0.368291 -0.76854 -0.523172
v -0.144472 -0.477576 -0.177136 1 1 1
vn -0.658704 -0.0104613 -0.75233
v -0.151069 -0.0509511 -0.0182945 1 1 1
vn -0.147349 -0.331219 -0.931978
v -0.154348 0.358593 -0.0187276 1 1 1
vn -0.0777289 -0.183776 -0.97989
v -0.159212 -0.0419477 -0.0192539 1 1 1
vn 0.0156213 0.00918266 -0.999836
v -0.153396 -0.0647519 -0.0008055 1 1 1
vn -0.423658 -0.904194 -0.0542924
v -0.15558 0.37238 -0.0182141 1 1 1
vn 0.190357 0.374227 -0.90759
v -0.160781 0.368021 -0.0193784 1 1 1
vn 0.040206 0.0484355 -0.998017
v -0.152579 -0.0387796 -0.0184634 1 1 1
vn 0.151565 0.324526 -0.933655
v -0.162089 -0.0579598 -0.0093738 1 1 1
vn -0.377945 -0.806566 -0.454543
v -0.162906 -0.462073 -0.161645 1 1 1
vn -0.713266 -0.00768118 -0.700852
v -0.161122 -0.473626 -0.161943 1 1 1
vn -0.72034 -0.0381804 -0.692569
v -0.1661 -0.0513379 -0.0146147 1 1 1
vn -0.260933 -0.55949 -0.786692
v -0.166648 0.351061 -0.0103923 1 1 1
vn -0.321009 -0.712708 -0.623698
v -0.164648 0.346554 -0.0004647 1 1 1
vn -0.411032 -0.911478 -0.0161359
v -0.163493 -0.498666 0.161102 1 1 1
vn -0.716692 0.0200256 0.697103
v -0.164265 0.363904 -0.0188278 1 1 1
vn -0.127564 -0.288017 -0.949091
v -0.164184 0.354596 -0.0147251 1 1 1
vn -0.228774 -0.491786 -0.840125
v -0.166014 0.348774 -0.0066556 1 1 1
vn -0.394295 -0.869152 -0.298508
v -0.170386 0.350437 0.0054967 1 1 1
vn -0.396244 -0.88032 0.260821
v -0.168113 -0.0425115 -0.0184429 1 1 1
vn -0.144424 -0.31966 -0.936461
v -0.18167 -0.499292 -0.139225 1 1 1
vn -0.541993 -0.72113 -0.431526
v -0.178477 0.382498 -0.0186963 1 1 1
vn 0.142569 0.27629 -0.950441
v -0.174151 -0.497789 -0.148831 1 1 1
vn -0.755992 0.042395 -0.653207
v -0.18232 -0.0485093 -0.0096202 1 1 1
vn -0.391225 -0.829355 -0.39889
v -0.188105 -0.0485949 -0.0012075 1 1 1
vn -0.452148 -0.891203 -0.0363397
v -0.176341 -0.473505 -0.144834 1 1 1
vn -0.765872 -0.0619226 -0.640004
v -0.18945 -0.499695 -0.126997 1 1 1
vn -0.178232 -0.976398 -0.121988
v -0.179868 0.376714 -0.019568 1 1 1
vn -0.00577691 -0.0222638 -0.999735
v -0.182371 0.370895 -0.0186278 1 1 1
vn -0.131797 -0.277762 -0.951566
v -0.180334 0.363093 -0.0153483 1 1 1
vn -0.22753 -0.522608 -0.821651
v -0.181028 -0.0443174 -0.0145304 1 1 1
vn -0.268694 -0.578915 -0.769845
v -0.187591 0.356883 -0.0011883 1 1 1
vn -0.411269 -0.910652 -0.0396338
v -0.180297 -0.460745 0.14115 1 1 1
vn -0.7616 0.213282 0.611945
v -0.186833 -0.0339894 -0.0187641 1 1 1
vn -0.148271 -0.348757 -0.92541
v -0.184667 0.35752 -0.0072557 1 1 1
vn -0.385065 -0.858285 -0.339221
v -0.177685 -0.472204 0.143185 1 1 1
vn -0.782296 -0.0399524 0.621624
v -0.188408 0.361219 -0.0107379 1 1 1
vn -0.302671 -0.688966 -0.658572
v -0.197755 -0.499761 -0.111771 1 1 1
vn -0.0201708 -0.99974 -0.0105981
v -0.201746 -0.499909 -0.0314223 1 1 1
vn -0.00198642 -0.999998 -0.000249357
v -0.194937 0.384745 -0.0196008 1 1 1
vn -0.035165 0.00639259 -0.999361
v -0.197516 -0.0231117 -0.0200215 1 1 1
vn -0.00590285 0.0377971 -0.999268
v -0.196738 0.362552 0.0069184 1 1 1
vn -0.404906 -0.879584 0.249767
v -0.198185 -0.0399281 -0.0107462 1 1 1
vn -0.426692 -0.793492 -0.43394
v -0.200667 -0.499795 0.108199 1 1 1
vn -0.0150738 -0.999859 0.00735597
v -0.189503 -0.461526 0.128635 1 1 1
vn -0.807258 0.236664 0.54067
v -0.21115 -0.499751 -0.0855333 1 1 1
vn -0.0471023 -0.99872 -0.0184372
v -0.20175 -0.0274774 -0.0187554 1 1 1
vn -0.287394 -0.312756 -0.905311
v -0.202204 0.380251 -0.0181211 1 1 1
vn -0.38028 -0.0861533 -0.92085
v -0.201942 0.372239 -0.0154624 1 1 1
vn -0.260614 -0.49899 -0.826492
v -0.204637 -0.0335305 -0.0142696 1 1 1
vn -0.322695 -0.551953 -0.768906
v -0.197208 -0.481058 -0.114122 1 1 1
vn -0.869243 0.0291867 -0.493522
v -0.199887 -0.498414 -0.111535 1 1 1
vn -0.873771 -0.0682475 -0.481525
v -0.205346 0.367656 -0.0095883 1 1 1
vn -0.444278 -0.78384 -0.433833
v -0.200296 -0.498777 0.11183 1 1 1
vn -0.866641 0.0415038 0.497203
v -0.207353 -0.499324 -0.0961679 1 1 1
vn -0.833509 -0.378872 -0.402142
v -0.219073 -0.499731 -0.0639967 1 1 1
vn -0.0590327 -0.998109 -0.0171228
v -0.203544 0.364109 -0.0006185 1 1 1
vn -0.462601 -0.886536 0.00733034
v -0.205014 -0.0387255 -0.0024766 1 1 1
vn -0.568984 -0.819808 -0.0645873
v -0.206259 -0.493696 -0.0989095 1 1 1
vn -0.893663 0.0379569 -0.447131
v -0.205196 -0.477344 -0.0992906 1 1 1
vn -0.901613 -0.00316875 -0.432533
v -0.207643 -0.0344501 -0.0095452 1 1 1
vn -0.750912 -0.611114 -0.25034
v -0.207169 0.366876 -0.0030148 1 1 1
vn -0.960498 -0.277928 -0.0141073
v -0.219827 -0.499799 0.062412 1 1 1
vn -0.0124429 -0.999917 0.00329602
v -0.211305 -0.499706 0.0865964 1 1 1
vn -0.376265 -0.912936 0.158029
v -0.208126 -0.498634 0.0970033 1 1 1
vn -0.913965 0.00716045 0.40573
v -0.205827 -0.473366 0.0983588 1 1 1
vn -0.894709 -0.0528285 0.443514
v -0.205999 -0.483998 0.0982958 1 1 1
vn -0.902228 0.05787 0.427359
v -0.206872 0.370865 -0.0004749 1 1 1
vn -0.964697 0.260804 0.0366233
v -0.214052 -0.462653 -0.0810975 1 1 1
vn -0.919756 0.147491 -0.363724
v -0.21294 -0.472281 -0.0821667 1 1 1
vn -0.939381 -0.025696 -0.34191
v -0.21303 -0.486084 -0.0820699 1 1 1
vn -0.936387 0.0429572 -0.348331
v -0.213755 -0.498421 -0.0824548 1 1 1
vn -0.924401 0.00114936 -0.38142
v -0.225263 -0.499774 -0.0375211 1 1 1
vn -0.0695706 -0.997506 -0.0119036
v -0.211403 -0.472549 0.0854966 1 1 1
vn -0.926789 -0.0328695 0.374142
v -0.216804 -0.483672 0.0719858 1 1 1
vn -0.938019 0.0609138 0.34119
v -0.21487 -0.498708 0.0806583 1 1 1
vn -0.933936 -0.054051 0.35333
v -0.219572 -0.498697 -0.0661238 1 1 1
vn -0.951143 -0.0141924 -0.308424
v -0.229329 -0.499703 -0.0043978 1 1 1
vn -0.0473006 -0.99888 -0.000696031
v -0.217494 -0.473775 0.069183 1 1 1
vn -0.950498 -0.0497882 0.306716
v -0.222465 -0.461362 -0.0554483 1 1 1
vn -0.959101 0.102234 -0.263957
v -0.225597 -0.499711 0.0380887 1 1 1
vn -0.294949 -0.954313 0.0478673
v -0.220263 -0.498603 0.0650226 1 1 1
vn -0.958292 0.0305982 0.284147
v -0.222094 -0.482646 -0.0548414 1 1 1
vn -0.962736 0.0151194 -0.270021
v -0.224309 -0.498506 -0.0486376 1 1 1
vn -0.976734 -0.0247078 -0.213028
v -0.226708 -0.461279 -0.0362349 1 1 1
vn -0.968173 0.174566 -0.179351
v -0.224909 -0.456256 0.036364 1 1 1
vn -0.913101 0.369439 0.172513
v -0.223377 -0.461217 0.0516645 1 1 1
vn -0.966416 0.0892431 0.240988
v -0.22472 -0.498492 0.0479474 1 1 1
vn -0.971868 -0.0537404 0.229313
v -0.223071 -0.481139 0.0498302 1 1 1
vn -0.968471 0.0272099 0.247637
v -0.227274 -0.474692 -0.0287634 1 1 1
vn -0.986999 0.00195076 -0.160717
v -0.228851 -0.498516 -0.0250728 1 1 1
vn -0.989981 -0.0556597 -0.129767
v -0.229267 -0.498933 0.0200962 1 1 1
vn -0.993054 -0.0851867 0.0811559
v -0.226891 -0.461773 0.0351672 1 1 1
vn -0.982165 0.0739171 0.172881
v -0.226502 -0.47168 0.0339052 1 1 1
vn -0.987977 -0.00550508 0.154501
v -0.227544 -0.498681 0.0341751 1 1 1
vn -0.984856 0.0181921 0.172415
v -0.228314 -0.481412 -0.0211439 1 1 1
vn -0.996656 0.0394605 -0.0715481
v -0.229743 -0.467904 0.0016111 1 1 1
vn -0.9998 -0.0183335 0.00800615
v -0.230497 -0.4985 -0.0001715 1 1 1
vn -0.999639 0.000883826 -0.0268569
v -0.22974 -0.482694 0.0008436 1 1 1
vn -0.999344 0.0315651 0.0177398
v -0.228055 -0.480736 0.0226587 1 1 1
vn -0.994905 0.0366126 0.0939304
vt 0.491857 0.729874
vt 0.490777 0.733553
vt 0.494448 0.73226
vt 0.488471 0.73001
vt 0.490777 0.733553
vt 0.491857 0.729874
vt 0.494448 0.73226
vt 0.490777 0.733553
vt 0.493906 0.735552
vt 0.491857 0.729874
vt 0.487024 0.728492
vt 0.488471 0.73001
vt 0.824467 0.792337
vt 0.823541 0.788194
vt 0.825731 0.791069
vt 0.840278 0.221846
vt 0.840124 0.225421
vt 0.839117 0.22186
vt 0.291207 0.114472
vt 0.289596 0.0762157
vt 0.306821 0.112872
vt 0.306821 0.112872
vt 0.289596 0.0762157
vt 0.301101 0.07559
vt 0.291207 0.114472
vt 0.267913 0.0770516
vt 0.289596 0.0762157
vt 0.434445 0.409436
vt 0.436915 0.406603
vt 0.452219 0.4254
vt 0.291207 0.114472
vt 0.268468 0.115012
vt 0.267913 0.0770516
vt 0.434445 0.409436
vt 0.416523 0.389021
vt 0.436915 0.406603
vt 0.268468 0.115012
vt 0.241838 0.0782421
vt 0.267913 0.0770516
vt 0.24314 0.116644
vt 0.24057 0.102574
vt 0.268468 0.115012
vt 0.24057 0.102574
vt 0.241838 0.0782421
vt 0.268468 0.115012
vt 0.241838 0.0782421
vt 0.217451 0.0971322
vt 0.219051 0.0792559
vt 0.320027 0.112516
vt 0.306821 0.112872
vt 0.317861 0.0750349
vt 0.317861 0.0750349
vt 0.306821 0.112872
vt 0.301101 0.07559
vt 0.320027 0.112516
vt 0.319339 0.11693
vt 0.306821 0.112872
vt 0.319339 0.11693
vt 0.317765 0.122267
vt 0.291987 0.123067
vt 0.291987 0.123067
vt 0.291207 0.114472
vt 0.319339 0.11693
vt 0.319339 0.11693
vt 0.291207 0.114472
vt 0.306821 0.112872
vt 0.445357 0.431092
vt 0.434445 0.409436
vt 0.452219 0.4254
vt 0.445357 0.431092
vt 0.43014 0.414427
vt 0.434445 0.409436
vt 0.43014 0.414427
vt 0.411896 0.396661
vt 0.434445 0.409436
vt 0.411896 0.396661
vt 0.416523 0.389021
vt 0.434445 0.409436
vt 0.411896 0.396661
vt 0.394323 0.377044
vt 0.416523 0.389021
vt 0.219504 0.12096
vt 0.220465 0.116951
vt 0.24314 0.116644
vt 0.24314 0.116644
vt 0.220465 0.116951
vt 0.24057 0.102574
vt 0.24057 0.102574
vt 0.217451 0.0971322
vt 0.241838 0.0782421
vt 0.220465 0.116951
vt 0.217451 0.0971322
vt 0.24057 0.102574
vt 0.0266001 0.787392
vt 0.023373 0.777752
vt 0.0090078 0.790472
vt 0.023373 0.777752
vt 0.0076141 0.778728
vt 0.0090078 0.790472
vt 0.367878 0.0355332
vt 0.380557 0.0149159
vt 0.384791 0.0538401
vt 0.367878 0.0355332
vt 0.384791 0.0538401
vt 0.369093 0.0527976
vt 0.334133 0.112005
vt 0.338418 0.11723
vt 0.319339 0.11693
vt 0.334133 0.112005
vt 0.320027 0.112516
vt 0.317861 0.0750349
vt 0.334133 0.112005
vt 0.317861 0.0750349
vt 0.328584 0.073543
vt 0.334133 0.112005
vt 0.319339 0.11693
vt 0.320027 0.112516
vt 0.459855 0.453879
vt 0.436475 0.439884
vt 0.445357 0.431092
vt 0.445357 0.431092
vt 0.436475 0.439884
vt 0.422743 0.421474
vt 0.445357 0.431092
vt 0.422743 0.421474
vt 0.43014 0.414427
vt 0.43014 0.414427
vt 0.422743 0.421474
vt 0.411896 0.396661
vt 0.411896 0.396661
vt 0.391902 0.382798
vt 0.394323 0.377044
vt 0.0464919 0.788951
vt 0.0451495 0.770611
vt 0.0266001 0.787392
vt 0.219504 0.12096
vt 0.202408 0.117877
vt 0.220465 0.116951
vt 0.0266001 0.787392
vt 0.0451495 0.770611
vt 0.023373 0.777752
vt 0.023373 0.777752
vt 0.0078444 0.762743
vt 0.0076141 0.778728
vt 0.360438 0.0155724
vt 0.380557 0.0149159
vt 0.367878 0.0355332
vt 0.338418 0.11723
vt 0.339816 0.122397
vt 0.319339 0.11693
vt 0.319339 0.11693
vt 0.339816 0.122397
vt 0.317765 0.122267
vt 0.459855 0.453879
vt 0.454922 0.462842
vt 0.436475 0.439884
vt 0.422743 0.421474
vt 0.401262 0.407191
vt 0.411896 0.396661
vt 0.411896 0.396661
vt 0.401262 0.407191
vt 0.391902 0.382798
vt 0.391902 0.382798
vt 0.374328 0.3727
vt 0.377406 0.369229
vt 0.394323 0.377044
vt 0.391902 0.382798
vt 0.377406 0.369229
vt 0.219504 0.12096
vt 0.201974 0.124176
vt 0.202408 0.117877
vt 0.0451495 0.770611
vt 0.0238388 0.758512
vt 0.023373 0.777752
vt 0.201974 0.124176
vt 0.175213 0.121528
vt 0.202408 0.117877
vt 0.023373 0.777752
vt 0.0238388 0.758512
vt 0.0078444 0.762743
vt 0.354115 0.0343097
vt 0.369093 0.0527976
vt 0.352765 0.0537618
vt 0.360438 0.0155724
vt 0.367878 0.0355332
vt 0.354115 0.0343097
vt 0.354115 0.0343097
vt 0.367878 0.0355332
vt 0.369093 0.0527976
vt 0.354449 0.111851
vt 0.338418 0.11723
vt 0.334133 0.112005
vt 0.46926 0.474886
vt 0.454922 0.462842
vt 0.459855 0.453879
vt 0.401262 0.407191
vt 0.377702 0.383704
vt 0.391902 0.382798
vt 0.377702 0.383704
vt 0.374328 0.3727
vt 0.391902 0.382798
vt 0.201974 0.124176
vt 0.174004 0.127999
vt 0.175213 0.121528
vt 0.0451495 0.770611
vt 0.0439784 0.742772
vt 0.0238388 0.758512
vt 0.0238388 0.758512
vt 0.0247902 0.742909
vt 0.0078444 0.762743
vt 0.0247902 0.742909
vt 0.0065364 0.746139
vt 0.0078444 0.762743
vt 0.354449 0.111851
vt 0.372901 0.113441
vt 0.364258 0.119098
vt 0.364258 0.119098
vt 0.338418 0.11723
vt 0.354449 0.111851
vt 0.364258 0.119098
vt 0.363626 0.12323
vt 0.339816 0.122397
vt 0.364258 0.119098
vt 0.339816 0.122397
vt 0.338418 0.11723
vt 0.46926 0.474886
vt 0.466173 0.488343
vt 0.454922 0.462842
vt 0.454922 0.462842
vt 0.447527 0.470291
vt 0.436475 0.439884
vt 0.506944 0.673938
vt 0.493882 0.681544
vt 0.498205 0.674094
vt 0.374328 0.3727
vt 0.352895 0.363258
vt 0.377406 0.369229
vt 0.201974 0.124176
vt 0.178876 0.131845
vt 0.174004 0.127999
vt 0.0439784 0.742772
vt 0.0247902 0.742909
vt 0.0238388 0.758512
vt 0.0247902 0.742909
vt 0.006762 0.733069
vt 0.0065364 0.746139
vt 0.3369 0.0369557
vt 0.352765 0.0537618
vt 0.334159 0.0529085
vt 0.360438 0.0155724
vt 0.354115 0.0343097
vt 0.3421 0.0155351
vt 0.3421 0.0155351
vt 0.354115 0.0343097
vt 0.3369 0.0369557
vt 0.3369 0.0369557
vt 0.354115 0.0343097
vt 0.352765 0.0537618
vt 0.477802 0.498152
vt 0.466173 0.488343
vt 0.46926 0.474886
vt 0.466173 0.488343
vt 0.447527 0.470291
vt 0.454922 0.462842
vt 0.659582 0.823774
vt 0.658388 0.826576
vt 0.652359 0.826528
vt 0.522313 0.684605
vt 0.519136 0.6892
vt 0.518011 0.678663
vt 0.658388 0.826576
vt 0.648907 0.835598
vt 0.652359 0.826528
vt 0.941729 0.0055264
vt 0.932481 0.0034377
vt 0.935763 0.0075276
vt 0.519136 0.6892
vt 0.506944 0.673938
vt 0.518011 0.678663
vt 0.436475 0.439884
vt 0.40759 0.436942
vt 0.422743 0.421474
vt 0.932481 0.0034377
vt 0.927159 0.0079953
vt 0.935763 0.0075276
vt 0.519136 0.6892
vt 0.493882 0.681544
vt 0.506944 0.673938
vt 0.674718 0.828215
vt 0.655876 0.855612
vt 0.658388 0.826576
vt 0.658388 0.826576
vt 0.655876 0.855612
vt 0.648907 0.835598
vt 0.936948 0.506375
vt 0.929572 0.50185
vt 0.930222 0.507981
vt 0.292347 0.989362
vt 0.293563 0.976987
vt 0.296813 0.975948
vt 0.292347 0.989362
vt 0.296813 0.975948
vt 0.298101 0.985671
vt 0.655876 0.855612
vt 0.649454 0.848174
vt 0.648907 0.835598
vt 0.978593 0.242831
vt 0.969689 0.243127
vt 0.970477 0.247757
vt 0.978593 0.242831
vt 0.970477 0.247757
vt 0.980419 0.248777
vt 0.292626 0.966992
vt 0.295085 0.968732
vt 0.296813 0.975948
vt 0.293563 0.976987
vt 0.292626 0.966992
vt 0.296813 0.975948
vt 0.969689 0.243127
vt 0.963939 0.245212
vt 0.970477 0.247757
vt 0.422743 0.421474
vt 0.40759 0.436942
vt 0.401262 0.407191
vt 0.293167 0.960021
vt 0.295085 0.968732
vt 0.292626 0.966992
vt 0.293167 0.960021
vt 0.296602 0.963538
vt 0.295085 0.968732
vt 0.493882 0.681544
vt 0.48836 0.681295
vt 0.498205 0.674094
vt 0.48836 0.681295
vt 0.492345 0.674881
vt 0.498205 0.674094
vt 0.956431 0.243331
vt 0.958584 0.248153
vt 0.963939 0.245212
vt 0.401262 0.407191
vt 0.378832 0.396558
vt 0.377702 0.383704
vt 0.378832 0.396558
vt 0.352629 0.383186
vt 0.377702 0.383704
vt 0.377702 0.383704
vt 0.353391 0.372815
vt 0.374328 0.3727
vt 0.374328 0.3727
vt 0.353391 0.372815
vt 0.352895 0.363258
vt 0.174004 0.127999
vt 0.161711 0.124197
vt 0.175213 0.121528
vt 0.0247902 0.742909
vt 0.0250292 0.724352
vt 0.006762 0.733069
vt 0.466173 0.488343
vt 0.457547 0.495435
vt 0.447527 0.470291
vt 0.447527 0.470291
vt 0.423563 0.459646
vt 0.436475 0.439884
vt 0.671983 0.823798
vt 0.658388 0.826576
vt 0.659582 0.823774
vt 0.521087 0.696471
vt 0.519136 0.6892
vt 0.522313 0.684605
vt 0.674718 0.828215
vt 0.658388 0.826576
vt 0.671983 0.823798
vt 0.51331 0.701665
vt 0.519136 0.6892
vt 0.521087 0.696471
vt 0.674718 0.828215
vt 0.680455 0.832368
vt 0.67992 0.842881
vt 0.51331 0.701665
vt 0.504698 0.701665
vt 0.519136 0.6892
vt 0.67992 0.842881
vt 0.676282 0.854009
vt 0.674718 0.828215
vt 0.504698 0.701665
vt 0.495102 0.699304
vt 0.519136 0.6892
vt 0.676282 0.854009
vt 0.655876 0.855612
vt 0.674718 0.828215
vt 0.519136 0.6892
vt 0.495102 0.699304
vt 0.493882 0.681544
vt 0.676282 0.854009
vt 0.671118 0.858927
vt 0.655876 0.855612
vt 0.671118 0.858927
vt 0.661743 0.858927
vt 0.655876 0.855612
vt 0.296602 0.963538
vt 0.310488 0.969397
vt 0.295085 0.968732
vt 0.495102 0.699304
vt 0.489431 0.697206
vt 0.486794 0.693584
vt 0.495102 0.699304
vt 0.486794 0.693584
vt 0.48836 0.681295
vt 0.495102 0.699304
vt 0.48836 0.681295
vt 0.493882 0.681544
vt 0.958584 0.248153
vt 0.964264 0.258998
vt 0.963939 0.245212
vt 0.291894 0.950509
vt 0.297336 0.955379
vt 0.293167 0.960021
vt 0.293167 0.960021
vt 0.297336 0.955379
vt 0.296602 0.963538
vt 0.944002 0.243759
vt 0.950511 0.246633
vt 0.956431 0.243331
vt 0.956431 0.243331
vt 0.950511 0.246633
vt 0.958584 0.248153
vt 0.352895 0.363258
vt 0.329369 0.356444
vt 0.350444 0.357279
vt 0.0439784 0.742772
vt 0.0432026 0.728845
vt 0.0250292 0.724352
vt 0.0439784 0.742772
vt 0.0250292 0.724352
vt 0.0247902 0.742909
vt 0.391423 0.121613
vt 0.372901 0.113441
vt 0.385723 0.1143
vt 0.329406 0.0163458
vt 0.3421 0.0155351
vt 0.3369 0.0369557
vt 0.364258 0.119098
vt 0.372901 0.113441
vt 0.391423 0.121613
vt 0.477802 0.498152
vt 0.474146 0.518638
vt 0.466173 0.488343
vt 0.123244 0.207626
vt 0.119763 0.206673
vt 0.122015 0.201941
vt 0.934591 0.999538
vt 0.93268 0.988663
vt 0.935359 0.989924
vt 0.436475 0.439884
vt 0.423563 0.459646
vt 0.40759 0.436942
vt 0.680455 0.832368
vt 0.682605 0.842148
vt 0.67992 0.842881
vt 0.935359 0.989924
vt 0.93268 0.988663
vt 0.932914 0.979638
vt 0.935359 0.989924
vt 0.932914 0.979638
vt 0.935792 0.980777
vt 0.932914 0.979638
vt 0.931992 0.969922
vt 0.935222 0.970317
vt 0.935792 0.980777
vt 0.932914 0.979638
vt 0.935222 0.970317
vt 0.67992 0.842881
vt 0.680618 0.851275
vt 0.676282 0.854009
vt 0.67992 0.842881
vt 0.682605 0.842148
vt 0.680618 0.851275
vt 0.935222 0.970317
vt 0.931992 0.969922
vt 0.933121 0.964276
vt 0.964264 0.258998
vt 0.970297 0.268113
vt 0.970477 0.247757
vt 0.979315 0.0195462
vt 0.983485 0.0225803
vt 0.984246 0.0180389
vt 0.984246 0.0180389
vt 0.983485 0.0225803
vt 0.989246 0.0236925
vt 0.984246 0.0180389
vt 0.989246 0.0236925
vt 0.991161 0.0201707
vt 0.40759 0.436942
vt 0.388018 0.422202
vt 0.401262 0.407191
vt 0.991161 0.0201707
vt 0.989246 0.0236925
vt 0.996812 0.0248644
vt 0.401262 0.407191
vt 0.388018 0.422202
vt 0.378832 0.396558
vt 0.377702 0.383704
vt 0.352629 0.383186
vt 0.353391 0.372815
vt 0.0250292 0.724352
vt 0.0053173 0.714602
vt 0.006762 0.733069
vt 0.0250292 0.724352
vt 0.0195255 0.712291
vt 0.0053173 0.714602
vt 0.321569 0.0177091
vt 0.334159 0.0529085
vt 0.321048 0.0537976
vt 0.385723 0.1143
vt 0.399496 0.118705
vt 0.391423 0.121613
vt 0.321569 0.0177091
vt 0.3369 0.0369557
vt 0.334159 0.0529085
vt 0.391423 0.121613
vt 0.363626 0.12323
vt 0.364258 0.119098
vt 0.457547 0.495435
vt 0.435244 0.482562
vt 0.447527 0.470291
vt 0.435244 0.482562
vt 0.423563 0.459646
vt 0.447527 0.470291
vt 0.941729 0.0055264
vt 0.935763 0.0075276
vt 0.941548 0.0277282
vt 0.934591 0.999538
vt 0.925243 0.992958
vt 0.93268 0.988663
vt 0.93268 0.988663
vt 0.922072 0.979891
vt 0.932914 0.979638
vt 0.932914 0.979638
vt 0.922072 0.979891
vt 0.931992 0.969922
vt 0.931992 0.969922
vt 0.921169 0.964797
vt 0.933121 0.964276
vt 0.296602 0.963538
vt 0.315291 0.962936
vt 0.310488 0.969397
vt 0.933121 0.964276
vt 0.921169 0.964797
vt 0.932936 0.959686
vt 0.297336 0.955379
vt 0.315291 0.962936
vt 0.296602 0.963538
vt 0.944002 0.243759
vt 0.945116 0.260802
vt 0.950511 0.246633
vt 0.353391 0.372815
vt 0.325614 0.364218
vt 0.352895 0.363258
vt 0.352895 0.363258
vt 0.325614 0.364218
vt 0.329369 0.356444
vt 0.0486508 0.7099
vt 0.0420955 0.710165
vt 0.0432026 0.728845
vt 0.174004 0.127999
vt 0.145264 0.134598
vt 0.161711 0.124197
vt 0.0432026 0.728845
vt 0.0420955 0.710165
vt 0.0250292 0.724352
vt 0.0250292 0.724352
vt 0.0420955 0.710165
vt 0.0195255 0.712291
vt 0.303598 0.0531919
vt 0.321569 0.0177091
vt 0.321048 0.0537976
vt 0.391019 0.126889
vt 0.363626 0.12323
vt 0.391423 0.121613
vt 0.483718 0.526219
vt 0.474146 0.518638
vt 0.477802 0.498152
vt 0.474146 0.518638
vt 0.459851 0.516303
vt 0.457547 0.495435
vt 0.474146 0.518638
vt 0.457547 0.495435
vt 0.466173 0.488343
vt 0.423563 0.459646
vt 0.392188 0.451398
vt 0.40759 0.436942
vt 0.121111 0.213719
vt 0.136654 0.22268
vt 0.121132 0.223404
vt 0.983485 0.0225803
vt 0.983215 0.0427366
vt 0.989246 0.0236925
vt 0.932936 0.959686
vt 0.921169 0.964797
vt 0.916097 0.95817
vt 0.989246 0.0236925
vt 0.988817 0.0522376
vt 0.996812 0.0248644
vt 0.996812 0.0248644
vt 0.988817 0.0522376
vt 0.99459 0.0436578
vt 0.950511 0.246633
vt 0.945116 0.260802
vt 0.951388 0.265876
vt 0.950511 0.246633
vt 0.951388 0.265876
vt 0.958584 0.248153
vt 0.958584 0.248153
vt 0.951388 0.265876
vt 0.957565 0.276239
vt 0.388018 0.422202
vt 0.360909 0.40556
vt 0.378832 0.396558
vt 0.378832 0.396558
vt 0.360909 0.40556
vt 0.352629 0.383186
vt 0.352629 0.383186
vt 0.325614 0.364218
vt 0.353391 0.372815
vt 0.350444 0.357279
vt 0.329369 0.356444
vt 0.321075 0.349268
vt 0.143656 0.20835
vt 0.140624 0.214394
vt 0.123244 0.207626
vt 0.925243 0.992958
vt 0.907394 0.988619
vt 0.93268 0.988663
vt 0.93268 0.988663
vt 0.907394 0.988619
vt 0.922072 0.979891
vt 0.121111 0.213719
vt 0.140624 0.214394
vt 0.136654 0.22268
vt 0.922072 0.979891
vt 0.917413 0.9707
vt 0.931992 0.969922
vt 0.931992 0.969922
vt 0.917413 0.9707
vt 0.921169 0.964797
vt 0.392188 0.451398
vt 0.388018 0.422202
vt 0.40759 0.436942
vt 0.958584 0.248153
vt 0.957565 0.276239
vt 0.964264 0.258998
vt 0.996812 0.0248644
vt 0.99459 0.0436578
vt 0.996382 0.0584
vt 0.297336 0.955379
vt 0.33004 0.956254
vt 0.315291 0.962936
vt 0.360909 0.40556
vt 0.335647 0.392245
vt 0.352629 0.383186
vt 0.352629 0.383186
vt 0.328733 0.377199
vt 0.325614 0.364218
vt 0.329369 0.356444
vt 0.306527 0.347417
vt 0.321075 0.349268
vt 0.0486508 0.7099
vt 0.0422903 0.693104
vt 0.0420955 0.710165
vt 0.0420955 0.710165
vt 0.025045 0.692033
vt 0.0195255 0.712291
vt 0.0195255 0.712291
vt 0.0051044 0.695255
vt 0.0053173 0.714602
vt 0.293072 0.0151291
vt 0.315264 0.0142982
vt 0.321569 0.0177091
vt 0.293072 0.0151291
vt 0.321569 0.0177091
vt 0.296277 0.0182911
vt 0.296277 0.0182911
vt 0.321569 0.0177091
vt 0.303598 0.0531919
vt 0.483718 0.526219
vt 0.477683 0.540794
vt 0.474146 0.518638
vt 0.459851 0.516303
vt 0.444407 0.502902
vt 0.457547 0.495435
vt 0.457547 0.495435
vt 0.444407 0.502902
vt 0.435244 0.482562
vt 0.974483 0.0374045
vt 0.977252 0.0490847
vt 0.979315 0.0195462
vt 0.979315 0.0195462
vt 0.977252 0.0490847
vt 0.983485 0.0225803
vt 0.983485 0.0225803
vt 0.977252 0.0490847
vt 0.983215 0.0427366
vt 0.330573 0.969323
vt 0.338979 0.97594
vt 0.308537 0.975873
vt 0.310488 0.969397
vt 0.330573 0.969323
vt 0.308537 0.975873
vt 0.964264 0.258998
vt 0.964302 0.284354
vt 0.970297 0.268113
vt 0.983215 0.0427366
vt 0.988817 0.0522376
vt 0.989246 0.0236925
vt 0.315291 0.962936
vt 0.330573 0.969323
vt 0.310488 0.969397
vt 0.957565 0.276239
vt 0.964302 0.284354
vt 0.964264 0.258998
vt 0.325614 0.364218
vt 0.302406 0.351256
vt 0.329369 0.356444
vt 0.329369 0.356444
vt 0.302406 0.351256
vt 0.306527 0.347417
vt 0.0486508 0.7099
vt 0.0486833 0.695359
vt 0.0422903 0.693104
vt 0.0420955 0.710165
vt 0.0422903 0.693104
vt 0.025045 0.692033
vt 0.0195255 0.712291
vt 0.025045 0.692033
vt 0.0051044 0.695255
vt 0.391423 0.121613
vt 0.399496 0.118705
vt 0.419298 0.127633
vt 0.391423 0.121613
vt 0.419298 0.127633
vt 0.419549 0.133179
vt 0.391423 0.121613
vt 0.419549 0.133179
vt 0.391019 0.126889
vt 0.485992 0.556346
vt 0.477683 0.540794
vt 0.483718 0.526219
vt 0.474146 0.518638
vt 0.477683 0.540794
vt 0.468537 0.552379
vt 0.474146 0.518638
vt 0.468537 0.552379
vt 0.459851 0.516303
vt 0.435244 0.482562
vt 0.404607 0.470542
vt 0.423563 0.459646
vt 0.423563 0.459646
vt 0.404607 0.470542
vt 0.392188 0.451398
vt 0.93912 0.534799
vt 0.937778 0.526436
vt 0.937462 0.54351
vt 0.921169 0.964797
vt 0.900575 0.964302
vt 0.916097 0.95817
vt 0.392188 0.451398
vt 0.373983 0.438634
vt 0.388018 0.422202
vt 0.373983 0.438634
vt 0.349209 0.428015
vt 0.388018 0.422202
vt 0.388018 0.422202
vt 0.349209 0.428015
vt 0.360909 0.40556
vt 0.335647 0.392245
vt 0.328733 0.377199
vt 0.352629 0.383186
vt 0.296277 0.0182911
vt 0.303598 0.0531919
vt 0.286315 0.0539485
vt 0.444407 0.502902
vt 0.43291 0.510262
vt 0.435244 0.482562
vt 0.423494 0.491767
vt 0.404607 0.470542
vt 0.435244 0.482562
vt 0.907394 0.988619
vt 0.902469 0.980697
vt 0.922072 0.979891
vt 0.922072 0.979891
vt 0.902469 0.980697
vt 0.917413 0.9707
vt 0.964302 0.284354
vt 0.970225 0.286523
vt 0.970297 0.268113
vt 0.315291 0.962936
vt 0.338723 0.962449
vt 0.330573 0.969323
vt 0.916097 0.95817
vt 0.900575 0.964302
vt 0.898624 0.957909
vt 0.315291 0.962936
vt 0.33004 0.956254
vt 0.338723 0.962449
vt 0.945116 0.260802
vt 0.94585 0.278519
vt 0.951388 0.265876
vt 0.328733 0.377199
vt 0.305436 0.365517
vt 0.325614 0.364218
vt 0.325614 0.364218
vt 0.305436 0.365517
vt 0.302406 0.351256
vt 0.302406 0.351256
vt 0.281444 0.344588
vt 0.306527 0.347417
vt 0.0486833 0.695359
vt 0.0417009 0.670246
vt 0.0422903 0.693104
vt 0.0422903 0.693104
vt 0.0417009 0.670246
vt 0.025045 0.692033
vt 0.468537 0.552379
vt 0.450485 0.530037
vt 0.459851 0.516303
vt 0.459851 0.516303
vt 0.450485 0.530037
vt 0.444407 0.502902
vt 0.444407 0.502902
vt 0.450485 0.530037
vt 0.43291 0.510262
vt 0.435244 0.482562
vt 0.43291 0.510262
vt 0.423494 0.491767
vt 0.917413 0.9707
vt 0.895037 0.970825
vt 0.921169 0.964797
vt 0.921169 0.964797
vt 0.895037 0.970825
vt 0.900575 0.964302
vt 0.951388 0.265876
vt 0.94585 0.278519
vt 0.951931 0.284644
vt 0.951388 0.265876
vt 0.951931 0.284644
vt 0.957565 0.276239
vt 0.0486833 0.695359
vt 0.0472801 0.67048
vt 0.0417009 0.670246
vt 0.0240526 0.67145
vt 0.004987 0.673257
vt 0.025045 0.692033
vt 0.025045 0.692033
vt 0.004987 0.673257
vt 0.0051044 0.695255
vt 0.293072 0.0151291
vt 0.296277 0.0182911
vt 0.275684 0.0187591
vt 0.143656 0.20835
vt 0.166451 0.214526
vt 0.140624 0.214394
vt 0.140624 0.214394
vt 0.167602 0.223404
vt 0.136654 0.22268
vt 0.968074 0.0347687
vt 0.967637 0.0661116
vt 0.974483 0.0374045
vt 0.983215 0.0427366
vt 0.982724 0.0667365
vt 0.988817 0.0522376
vt 0.99459 0.0436578
vt 0.988817 0.0522376
vt 0.996382 0.0584
vt 0.360909 0.40556
vt 0.325318 0.403328
vt 0.335647 0.392245
vt 0.302406 0.351256
vt 0.281166 0.349879
vt 0.281444 0.344588
vt 0.025045 0.692033
vt 0.0417009 0.670246
vt 0.0240526 0.67145
vt 0.443078 0.134597
vt 0.419298 0.127633
vt 0.42161 0.122648
vt 0.443078 0.134597
vt 0.419549 0.133179
vt 0.419298 0.127633
vt 0.485992 0.556346
vt 0.478797 0.576459
vt 0.477683 0.540794
vt 0.937462 0.54351
vt 0.928988 0.542964
vt 0.937444 0.559398
vt 0.140624 0.214394
vt 0.166451 0.214526
vt 0.167602 0.223404
vt 0.404607 0.470542
vt 0.37391 0.467764
vt 0.392188 0.451398
vt 0.967637 0.0661116
vt 0.975901 0.0684253
vt 0.974483 0.0374045
vt 0.902469 0.980697
vt 0.878634 0.972017
vt 0.895037 0.970825
vt 0.974483 0.0374045
vt 0.975901 0.0684253
vt 0.977252 0.0490847
vt 0.977252 0.0490847
vt 0.982724 0.0667365
vt 0.983215 0.0427366
vt 0.330573 0.969323
vt 0.345155 0.969778
vt 0.338979 0.97594
vt 0.338723 0.962449
vt 0.345155 0.969778
vt 0.330573 0.969323
vt 0.988817 0.0522376
vt 0.989699 0.0748727
vt 0.996382 0.0584
vt 0.94585 0.278519
vt 0.945768 0.296902
vt 0.951931 0.284644
vt 0.349209 0.428015
vt 0.325318 0.403328
vt 0.360909 0.40556
vt 0.335647 0.392245
vt 0.291019 0.382916
vt 0.328733 0.377199
vt 0.305436 0.365517
vt 0.280987 0.358482
vt 0.302406 0.351256
vt 0.302406 0.351256
vt 0.280987 0.358482
vt 0.281166 0.349879
vt 0.275684 0.0187591
vt 0.286315 0.0539485
vt 0.262599 0.0537078
vt 0.490437 0.580298
vt 0.48477 0.588692
vt 0.485992 0.556346
vt 0.478797 0.576459
vt 0.468537 0.552379
vt 0.477683 0.540794
vt 0.450485 0.530037
vt 0.44099 0.538468
vt 0.43291 0.510262
vt 0.423494 0.491767
vt 0.43291 0.510262
vt 0.404337 0.512108
vt 0.423494 0.491767
vt 0.404337 0.512108
vt 0.404607 0.470542
vt 0.1548 0.195074
vt 0.184663 0.199663
vt 0.155818 0.200491
vt 0.404607 0.470542
vt 0.39008 0.486838
vt 0.37391 0.467764
vt 0.982724 0.0667365
vt 0.989699 0.0748727
vt 0.988817 0.0522376
vt 0.900575 0.964302
vt 0.874351 0.965389
vt 0.898624 0.957909
vt 0.898624 0.957909
vt 0.874351 0.965389
vt 0.88054 0.958387
vt 0.957565 0.276239
vt 0.957414 0.30893
vt 0.964302 0.284354
vt 0.957414 0.30893
vt 0.963664 0.309264
vt 0.964302 0.284354
vt 0.392188 0.451398
vt 0.37391 0.467764
vt 0.373983 0.438634
vt 0.945768 0.296902
vt 0.951877 0.302269
vt 0.951931 0.284644
vt 0.281703 0.367337
vt 0.280987 0.358482
vt 0.305436 0.365517
vt 0.48477 0.588692
vt 0.478797 0.576459
vt 0.485992 0.556346
vt 0.404607 0.470542
vt 0.404337 0.512108
vt 0.39008 0.486838
vt 0.184663 0.199663
vt 0.172468 0.203101
vt 0.155818 0.200491
vt 0.892745 0.995776
vt 0.878493 0.989367
vt 0.907394 0.988619
vt 0.878493 0.989367
vt 0.878678 0.980765
vt 0.902469 0.980697
vt 0.902469 0.980697
vt 0.878678 0.980765
vt 0.878634 0.972017
vt 0.977252 0.0490847
vt 0.975901 0.0684253
vt 0.982724 0.0667365
vt 0.345155 0.969778
vt 0.362253 0.969843
vt 0.338979 0.97594
vt 0.963664 0.309264
vt 0.970201 0.306641
vt 0.970225 0.286523
vt 0.37391 0.467764
vt 0.351658 0.459739
vt 0.373983 0.438634
vt 0.951931 0.284644
vt 0.951877 0.302269
vt 0.957565 0.276239
vt 0.957565 0.276239
vt 0.951877 0.302269
vt 0.957414 0.30893
vt 0.373983 0.438634
vt 0.351658 0.459739
vt 0.349209 0.428015
vt 0.335647 0.392245
vt 0.325318 0.403328
vt 0.291019 0.382916
vt 0.328733 0.377199
vt 0.291019 0.382916
vt 0.305436 0.365517
vt 0.305436 0.365517
vt 0.291019 0.382916
vt 0.281703 0.367337
vt 0.281166 0.349879
vt 0.260126 0.348741
vt 0.281444 0.344588
vt 0.0472801 0.67048
vt 0.0496357 0.649161
vt 0.0417009 0.670246
vt 0.0417009 0.670246
vt 0.0386372 0.648615
vt 0.0240526 0.67145
vt 0.0386372 0.648615
vt 0.019787 0.650687
vt 0.0240526 0.67145
vt 0.0240526 0.67145
vt 0.019787 0.650687
vt 0.004987 0.673257
vt 0.004987 0.673257
vt 0.019787 0.650687
vt 0.0036798 0.653775
vt 0.478797 0.576459
vt 0.467953 0.577623
vt 0.468537 0.552379
vt 0.468537 0.552379
vt 0.455058 0.570131
vt 0.450485 0.530037
vt 0.959633 0.570822
vt 0.964661 0.560704
vt 0.959857 0.541272
vt 0.166451 0.214526
vt 0.176554 0.221866
vt 0.167602 0.223404
vt 0.338723 0.962449
vt 0.36278 0.962984
vt 0.345155 0.969778
vt 0.989699 0.0748727
vt 0.995399 0.0918532
vt 0.996382 0.0584
vt 0.33004 0.956254
vt 0.362789 0.95709
vt 0.338723 0.962449
vt 0.0404484 0.642126
vt 0.0386372 0.648615
vt 0.0417009 0.670246
vt 0.468537 0.552379
vt 0.467953 0.577623
vt 0.455058 0.570131
vt 0.44079 0.566696
vt 0.44099 0.538468
vt 0.450485 0.530037
vt 0.44099 0.538468
vt 0.429193 0.545866
vt 0.43291 0.510262
vt 0.895037 0.970825
vt 0.878634 0.972017
vt 0.874351 0.965389
vt 0.36278 0.962984
vt 0.362253 0.969843
vt 0.345155 0.969778
vt 0.945768 0.296902
vt 0.945945 0.319535
vt 0.951877 0.302269
vt 0.351658 0.459739
vt 0.33955 0.448864
vt 0.349209 0.428015
vt 0.33955 0.448864
vt 0.316473 0.430639
vt 0.349209 0.428015
vt 0.349209 0.428015
vt 0.316473 0.430639
vt 0.325318 0.403328
vt 0.281166 0.349879
vt 0.280987 0.358482
vt 0.260126 0.348741
vt 0.0417009 0.670246
vt 0.0496357 0.649161
vt 0.0404484 0.642126
vt 0.019787 0.650687
vt 0.0039778 0.633661
vt 0.0036798 0.653775
vt 0.25692 0.0185559
vt 0.241276 0.0174088
vt 0.265862 0.0156659
vt 0.25692 0.0185559
vt 0.262599 0.0537078
vt 0.248324 0.0539744
vt 0.265862 0.0156659
vt 0.239534 0.0101469
vt 0.269346 0.0097132
vt 0.450485 0.530037
vt 0.455058 0.570131
vt 0.44079 0.566696
vt 0.924567 0.062308
vt 0.9267 0.0864236
vt 0.931631 0.0770857
vt 0.39008 0.486838
vt 0.359141 0.481744
vt 0.37391 0.467764
vt 0.967637 0.0661116
vt 0.975304 0.0868199
vt 0.975901 0.0684253
vt 0.982724 0.0667365
vt 0.98234 0.0883085
vt 0.989699 0.0748727
vt 0.37391 0.467764
vt 0.359141 0.481744
vt 0.351658 0.459739
vt 0.325318 0.403328
vt 0.316473 0.430639
vt 0.298408 0.405498
vt 0.298408 0.405498
vt 0.283357 0.392463
vt 0.325318 0.403328
vt 0.325318 0.403328
vt 0.283357 0.392463
vt 0.291019 0.382916
vt 0.291019 0.382916
vt 0.271576 0.382437
vt 0.281703 0.367337
vt 0.280987 0.358482
vt 0.26014 0.362218
vt 0.260126 0.348741
vt 0.019787 0.650687
vt 0.0225921 0.633008
vt 0.0039778 0.633661
vt 0.239534 0.0101469
vt 0.265862 0.0156659
vt 0.241276 0.0174088
vt 0.486791 0.611098
vt 0.48477 0.588692
vt 0.490437 0.580298
vt 0.43291 0.510262
vt 0.408929 0.534899
vt 0.404337 0.512108
vt 0.404337 0.512108
vt 0.388086 0.514798
vt 0.39008 0.486838
vt 0.39008 0.486838
vt 0.388086 0.514798
vt 0.37734 0.496715
vt 0.93853 0.0634647
vt 0.931631 0.0770857
vt 0.937236 0.0824984
vt 0.924567 0.062308
vt 0.921553 0.101867
vt 0.9267 0.0864236
vt 0.351254 0.987046
vt 0.35128 0.983562
vt 0.390255 0.987186
vt 0.878678 0.980765
vt 0.866341 0.981152
vt 0.878634 0.972017
vt 0.980255 0.3068
vt 0.970487 0.32287
vt 0.979953 0.323259
vt 0.975901 0.0684253
vt 0.975304 0.0868199
vt 0.982724 0.0667365
vt 0.982724 0.0667365
vt 0.975304 0.0868199
vt 0.98234 0.0883085
vt 0.963664 0.309264
vt 0.970487 0.32287
vt 0.970201 0.306641
vt 0.989699 0.0748727
vt 0.989407 0.0905823
vt 0.995399 0.0918532
vt 0.951877 0.302269
vt 0.945945 0.319535
vt 0.951441 0.324358
vt 0.951877 0.302269
vt 0.951441 0.324358
vt 0.957414 0.30893
vt 0.291019 0.382916
vt 0.283357 0.392463
vt 0.271576 0.382437
vt 0.0496357 0.649161
vt 0.0461412 0.626378
vt 0.0404484 0.642126
vt 0.0404484 0.642126
vt 0.0225921 0.633008
vt 0.0386372 0.648615
vt 0.0386372 0.648615
vt 0.0225921 0.633008
vt 0.019787 0.650687
vt 0.48477 0.588692
vt 0.47437 0.607869
vt 0.478797 0.576459
vt 0.44079 0.566696
vt 0.429193 0.545866
vt 0.44099 0.538468
vt 0.429193 0.545866
vt 0.408929 0.534899
vt 0.43291 0.510262
vt 0.865809 0.996545
vt 0.861158 0.990218
vt 0.878493 0.989367
vt 0.878493 0.989367
vt 0.866341 0.981152
vt 0.878678 0.980765
vt 0.989699 0.0748727
vt 0.98234 0.0883085
vt 0.989407 0.0905823
vt 0.874351 0.965389
vt 0.855012 0.965579
vt 0.88054 0.958387
vt 0.88054 0.958387
vt 0.855012 0.965579
vt 0.858265 0.958655
vt 0.963664 0.309264
vt 0.964089 0.328748
vt 0.970487 0.32287
vt 0.951441 0.324358
vt 0.956526 0.328098
vt 0.957414 0.30893
vt 0.271576 0.382437
vt 0.26014 0.362218
vt 0.281703 0.367337
vt 0.281703 0.367337
vt 0.26014 0.362218
vt 0.280987 0.358482
vt 0.486791 0.611098
vt 0.480792 0.613914
vt 0.48477 0.588692
vt 0.48477 0.588692
vt 0.480792 0.613914
vt 0.47437 0.607869
vt 0.47437 0.607869
vt 0.46407 0.610473
vt 0.478797 0.576459
vt 0.478797 0.576459
vt 0.46407 0.610473
vt 0.467953 0.577623
vt 0.39008 0.486838
vt 0.37734 0.496715
vt 0.359141 0.481744
vt 0.965968 0.0751328
vt 0.971589 0.104449
vt 0.967637 0.0661116
vt 0.967637 0.0661116
vt 0.971589 0.104449
vt 0.975304 0.0868199
vt 0.362253 0.969843
vt 0.379243 0.969908
vt 0.370357 0.976839
vt 0.98234 0.0883085
vt 0.983293 0.0998718
vt 0.989407 0.0905823
vt 0.957414 0.30893
vt 0.956526 0.328098
vt 0.963664 0.309264
vt 0.963664 0.309264
vt 0.956526 0.328098
vt 0.964089 0.328748
vt 0.989407 0.0905823
vt 0.989768 0.109297
vt 0.995399 0.0918532
vt 0.316473 0.430639
vt 0.288629 0.434171
vt 0.298408 0.405498
vt 0.26014 0.362218
vt 0.237132 0.362309
vt 0.260126 0.348741
vt 0.260126 0.348741
vt 0.231813 0.355154
vt 0.236819 0.348758
vt 0.0461412 0.626378
vt 0.0396183 0.617846
vt 0.0404484 0.642126
vt 0.0404484 0.642126
vt 0.0396183 0.617846
vt 0.0225921 0.633008
vt 0.227859 0.01785
vt 0.241276 0.0174088
vt 0.235611 0.0538614
vt 0.46407 0.610473
vt 0.450273 0.599357
vt 0.467953 0.577623
vt 0.467953 0.577623
vt 0.450273 0.599357
vt 0.455058 0.570131
vt 0.429193 0.545866
vt 0.411071 0.559448
vt 0.408929 0.534899
vt 0.408929 0.534899
vt 0.394653 0.538375
vt 0.404337 0.512108
vt 0.202333 0.197415
vt 0.205616 0.201528
vt 0.184663 0.199663
vt 0.206944 0.207987
vt 0.199207 0.214652
vt 0.177326 0.208284
vt 0.37734 0.496715
vt 0.362631 0.508975
vt 0.359141 0.481744
vt 0.184289 0.214887
vt 0.199207 0.214652
vt 0.176554 0.221866
vt 0.866341 0.981152
vt 0.852943 0.972851
vt 0.878634 0.972017
vt 0.878634 0.972017
vt 0.852943 0.972851
vt 0.874351 0.965389
vt 0.874351 0.965389
vt 0.852943 0.972851
vt 0.855012 0.965579
vt 0.36278 0.962984
vt 0.381707 0.962612
vt 0.362253 0.969843
vt 0.362253 0.969843
vt 0.381707 0.962612
vt 0.379243 0.969908
vt 0.989407 0.0905823
vt 0.983293 0.0998718
vt 0.989768 0.109297
vt 0.362789 0.95709
vt 0.381707 0.962612
vt 0.36278 0.962984
vt 0.33955 0.448864
vt 0.310598 0.445504
vt 0.316473 0.430639
vt 0.298408 0.405498
vt 0.279045 0.40517
vt 0.283357 0.392463
vt 0.26014 0.362218
vt 0.235235 0.371016
vt 0.237132 0.362309
vt 0.260126 0.348741
vt 0.237132 0.362309
vt 0.231813 0.355154
vt 0.0225921 0.633008
vt 0.0173068 0.619241
vt 0.0039778 0.633661
vt 0.241276 0.0174088
vt 0.227859 0.01785
vt 0.239534 0.0101469
vt 0.404337 0.512108
vt 0.394653 0.538375
vt 0.388086 0.514798
vt 0.388086 0.514798
vt 0.362631 0.508975
vt 0.37734 0.496715
vt 0.937236 0.0824984
vt 0.930538 0.0940028
vt 0.93742 0.09791
vt 0.975304 0.0868199
vt 0.976278 0.113085
vt 0.98234 0.0883085
vt 0.956526 0.328098
vt 0.957128 0.344921
vt 0.964089 0.328748
vt 0.359141 0.481744
vt 0.331325 0.481394
vt 0.351658 0.459739
vt 0.288629 0.434171
vt 0.279045 0.40517
vt 0.298408 0.405498
vt 0.271576 0.382437
vt 0.235802 0.386765
vt 0.235235 0.371016
vt 0.271576 0.382437
vt 0.235235 0.371016
vt 0.26014 0.362218
vt 0.0396183 0.617846
vt 0.0173068 0.619241
vt 0.0225921 0.633008
vt 0.0173068 0.619241
vt 0.0028073 0.61407
vt 0.0039778 0.633661
vt 0.486791 0.611098
vt 0.481256 0.631647
vt 0.480792 0.613914
vt 0.455058 0.570131
vt 0.438031 0.587677
vt 0.44079 0.566696
vt 0.44079 0.566696
vt 0.411071 0.559448
vt 0.429193 0.545866
vt 0.388086 0.514798
vt 0.369324 0.525825
vt 0.362631 0.508975
vt 0.845635 0.997553
vt 0.846323 0.990297
vt 0.861158 0.990218
vt 0.846323 0.990297
vt 0.832573 0.982445
vt 0.866341 0.981152
vt 0.866341 0.981152
vt 0.832573 0.982445
vt 0.835212 0.97853
vt 0.866341 0.981152
vt 0.835212 0.97853
vt 0.852943 0.972851
vt 0.975304 0.0868199
vt 0.971589 0.104449
vt 0.976278 0.113085
vt 0.379243 0.969908
vt 0.401157 0.970695
vt 0.370357 0.976839
vt 0.351658 0.459739
vt 0.331325 0.481394
vt 0.316069 0.47311
vt 0.351658 0.459739
vt 0.316069 0.47311
vt 0.33955 0.448864
vt 0.33955 0.448864
vt 0.316069 0.47311
vt 0.310598 0.445504
vt 0.283357 0.392463
vt 0.235802 0.386765
vt 0.271576 0.382437
vt 0.480792 0.613914
vt 0.468659 0.630419
vt 0.47437 0.607869
vt 0.450273 0.599357
vt 0.438031 0.587677
vt 0.455058 0.570131
vt 0.206944 0.207987
vt 0.221813 0.214108
vt 0.199207 0.214652
vt 0.359141 0.481744
vt 0.362631 0.508975
vt 0.347992 0.494567
vt 0.199207 0.214652
vt 0.230514 0.22187
vt 0.176554 0.221866
vt 0.965968 0.0751328
vt 0.965847 0.129765
vt 0.971589 0.104449
vt 0.976278 0.113085
vt 0.982137 0.118215
vt 0.983293 0.0998718
vt 0.347992 0.494567
vt 0.331325 0.481394
vt 0.359141 0.481744
vt 0.983293 0.0998718
vt 0.982137 0.118215
vt 0.989768 0.109297
vt 0.855012 0.965579
vt 0.83115 0.966419
vt 0.858265 0.958655
vt 0.858265 0.958655
vt 0.83115 0.966419
vt 0.838267 0.958789
vt 0.957128 0.344921
vt 0.964126 0.351513
vt 0.964089 0.328748
vt 0.995399 0.0918532
vt 0.989768 0.109297
vt 0.995322 0.126701
vt 0.362789 0.95709
vt 0.397028 0.958931
vt 0.381707 0.962612
vt 0.945945 0.319535
vt 0.946413 0.339853
vt 0.951441 0.324358
vt 0.951441 0.324358
vt 0.95182 0.343683
vt 0.956526 0.328098
vt 0.95182 0.343683
vt 0.957128 0.344921
vt 0.956526 0.328098
vt 0.316069 0.47311
vt 0.307565 0.470735
vt 0.310598 0.445504
vt 0.288629 0.434171
vt 0.270209 0.433857
vt 0.279045 0.40517
vt 0.283357 0.392463
vt 0.279045 0.40517
vt 0.253212 0.409491
vt 0.253212 0.409491
vt 0.235802 0.386765
vt 0.283357 0.392463
vt 0.213674 0.0182115
vt 0.219085 0.0098627
vt 0.227859 0.01785
vt 0.411071 0.559448
vt 0.394653 0.538375
vt 0.408929 0.534899
vt 0.394653 0.538375
vt 0.376036 0.543767
vt 0.369324 0.525825
vt 0.394653 0.538375
vt 0.369324 0.525825
vt 0.388086 0.514798
vt 0.852943 0.972851
vt 0.830217 0.972477
vt 0.855012 0.965579
vt 0.830217 0.972477
vt 0.83115 0.966419
vt 0.855012 0.965579
vt 0.381707 0.962612
vt 0.404416 0.963445
vt 0.379243 0.969908
vt 0.379243 0.969908
vt 0.404416 0.963445
vt 0.401157 0.970695
vt 0.989768 0.109297
vt 0.98933 0.126201
vt 0.995322 0.126701
vt 0.951441 0.324358
vt 0.946413 0.339853
vt 0.95182 0.343683
vt 0.237132 0.362309
vt 0.208481 0.371074
vt 0.231813 0.355154
vt 0.231813 0.355154
vt 0.209495 0.361286
vt 0.236819 0.348758
vt 0.0461412 0.626378
vt 0.0399287 0.597449
vt 0.0396183 0.617846
vt 0.0173068 0.619241
vt 0.0163502 0.599959
vt 0.0028073 0.61407
vt 0.0163502 0.599959
vt 0.0034784 0.598712
vt 0.0028073 0.61407
vt 0.473319 0.63776
vt 0.480792 0.613914
vt 0.481256 0.631647
vt 0.473319 0.63776
vt 0.468659 0.630419
vt 0.480792 0.613914
vt 0.468659 0.630419
vt 0.46407 0.610473
vt 0.47437 0.607869
vt 0.411071 0.559448
vt 0.386442 0.559463
vt 0.394653 0.538375
vt 0.941844 0.588468
vt 0.935846 0.603786
vt 0.942439 0.60846
vt 0.935151 0.112869
vt 0.927209 0.110179
vt 0.929038 0.118513
vt 0.852943 0.972851
vt 0.835212 0.97853
vt 0.830217 0.972477
vt 0.381707 0.962612
vt 0.397028 0.958931
vt 0.404416 0.963445
vt 0.310598 0.445504
vt 0.288629 0.434171
vt 0.316473 0.430639
vt 0.279045 0.40517
vt 0.270209 0.433857
vt 0.253212 0.409491
vt 0.235235 0.371016
vt 0.208481 0.371074
vt 0.237132 0.362309
vt 0.208481 0.371074
vt 0.209495 0.361286
vt 0.231813 0.355154
vt 0.0461412 0.626378
vt 0.0458252 0.59609
vt 0.0399287 0.597449
vt 0.0399287 0.597449
vt 0.0291186 0.598357
vt 0.0396183 0.617846
vt 0.0396183 0.617846
vt 0.0291186 0.598357
vt 0.0173068 0.619241
vt 0.0173068 0.619241
vt 0.0291186 0.598357
vt 0.0163502 0.599959
vt 0.213674 0.0182115
vt 0.198312 0.0176171
vt 0.204069 0.009772
vt 0.46407 0.610473
vt 0.445925 0.624088
vt 0.450273 0.599357
vt 0.44079 0.566696
vt 0.438031 0.587677
vt 0.404202 0.577325
vt 0.44079 0.566696
vt 0.404202 0.577325
vt 0.411071 0.559448
vt 0.386442 0.559463
vt 0.376036 0.543767
vt 0.394653 0.538375
vt 0.369324 0.525825
vt 0.348504 0.520466
vt 0.362631 0.508975
vt 0.233927 0.207973
vt 0.221813 0.214108
vt 0.206944 0.207987
vt 0.362631 0.508975
vt 0.348504 0.520466
vt 0.347992 0.494567
vt 0.199207 0.214652
vt 0.221813 0.214108
vt 0.230514 0.22187
vt 0.846323 0.990297
vt 0.834562 0.990211
vt 0.832573 0.982445
vt 0.971589 0.104449
vt 0.971207 0.126989
vt 0.976278 0.113085
vt 0.989768 0.109297
vt 0.982137 0.118215
vt 0.98933 0.126201
vt 0.209495 0.361286
vt 0.207043 0.356463
vt 0.236819 0.348758
vt 0.481256 0.631647
vt 0.476187 0.646466
vt 0.473319 0.63776
vt 0.468659 0.630419
vt 0.46253 0.64476
vt 0.46407 0.610473
vt 0.46407 0.610473
vt 0.46253 0.64476
vt 0.445925 0.624088
vt 0.445925 0.624088
vt 0.432517 0.61088
vt 0.450273 0.599357
vt 0.942439 0.60846
vt 0.936871 0.616866
vt 0.941746 0.625125
vt 0.348504 0.520466
vt 0.336924 0.505208
vt 0.347992 0.494567
vt 0.965847 0.129765
vt 0.971207 0.126989
vt 0.971589 0.104449
vt 0.336924 0.505208
vt 0.322733 0.493379
vt 0.331325 0.481394
vt 0.347992 0.494567
vt 0.336924 0.505208
vt 0.331325 0.481394
vt 0.982137 0.118215
vt 0.9825 0.135595
vt 0.98933 0.126201
vt 0.838267 0.958789
vt 0.83115 0.966419
vt 0.822342 0.958949
vt 0.957128 0.344921
vt 0.95691 0.365429
vt 0.964126 0.351513
vt 0.98933 0.126201
vt 0.991151 0.142559
vt 0.995322 0.126701
vt 0.946413 0.339853
vt 0.946722 0.356031
vt 0.95182 0.343683
vt 0.95182 0.343683
vt 0.946722 0.356031
vt 0.952932 0.365447
vt 0.95182 0.343683
vt 0.952932 0.365447
vt 0.957128 0.344921
vt 0.331325 0.481394
vt 0.322733 0.493379
vt 0.316069 0.47311
vt 0.307565 0.470735
vt 0.287517 0.466334
vt 0.310598 0.445504
vt 0.310598 0.445504
vt 0.287517 0.466334
vt 0.288629 0.434171
vt 0.270209 0.433857
vt 0.25221 0.428806
vt 0.253212 0.409491
vt 0.438031 0.587677
vt 0.432517 0.61088
vt 0.404202 0.577325
vt 0.411071 0.559448
vt 0.404202 0.577325
vt 0.386442 0.559463
vt 0.369324 0.525825
vt 0.354182 0.532018
vt 0.348504 0.520466
vt 0.829631 0.997753
vt 0.820242 0.99176
vt 0.834562 0.990211
vt 0.952932 0.365447
vt 0.95691 0.365429
vt 0.957128 0.344921
vt 0.322733 0.493379
vt 0.307834 0.486397
vt 0.316069 0.47311
vt 0.316069 0.47311
vt 0.307834 0.486397
vt 0.307565 0.470735
vt 0.235235 0.371016
vt 0.235802 0.386765
vt 0.208481 0.371074
vt 0.0399287 0.597449
vt 0.0398902 0.57873
vt 0.0291186 0.598357
vt 0.476187 0.646466
vt 0.46594 0.655334
vt 0.473319 0.63776
vt 0.473319 0.63776
vt 0.46253 0.64476
vt 0.468659 0.630419
vt 0.432517 0.61088
vt 0.406965 0.596968
vt 0.404202 0.577325
vt 0.386442 0.559463
vt 0.375925 0.571799
vt 0.376036 0.543767
vt 0.376036 0.543767
vt 0.358096 0.546
vt 0.369324 0.525825
vt 0.358096 0.546
vt 0.354182 0.532018
vt 0.369324 0.525825
vt 0.348504 0.520466
vt 0.336585 0.529111
vt 0.336924 0.505208
vt 0.336924 0.505208
vt 0.336585 0.529111
vt 0.327831 0.515528
vt 0.832573 0.982445
vt 0.815611 0.979017
vt 0.835212 0.97853
vt 0.971207 0.126989
vt 0.975096 0.137048
vt 0.976278 0.113085
vt 0.835212 0.97853
vt 0.815611 0.979017
vt 0.830217 0.972477
vt 0.327831 0.515528
vt 0.316426 0.501618
vt 0.322733 0.493379
vt 0.336924 0.505208
vt 0.327831 0.515528
vt 0.322733 0.493379
vt 0.976278 0.113085
vt 0.975096 0.137048
vt 0.982137 0.118215
vt 0.975096 0.137048
vt 0.9825 0.135595
vt 0.982137 0.118215
vt 0.964126 0.351513
vt 0.963633 0.373394
vt 0.97055 0.374189
vt 0.404416 0.963445
vt 0.42215 0.96405
vt 0.401157 0.970695
vt 0.42215 0.96405
vt 0.422471 0.971489
vt 0.401157 0.970695
vt 0.964126 0.351513
vt 0.95691 0.365429
vt 0.963633 0.373394
vt 0.397028 0.958931
vt 0.412854 0.955609
vt 0.404416 0.963445
vt 0.307834 0.486397
vt 0.293289 0.48292
vt 0.307565 0.470735
vt 0.293289 0.48292
vt 0.287517 0.466334
vt 0.307565 0.470735
vt 0.0399287 0.597449
vt 0.0458252 0.59609
vt 0.0398902 0.57873
vt 0.0291186 0.598357
vt 0.0398902 0.57873
vt 0.0216166 0.580602
vt 0.0291186 0.598357
vt 0.0216166 0.580602
vt 0.0163502 0.599959
vt 0.0163502 0.599959
vt 0.0027975 0.578
vt 0.0034784 0.598712
vt 0.473319 0.63776
vt 0.46594 0.655334
vt 0.46253 0.64476
vt 0.404202 0.577325
vt 0.383245 0.579292
vt 0.386442 0.559463
vt 0.376036 0.543767
vt 0.375925 0.571799
vt 0.358096 0.546
vt 0.354182 0.532018
vt 0.345292 0.536992
vt 0.348504 0.520466
vt 0.820242 0.99176
vt 0.814694 0.984202
vt 0.834562 0.990211
vt 0.834562 0.990211
vt 0.814694 0.984202
vt 0.832573 0.982445
vt 0.832573 0.982445
vt 0.814694 0.984202
vt 0.815611 0.979017
vt 0.830217 0.972477
vt 0.81199 0.972746
vt 0.83115 0.966419
vt 0.98933 0.126201
vt 0.9825 0.135595
vt 0.983254 0.150503
vt 0.98933 0.126201
vt 0.983254 0.150503
vt 0.991151 0.142559
vt 0.322733 0.493379
vt 0.316426 0.501618
vt 0.307834 0.486397
vt 0.287517 0.466334
vt 0.270165 0.466201
vt 0.288629 0.434171
vt 0.253212 0.409491
vt 0.230008 0.414232
vt 0.235802 0.386765
vt 0.235802 0.386765
vt 0.216057 0.39164
vt 0.208481 0.371074
vt 0.0163502 0.599959
vt 0.0216166 0.580602
vt 0.0027975 0.578
vt 0.476187 0.646466
vt 0.466176 0.667005
vt 0.46594 0.655334
vt 0.386442 0.559463
vt 0.383245 0.579292
vt 0.375925 0.571799
vt 0.375925 0.571799
vt 0.357997 0.558902
vt 0.358096 0.546
vt 0.358096 0.546
vt 0.346414 0.547726
vt 0.354182 0.532018
vt 0.354182 0.532018
vt 0.346414 0.547726
vt 0.345292 0.536992
vt 0.345292 0.536992
vt 0.336585 0.529111
vt 0.348504 0.520466
vt 0.233927 0.207973
vt 0.248792 0.214115
vt 0.221813 0.214108
vt 0.221813 0.214108
vt 0.248792 0.214115
vt 0.230514 0.22187
vt 0.815611 0.979017
vt 0.81199 0.972746
vt 0.830217 0.972477
vt 0.83115 0.966419
vt 0.81199 0.972746
vt 0.80574 0.966569
vt 0.83115 0.966419
vt 0.80574 0.966569
vt 0.822342 0.958949
vt 0.822342 0.958949
vt 0.80574 0.966569
vt 0.80042 0.961346
vt 0.412854 0.955609
vt 0.42215 0.96405
vt 0.404416 0.963445
vt 0.946722 0.356031
vt 0.949153 0.386726
vt 0.952932 0.365447
vt 0.316426 0.501618
vt 0.301145 0.494933
vt 0.307834 0.486397
vt 0.288629 0.434171
vt 0.270165 0.466201
vt 0.270209 0.433857
vt 0.230008 0.414232
vt 0.216057 0.39164
vt 0.235802 0.386765
vt 0.208481 0.371074
vt 0.186242 0.378023
vt 0.209495 0.361286
vt 0.180799 0.0185688
vt 0.198312 0.0176171
vt 0.185152 0.0385613
vt 0.46594 0.655334
vt 0.452863 0.665955
vt 0.46253 0.64476
vt 0.46253 0.64476
vt 0.438762 0.645378
vt 0.445925 0.624088
vt 0.432517 0.61088
vt 0.39781 0.621311
vt 0.406965 0.596968
vt 0.406965 0.596968
vt 0.387453 0.59524
vt 0.404202 0.577325
vt 0.358096 0.546
vt 0.357997 0.558902
vt 0.346414 0.547726
vt 0.927584 0.129978
vt 0.919154 0.131624
vt 0.92625 0.143847
vt 0.971207 0.126989
vt 0.972047 0.156395
vt 0.975096 0.137048
vt 0.327831 0.515528
vt 0.311828 0.507909
vt 0.316426 0.501618
vt 0.95691 0.365429
vt 0.956543 0.387223
vt 0.963633 0.373394
vt 0.412854 0.955609
vt 0.433587 0.95815
vt 0.42215 0.96405
vt 0.946722 0.356031
vt 0.945131 0.378332
vt 0.949153 0.386726
vt 0.301145 0.494933
vt 0.293289 0.48292
vt 0.307834 0.486397
vt 0.293289 0.48292
vt 0.270165 0.466201
vt 0.287517 0.466334
vt 0.25221 0.428806
vt 0.232228 0.441439
vt 0.253212 0.409491
vt 0.445925 0.624088
vt 0.438762 0.645378
vt 0.42436 0.634241
vt 0.445925 0.624088
vt 0.42436 0.634241
vt 0.432517 0.61088
vt 0.432517 0.61088
vt 0.42436 0.634241
vt 0.39781 0.621311
vt 0.345292 0.536992
vt 0.346414 0.547726
vt 0.336585 0.529111
vt 0.941746 0.625125
vt 0.935622 0.643507
vt 0.94199 0.6425
vt 0.336585 0.529111
vt 0.327545 0.532269
vt 0.327831 0.515528
vt 0.820242 0.99176
vt 0.799159 0.9923
vt 0.814694 0.984202
vt 0.327545 0.532269
vt 0.319773 0.522076
vt 0.327831 0.515528
vt 0.319773 0.522076
vt 0.311828 0.507909
vt 0.327831 0.515528
vt 0.319773 0.522076
vt 0.307345 0.51305
vt 0.311828 0.507909
vt 0.972047 0.156395
vt 0.976374 0.156567
vt 0.975096 0.137048
vt 0.975096 0.137048
vt 0.976374 0.156567
vt 0.9825 0.135595
vt 0.976374 0.156567
vt 0.983254 0.150503
vt 0.9825 0.135595
vt 0.983254 0.150503
vt 0.987976 0.156085
vt 0.991151 0.142559
vt 0.42215 0.96405
vt 0.437858 0.965595
vt 0.422471 0.971489
vt 0.991151 0.142559
vt 0.987976 0.156085
vt 0.992452 0.163674
vt 0.316426 0.501618
vt 0.311828 0.507909
vt 0.301145 0.494933
vt 0.301145 0.494933
vt 0.287247 0.491825
vt 0.293289 0.48292
vt 0.25221 0.428806
vt 0.270209 0.433857
vt 0.247967 0.446445
vt 0.247967 0.446445
vt 0.232228 0.441439
vt 0.25221 0.428806
vt 0.253212 0.409491
vt 0.232228 0.441439
vt 0.230008 0.414232
vt 0.208481 0.371074
vt 0.189666 0.387802
vt 0.186242 0.378023
vt 0.209495 0.361286
vt 0.177632 0.372471
vt 0.207043 0.356463
vt 0.0458252 0.59609
vt 0.0496357 0.563275
vt 0.0398902 0.57873
vt 0.812841 0.0998671
vt 0.796504 0.107771
vt 0.801246 0.0985182
vt 0.0398902 0.57873
vt 0.0239443 0.56794
vt 0.0216166 0.580602
vt 0.472927 0.662219
vt 0.463351 0.681227
vt 0.466176 0.667005
vt 0.46594 0.655334
vt 0.453342 0.679528
vt 0.452863 0.665955
vt 0.39781 0.621311
vt 0.384432 0.616059
vt 0.406965 0.596968
vt 0.387453 0.59524
vt 0.383245 0.579292
vt 0.404202 0.577325
vt 0.375925 0.571799
vt 0.357708 0.574227
vt 0.357997 0.558902
vt 0.346414 0.547726
vt 0.357997 0.558902
vt 0.344145 0.559466
vt 0.346414 0.547726
vt 0.335249 0.550096
vt 0.336585 0.529111
vt 0.335249 0.550096
vt 0.327545 0.532269
vt 0.336585 0.529111
vt 0.799159 0.9923
vt 0.790647 0.985019
vt 0.814694 0.984202
vt 0.327545 0.532269
vt 0.307345 0.51305
vt 0.319773 0.522076
vt 0.965847 0.129765
vt 0.965906 0.166644
vt 0.971207 0.126989
vt 0.971207 0.126989
vt 0.965906 0.166644
vt 0.972047 0.156395
vt 0.815611 0.979017
vt 0.797337 0.979847
vt 0.81199 0.972746
vt 0.422471 0.971489
vt 0.436336 0.978498
vt 0.420002 0.978176
vt 0.81199 0.972746
vt 0.788937 0.973611
vt 0.80574 0.966569
vt 0.963758 0.400023
vt 0.969914 0.391268
vt 0.97055 0.374189
vt 0.963633 0.373394
vt 0.963758 0.400023
vt 0.97055 0.374189
vt 0.956543 0.387223
vt 0.963758 0.400023
vt 0.963633 0.373394
vt 0.952932 0.365447
vt 0.949153 0.386726
vt 0.956543 0.387223
vt 0.307345 0.51305
vt 0.296471 0.507276
vt 0.311828 0.507909
vt 0.296471 0.507276
vt 0.301145 0.494933
vt 0.311828 0.507909
vt 0.287247 0.491825
vt 0.278894 0.483068
vt 0.293289 0.48292
vt 0.270165 0.466201
vt 0.247967 0.446445
vt 0.270209 0.433857
vt 0.216057 0.39164
vt 0.189666 0.387802
vt 0.208481 0.371074
vt 0.209495 0.361286
vt 0.186242 0.378023
vt 0.177632 0.372471
vt 0.0398902 0.57873
vt 0.0396751 0.566964
vt 0.0239443 0.56794
vt 0.0216166 0.580602
vt 0.0239443 0.56794
vt 0.0027975 0.578
vt 0.0027975 0.578
vt 0.0239443 0.56794
vt 0.0024011 0.564651
vt 0.466176 0.667005
vt 0.453342 0.679528
vt 0.46594 0.655334
vt 0.452863 0.665955
vt 0.438762 0.645378
vt 0.46253 0.64476
vt 0.346414 0.547726
vt 0.344145 0.559466
vt 0.335249 0.550096
vt 0.248792 0.214115
vt 0.266743 0.221789
vt 0.230514 0.22187
vt 0.814694 0.984202
vt 0.790647 0.985019
vt 0.797337 0.979847
vt 0.814694 0.984202
vt 0.797337 0.979847
vt 0.815611 0.979017
vt 0.797337 0.979847
vt 0.788937 0.973611
vt 0.81199 0.972746
vt 0.983254 0.150503
vt 0.982712 0.165142
vt 0.987976 0.156085
vt 0.296471 0.507276
vt 0.287247 0.491825
vt 0.301145 0.494933
vt 0.293289 0.48292
vt 0.278894 0.483068
vt 0.270165 0.466201
vt 0.230008 0.414232
vt 0.193951 0.402285
vt 0.216057 0.39164
vt 0.406965 0.596968
vt 0.384432 0.616059
vt 0.387453 0.59524
vt 0.387453 0.59524
vt 0.375925 0.571799
vt 0.383245 0.579292
vt 0.357997 0.558902
vt 0.347629 0.573277
vt 0.344145 0.559466
vt 0.335249 0.550096
vt 0.321771 0.551
vt 0.327545 0.532269
vt 0.802055 0.999538
vt 0.782971 0.99406
vt 0.799159 0.9923
vt 0.926685 0.646327
vt 0.927746 0.664375
vt 0.93302 0.662945
vt 0.422471 0.971489
vt 0.437858 0.965595
vt 0.447804 0.971375
vt 0.422471 0.971489
vt 0.447804 0.971375
vt 0.436336 0.978498
vt 0.80574 0.966569
vt 0.781751 0.96626
vt 0.80042 0.961346
vt 0.2822 0.504701
vt 0.282487 0.498494
vt 0.296471 0.507276
vt 0.296471 0.507276
vt 0.282487 0.498494
vt 0.287247 0.491825
vt 0.270165 0.466201
vt 0.278894 0.483068
vt 0.267952 0.482042
vt 0.216057 0.39164
vt 0.193951 0.402285
vt 0.189666 0.387802
vt 0.796504 0.107771
vt 0.782848 0.107412
vt 0.801246 0.0985182
vt 0.0396751 0.566964
vt 0.0391323 0.550879
vt 0.0239443 0.56794
vt 0.802268 0.0817257
vt 0.786467 0.0807417
vt 0.799403 0.0597517
vt 0.466176 0.667005
vt 0.45413 0.687303
vt 0.453342 0.679528
vt 0.387453 0.59524
vt 0.368668 0.599922
vt 0.375925 0.571799
vt 0.375925 0.571799
vt 0.354049 0.58992
vt 0.357708 0.574227
vt 0.357708 0.574227
vt 0.347629 0.573277
vt 0.357997 0.558902
vt 0.336327 0.567674
vt 0.335249 0.550096
vt 0.344145 0.559466
vt 0.327545 0.532269
vt 0.321771 0.551
vt 0.307345 0.51305
vt 0.972047 0.156395
vt 0.975736 0.172478
vt 0.976374 0.156567
vt 0.987976 0.156085
vt 0.982712 0.165142
vt 0.988818 0.174587
vt 0.987976 0.156085
vt 0.988818 0.174587
vt 0.992452 0.163674
vt 0.992452 0.163674
vt 0.988818 0.174587
vt 0.995664 0.18573
vt 0.433587 0.95815
vt 0.455268 0.962239
vt 0.437858 0.965595
vt 0.80574 0.966569
vt 0.788937 0.973611
vt 0.781751 0.96626
vt 0.945131 0.378332
vt 0.941257 0.397504
vt 0.949153 0.386726
vt 0.956543 0.387223
vt 0.95682 0.398563
vt 0.963758 0.400023
vt 0.307345 0.51305
vt 0.2822 0.504701
vt 0.296471 0.507276
vt 0.282487 0.498494
vt 0.26907 0.497739
vt 0.287247 0.491825
vt 0.287247 0.491825
vt 0.26907 0.497739
vt 0.278894 0.483068
vt 0.267952 0.482042
vt 0.249136 0.470982
vt 0.270165 0.466201
vt 0.249136 0.470982
vt 0.247967 0.446445
vt 0.270165 0.466201
vt 0.232228 0.441439
vt 0.208738 0.425824
vt 0.230008 0.414232
vt 0.230008 0.414232
vt 0.208738 0.425824
vt 0.193951 0.402285
vt 0.785371 0.0970396
vt 0.786467 0.0807417
vt 0.802268 0.0817257
vt 0.391849 0.641332
vt 0.39781 0.621311
vt 0.42436 0.634241
vt 0.387453 0.59524
vt 0.384432 0.616059
vt 0.368668 0.599922
vt 0.368668 0.599922
vt 0.354049 0.58992
vt 0.375925 0.571799
vt 0.347629 0.573277
vt 0.341661 0.566543
vt 0.344145 0.559466
vt 0.336327 0.567674
vt 0.344145 0.559466
vt 0.341661 0.566543
vt 0.269084 0.206487
vt 0.273632 0.213443
vt 0.260966 0.212974
vt 0.797337 0.979847
vt 0.774913 0.980366
vt 0.788937 0.973611
vt 0.976374 0.156567
vt 0.975736 0.172478
vt 0.982712 0.165142
vt 0.447804 0.971375
vt 0.456668 0.978206
vt 0.436336 0.978498
vt 0.455268 0.962239
vt 0.449234 0.965464
vt 0.437858 0.965595
vt 0.437858 0.965595
vt 0.449234 0.965464
vt 0.447804 0.971375
vt 0.949153 0.386726
vt 0.941257 0.397504
vt 0.948343 0.40779
vt 0.949153 0.386726
vt 0.948343 0.40779
vt 0.951956 0.402654
vt 0.949153 0.386726
vt 0.951956 0.402654
vt 0.95682 0.398563
vt 0.321771 0.551
vt 0.2822 0.504701
vt 0.307345 0.51305
vt 0.26907 0.497739
vt 0.267952 0.482042
vt 0.278894 0.483068
vt 0.258307 0.484508
vt 0.249136 0.470982
vt 0.267952 0.482042
vt 0.189666 0.387802
vt 0.168551 0.399389
vt 0.186242 0.378023
vt 0.186242 0.378023
vt 0.16562 0.379755
vt 0.177632 0.372471
vt 0.782848 0.107412
vt 0.785371 0.0970396
vt 0.801246 0.0985182
vt 0.799403 0.0597517
vt 0.786467 0.0807417
vt 0.783974 0.0605286
vt 0.438762 0.645378
vt 0.419752 0.675186
vt 0.42436 0.634241
vt 0.42436 0.634241
vt 0.406967 0.661202
vt 0.391849 0.641332
vt 0.354049 0.58992
vt 0.343267 0.582827
vt 0.357708 0.574227
vt 0.357708 0.574227
vt 0.343267 0.582827
vt 0.347629 0.573277
vt 0.782971 0.99406
vt 0.790647 0.985019
vt 0.799159 0.9923
vt 0.790647 0.985019
vt 0.774913 0.980366
vt 0.797337 0.979847
vt 0.982712 0.165142
vt 0.975736 0.172478
vt 0.982657 0.182782
vt 0.982712 0.165142
vt 0.982657 0.182782
vt 0.988818 0.174587
vt 0.988818 0.174587
vt 0.990157 0.185198
vt 0.995664 0.18573
vt 0.321771 0.551
vt 0.264969 0.517826
vt 0.2822 0.504701
vt 0.247967 0.446445
vt 0.239079 0.472758
vt 0.232228 0.441439
vt 0.189666 0.387802
vt 0.175175 0.41174
vt 0.168551 0.399389
vt 0.453342 0.679528
vt 0.434342 0.695151
vt 0.452863 0.665955
vt 0.452863 0.665955
vt 0.434342 0.695151
vt 0.430373 0.682473
vt 0.430373 0.682473
vt 0.419752 0.675186
vt 0.438762 0.645378
vt 0.42436 0.634241
vt 0.419752 0.675186
vt 0.406967 0.661202
vt 0.347629 0.573277
vt 0.343267 0.582827
vt 0.341661 0.566543
vt 0.336327 0.567674
vt 0.332884 0.579938
vt 0.335249 0.550096
vt 0.839929 0.240559
vt 0.821238 0.240747
vt 0.839445 0.230382
vt 0.782971 0.99406
vt 0.771538 0.985904
vt 0.790647 0.985019
vt 0.844963 0.817965
vt 0.870649 0.823466
vt 0.859443 0.823774
vt 0.839445 0.230382
vt 0.840124 0.225421
vt 0.839929 0.240559
vt 0.273632 0.213443
vt 0.284572 0.221825
vt 0.266743 0.221789
vt 0.839929 0.240559
vt 0.841075 0.251468
vt 0.839688 0.250488
vt 0.839929 0.240559
vt 0.839688 0.250488
vt 0.821238 0.240747
vt 0.965906 0.166644
vt 0.966084 0.184864
vt 0.975009 0.187414
vt 0.965906 0.166644
vt 0.975009 0.187414
vt 0.972047 0.156395
vt 0.972047 0.156395
vt 0.975009 0.187414
vt 0.975736 0.172478
vt 0.839688 0.250488
vt 0.841075 0.251468
vt 0.839616 0.259341
vt 0.449234 0.965464
vt 0.455268 0.962239
vt 0.447804 0.971375
vt 0.447804 0.971375
vt 0.461529 0.971809
vt 0.456668 0.978206
vt 0.95682 0.398563
vt 0.957058 0.424094
vt 0.963758 0.400023
vt 0.2822 0.504701
vt 0.264969 0.517826
vt 0.267999 0.505262
vt 0.2822 0.504701
vt 0.267999 0.505262
vt 0.282487 0.498494
vt 0.282487 0.498494
vt 0.267999 0.505262
vt 0.26907 0.497739
vt 0.249136 0.470982
vt 0.239079 0.472758
vt 0.247967 0.446445
vt 0.189666 0.387802
vt 0.193951 0.402285
vt 0.175175 0.41174
vt 0.785371 0.0970396
vt 0.770296 0.0966883
vt 0.786467 0.0807417
vt 0.453342 0.679528
vt 0.439711 0.697538
vt 0.434342 0.695151
vt 0.354049 0.58992
vt 0.351506 0.598002
vt 0.340097 0.593665
vt 0.354049 0.58992
vt 0.340097 0.593665
vt 0.343267 0.582827
vt 0.343267 0.582827
vt 0.332884 0.579938
vt 0.336327 0.567674
vt 0.839117 0.22186
vt 0.838237 0.216265
vt 0.840278 0.221846
vt 0.840124 0.225421
vt 0.839445 0.230382
vt 0.839117 0.22186
vt 0.839445 0.230382
vt 0.815929 0.230787
vt 0.839117 0.22186
vt 0.839445 0.230382
vt 0.821238 0.240747
vt 0.815929 0.230787
vt 0.821238 0.240747
vt 0.800268 0.241156
vt 0.815929 0.230787
vt 0.321771 0.551
vt 0.30462 0.556157
vt 0.298145 0.544833
vt 0.844963 0.817965
vt 0.842416 0.815368
vt 0.870649 0.823466
vt 0.273632 0.213443
vt 0.287339 0.212703
vt 0.284572 0.221825
vt 0.790647 0.985019
vt 0.771538 0.985904
vt 0.774913 0.980366
vt 0.821238 0.240747
vt 0.839688 0.250488
vt 0.819303 0.250406
vt 0.821238 0.240747
vt 0.819303 0.250406
vt 0.800268 0.241156
vt 0.774913 0.980366
vt 0.767979 0.972928
vt 0.788937 0.973611
vt 0.839688 0.250488
vt 0.839616 0.259341
vt 0.819303 0.250406
vt 0.812928 0.259599
vt 0.788913 0.258592
vt 0.819303 0.250406
vt 0.963758 0.400023
vt 0.963574 0.424187
vt 0.968735 0.40541
vt 0.870649 0.823466
vt 0.885934 0.820939
vt 0.878815 0.823774
vt 0.839616 0.259341
vt 0.812928 0.259599
vt 0.819303 0.250406
vt 0.988818 0.174587
vt 0.982657 0.182782
vt 0.990157 0.185198
vt 0.455268 0.962239
vt 0.465124 0.962059
vt 0.447804 0.971375
vt 0.447804 0.971375
vt 0.465124 0.962059
vt 0.461529 0.971809
vt 0.951956 0.402654
vt 0.948343 0.40779
vt 0.952715 0.422607
vt 0.951956 0.402654
vt 0.952715 0.422607
vt 0.95682 0.398563
vt 0.95682 0.398563
vt 0.952715 0.422607
vt 0.957058 0.424094
vt 0.840018 0.266777
vt 0.824386 0.26634
vt 0.839616 0.259341
vt 0.26907 0.497739
vt 0.253971 0.502786
vt 0.267952 0.482042
vt 0.267952 0.482042
vt 0.253971 0.502786
vt 0.258307 0.484508
vt 0.232228 0.441439
vt 0.215413 0.461814
vt 0.208738 0.425824
vt 0.186242 0.378023
vt 0.154134 0.387582
vt 0.16562 0.379755
vt 0.782848 0.107412
vt 0.769307 0.107463
vt 0.785371 0.0970396
vt 0.786467 0.0807417
vt 0.769453 0.078789
vt 0.783974 0.0605286
vt 0.769453 0.078789
vt 0.766458 0.0601455
vt 0.783974 0.0605286
vt 0.39781 0.621311
vt 0.373625 0.630535
vt 0.384432 0.616059
vt 0.384432 0.616059
vt 0.355948 0.621498
vt 0.368668 0.599922
vt 0.368668 0.599922
vt 0.351397 0.61401
vt 0.354049 0.58992
vt 0.354049 0.58992
vt 0.351397 0.61401
vt 0.351506 0.598002
vt 0.332884 0.579938
vt 0.321771 0.551
vt 0.335249 0.550096
vt 0.838237 0.216265
vt 0.839117 0.22186
vt 0.813146 0.219912
vt 0.839117 0.22186
vt 0.815929 0.230787
vt 0.813146 0.219912
vt 0.813146 0.219912
vt 0.815929 0.230787
vt 0.797409 0.231681
vt 0.800268 0.241156
vt 0.782741 0.241729
vt 0.797409 0.231681
vt 0.782971 0.99406
vt 0.769276 0.992482
vt 0.771538 0.985904
vt 0.842416 0.815368
vt 0.853756 0.812094
vt 0.870649 0.823466
vt 0.771538 0.985904
vt 0.771037 0.980547
vt 0.774913 0.980366
vt 0.853756 0.812094
vt 0.878634 0.81507
vt 0.870649 0.823466
vt 0.800268 0.241156
vt 0.787002 0.250251
vt 0.782741 0.241729
vt 0.870649 0.823466
vt 0.878634 0.81507
vt 0.885934 0.820939
vt 0.800268 0.241156
vt 0.819303 0.250406
vt 0.787002 0.250251
vt 0.968735 0.40541
vt 0.963574 0.424187
vt 0.972977 0.419372
vt 0.298145 0.544833
vt 0.29144 0.539441
vt 0.321771 0.551
vt 0.819303 0.250406
vt 0.788913 0.258592
vt 0.787002 0.250251
vt 0.975736 0.172478
vt 0.975009 0.187414
vt 0.983149 0.193977
vt 0.456668 0.978206
vt 0.474044 0.970308
vt 0.473509 0.977563
vt 0.321771 0.551
vt 0.29144 0.539441
vt 0.264969 0.517826
vt 0.982657 0.182782
vt 0.983149 0.193977
vt 0.990157 0.185198
vt 0.990157 0.185198
vt 0.995748 0.195648
vt 0.995664 0.18573
vt 0.839616 0.259341
vt 0.824386 0.26634
vt 0.812928 0.259599
vt 0.839064 0.276203
vt 0.829543 0.275528
vt 0.840018 0.266777
vt 0.267999 0.505262
vt 0.253971 0.502786
vt 0.26907 0.497739
vt 0.253971 0.502786
vt 0.250156 0.49448
vt 0.258307 0.484508
vt 0.258307 0.484508
vt 0.245411 0.486906
vt 0.249136 0.470982
vt 0.249136 0.470982
vt 0.245411 0.486906
vt 0.239079 0.472758
vt 0.208738 0.425824
vt 0.20003 0.448888
vt 0.184355 0.435195
vt 0.186242 0.378023
vt 0.168551 0.399389
vt 0.154134 0.387582
vt 0.769307 0.107463
vt 0.770296 0.0966883
vt 0.785371 0.0970396
vt 0.770296 0.0966883
vt 0.769453 0.078789
vt 0.786467 0.0807417
vt 0.45413 0.687303
vt 0.439711 0.697538
vt 0.453342 0.679528
vt 0.39781 0.621311
vt 0.391849 0.641332
vt 0.373625 0.630535
vt 0.838237 0.216265
vt 0.813146 0.219912
vt 0.834265 0.20601
vt 0.831776 0.805064
vt 0.839795 0.805356
vt 0.842416 0.815368
vt 0.837081 0.812359
vt 0.831776 0.805064
vt 0.842416 0.815368
vt 0.842416 0.815368
vt 0.839795 0.805356
vt 0.853756 0.812094
vt 0.797409 0.231681
vt 0.783087 0.231413
vt 0.787518 0.224689
vt 0.797409 0.231681
vt 0.782741 0.241729
vt 0.783087 0.231413
vt 0.783087 0.231413
vt 0.782741 0.241729
vt 0.765781 0.233782
vt 0.30462 0.556157
vt 0.302944 0.553943
vt 0.298145 0.544833
vt 0.782741 0.241729
vt 0.760599 0.24201
vt 0.765781 0.233782
vt 0.85976 0.809132
vt 0.865942 0.810796
vt 0.853756 0.812094
vt 0.853756 0.812094
vt 0.865942 0.810796
vt 0.878634 0.81507
vt 0.760599 0.24201
vt 0.782741 0.241729
vt 0.764013 0.251728
vt 0.774913 0.980366
vt 0.771037 0.980547
vt 0.767979 0.972928
vt 0.782741 0.241729
vt 0.787002 0.250251
vt 0.764013 0.251728
vt 0.963574 0.424187
vt 0.967587 0.424466
vt 0.972977 0.419372
vt 0.788913 0.258592
vt 0.77748 0.260245
vt 0.787002 0.250251
vt 0.787002 0.250251
vt 0.77748 0.260245
vt 0.764013 0.251728
vt 0.767979 0.972928
vt 0.760929 0.9638
vt 0.781751 0.96626
vt 0.983149 0.193977
vt 0.989866 0.199529
vt 0.990157 0.185198
vt 0.990157 0.185198
vt 0.989866 0.199529
vt 0.995748 0.195648
vt 0.465124 0.962059
vt 0.474044 0.970308
vt 0.461529 0.971809
vt 0.941257 0.397504
vt 0.944766 0.418455
vt 0.948343 0.40779
vt 0.948343 0.40779
vt 0.944766 0.418455
vt 0.952715 0.422607
vt 0.878634 0.81507
vt 0.88938 0.810378
vt 0.885934 0.820939
vt 0.29144 0.539441
vt 0.283561 0.536872
vt 0.264969 0.517826
vt 0.283561 0.536872
vt 0.278274 0.536461
vt 0.264969 0.517826
vt 0.885934 0.820939
vt 0.88938 0.810378
vt 0.894352 0.815935
vt 0.840018 0.266777
vt 0.829543 0.275528
vt 0.824386 0.26634
vt 0.839064 0.276203
vt 0.838204 0.278908
vt 0.829543 0.275528
vt 0.267999 0.505262
vt 0.254968 0.509124
vt 0.253971 0.502786
vt 0.250156 0.49448
vt 0.245411 0.486906
vt 0.258307 0.484508
vt 0.239079 0.472758
vt 0.215413 0.461814
vt 0.232228 0.441439
vt 0.215413 0.461814
vt 0.20003 0.448888
vt 0.208738 0.425824
vt 0.208738 0.425824
vt 0.184355 0.435195
vt 0.193951 0.402285
vt 0.193951 0.402285
vt 0.184355 0.435195
vt 0.175175 0.41174
vt 0.368668 0.599922
vt 0.355948 0.621498
vt 0.351397 0.61401
vt 0.825731 0.791069
vt 0.83528 0.799671
vt 0.831776 0.805064
vt 0.831776 0.805064
vt 0.83528 0.799671
vt 0.839795 0.805356
vt 0.321771 0.551
vt 0.305181 0.568686
vt 0.30462 0.556157
vt 0.839795 0.805356
vt 0.846936 0.804758
vt 0.853756 0.812094
vt 0.894356 0.869531
vt 0.893995 0.879956
vt 0.884242 0.874823
vt 0.787518 0.224689
vt 0.783087 0.231413
vt 0.768414 0.226625
vt 0.783087 0.231413
vt 0.765781 0.233782
vt 0.768414 0.226625
vt 0.765781 0.233782
vt 0.708686 0.233217
vt 0.768414 0.226625
vt 0.292163 0.202854
vt 0.29545 0.204408
vt 0.291912 0.206159
vt 0.853756 0.812094
vt 0.846936 0.804758
vt 0.85976 0.809132
vt 0.765781 0.233782
vt 0.709782 0.242659
vt 0.708686 0.233217
vt 0.708686 0.233217
vt 0.709782 0.242659
vt 0.67873 0.235048
vt 0.67873 0.235048
vt 0.709782 0.242659
vt 0.682086 0.243692
vt 0.27369 0.241043
vt 0.270481 0.250864
vt 0.242974 0.242332
vt 0.270481 0.250864
vt 0.238118 0.251124
vt 0.242974 0.242332
vt 0.238118 0.251124
vt 0.184738 0.244633
vt 0.242974 0.242332
vt 0.0995067 0.245079
vt 0.0562559 0.253211
vt 0.0388491 0.243055
vt 0.0388491 0.243055
vt 0.0562559 0.253211
vt 0.0195811 0.253335
vt 0.0388491 0.243055
vt 0.0195811 0.253335
vt 0.0197408 0.241579
vt 0.765781 0.233782
vt 0.760599 0.24201
vt 0.709782 0.242659
vt 0.644341 0.239661
vt 0.643596 0.243885
vt 0.585143 0.236894
vt 0.585143 0.236894
vt 0.643596 0.243885
vt 0.561689 0.24522
vt 0.340413 0.250218
vt 0.306783 0.249093
vt 0.304025 0.242822
vt 0.184738 0.244633
vt 0.238118 0.251124
vt 0.116344 0.252387
vt 0.184738 0.244633
vt 0.116344 0.252387
vt 0.0995067 0.245079
vt 0.0995067 0.245079
vt 0.116344 0.252387
vt 0.0562559 0.253211
vt 0.643727 0.248131
vt 0.56988 0.248023
vt 0.643596 0.243885
vt 0.643596 0.243885
vt 0.56988 0.248023
vt 0.561689 0.24522
vt 0.561689 0.24522
vt 0.56988 0.248023
vt 0.515373 0.247046
vt 0.515373 0.247046
vt 0.440903 0.25056
vt 0.436291 0.247748
vt 0.440903 0.25056
vt 0.416908 0.258737
vt 0.340413 0.250218
vt 0.440903 0.25056
vt 0.340413 0.250218
vt 0.436291 0.247748
vt 0.340413 0.250218
vt 0.306739 0.254472
vt 0.306783 0.249093
vt 0.270481 0.250864
vt 0.27067 0.255037
vt 0.238118 0.251124
vt 0.27067 0.255037
vt 0.187181 0.254751
vt 0.238118 0.251124
vt 0.238118 0.251124
vt 0.187181 0.254751
vt 0.116344 0.252387
vt 0.116344 0.252387
vt 0.187181 0.254751
vt 0.0894583 0.256293
vt 0.116344 0.252387
vt 0.0894583 0.256293
vt 0.0562559 0.253211
vt 0.0195811 0.253335
vt 0.0562559 0.253211
vt 0.0196788 0.263219
vt 0.764013 0.251728
vt 0.717657 0.252374
vt 0.760599 0.24201
vt 0.760599 0.24201
vt 0.717657 0.252374
vt 0.709782 0.242659
vt 0.709782 0.242659
vt 0.717657 0.252374
vt 0.691638 0.252458
vt 0.709782 0.242659
vt 0.691638 0.252458
vt 0.682086 0.243692
vt 0.682086 0.243692
vt 0.691638 0.252458
vt 0.679932 0.25249
vt 0.646312 0.255173
vt 0.56988 0.248023
vt 0.643727 0.248131
vt 0.646312 0.255173
vt 0.578339 0.256478
vt 0.56988 0.248023
vt 0.440903 0.25056
vt 0.515373 0.247046
vt 0.47522 0.258755
vt 0.440903 0.25056
vt 0.47522 0.258755
vt 0.416908 0.258737
vt 0.340413 0.250218
vt 0.313896 0.260269
vt 0.306739 0.254472
vt 0.27067 0.255037
vt 0.244534 0.262098
vt 0.187181 0.254751
vt 0.244534 0.262098
vt 0.200128 0.26167
vt 0.187181 0.254751
vt 0.200128 0.26167
vt 0.147036 0.262569
vt 0.187181 0.254751
vt 0.147036 0.262569
vt 0.0738074 0.263078
vt 0.187181 0.254751
vt 0.187181 0.254751
vt 0.0738074 0.263078
vt 0.0894583 0.256293
vt 0.0894583 0.256293
vt 0.0738074 0.263078
vt 0.0562559 0.253211
vt 0.0562559 0.253211
vt 0.0738074 0.263078
vt 0.0196788 0.263219
vt 0.865942 0.810796
vt 0.877596 0.808952
vt 0.878634 0.81507
vt 0.27067 0.255037
vt 0.272703 0.261685
vt 0.244534 0.262098
vt 0.764013 0.251728
vt 0.744217 0.258395
vt 0.717657 0.252374
vt 0.717657 0.252374
vt 0.744217 0.258395
vt 0.691638 0.252458
vt 0.764013 0.251728
vt 0.77748 0.260245
vt 0.744217 0.258395
vt 0.995748 0.195648
vt 0.989866 0.199529
vt 0.996812 0.203053
vt 0.465124 0.962059
vt 0.472453 0.963228
vt 0.474044 0.970308
vt 0.812928 0.259599
vt 0.797776 0.267731
vt 0.788913 0.258592
vt 0.788913 0.258592
vt 0.797776 0.267731
vt 0.77748 0.260245
vt 0.824386 0.26634
vt 0.829543 0.275528
vt 0.797776 0.267731
vt 0.012822 0.199352
vt 0.0409931 0.189322
vt 0.0468139 0.197801
vt 0.267999 0.505262
vt 0.264969 0.517826
vt 0.254968 0.509124
vt 0.391849 0.641332
vt 0.358094 0.651724
vt 0.373625 0.630535
vt 0.824467 0.792337
vt 0.825731 0.791069
vt 0.831776 0.805064
vt 0.834265 0.20601
vt 0.835233 0.193802
vt 0.838035 0.207579
vt 0.839795 0.805356
vt 0.83528 0.799671
vt 0.840835 0.79774
vt 0.893995 0.879956
vt 0.887599 0.888567
vt 0.880963 0.880223
vt 0.787518 0.224689
vt 0.768417 0.220847
vt 0.787116 0.217147
vt 0.305181 0.568686
vt 0.304075 0.559859
vt 0.30462 0.556157
vt 0.839795 0.805356
vt 0.840835 0.79774
vt 0.846936 0.804758
vt 0.911148 0.874671
vt 0.910686 0.881747
vt 0.904739 0.87472
vt 0.768417 0.220847
vt 0.768414 0.226625
vt 0.702964 0.222806
vt 0.30462 0.556157
vt 0.304075 0.559859
vt 0.302944 0.553943
vt 0.702964 0.222806
vt 0.708686 0.233217
vt 0.670709 0.226422
vt 0.708686 0.233217
vt 0.67873 0.235048
vt 0.670709 0.226422
vt 0.67873 0.235048
vt 0.672796 0.230035
vt 0.670709 0.226422
vt 0.652296 0.227406
vt 0.646576 0.233101
vt 0.567769 0.234004
vt 0.652296 0.227406
vt 0.567769 0.234004
vt 0.537489 0.228477
vt 0.537489 0.228477
vt 0.567769 0.234004
vt 0.461461 0.235919
vt 0.461461 0.235919
vt 0.346643 0.238063
vt 0.430336 0.230436
vt 0.430336 0.230436
vt 0.346643 0.238063
vt 0.334032 0.232293
vt 0.346643 0.238063
vt 0.299042 0.238475
vt 0.334032 0.232293
vt 0.279704 0.235092
vt 0.27369 0.241043
vt 0.245633 0.233924
vt 0.245633 0.233924
vt 0.27369 0.241043
vt 0.242974 0.242332
vt 0.245633 0.233924
vt 0.242974 0.242332
vt 0.161447 0.234583
vt 0.242974 0.242332
vt 0.105302 0.241334
vt 0.161447 0.234583
vt 0.161447 0.234583
vt 0.105302 0.241334
vt 0.06906 0.235074
vt 0.105302 0.241334
vt 0.0388491 0.243055
vt 0.06906 0.235074
vt 0.06906 0.235074
vt 0.0388491 0.243055
vt 0.0198063 0.234709
vt 0.0198063 0.234709
vt 0.0388491 0.243055
vt 0.0197408 0.241579
vt 0.646576 0.233101
vt 0.585143 0.236894
vt 0.567769 0.234004
vt 0.567769 0.234004
vt 0.585143 0.236894
vt 0.457895 0.238732
vt 0.567769 0.234004
vt 0.457895 0.238732
vt 0.461461 0.235919
vt 0.461461 0.235919
vt 0.457895 0.238732
vt 0.346643 0.238063
vt 0.346643 0.238063
vt 0.457895 0.238732
vt 0.346441 0.241269
vt 0.346643 0.238063
vt 0.346441 0.241269
vt 0.304025 0.242822
vt 0.346643 0.238063
vt 0.304025 0.242822
vt 0.299042 0.238475
vt 0.242974 0.242332
vt 0.184738 0.244633
vt 0.105302 0.241334
vt 0.105302 0.241334
vt 0.184738 0.244633
vt 0.0995067 0.245079
vt 0.0995067 0.245079
vt 0.0388491 0.243055
vt 0.105302 0.241334
vt 0.644341 0.239661
vt 0.585143 0.236894
vt 0.646576 0.233101
vt 0.585143 0.236894
vt 0.515373 0.247046
vt 0.457895 0.238732
vt 0.457895 0.238732
vt 0.515373 0.247046
vt 0.436291 0.247748
vt 0.457895 0.238732
vt 0.436291 0.247748
vt 0.346441 0.241269
vt 0.346441 0.241269
vt 0.340413 0.250218
vt 0.304025 0.242822
vt 0.56988 0.248023
vt 0.578339 0.256478
vt 0.515373 0.247046
vt 0.416908 0.258737
vt 0.349191 0.259893
vt 0.340413 0.250218
vt 0.340413 0.250218
vt 0.349191 0.259893
vt 0.313896 0.260269
vt 0.578339 0.256478
vt 0.53985 0.257416
vt 0.515373 0.247046
vt 0.515373 0.247046
vt 0.53985 0.257416
vt 0.47522 0.258755
vt 0.306739 0.254472
vt 0.313896 0.260269
vt 0.302643 0.261493
vt 0.679932 0.25249
vt 0.691638 0.252458
vt 0.672835 0.25977
vt 0.47522 0.258755
vt 0.435182 0.261766
vt 0.416908 0.258737
vt 0.416908 0.258737
vt 0.435182 0.261766
vt 0.349191 0.259893
vt 0.349191 0.259893
vt 0.435182 0.261766
vt 0.34575 0.264737
vt 0.349191 0.259893
vt 0.34575 0.264737
vt 0.313896 0.260269
vt 0.34575 0.264737
vt 0.308005 0.26792
vt 0.313896 0.260269
vt 0.313896 0.260269
vt 0.308005 0.26792
vt 0.302643 0.261493
vt 0.244534 0.262098
vt 0.147036 0.262569
vt 0.200128 0.26167
vt 0.147036 0.262569
vt 0.0621889 0.267675
vt 0.0738074 0.263078
vt 0.0621889 0.267675
vt 0.0197062 0.272778
vt 0.0196788 0.263219
vt 0.0738074 0.263078
vt 0.0621889 0.267675
vt 0.0196788 0.263219
vt 0.744217 0.258395
vt 0.679831 0.26358
vt 0.691638 0.252458
vt 0.691638 0.252458
vt 0.679831 0.26358
vt 0.672835 0.25977
vt 0.646312 0.255173
vt 0.650712 0.260819
vt 0.598161 0.264516
vt 0.646312 0.255173
vt 0.598161 0.264516
vt 0.578339 0.256478
vt 0.578339 0.256478
vt 0.598161 0.264516
vt 0.538406 0.265183
vt 0.578339 0.256478
vt 0.538406 0.265183
vt 0.53985 0.257416
vt 0.538406 0.265183
vt 0.47522 0.258755
vt 0.53985 0.257416
vt 0.538406 0.265183
vt 0.482856 0.269278
vt 0.47522 0.258755
vt 0.47522 0.258755
vt 0.482856 0.269278
vt 0.435182 0.261766
vt 0.435182 0.261766
vt 0.482856 0.269278
vt 0.43569 0.268349
vt 0.435182 0.261766
vt 0.43569 0.268349
vt 0.34575 0.264737
vt 0.43569 0.268349
vt 0.355746 0.270755
vt 0.34575 0.264737
vt 0.355746 0.270755
vt 0.308005 0.26792
vt 0.34575 0.264737
vt 0.308005 0.26792
vt 0.293477 0.26821
vt 0.302643 0.261493
vt 0.944766 0.418455
vt 0.947295 0.425069
vt 0.952715 0.422607
vt 0.952715 0.422607
vt 0.947295 0.425069
vt 0.957058 0.424094
vt 0.280433 0.268938
vt 0.268429 0.27016
vt 0.275528 0.264625
vt 0.275528 0.264625
vt 0.268429 0.27016
vt 0.272703 0.261685
vt 0.272703 0.261685
vt 0.268429 0.27016
vt 0.244534 0.262098
vt 0.244534 0.262098
vt 0.268429 0.27016
vt 0.198996 0.271659
vt 0.244534 0.262098
vt 0.198996 0.271659
vt 0.147036 0.262569
vt 0.147036 0.262569
vt 0.198996 0.271659
vt 0.124885 0.272462
vt 0.147036 0.262569
vt 0.124885 0.272462
vt 0.0621889 0.267675
vt 0.124885 0.272462
vt 0.0197062 0.272778
vt 0.0621889 0.267675
vt 0.877596 0.808952
vt 0.887694 0.805809
vt 0.878634 0.81507
vt 0.77748 0.260245
vt 0.759821 0.262772
vt 0.744217 0.258395
vt 0.744217 0.258395
vt 0.759821 0.262772
vt 0.679831 0.26358
vt 0.759821 0.262772
vt 0.693393 0.268252
vt 0.679831 0.26358
vt 0.878634 0.81507
vt 0.887694 0.805809
vt 0.88938 0.810378
vt 0.77748 0.260245
vt 0.776811 0.269551
vt 0.759821 0.262772
vt 0.0409931 0.189322
vt 0.0643373 0.187132
vt 0.0468139 0.197801
vt 0.894352 0.815935
vt 0.902878 0.807241
vt 0.896928 0.814521
vt 0.012822 0.199352
vt 0.0193991 0.189331
vt 0.0409931 0.189322
vt 0.896928 0.814521
vt 0.902878 0.807241
vt 0.903714 0.808063
vt 0.012822 0.199352
vt 0.0032173 0.198345
vt 0.0193991 0.189331
vt 0.0032173 0.198345
vt 0.0022612 0.189012
vt 0.0193991 0.189331
vt 0.239079 0.472758
vt 0.222295 0.482426
vt 0.215413 0.461814
vt 0.769307 0.107463
vt 0.757397 0.0972503
vt 0.770296 0.0966883
vt 0.757397 0.0972503
vt 0.754896 0.0901474
vt 0.770296 0.0966883
vt 0.770296 0.0966883
vt 0.754896 0.0901474
vt 0.769453 0.078789
vt 0.769453 0.078789
vt 0.755656 0.0758319
vt 0.766458 0.0601455
vt 0.406967 0.661202
vt 0.373329 0.667905
vt 0.391849 0.641332
vt 0.351397 0.61401
vt 0.342322 0.613914
vt 0.351506 0.598002
vt 0.351506 0.598002
vt 0.332275 0.605734
vt 0.340097 0.593665
vt 0.332884 0.579938
vt 0.324871 0.597482
vt 0.299103 0.607498
vt 0.332884 0.579938
vt 0.299103 0.607498
vt 0.321771 0.551
vt 0.826277 0.348289
vt 0.804071 0.345854
vt 0.793303 0.339472
vt 0.829254 0.335665
vt 0.826277 0.348289
vt 0.793303 0.339472
vt 0.299103 0.607498
vt 0.300281 0.57775
vt 0.321771 0.551
vt 0.825731 0.791069
vt 0.83133 0.791127
vt 0.83528 0.799671
vt 0.321771 0.551
vt 0.300281 0.57775
vt 0.305181 0.568686
vt 0.0470267 0.89621
vt 0.0459475 0.888602
vt 0.0530273 0.890692
vt 0.0470267 0.89621
vt 0.0530273 0.890692
vt 0.0636075 0.888838
vt 0.0470267 0.89621
vt 0.0636075 0.888838
vt 0.0635852 0.895719
vt 0.787116 0.217147
vt 0.782409 0.210486
vt 0.80188 0.204255
vt 0.904576 0.882287
vt 0.91133 0.889454
vt 0.903952 0.888008
vt 0.670709 0.226422
vt 0.660375 0.225653
vt 0.679499 0.220019
vt 0.961293 0.179251
vt 0.941277 0.183812
vt 0.933869 0.186402
vt 0.679499 0.220019
vt 0.652296 0.227406
vt 0.63579 0.220852
vt 0.63579 0.220852
vt 0.537489 0.228477
vt 0.534942 0.222222
vt 0.537489 0.228477
vt 0.46298 0.228363
vt 0.534942 0.222222
vt 0.534942 0.222222
vt 0.46298 0.228363
vt 0.464313 0.223013
vt 0.155083 0.228396
vt 0.06906 0.235074
vt 0.0643431 0.228968
vt 0.06906 0.235074
vt 0.0198494 0.228636
vt 0.0643431 0.228968
vt 0.305181 0.568686
vt 0.30407 0.5652
vt 0.304075 0.559859
vt 0.861888 0.874933
vt 0.862698 0.884087
vt 0.841715 0.880077
vt 0.652296 0.227406
vt 0.537489 0.228477
vt 0.63579 0.220852
vt 0.46298 0.228363
vt 0.430336 0.230436
vt 0.44551 0.22381
vt 0.44551 0.22381
vt 0.430336 0.230436
vt 0.398418 0.224892
vt 0.430336 0.230436
vt 0.334032 0.232293
vt 0.398418 0.224892
vt 0.29176 0.229402
vt 0.334032 0.232293
vt 0.293428 0.235306
vt 0.29176 0.229402
vt 0.293428 0.235306
vt 0.279704 0.235092
vt 0.29176 0.229402
vt 0.279704 0.235092
vt 0.257037 0.227407
vt 0.257037 0.227407
vt 0.279704 0.235092
vt 0.245633 0.233924
vt 0.257037 0.227407
vt 0.245633 0.233924
vt 0.155083 0.228396
vt 0.155083 0.228396
vt 0.245633 0.233924
vt 0.161447 0.234583
vt 0.0198494 0.228636
vt 0.06906 0.235074
vt 0.0198063 0.234709
vt 0.841715 0.880077
vt 0.791305 0.883304
vt 0.792957 0.876858
vt 0.672835 0.25977
vt 0.679831 0.26358
vt 0.665138 0.263309
vt 0.679831 0.26358
vt 0.667479 0.268528
vt 0.665138 0.263309
vt 0.665138 0.263309
vt 0.667479 0.268528
vt 0.657588 0.26354
vt 0.472453 0.963228
vt 0.47086 0.951702
vt 0.474044 0.970308
vt 0.650712 0.260819
vt 0.667479 0.268528
vt 0.638278 0.269105
vt 0.650712 0.260819
vt 0.638278 0.269105
vt 0.598161 0.264516
vt 0.638278 0.269105
vt 0.588341 0.270294
vt 0.598161 0.264516
vt 0.598161 0.264516
vt 0.588341 0.270294
vt 0.543849 0.270629
vt 0.598161 0.264516
vt 0.543849 0.270629
vt 0.538406 0.265183
vt 0.543849 0.270629
vt 0.482856 0.269278
vt 0.538406 0.265183
vt 0.543849 0.270629
vt 0.495824 0.27392
vt 0.482856 0.269278
vt 0.35362 0.191748
vt 0.371205 0.190343
vt 0.366598 0.196712
vt 0.366598 0.196712
vt 0.371205 0.190343
vt 0.398533 0.192888
vt 0.482856 0.269278
vt 0.451357 0.273979
vt 0.43569 0.268349
vt 0.451357 0.273979
vt 0.381448 0.275265
vt 0.43569 0.268349
vt 0.43569 0.268349
vt 0.381448 0.275265
vt 0.355746 0.270755
vt 0.469078 0.19331
vt 0.522901 0.190938
vt 0.4949 0.198408
vt 0.308005 0.26792
vt 0.355746 0.270755
vt 0.289083 0.273875
vt 0.4949 0.198408
vt 0.522901 0.190938
vt 0.562055 0.197665
vt 0.308005 0.26792
vt 0.289083 0.273875
vt 0.293477 0.26821
vt 0.562055 0.197665
vt 0.522901 0.190938
vt 0.570067 0.193868
vt 0.280433 0.268938
vt 0.289083 0.273875
vt 0.268429 0.27016
vt 0.268429 0.27016
vt 0.289083 0.273875
vt 0.198996 0.271659
vt 0.289083 0.273875
vt 0.185896 0.277968
vt 0.198996 0.271659
vt 0.562055 0.197665
vt 0.570067 0.193868
vt 0.665859 0.195768
vt 0.198996 0.271659
vt 0.185896 0.277968
vt 0.124885 0.272462
vt 0.185896 0.277968
vt 0.0391937 0.277193
vt 0.124885 0.272462
vt 0.813268 0.199352
vt 0.665859 0.195768
vt 0.794179 0.19573
vt 0.124885 0.272462
vt 0.0391937 0.277193
vt 0.0197062 0.272778
vt 0.794179 0.19573
vt 0.832829 0.19793
vt 0.813268 0.199352
vt 0.0197062 0.272778
vt 0.0391937 0.277193
vt 0.019763 0.278908
vt 0.759821 0.262772
vt 0.758716 0.270418
vt 0.693393 0.268252
vt 0.0863153 0.189192
vt 0.160866 0.186576
vt 0.153606 0.192353
vt 0.160866 0.186576
vt 0.180326 0.192715
vt 0.153606 0.192353
vt 0.679831 0.26358
vt 0.693393 0.268252
vt 0.667479 0.268528
vt 0.0468139 0.197801
vt 0.0643373 0.187132
vt 0.0677242 0.191361
vt 0.278274 0.536461
vt 0.236883 0.539697
vt 0.264969 0.517826
vt 0.253971 0.502786
vt 0.239147 0.5085
vt 0.250156 0.49448
vt 0.250156 0.49448
vt 0.239147 0.5085
vt 0.245411 0.486906
vt 0.245411 0.486906
vt 0.229371 0.494833
vt 0.239079 0.472758
vt 0.229371 0.494833
vt 0.222295 0.482426
vt 0.239079 0.472758
vt 0.184355 0.435195
vt 0.149511 0.431556
vt 0.175175 0.41174
vt 0.175175 0.41174
vt 0.149511 0.431556
vt 0.168551 0.399389
vt 0.168551 0.399389
vt 0.143323 0.395927
vt 0.154134 0.387582
vt 0.754896 0.0901474
vt 0.755656 0.0758319
vt 0.769453 0.078789
vt 0.742337 0.920038
vt 0.746717 0.926112
vt 0.74367 0.932742
vt 0.746717 0.926112
vt 0.75633 0.925727
vt 0.74367 0.932742
vt 0.75633 0.925727
vt 0.755747 0.933497
vt 0.74367 0.932742
vt 0.746717 0.926112
vt 0.764414 0.919814
vt 0.75633 0.925727
vt 0.746717 0.926112
vt 0.742337 0.920038
vt 0.764414 0.919814
vt 0.75633 0.925727
vt 0.775192 0.926937
vt 0.755747 0.933497
vt 0.775192 0.926937
vt 0.781532 0.933221
vt 0.755747 0.933497
vt 0.75633 0.925727
vt 0.779271 0.920231
vt 0.775192 0.926937
vt 0.75633 0.925727
vt 0.764414 0.919814
vt 0.779271 0.920231
vt 0.419752 0.675186
vt 0.400222 0.697989
vt 0.406967 0.661202
vt 0.779271 0.920231
vt 0.793769 0.926662
vt 0.775192 0.926937
vt 0.775192 0.926937
vt 0.793769 0.926662
vt 0.781532 0.933221
vt 0.779271 0.920231
vt 0.802751 0.921124
vt 0.793769 0.926662
vt 0.793769 0.926662
vt 0.815283 0.934245
vt 0.781532 0.933221
vt 0.793769 0.926662
vt 0.802751 0.921124
vt 0.818675 0.927475
vt 0.793769 0.926662
vt 0.818675 0.927475
vt 0.815283 0.934245
vt 0.802751 0.921124
vt 0.822926 0.921758
vt 0.818675 0.927475
vt 0.818675 0.927475
vt 0.841048 0.928861
vt 0.815283 0.934245
vt 0.822926 0.921758
vt 0.844507 0.923113
vt 0.818675 0.927475
vt 0.818675 0.927475
vt 0.844507 0.923113
vt 0.841048 0.928861
vt 0.841048 0.928861
vt 0.844507 0.923113
vt 0.855875 0.92822
vt 0.841048 0.928861
vt 0.855875 0.92822
vt 0.860641 0.933892
vt 0.844507 0.923113
vt 0.863708 0.923446
vt 0.855875 0.92822
vt 0.863708 0.923446
vt 0.878478 0.930201
vt 0.855875 0.92822
vt 0.855875 0.92822
vt 0.878478 0.930201
vt 0.860641 0.933892
vt 0.351506 0.598002
vt 0.342322 0.613914
vt 0.332275 0.605734
vt 0.863708 0.923446
vt 0.878994 0.924179
vt 0.878478 0.930201
vt 0.332275 0.605734
vt 0.324871 0.597482
vt 0.340097 0.593665
vt 0.878478 0.930201
vt 0.878994 0.924179
vt 0.892985 0.927993
vt 0.892985 0.927993
vt 0.906806 0.930255
vt 0.878478 0.930201
vt 0.892985 0.927993
vt 0.91602 0.928452
vt 0.906806 0.930255
vt 0.299103 0.607498
vt 0.295367 0.58514
vt 0.300281 0.57775
vt 0.83133 0.791127
vt 0.835026 0.7878
vt 0.83528 0.799671
vt 0.0470267 0.89621
vt 0.040091 0.893253
vt 0.0459475 0.888602
vt 0.927244 0.926933
vt 0.928506 0.933918
vt 0.91602 0.928452
vt 0.305181 0.568686
vt 0.300281 0.57775
vt 0.302902 0.571285
vt 0.83528 0.799671
vt 0.835026 0.7878
vt 0.840835 0.79774
vt 0.0635852 0.895719
vt 0.0636075 0.888838
vt 0.0889666 0.89604
vt 0.305181 0.568686
vt 0.302902 0.571285
vt 0.30407 0.5652
vt 0.0889666 0.89604
vt 0.10846 0.889199
vt 0.110023 0.89778
vt 0.110023 0.89778
vt 0.10846 0.889199
vt 0.157655 0.887088
vt 0.110023 0.89778
vt 0.157655 0.887088
vt 0.159899 0.893707
vt 0.451499 0.217401
vt 0.464313 0.223013
vt 0.44551 0.22381
vt 0.329457 0.225629
vt 0.29176 0.229402
vt 0.257037 0.227407
vt 0.792957 0.876858
vt 0.791305 0.883304
vt 0.759602 0.883387
vt 0.762612 0.876291
vt 0.759602 0.883387
vt 0.742283 0.878312
vt 0.160866 0.186576
vt 0.198279 0.186197
vt 0.180326 0.192715
vt 0.180326 0.192715
vt 0.198279 0.186197
vt 0.209755 0.192758
vt 0.209755 0.192758
vt 0.198279 0.186197
vt 0.26017 0.192941
vt 0.198279 0.186197
vt 0.279614 0.185651
vt 0.26017 0.192941
vt 0.26017 0.192941
vt 0.279614 0.185651
vt 0.305085 0.19368
vt 0.279614 0.185651
vt 0.349046 0.187199
vt 0.305085 0.19368
vt 0.305085 0.19368
vt 0.349046 0.187199
vt 0.35362 0.191748
vt 0.349046 0.187199
vt 0.365048 0.188603
vt 0.35362 0.191748
vt 0.35362 0.191748
vt 0.365048 0.188603
vt 0.371205 0.190343
vt 0.371205 0.190343
vt 0.375399 0.186391
vt 0.398533 0.192888
vt 0.398533 0.192888
vt 0.375399 0.186391
vt 0.422099 0.186574
vt 0.398533 0.192888
vt 0.422099 0.186574
vt 0.469078 0.19331
vt 0.469078 0.19331
vt 0.422099 0.186574
vt 0.522901 0.190938
vt 0.570067 0.193868
vt 0.522901 0.190938
vt 0.556037 0.185042
vt 0.570067 0.193868
vt 0.556037 0.185042
vt 0.619779 0.188752
vt 0.570067 0.193868
vt 0.619779 0.188752
vt 0.665859 0.195768
vt 0.619779 0.188752
vt 0.679058 0.18887
vt 0.665859 0.195768
vt 0.679058 0.18887
vt 0.75133 0.189422
vt 0.665859 0.195768
vt 0.665859 0.195768
vt 0.75133 0.189422
vt 0.794179 0.19573
vt 0.794179 0.19573
vt 0.75133 0.189422
vt 0.813449 0.189125
vt 0.794179 0.19573
vt 0.813449 0.189125
vt 0.832829 0.19793
vt 0.813449 0.189125
vt 0.832835 0.183814
vt 0.832829 0.19793
vt 0.0643373 0.187132
vt 0.0866484 0.180983
vt 0.0863153 0.189192
vt 0.0677242 0.191361
vt 0.0643373 0.187132
vt 0.0863153 0.189192
vt 0.0863153 0.189192
vt 0.0866484 0.180983
vt 0.160866 0.186576
vt 0.88938 0.810378
vt 0.887694 0.805809
vt 0.899908 0.798378
vt 0.88938 0.810378
vt 0.899908 0.798378
vt 0.894352 0.815935
vt 0.0409931 0.189322
vt 0.0471226 0.182613
vt 0.0643373 0.187132
vt 0.0471226 0.182613
vt 0.0698997 0.175913
vt 0.0643373 0.187132
vt 0.894352 0.815935
vt 0.899908 0.798378
vt 0.902878 0.807241
vt 0.0265064 0.178869
vt 0.0471226 0.182613
vt 0.0193991 0.189331
vt 0.902878 0.807241
vt 0.909385 0.800165
vt 0.903714 0.808063
vt 0.0020595 0.179296
vt 0.0265064 0.178869
vt 0.0193991 0.189331
vt 0.0022612 0.189012
vt 0.0020595 0.179296
vt 0.0193991 0.189331
vt 0.031557 0.0593139
vt 0.033192 0.0625192
vt 0.0189129 0.0630805
vt 0.031557 0.0593139
vt 0.0505615 0.0577011
vt 0.033192 0.0625192
vt 0.0075125 0.521281
vt 0.0141773 0.525576
vt 0.011789 0.508847
vt 0.241482 0.517367
vt 0.239147 0.5085
vt 0.253971 0.502786
vt 0.254968 0.509124
vt 0.241482 0.517367
vt 0.253971 0.502786
vt 0.0129707 0.496683
vt 0.0070413 0.486507
vt 0.0075125 0.521281
vt 0.011789 0.508847
vt 0.0129707 0.496683
vt 0.0075125 0.521281
vt 0.0505615 0.0577011
vt 0.0845056 0.0580473
vt 0.068765 0.0619614
vt 0.239147 0.5085
vt 0.229371 0.494833
vt 0.245411 0.486906
vt 0.0845056 0.0580473
vt 0.0780137 0.0655676
vt 0.068765 0.0619614
vt 0.0129707 0.496683
vt 0.0134013 0.471973
vt 0.0070413 0.486507
vt 0.0845056 0.0580473
vt 0.0926526 0.0644775
vt 0.0780137 0.0655676
vt 0.0134013 0.471973
vt 0.0068201 0.458867
vt 0.0070413 0.486507
vt 0.012952 0.45361
vt 0.0068201 0.458867
vt 0.0134013 0.471973
vt 0.111496 0.0580576
vt 0.114918 0.0648369
vt 0.0845056 0.0580473
vt 0.0845056 0.0580473
vt 0.114918 0.0648369
vt 0.0926526 0.0644775
vt 0.012952 0.45361
vt 0.01269 0.438614
vt 0.0068201 0.458867
vt 0.01269 0.438614
vt 0.0064821 0.429039
vt 0.0068201 0.458867
vt 0.111496 0.0580576
vt 0.140743 0.0590036
vt 0.130603 0.0638815
vt 0.215413 0.461814
vt 0.194067 0.471654
vt 0.20003 0.448888
vt 0.140743 0.0590036
vt 0.14188 0.0649219
vt 0.130603 0.0638815
vt 0.01269 0.438614
vt 0.0134439 0.428157
vt 0.0064821 0.429039
vt 0.0064821 0.429039
vt 0.0136492 0.417171
vt 0.0059921 0.412101
vt 0.140743 0.0590036
vt 0.15736 0.0602318
vt 0.14188 0.0649219
vt 0.0136492 0.417171
vt 0.0116163 0.402469
vt 0.0059921 0.412101
vt 0.0116163 0.402469
vt 0.0069833 0.394758
vt 0.0059921 0.412101
vt 0.174475 0.0598503
vt 0.169712 0.0710399
vt 0.15736 0.0602318
vt 0.769307 0.107463
vt 0.755997 0.107386
vt 0.757397 0.0972503
vt 0.439711 0.697538
vt 0.422319 0.721136
vt 0.434342 0.695151
vt 0.74367 0.932742
vt 0.75237 0.940129
vt 0.741803 0.940994
vt 0.74367 0.932742
vt 0.755747 0.933497
vt 0.75237 0.940129
vt 0.974351 0.904699
vt 0.972102 0.886761
vt 0.96543 0.903834
vt 0.430373 0.682473
vt 0.406722 0.706313
vt 0.400222 0.697989
vt 0.972102 0.886761
vt 0.964298 0.881252
vt 0.96543 0.903834
vt 0.430373 0.682473
vt 0.400222 0.697989
vt 0.419752 0.675186
vt 0.75237 0.940129
vt 0.781532 0.933221
vt 0.770733 0.94149
vt 0.781532 0.933221
vt 0.781757 0.940483
vt 0.770733 0.94149
vt 0.972102 0.886761
vt 0.971211 0.862723
vt 0.964298 0.881252
vt 0.971211 0.862723
vt 0.964292 0.866003
vt 0.964298 0.881252
vt 0.781532 0.933221
vt 0.800417 0.941759
vt 0.781757 0.940483
vt 0.781532 0.933221
vt 0.815283 0.934245
vt 0.800417 0.941759
vt 0.971211 0.862723
vt 0.97043 0.842719
vt 0.964292 0.866003
vt 0.964292 0.866003
vt 0.97043 0.842719
vt 0.964016 0.842022
vt 0.971211 0.862723
vt 0.976092 0.832738
vt 0.97043 0.842719
vt 0.800417 0.941759
vt 0.815283 0.934245
vt 0.813141 0.94124
vt 0.97043 0.842719
vt 0.971114 0.82212
vt 0.964016 0.842022
vt 0.971114 0.82212
vt 0.964013 0.821444
vt 0.964016 0.842022
vt 0.813141 0.94124
vt 0.815283 0.934245
vt 0.832348 0.941556
vt 0.391849 0.641332
vt 0.373329 0.667905
vt 0.358094 0.651724
vt 0.815283 0.934245
vt 0.846302 0.935497
vt 0.832348 0.941556
vt 0.971114 0.82212
vt 0.970851 0.796968
vt 0.964013 0.821444
vt 0.964013 0.821444
vt 0.970851 0.796968
vt 0.963453 0.799443
vt 0.846302 0.935497
vt 0.860641 0.933892
vt 0.861818 0.941455
vt 0.970851 0.796968
vt 0.963317 0.779917
vt 0.963453 0.799443
vt 0.970851 0.796968
vt 0.97089 0.774092
vt 0.963317 0.779917
vt 0.860641 0.933892
vt 0.883325 0.941223
vt 0.861818 0.941455
vt 0.860641 0.933892
vt 0.878478 0.930201
vt 0.883325 0.941223
vt 0.963317 0.779917
vt 0.97089 0.774092
vt 0.963115 0.764349
vt 0.97089 0.774092
vt 0.968533 0.757886
vt 0.963115 0.764349
vt 0.97089 0.774092
vt 0.975059 0.757807
vt 0.968533 0.757886
vt 0.878994 0.924179
vt 0.885391 0.918672
vt 0.892985 0.927993
vt 0.968533 0.757886
vt 0.975059 0.757807
vt 0.972872 0.745069
vt 0.878478 0.930201
vt 0.906806 0.930255
vt 0.883325 0.941223
vt 0.906806 0.930255
vt 0.911946 0.940338
vt 0.883325 0.941223
vt 0.972872 0.745069
vt 0.970597 0.735315
vt 0.968533 0.757886
vt 0.885391 0.918672
vt 0.907642 0.916674
vt 0.892985 0.927993
vt 0.892985 0.927993
vt 0.907642 0.916674
vt 0.91602 0.928452
vt 0.823541 0.788194
vt 0.824111 0.782919
vt 0.825731 0.791069
vt 0.907642 0.916674
vt 0.919771 0.918216
vt 0.91602 0.928452
vt 0.906806 0.930255
vt 0.91602 0.928452
vt 0.911946 0.940338
vt 0.91602 0.928452
vt 0.928506 0.933918
vt 0.911946 0.940338
vt 0.0459475 0.888602
vt 0.0556635 0.883203
vt 0.0530273 0.890692
vt 0.0530273 0.890692
vt 0.0556635 0.883203
vt 0.0636075 0.888838
vt 0.970597 0.735315
vt 0.974067 0.726714
vt 0.969006 0.722942
vt 0.0372387 0.886141
vt 0.0398065 0.884412
vt 0.040091 0.893253
vt 0.757217 0.332436
vt 0.754686 0.340171
vt 0.71646 0.335443
vt 0.915566 0.913506
vt 0.917699 0.913686
vt 0.919771 0.918216
vt 0.919771 0.918216
vt 0.927244 0.926933
vt 0.91602 0.928452
vt 0.919771 0.918216
vt 0.917699 0.913686
vt 0.927244 0.926933
vt 0.157655 0.887088
vt 0.203915 0.885289
vt 0.191132 0.893089
vt 0.759602 0.883387
vt 0.745425 0.889454
vt 0.73393 0.882969
vt 0.727644 0.874522
vt 0.723172 0.867152
vt 0.729143 0.858414
vt 0.723172 0.867152
vt 0.725994 0.860167
vt 0.729143 0.858414
vt 0.0866484 0.180983
vt 0.170906 0.177362
vt 0.160866 0.186576
vt 0.160866 0.186576
vt 0.170906 0.177362
vt 0.198279 0.186197
vt 0.170906 0.177362
vt 0.279614 0.185651
vt 0.198279 0.186197
vt 0.279614 0.185651
vt 0.321764 0.178902
vt 0.349046 0.187199
vt 0.351987 0.186149
vt 0.365048 0.188603
vt 0.349046 0.187199
vt 0.365048 0.188603
vt 0.369631 0.186959
vt 0.371205 0.190343
vt 0.371205 0.190343
vt 0.369631 0.186959
vt 0.375399 0.186391
vt 0.375399 0.186391
vt 0.378158 0.179197
vt 0.422099 0.186574
vt 0.422099 0.186574
vt 0.491582 0.179595
vt 0.556037 0.185042
vt 0.422099 0.186574
vt 0.556037 0.185042
vt 0.522901 0.190938
vt 0.556037 0.185042
vt 0.638111 0.180676
vt 0.619779 0.188752
vt 0.619779 0.188752
vt 0.638111 0.180676
vt 0.679058 0.18887
vt 0.638111 0.180676
vt 0.760867 0.181414
vt 0.679058 0.18887
vt 0.679058 0.18887
vt 0.760867 0.181414
vt 0.75133 0.189422
vt 0.75133 0.189422
vt 0.760867 0.181414
vt 0.813449 0.189125
vt 0.887694 0.805809
vt 0.892651 0.799144
vt 0.899908 0.798378
vt 0.0643373 0.187132
vt 0.0698997 0.175913
vt 0.0866484 0.180983
vt 0.0866484 0.180983
vt 0.0698997 0.175913
vt 0.0942391 0.17615
vt 0.0186852 0.0729313
vt 0.0004554 0.0782167
vt 0.0028097 0.0668572
vt 0.0517236 0.176321
vt 0.0698997 0.175913
vt 0.0471226 0.182613
vt 0.0158683 0.549605
vt 0.0104028 0.55056
vt 0.0129457 0.56013
vt 0.0221845 0.0547584
vt 0.0189129 0.0630805
vt 0.0129286 0.0522664
vt 0.0642077 0.69889
vt 0.0600011 0.686864
vt 0.0505464 0.69889
vt 0.0189129 0.0630805
vt 0.0028097 0.0668572
vt 0.0043383 0.0621297
vt 0.278274 0.536461
vt 0.266303 0.538882
vt 0.236883 0.539697
vt 0.0265064 0.178869
vt 0.0517236 0.176321
vt 0.0471226 0.182613
vt 0.0221845 0.0547584
vt 0.031557 0.0593139
vt 0.0189129 0.0630805
vt 0.0189129 0.0630805
vt 0.0186852 0.0729313
vt 0.0028097 0.0668572
vt 0.902878 0.807241
vt 0.908579 0.798172
vt 0.909385 0.800165
vt 0.0141773 0.525576
vt 0.0059199 0.540898
vt 0.0104028 0.55056
vt 0.0158683 0.549605
vt 0.0141773 0.525576
vt 0.0104028 0.55056
vt 0.0200006 0.529814
vt 0.0158683 0.549605
vt 0.0189656 0.541254
vt 0.033192 0.0625192
vt 0.0186852 0.0729313
vt 0.0189129 0.0630805
vt 0.0200006 0.529814
vt 0.0141773 0.525576
vt 0.0158683 0.549605
vt 0.033192 0.0625192
vt 0.0367732 0.0717939
vt 0.0186852 0.0729313
vt 0.0141773 0.525576
vt 0.0075125 0.521281
vt 0.0059199 0.540898
vt 0.0190741 0.512971
vt 0.0141773 0.525576
vt 0.0200006 0.529814
vt 0.0190741 0.512971
vt 0.0200006 0.529814
vt 0.0250517 0.513342
vt 0.0505615 0.0577011
vt 0.0512018 0.0651098
vt 0.033192 0.0625192
vt 0.033192 0.0625192
vt 0.0512018 0.0651098
vt 0.0482232 0.0714055
vt 0.033192 0.0625192
vt 0.0482232 0.0714055
vt 0.0367732 0.0717939
vt 0.0190741 0.512971
vt 0.011789 0.508847
vt 0.0141773 0.525576
vt 0.0190741 0.512971
vt 0.0250517 0.513342
vt 0.0248992 0.499399
vt 0.0190741 0.512971
vt 0.0129707 0.496683
vt 0.011789 0.508847
vt 0.0512018 0.0651098
vt 0.0641401 0.0710053
vt 0.0482232 0.0714055
vt 0.0190741 0.512971
vt 0.0195889 0.495895
vt 0.0129707 0.496683
vt 0.0190741 0.512971
vt 0.0248992 0.499399
vt 0.0195889 0.495895
vt 0.0512018 0.0651098
vt 0.068765 0.0619614
vt 0.0641401 0.0710053
vt 0.068765 0.0619614
vt 0.0780137 0.0655676
vt 0.0641401 0.0710053
vt 0.0194833 0.481267
vt 0.0129707 0.496683
vt 0.0195889 0.495895
vt 0.0194833 0.481267
vt 0.0134013 0.471973
vt 0.0129707 0.496683
vt 0.0194833 0.481267
vt 0.0206614 0.469141
vt 0.0134013 0.471973
vt 0.0926526 0.0644775
vt 0.0970021 0.0706972
vt 0.0839574 0.072075
vt 0.0926526 0.0644775
vt 0.0839574 0.072075
vt 0.0780137 0.0655676
vt 0.0206614 0.469141
vt 0.0193281 0.453944
vt 0.0134013 0.471973
vt 0.0193281 0.453944
vt 0.0206614 0.469141
vt 0.0257036 0.457389
vt 0.0193281 0.453944
vt 0.012952 0.45361
vt 0.0134013 0.471973
vt 0.114918 0.0648369
vt 0.11689 0.0716207
vt 0.0926526 0.0644775
vt 0.0926526 0.0644775
vt 0.11689 0.0716207
vt 0.0970021 0.0706972
vt 0.11689 0.0716207
vt 0.0996863 0.077587
vt 0.0970021 0.0706972
vt 0.0194458 0.434209
vt 0.01269 0.438614
vt 0.0193281 0.453944
vt 0.0193281 0.453944
vt 0.01269 0.438614
vt 0.012952 0.45361
vt 0.0194458 0.434209
vt 0.0134439 0.428157
vt 0.01269 0.438614
vt 0.130603 0.0638815
vt 0.133478 0.0721474
vt 0.114918 0.0648369
vt 0.114918 0.0648369
vt 0.133478 0.0721474
vt 0.11689 0.0716207
vt 0.0194458 0.434209
vt 0.0201643 0.420838
vt 0.0136492 0.417171
vt 0.0194458 0.434209
vt 0.0136492 0.417171
vt 0.0134439 0.428157
vt 0.130603 0.0638815
vt 0.14188 0.0649219
vt 0.133478 0.0721474
vt 0.14188 0.0649219
vt 0.14858 0.0723203
vt 0.133478 0.0721474
vt 0.0201643 0.420838
vt 0.0183466 0.411816
vt 0.0136492 0.417171
vt 0.0201643 0.420838
vt 0.0254569 0.410018
vt 0.0183466 0.411816
vt 0.0183466 0.411816
vt 0.0254569 0.410018
vt 0.0193689 0.400945
vt 0.14188 0.0649219
vt 0.155474 0.0692868
vt 0.14858 0.0723203
vt 0.0183466 0.411816
vt 0.0116163 0.402469
vt 0.0136492 0.417171
vt 0.0193689 0.400945
vt 0.0116163 0.402469
vt 0.0183466 0.411816
vt 0.15736 0.0602318
vt 0.169712 0.0710399
vt 0.155474 0.0692868
vt 0.169712 0.0710399
vt 0.14858 0.0723203
vt 0.155474 0.0692868
vt 0.0193689 0.400945
vt 0.0191938 0.3889
vt 0.0069833 0.394758
vt 0.0193689 0.400945
vt 0.0069833 0.394758
vt 0.0116163 0.402469
vt 0.0191938 0.3889
vt 0.008484 0.386196
vt 0.0069833 0.394758
vt 0.174475 0.0598503
vt 0.183151 0.0666165
vt 0.169712 0.0710399
vt 0.0191938 0.3889
vt 0.0096608 0.376643
vt 0.008484 0.386196
vt 0.182959 0.0587984
vt 0.183151 0.0666165
vt 0.174475 0.0598503
vt 0.183151 0.0666165
vt 0.180322 0.0715465
vt 0.169712 0.0710399
vt 0.0188174 0.362377
vt 0.0132382 0.364193
vt 0.0191938 0.3889
vt 0.0191938 0.3889
vt 0.0132382 0.364193
vt 0.0096608 0.376643
vt 0.192375 0.0581532
vt 0.2025 0.0664715
vt 0.182959 0.0587984
vt 0.182959 0.0587984
vt 0.2025 0.0664715
vt 0.183151 0.0666165
vt 0.2025 0.0664715
vt 0.195092 0.0729306
vt 0.183151 0.0666165
vt 0.183151 0.0666165
vt 0.195092 0.0729306
vt 0.180322 0.0715465
vt 0.195092 0.0729306
vt 0.181744 0.0766629
vt 0.180322 0.0715465
vt 0.192375 0.0581532
vt 0.204894 0.0556672
vt 0.2025 0.0664715
vt 0.812562 0.0284265
vt 0.81752 0.0269255
vt 0.817052 0.0242921
vt 0.812562 0.0284265
vt 0.810792 0.0327187
vt 0.81752 0.0269255
vt 0.817052 0.0242921
vt 0.81752 0.0269255
vt 0.827784 0.0217391
vt 0.81752 0.0269255
vt 0.810792 0.0327187
vt 0.832553 0.0259222
vt 0.827784 0.0217391
vt 0.81752 0.0269255
vt 0.832553 0.0259222
vt 0.2025 0.0664715
vt 0.205143 0.072288
vt 0.195092 0.0729306
vt 0.168551 0.399389
vt 0.130132 0.407362
vt 0.143323 0.395927
vt 0.446232 0.710222
vt 0.427013 0.725819
vt 0.439995 0.707703
vt 0.434342 0.695151
vt 0.406722 0.706313
vt 0.430373 0.682473
vt 0.972102 0.886761
vt 0.974351 0.904699
vt 0.974582 0.886535
vt 0.400222 0.697989
vt 0.387425 0.682886
vt 0.406967 0.661202
vt 0.770733 0.94149
vt 0.781757 0.940483
vt 0.781485 0.94465
vt 0.974582 0.886535
vt 0.975521 0.856533
vt 0.971211 0.862723
vt 0.972102 0.886761
vt 0.974582 0.886535
vt 0.971211 0.862723
vt 0.971211 0.862723
vt 0.975521 0.856533
vt 0.976092 0.832738
vt 0.97043 0.842719
vt 0.976092 0.832738
vt 0.971114 0.82212
vt 0.976092 0.832738
vt 0.975788 0.79784
vt 0.971114 0.82212
vt 0.971114 0.82212
vt 0.975788 0.79784
vt 0.970851 0.796968
vt 0.970851 0.796968
vt 0.975788 0.79784
vt 0.975985 0.777638
vt 0.975985 0.777638
vt 0.97089 0.774092
vt 0.970851 0.796968
vt 0.97089 0.774092
vt 0.975985 0.777638
vt 0.975059 0.757807
vt 0.975059 0.757807
vt 0.975955 0.74079
vt 0.972872 0.745069
vt 0.829243 0.331383
vt 0.828474 0.319391
vt 0.830146 0.325921
vt 0.825731 0.791069
vt 0.824111 0.782919
vt 0.834229 0.775208
vt 0.825731 0.791069
vt 0.834229 0.775208
vt 0.83133 0.791127
vt 0.972872 0.745069
vt 0.974067 0.726714
vt 0.970597 0.735315
vt 0.972872 0.745069
vt 0.975955 0.74079
vt 0.974067 0.726714
vt 0.83133 0.791127
vt 0.834229 0.775208
vt 0.835026 0.7878
vt 0.0398065 0.884412
vt 0.0455532 0.878981
vt 0.0459475 0.888602
vt 0.0459475 0.888602
vt 0.0455532 0.878981
vt 0.0556635 0.883203
vt 0.0556635 0.883203
vt 0.0658429 0.880244
vt 0.0636075 0.888838
vt 0.0658429 0.880244
vt 0.0819006 0.881662
vt 0.0636075 0.888838
vt 0.0636075 0.888838
vt 0.0819006 0.881662
vt 0.0909225 0.884679
vt 0.108681 0.88163
vt 0.139995 0.882688
vt 0.10846 0.889199
vt 0.10846 0.889199
vt 0.139995 0.882688
vt 0.157655 0.887088
vt 0.157655 0.887088
vt 0.139995 0.882688
vt 0.203915 0.885289
vt 0.139995 0.882688
vt 0.203042 0.882629
vt 0.203915 0.885289
vt 0.203915 0.885289
vt 0.22287 0.879692
vt 0.21631 0.888814
vt 0.21631 0.888814
vt 0.22287 0.879692
vt 0.228925 0.883726
vt 0.719743 0.883287
vt 0.71546 0.879522
vt 0.722317 0.87597
vt 0.497723 0.741084
vt 0.491784 0.742828
vt 0.495871 0.748844
vt 0.497723 0.756032
vt 0.495871 0.748844
vt 0.492565 0.764683
vt 0.497723 0.756032
vt 0.492565 0.764683
vt 0.496435 0.768277
vt 0.170906 0.177362
vt 0.272987 0.177744
vt 0.279614 0.185651
vt 0.279614 0.185651
vt 0.272987 0.177744
vt 0.321764 0.178902
vt 0.341155 0.179532
vt 0.351987 0.186149
vt 0.349046 0.187199
vt 0.422099 0.186574
vt 0.378158 0.179197
vt 0.491582 0.179595
vt 0.556037 0.185042
vt 0.491582 0.179595
vt 0.560315 0.179723
vt 0.556037 0.185042
vt 0.560315 0.179723
vt 0.638111 0.180676
vt 0.760867 0.181414
vt 0.832835 0.183814
vt 0.813449 0.189125
vt 0.892651 0.799144
vt 0.897089 0.792313
vt 0.899908 0.798378
vt 0.0866484 0.180983
vt 0.0942391 0.17615
vt 0.170906 0.177362
vt 0.369631 0.186959
vt 0.378158 0.179197
vt 0.375399 0.186391
vt 0.0230188 0.552222
vt 0.0254428 0.531384
vt 0.0189656 0.541254
vt 0.0189656 0.541254
vt 0.0254428 0.531384
vt 0.0200006 0.529814
vt 0.0314244 0.078116
vt 0.0158063 0.0788319
vt 0.0186852 0.0729313
vt 0.0200006 0.529814
vt 0.0254428 0.531384
vt 0.0250517 0.513342
vt 0.0641401 0.0710053
vt 0.0617706 0.0770682
vt 0.0482232 0.0714055
vt 0.0248992 0.499399
vt 0.0256084 0.477562
vt 0.0195889 0.495895
vt 0.0248992 0.499399
vt 0.0272145 0.493234
vt 0.0256084 0.477562
vt 0.239147 0.5085
vt 0.222235 0.504431
vt 0.229371 0.494833
vt 0.0256084 0.477562
vt 0.0206614 0.469141
vt 0.0194833 0.481267
vt 0.222295 0.482426
vt 0.229371 0.494833
vt 0.209388 0.493056
vt 0.0206614 0.469141
vt 0.0256084 0.477562
vt 0.0257036 0.457389
vt 0.0257036 0.457389
vt 0.0257347 0.442259
vt 0.0193281 0.453944
vt 0.11689 0.0716207
vt 0.12067 0.0779018
vt 0.0996863 0.077587
vt 0.0257347 0.442259
vt 0.0258291 0.428353
vt 0.0194458 0.434209
vt 0.0258291 0.428353
vt 0.0201643 0.420838
vt 0.0194458 0.434209
vt 0.11689 0.0716207
vt 0.133478 0.0721474
vt 0.12067 0.0779018
vt 0.0201643 0.420838
vt 0.0258291 0.428353
vt 0.0254569 0.410018
vt 0.0254569 0.410018
vt 0.0253833 0.396655
vt 0.0193689 0.400945
vt 0.0253833 0.396655
vt 0.0191938 0.3889
vt 0.0193689 0.400945
vt 0.169712 0.0710399
vt 0.162917 0.0773399
vt 0.14858 0.0723203
vt 0.169712 0.0710399
vt 0.181744 0.0766629
vt 0.162917 0.0773399
vt 0.0251602 0.381522
vt 0.0243915 0.364531
vt 0.0188174 0.362377
vt 0.0251602 0.381522
vt 0.0188174 0.362377
vt 0.0191938 0.3889
vt 0.0251602 0.381522
vt 0.0261456 0.368926
vt 0.0243915 0.364531
vt 0.0243915 0.364531
vt 0.0231564 0.360231
vt 0.0188174 0.362377
vt 0.149511 0.431556
vt 0.141479 0.420422
vt 0.168551 0.399389
vt 0.195092 0.0729306
vt 0.203336 0.0767957
vt 0.181744 0.0766629
vt 0.168551 0.399389
vt 0.141479 0.420422
vt 0.130132 0.407362
vt 0.755997 0.107386
vt 0.738961 0.107469
vt 0.757397 0.0972503
vt 0.974351 0.904699
vt 0.985379 0.90518
vt 0.985282 0.888781
vt 0.974351 0.904699
vt 0.985282 0.888781
vt 0.974582 0.886535
vt 0.406967 0.661202
vt 0.387425 0.682886
vt 0.373329 0.667905
vt 0.976092 0.832738
vt 0.985885 0.810266
vt 0.975788 0.79784
vt 0.358094 0.651724
vt 0.342909 0.637137
vt 0.373625 0.630535
vt 0.373625 0.630535
vt 0.342909 0.637137
vt 0.355948 0.621498
vt 0.355948 0.621498
vt 0.336972 0.63049
vt 0.351397 0.61401
vt 0.351397 0.61401
vt 0.336972 0.63049
vt 0.332273 0.625253
vt 0.351397 0.61401
vt 0.332273 0.625253
vt 0.342322 0.613914
vt 0.342322 0.613914
vt 0.332273 0.625253
vt 0.332275 0.605734
vt 0.316899 0.607876
vt 0.307097 0.614678
vt 0.324871 0.597482
vt 0.324871 0.597482
vt 0.307097 0.614678
vt 0.299103 0.607498
vt 0.975059 0.757807
vt 0.984659 0.765728
vt 0.975955 0.74079
vt 0.0455532 0.878981
vt 0.0480044 0.873003
vt 0.0556635 0.883203
vt 0.0556635 0.883203
vt 0.0573615 0.870732
vt 0.0658429 0.880244
vt 0.975955 0.74079
vt 0.98622 0.731256
vt 0.974067 0.726714
vt 0.0373744 0.873384
vt 0.040198 0.872665
vt 0.0398065 0.884412
vt 0.0372387 0.886141
vt 0.0373744 0.873384
vt 0.0398065 0.884412
vt 0.0398065 0.884412
vt 0.040198 0.872665
vt 0.0455532 0.878981
vt 0.0819006 0.881662
vt 0.0918999 0.876282
vt 0.0909225 0.884679
vt 0.0909225 0.884679
vt 0.0918999 0.876282
vt 0.108681 0.88163
vt 0.108681 0.88163
vt 0.13598 0.878462
vt 0.139995 0.882688
vt 0.139995 0.882688
vt 0.13598 0.878462
vt 0.203042 0.882629
vt 0.13598 0.878462
vt 0.207956 0.877691
vt 0.203042 0.882629
vt 0.203042 0.882629
vt 0.207956 0.877691
vt 0.22287 0.879692
vt 0.22287 0.879692
vt 0.237544 0.877902
vt 0.228925 0.883726
vt 0.228925 0.883726
vt 0.237544 0.877902
vt 0.234012 0.880846
vt 0.491784 0.742828
vt 0.487366 0.750066
vt 0.495871 0.748844
vt 0.495871 0.748844
vt 0.487366 0.750066
vt 0.492565 0.764683
vt 0.492565 0.764683
vt 0.488654 0.769233
vt 0.496435 0.768277
vt 0.193615 0.167522
vt 0.272987 0.177744
vt 0.170906 0.177362
vt 0.272987 0.177744
vt 0.287227 0.168164
vt 0.321764 0.178902
vt 0.321764 0.178902
vt 0.335336 0.171125
vt 0.341155 0.179532
vt 0.37993 0.171355
vt 0.491033 0.172975
vt 0.491582 0.179595
vt 0.378158 0.179197
vt 0.37993 0.171355
vt 0.491582 0.179595
vt 0.491033 0.172975
vt 0.560315 0.179723
vt 0.491582 0.179595
vt 0.560315 0.179723
vt 0.577749 0.173812
vt 0.638111 0.180676
vt 0.638111 0.180676
vt 0.577749 0.173812
vt 0.66467 0.174857
vt 0.638111 0.180676
vt 0.66467 0.174857
vt 0.760867 0.181414
vt 0.66467 0.174857
vt 0.761962 0.175428
vt 0.760867 0.181414
vt 0.761962 0.175428
vt 0.832319 0.175186
vt 0.760867 0.181414
vt 0.760867 0.181414
vt 0.832319 0.175186
vt 0.832835 0.183814
vt 0.170906 0.177362
vt 0.0942391 0.17615
vt 0.105499 0.166822
vt 0.0517236 0.176321
vt 0.0471575 0.166871
vt 0.0698997 0.175913
vt 0.899908 0.798378
vt 0.908579 0.798172
vt 0.902878 0.807241
vt 0.0265064 0.178869
vt 0.0471575 0.166871
vt 0.0517236 0.176321
vt 0.0230188 0.552222
vt 0.0321823 0.54706
vt 0.0254428 0.531384
vt 0.0020595 0.179296
vt 0.0200095 0.166682
vt 0.0265064 0.178869
vt 0.0004554 0.177894
vt 0.0015572 0.166625
vt 0.0020595 0.179296
vt 0.0015572 0.166625
vt 0.0200095 0.166682
vt 0.0020595 0.179296
vt 0.264969 0.517826
vt 0.236883 0.539697
vt 0.254968 0.509124
vt 0.0250517 0.513342
vt 0.0272145 0.493234
vt 0.0248992 0.499399
vt 0.241482 0.517367
vt 0.233654 0.516756
vt 0.239147 0.5085
vt 0.239147 0.5085
vt 0.233654 0.516756
vt 0.222235 0.504431
vt 0.222235 0.504431
vt 0.216568 0.49857
vt 0.229371 0.494833
vt 0.229371 0.494833
vt 0.216568 0.49857
vt 0.209388 0.493056
vt 0.222295 0.482426
vt 0.209388 0.493056
vt 0.215413 0.461814
vt 0.215413 0.461814
vt 0.209388 0.493056
vt 0.194067 0.471654
vt 0.20003 0.448888
vt 0.194067 0.471654
vt 0.184355 0.435195
vt 0.0261456 0.368926
vt 0.0251602 0.381522
vt 0.0344563 0.369669
vt 0.0243915 0.364531
vt 0.0349922 0.359389
vt 0.0231564 0.360231
vt 0.810792 0.0327187
vt 0.837052 0.0405145
vt 0.832553 0.0259222
vt 0.738961 0.107469
vt 0.738617 0.0971878
vt 0.757397 0.0972503
vt 0.757397 0.0972503
vt 0.738617 0.0971878
vt 0.754896 0.0901474
vt 0.738617 0.0971878
vt 0.738346 0.0777017
vt 0.754896 0.0901474
vt 0.754896 0.0901474
vt 0.738346 0.0777017
vt 0.755656 0.0758319
vt 0.755656 0.0758319
vt 0.738346 0.0777017
vt 0.766458 0.0601455
vt 0.766458 0.0601455
vt 0.738346 0.0777017
vt 0.7376 0.0599313
vt 0.422319 0.721136
vt 0.415243 0.716151
vt 0.434342 0.695151
vt 0.769146 0.944839
vt 0.781485 0.94465
vt 0.767567 0.955759
vt 0.974582 0.886535
vt 0.985282 0.888781
vt 0.98424 0.870479
vt 0.974582 0.886535
vt 0.98424 0.870479
vt 0.975521 0.856533
vt 0.799629 0.945638
vt 0.812126 0.956984
vt 0.795891 0.956509
vt 0.975521 0.856533
vt 0.98424 0.870479
vt 0.976092 0.832738
vt 0.98424 0.870479
vt 0.986114 0.82824
vt 0.976092 0.832738
vt 0.815608 0.945819
vt 0.83827 0.944414
vt 0.840001 0.956839
vt 0.976092 0.832738
vt 0.986114 0.82824
vt 0.985885 0.810266
vt 0.850784 0.944173
vt 0.861096 0.956447
vt 0.840001 0.956839
vt 0.975788 0.79784
vt 0.985885 0.810266
vt 0.986258 0.787824
vt 0.355948 0.621498
vt 0.342909 0.637137
vt 0.336972 0.63049
vt 0.861795 0.946146
vt 0.877614 0.956098
vt 0.861096 0.956447
vt 0.975788 0.79784
vt 0.986258 0.787824
vt 0.975985 0.777638
vt 0.986258 0.787824
vt 0.984659 0.765728
vt 0.975985 0.777638
vt 0.332275 0.605734
vt 0.332273 0.625253
vt 0.323486 0.614728
vt 0.984659 0.765728
vt 0.975059 0.757807
vt 0.975985 0.777638
vt 0.975955 0.74079
vt 0.984659 0.765728
vt 0.98622 0.731256
vt 0.82286 0.776592
vt 0.828254 0.759925
vt 0.824111 0.782919
vt 0.0480044 0.873003
vt 0.0573615 0.870732
vt 0.0556635 0.883203
vt 0.0573615 0.870732
vt 0.0701446 0.869955
vt 0.0658429 0.880244
vt 0.0701446 0.869955
vt 0.0918999 0.876282
vt 0.0658429 0.880244
vt 0.0658429 0.880244
vt 0.0918999 0.876282
vt 0.0819006 0.881662
vt 0.0918999 0.876282
vt 0.0928962 0.86971
vt 0.108681 0.88163
vt 0.108681 0.88163
vt 0.0928962 0.86971
vt 0.108929 0.870527
vt 0.108681 0.88163
vt 0.108929 0.870527
vt 0.13598 0.878462
vt 0.13598 0.878462
vt 0.108929 0.870527
vt 0.14555 0.870153
vt 0.649568 0.32228
vt 0.60653 0.332445
vt 0.604836 0.322942
vt 0.604836 0.322942
vt 0.60653 0.332445
vt 0.550972 0.325366
vt 0.519709 0.322063
vt 0.509439 0.333394
vt 0.471462 0.32262
vt 0.509439 0.333394
vt 0.466132 0.333423
vt 0.471462 0.32262
vt 0.464536 0.323174
vt 0.458289 0.33507
vt 0.463214 0.323088
vt 0.14555 0.870153
vt 0.188581 0.870585
vt 0.13598 0.878462
vt 0.13598 0.878462
vt 0.188581 0.870585
vt 0.207956 0.877691
vt 0.207956 0.877691
vt 0.224276 0.869643
vt 0.22287 0.879692
vt 0.224276 0.869643
vt 0.233931 0.873378
vt 0.237544 0.877902
vt 0.22287 0.879692
vt 0.224276 0.869643
vt 0.237544 0.877902
vt 0.237544 0.877902
vt 0.233931 0.873378
vt 0.239071 0.871041
vt 0.486728 0.735564
vt 0.481311 0.744925
vt 0.491784 0.742828
vt 0.491784 0.742828
vt 0.481311 0.744925
vt 0.487366 0.750066
vt 0.193615 0.167522
vt 0.287227 0.168164
vt 0.272987 0.177744
vt 0.287227 0.168164
vt 0.335336 0.171125
vt 0.321764 0.178902
vt 0.491033 0.172975
vt 0.577749 0.173812
vt 0.560315 0.179723
vt 0.0698997 0.175913
vt 0.0805965 0.165989
vt 0.0942391 0.17615
vt 0.0805965 0.165989
vt 0.105499 0.166822
vt 0.0942391 0.17615
vt 0.105499 0.166822
vt 0.193615 0.167522
vt 0.170906 0.177362
vt 0.335336 0.171125
vt 0.336263 0.170362
vt 0.341155 0.179532
vt 0.832319 0.175186
vt 0.832686 0.169658
vt 0.832835 0.183814
vt 0.901126 0.780687
vt 0.904155 0.77719
vt 0.899908 0.798378
vt 0.897089 0.792313
vt 0.901126 0.780687
vt 0.899908 0.798378
vt 0.0471575 0.166871
vt 0.0638698 0.166071
vt 0.0698997 0.175913
vt 0.0698997 0.175913
vt 0.0638698 0.166071
vt 0.0805965 0.165989
vt 0.266303 0.538882
vt 0.256206 0.545885
vt 0.236883 0.539697
vt 0.899908 0.798378
vt 0.904155 0.77719
vt 0.908579 0.798172
vt 0.0265064 0.178869
vt 0.0200095 0.166682
vt 0.0471575 0.166871
vt 0.0254428 0.531384
vt 0.0321823 0.54706
vt 0.0340278 0.511936
vt 0.0254428 0.531384
vt 0.0340278 0.511936
vt 0.0250517 0.513342
vt 0.0272145 0.493234
vt 0.0340278 0.511936
vt 0.0349672 0.48486
vt 0.0272145 0.493234
vt 0.0349672 0.48486
vt 0.0256084 0.477562
vt 0.0256084 0.477562
vt 0.0349672 0.48486
vt 0.0345128 0.466011
vt 0.0256084 0.477562
vt 0.0345128 0.466011
vt 0.0257036 0.457389
vt 0.0257036 0.457389
vt 0.0345128 0.466011
vt 0.0327586 0.44534
vt 0.0257036 0.457389
vt 0.0327586 0.44534
vt 0.0257347 0.442259
vt 0.0257347 0.442259
vt 0.0327586 0.44534
vt 0.0258291 0.428353
vt 0.0258291 0.428353
vt 0.0327586 0.44534
vt 0.0349755 0.420349
vt 0.0258291 0.428353
vt 0.0349755 0.420349
vt 0.0349041 0.399355
vt 0.0258291 0.428353
vt 0.0349041 0.399355
vt 0.0254569 0.410018
vt 0.194067 0.471654
vt 0.166753 0.451849
vt 0.184355 0.435195
vt 0.0254569 0.410018
vt 0.0349041 0.399355
vt 0.0344563 0.369669
vt 0.0254569 0.410018
vt 0.0344563 0.369669
vt 0.0253833 0.396655
vt 0.184355 0.435195
vt 0.166753 0.451849
vt 0.149511 0.431556
vt 0.0253833 0.396655
vt 0.0344563 0.369669
vt 0.0251602 0.381522
vt 0.0261456 0.368926
vt 0.0344563 0.369669
vt 0.0351606 0.361753
vt 0.0261456 0.368926
vt 0.0351606 0.361753
vt 0.0243915 0.364531
vt 0.0243915 0.364531
vt 0.0351606 0.361753
vt 0.0349922 0.359389
vt 0.810792 0.0327187
vt 0.810109 0.0443354
vt 0.837052 0.0405145
vt 0.832553 0.0259222
vt 0.837052 0.0405145
vt 0.839253 0.0363247
vt 0.832553 0.0259222
vt 0.839253 0.0363247
vt 0.836789 0.0281104
vt 0.985282 0.888781
vt 0.986714 0.871046
vt 0.98424 0.870479
vt 0.986714 0.871046
vt 0.986114 0.82824
vt 0.98424 0.870479
vt 0.986258 0.787824
vt 0.987031 0.764302
vt 0.984659 0.765728
vt 0.82286 0.776592
vt 0.824063 0.767953
vt 0.828254 0.759925
vt 0.984659 0.765728
vt 0.987031 0.764302
vt 0.98622 0.731256
vt 0.0480044 0.873003
vt 0.040198 0.872665
vt 0.0514741 0.868402
vt 0.0480044 0.873003
vt 0.0514741 0.868402
vt 0.0573615 0.870732
vt 0.0701446 0.869955
vt 0.0928962 0.86971
vt 0.0918999 0.876282
vt 0.188581 0.870585
vt 0.211093 0.869605
vt 0.207956 0.877691
vt 0.207956 0.877691
vt 0.211093 0.869605
vt 0.224276 0.869643
vt 0.224276 0.869643
vt 0.230372 0.86807
vt 0.233931 0.873378
vt 0.230372 0.86807
vt 0.239071 0.871041
vt 0.233931 0.873378
vt 0.482679 0.733897
vt 0.477141 0.736403
vt 0.486728 0.735564
vt 0.486728 0.735564
vt 0.477141 0.736403
vt 0.481311 0.744925
vt 0.487366 0.750066
vt 0.472834 0.764421
vt 0.492565 0.764683
vt 0.492565 0.764683
vt 0.472834 0.764421
vt 0.488654 0.769233
vt 0.335336 0.171125
vt 0.287227 0.168164
vt 0.330909 0.167126
vt 0.335336 0.171125
vt 0.330909 0.167126
vt 0.335943 0.165698
vt 0.379533 0.168235
vt 0.419168 0.167913
vt 0.37993 0.171355
vt 0.37993 0.171355
vt 0.419168 0.167913
vt 0.491033 0.172975
vt 0.491033 0.172975
vt 0.419168 0.167913
vt 0.506908 0.168236
vt 0.491033 0.172975
vt 0.506908 0.168236
vt 0.566522 0.168908
vt 0.491033 0.172975
vt 0.566522 0.168908
vt 0.577749 0.173812
vt 0.577749 0.173812
vt 0.566522 0.168908
vt 0.624964 0.169247
vt 0.577749 0.173812
vt 0.624964 0.169247
vt 0.66467 0.174857
vt 0.66467 0.174857
vt 0.624964 0.169247
vt 0.729078 0.169862
vt 0.66467 0.174857
vt 0.729078 0.169862
vt 0.761962 0.175428
vt 0.761962 0.175428
vt 0.729078 0.169862
vt 0.808369 0.16985
vt 0.761962 0.175428
vt 0.808369 0.16985
vt 0.832319 0.175186
vt 0.832319 0.175186
vt 0.808369 0.16985
vt 0.832686 0.169658
vt 0.105499 0.166822
vt 0.180744 0.165996
vt 0.193615 0.167522
vt 0.335336 0.171125
vt 0.335943 0.165698
vt 0.336263 0.170362
vt 0.0321823 0.54706
vt 0.0369869 0.547591
vt 0.0364633 0.540092
vt 0.0321823 0.54706
vt 0.0364633 0.540092
vt 0.0340278 0.511936
vt 0.236883 0.539697
vt 0.241482 0.517367
vt 0.254968 0.509124
vt 0.0384673 0.0871449
vt 0.0632262 0.0841609
vt 0.0619884 0.0879292
vt 0.0345128 0.466011
vt 0.0358903 0.450793
vt 0.0327586 0.44534
vt 0.0327586 0.44534
vt 0.0358903 0.450793
vt 0.0349755 0.420349
vt 0.985282 0.888781
vt 0.995202 0.877834
vt 0.986714 0.871046
vt 0.986714 0.871046
vt 0.996256 0.851432
vt 0.986114 0.82824
vt 0.986114 0.82824
vt 0.996003 0.816606
vt 0.985885 0.810266
vt 0.986258 0.787824
vt 0.995325 0.799575
vt 0.996221 0.781212
vt 0.986258 0.787824
vt 0.996221 0.781212
vt 0.987031 0.764302
vt 0.987031 0.764302
vt 0.997329 0.737257
vt 0.98622 0.731256
vt 0.828254 0.759925
vt 0.836462 0.754533
vt 0.834229 0.775208
vt 0.824111 0.782919
vt 0.828254 0.759925
vt 0.834229 0.775208
vt 0.040198 0.872665
vt 0.0478008 0.861597
vt 0.0514741 0.868402
vt 0.0514741 0.868402
vt 0.0654028 0.862883
vt 0.0573615 0.870732
vt 0.0573615 0.870732
vt 0.0654028 0.862883
vt 0.0701446 0.869955
vt 0.836462 0.754533
vt 0.838483 0.763824
vt 0.834229 0.775208
vt 0.0373744 0.873384
vt 0.0371964 0.861246
vt 0.0400337 0.862142
vt 0.0373744 0.873384
vt 0.0400337 0.862142
vt 0.040198 0.872665
vt 0.0400337 0.862142
vt 0.0478008 0.861597
vt 0.040198 0.872665
vt 0.0701446 0.869955
vt 0.0939092 0.863053
vt 0.0928962 0.86971
vt 0.0928962 0.86971
vt 0.0939092 0.863053
vt 0.108929 0.870527
vt 0.0939092 0.863053
vt 0.109261 0.8624
vt 0.108929 0.870527
vt 0.108929 0.870527
vt 0.109261 0.8624
vt 0.14555 0.870153
vt 0.14555 0.870153
vt 0.148315 0.862734
vt 0.188581 0.870585
vt 0.188581 0.870585
vt 0.148315 0.862734
vt 0.193904 0.864769
vt 0.188581 0.870585
vt 0.193904 0.864769
vt 0.211093 0.869605
vt 0.193904 0.864769
vt 0.213833 0.862424
vt 0.211093 0.869605
vt 0.211093 0.869605
vt 0.213833 0.862424
vt 0.224276 0.869643
vt 0.224276 0.869643
vt 0.225196 0.86249
vt 0.230372 0.86807
vt 0.480802 0.731907
vt 0.477141 0.736403
vt 0.482679 0.733897
vt 0.480802 0.731907
vt 0.482679 0.733897
vt 0.487024 0.728492
vt 0.481311 0.744925
vt 0.473412 0.748027
vt 0.487366 0.750066
vt 0.487366 0.750066
vt 0.473412 0.748027
vt 0.472834 0.764421
vt 0.472834 0.764421
vt 0.473673 0.771144
vt 0.488654 0.769233
vt 0.488654 0.769233
vt 0.473673 0.771144
vt 0.489348 0.772896
vt 0.193615 0.167522
vt 0.256472 0.158548
vt 0.287227 0.168164
vt 0.37767 0.159909
vt 0.419168 0.167913
vt 0.379533 0.168235
vt 0.566522 0.168908
vt 0.599068 0.161676
vt 0.624964 0.169247
vt 0.0508029 0.157215
vt 0.0721249 0.157003
vt 0.0638698 0.166071
vt 0.0638698 0.166071
vt 0.0721249 0.157003
vt 0.0805965 0.165989
vt 0.256206 0.545885
vt 0.251328 0.554156
vt 0.236883 0.539697
vt 0.0471575 0.166871
vt 0.0165044 0.156605
vt 0.0508029 0.157215
vt 0.0471575 0.166871
vt 0.0508029 0.157215
vt 0.0638698 0.166071
vt 0.0471575 0.166871
vt 0.0200095 0.166682
vt 0.0165044 0.156605
vt 0.908579 0.798172
vt 0.912148 0.770682
vt 0.913024 0.787753
vt 0.0015572 0.166625
vt 0.0165044 0.156605
vt 0.0200095 0.166682
vt 0.0364633 0.540092
vt 0.0435152 0.524556
vt 0.0340278 0.511936
vt 0.0384673 0.0871449
vt 0.0325181 0.0964951
vt 0.019452 0.0881724
vt 0.0435152 0.524556
vt 0.0436395 0.511528
vt 0.0340278 0.511936
vt 0.241482 0.517367
vt 0.229002 0.530024
vt 0.233654 0.516756
vt 0.0340278 0.511936
vt 0.0435838 0.499037
vt 0.0349672 0.48486
vt 0.0358903 0.450793
vt 0.0436605 0.426573
vt 0.0349755 0.420349
vt 0.141772 0.0866988
vt 0.127595 0.0956671
vt 0.122058 0.0867605
vt 0.0349755 0.420349
vt 0.0437057 0.41231
vt 0.0349041 0.399355
vt 0.043715 0.381913
vt 0.0437929 0.367409
vt 0.0344563 0.369669
vt 0.837052 0.0405145
vt 0.839253 0.047538
vt 0.839253 0.0363247
vt 0.422319 0.721136
vt 0.392194 0.741505
vt 0.415243 0.716151
vt 0.996883 0.904366
vt 0.996994 0.897035
vt 0.985282 0.888781
vt 0.985282 0.888781
vt 0.996994 0.897035
vt 0.995202 0.877834
vt 0.400222 0.697989
vt 0.370815 0.696612
vt 0.387425 0.682886
vt 0.387425 0.682886
vt 0.370815 0.696612
vt 0.373329 0.667905
vt 0.995202 0.877834
vt 0.996256 0.851432
vt 0.986714 0.871046
vt 0.332273 0.625253
vt 0.313078 0.624192
vt 0.323486 0.614728
vt 0.316899 0.607876
vt 0.313078 0.624192
vt 0.307097 0.614678
vt 0.0514741 0.868402
vt 0.0624406 0.856675
vt 0.0654028 0.862883
vt 0.997329 0.737257
vt 0.995174 0.727964
vt 0.98622 0.731256
vt 0.0701446 0.869955
vt 0.0654028 0.862883
vt 0.0939092 0.863053
vt 0.0050658 0.314074
vt 0.0055145 0.295134
vt 0.0057134 0.305098
vt 0.109261 0.8624
vt 0.148315 0.862734
vt 0.14555 0.870153
vt 0.148315 0.862734
vt 0.189717 0.858931
vt 0.193904 0.864769
vt 0.193904 0.864769
vt 0.189717 0.858931
vt 0.213833 0.862424
vt 0.213833 0.862424
vt 0.222249 0.857856
vt 0.225196 0.86249
vt 0.213833 0.862424
vt 0.225196 0.86249
vt 0.224276 0.869643
vt 0.474197 0.733039
vt 0.477141 0.736403
vt 0.480802 0.731907
vt 0.472156 0.740351
vt 0.473412 0.748027
vt 0.481311 0.744925
vt 0.477141 0.736403
vt 0.472156 0.740351
vt 0.481311 0.744925
vt 0.629445 0.914979
vt 0.624923 0.905755
vt 0.644414 0.906914
vt 0.180744 0.165996
vt 0.16516 0.15812
vt 0.193615 0.167522
vt 0.193615 0.167522
vt 0.16516 0.15812
vt 0.256472 0.158548
vt 0.287227 0.168164
vt 0.256472 0.158548
vt 0.339958 0.158358
vt 0.287227 0.168164
vt 0.339958 0.158358
vt 0.330909 0.167126
vt 0.330909 0.167126
vt 0.339958 0.158358
vt 0.335943 0.165698
vt 0.419168 0.167913
vt 0.37767 0.159909
vt 0.427941 0.158692
vt 0.427941 0.158692
vt 0.503239 0.160926
vt 0.419168 0.167913
vt 0.419168 0.167913
vt 0.503239 0.160926
vt 0.506908 0.168236
vt 0.506908 0.168236
vt 0.503239 0.160926
vt 0.566522 0.168908
vt 0.503239 0.160926
vt 0.561288 0.159014
vt 0.566522 0.168908
vt 0.566522 0.168908
vt 0.561288 0.159014
vt 0.599068 0.161676
vt 0.624964 0.169247
vt 0.599068 0.161676
vt 0.713543 0.162612
vt 0.624964 0.169247
vt 0.713543 0.162612
vt 0.729078 0.169862
vt 0.713543 0.162612
vt 0.763455 0.161749
vt 0.729078 0.169862
vt 0.729078 0.169862
vt 0.763455 0.161749
vt 0.808369 0.16985
vt 0.808369 0.16985
vt 0.763455 0.161749
vt 0.829584 0.162662
vt 0.808369 0.16985
vt 0.829584 0.162662
vt 0.832686 0.169658
vt 0.829584 0.162662
vt 0.832878 0.15864
vt 0.832686 0.169658
vt 0.591495 0.915928
vt 0.583243 0.903737
vt 0.604052 0.909264
vt 0.0805965 0.165989
vt 0.0721249 0.157003
vt 0.105499 0.166822
vt 0.105499 0.166822
vt 0.0721249 0.157003
vt 0.0979349 0.156318
vt 0.0979349 0.156318
vt 0.16516 0.15812
vt 0.180744 0.165996
vt 0.105499 0.166822
vt 0.0979349 0.156318
vt 0.180744 0.165996
vt 0.0369869 0.547591
vt 0.0441065 0.551837
vt 0.0425651 0.54855
vt 0.560984 0.915505
vt 0.562787 0.903894
vt 0.569383 0.912361
vt 0.0369869 0.547591
vt 0.0425651 0.54855
vt 0.0364633 0.540092
vt 0.904155 0.77719
vt 0.912148 0.770682
vt 0.908579 0.798172
vt 0.0425651 0.54855
vt 0.044343 0.536588
vt 0.0364633 0.540092
vt 0.0009909 0.149445
vt 0.0021449 0.152467
vt 0.0015572 0.166625
vt 0.0015572 0.166625
vt 0.0021449 0.152467
vt 0.0165044 0.156605
vt 0.0364633 0.540092
vt 0.044343 0.536588
vt 0.0435152 0.524556
vt 0.233654 0.516756
vt 0.229002 0.530024
vt 0.221043 0.525249
vt 0.233654 0.516756
vt 0.221043 0.525249
vt 0.222235 0.504431
vt 0.0435838 0.499037
vt 0.0445841 0.486047
vt 0.0349672 0.48486
vt 0.222235 0.504431
vt 0.205811 0.511835
vt 0.216568 0.49857
vt 0.0349672 0.48486
vt 0.0445841 0.486047
vt 0.0444335 0.469006
vt 0.0349672 0.48486
vt 0.0444335 0.469006
vt 0.0345128 0.466011
vt 0.216568 0.49857
vt 0.205811 0.511835
vt 0.198767 0.504031
vt 0.216568 0.49857
vt 0.198767 0.504031
vt 0.209388 0.493056
vt 0.0345128 0.466011
vt 0.0444335 0.469006
vt 0.0358903 0.450793
vt 0.0444335 0.469006
vt 0.0446345 0.444989
vt 0.0358903 0.450793
vt 0.209388 0.493056
vt 0.177715 0.485686
vt 0.194067 0.471654
vt 0.0358903 0.450793
vt 0.0446345 0.444989
vt 0.0436605 0.426573
vt 0.194067 0.471654
vt 0.177715 0.485686
vt 0.166753 0.451849
vt 0.0437057 0.41231
vt 0.0442948 0.396694
vt 0.0349041 0.399355
vt 0.0442948 0.396694
vt 0.043715 0.381913
vt 0.0349041 0.399355
vt 0.0344563 0.369669
vt 0.0437929 0.367409
vt 0.0351606 0.361753
vt 0.0351606 0.361753
vt 0.0437929 0.367409
vt 0.0444708 0.360544
vt 0.0351606 0.361753
vt 0.0444708 0.360544
vt 0.0349922 0.359389
vt 0.810109 0.0443354
vt 0.814198 0.0526555
vt 0.822869 0.0538689
vt 0.810109 0.0443354
vt 0.822869 0.0538689
vt 0.837052 0.0405145
vt 0.738961 0.107469
vt 0.713888 0.107526
vt 0.738617 0.0971878
vt 0.738617 0.0971878
vt 0.718233 0.0969509
vt 0.738346 0.0777017
vt 0.718233 0.0969509
vt 0.72362 0.0761424
vt 0.738346 0.0777017
vt 0.738346 0.0777017
vt 0.72362 0.0761424
vt 0.7376 0.0599313
vt 0.996994 0.897035
vt 0.998721 0.883442
vt 0.995202 0.877834
vt 0.995202 0.877834
vt 0.998721 0.883442
vt 0.999545 0.865434
vt 0.373329 0.667905
vt 0.370815 0.696612
vt 0.362847 0.691869
vt 0.995202 0.877834
vt 0.999545 0.865434
vt 0.996256 0.851432
vt 0.335095 0.950652
vt 0.343604 0.94634
vt 0.353782 0.951372
vt 0.342909 0.637137
vt 0.358094 0.651724
vt 0.328571 0.648087
vt 0.342909 0.637137
vt 0.328571 0.648087
vt 0.336972 0.63049
vt 0.386176 0.951382
vt 0.386473 0.946156
vt 0.40435 0.951023
vt 0.320826 0.643379
vt 0.319445 0.635273
vt 0.332273 0.625253
vt 0.336972 0.63049
vt 0.320826 0.643379
vt 0.332273 0.625253
vt 0.332273 0.625253
vt 0.319445 0.635273
vt 0.313078 0.624192
vt 0.40435 0.951023
vt 0.408961 0.947199
vt 0.426476 0.951434
vt 0.426476 0.951434
vt 0.408961 0.947199
vt 0.419947 0.947072
vt 0.827245 0.310235
vt 0.824511 0.294972
vt 0.827636 0.300648
vt 0.0478008 0.861597
vt 0.0624406 0.856675
vt 0.0514741 0.868402
vt 0.295367 0.58514
vt 0.299103 0.607498
vt 0.281109 0.593547
vt 0.0400337 0.862142
vt 0.0451285 0.853261
vt 0.0478008 0.861597
vt 0.0654028 0.862883
vt 0.0624406 0.856675
vt 0.0939092 0.863053
vt 0.995174 0.727964
vt 0.997329 0.737257
vt 0.999545 0.725192
vt 0.0371964 0.861246
vt 0.0392678 0.853307
vt 0.0400337 0.862142
vt 0.0624406 0.856675
vt 0.0891353 0.8567
vt 0.0939092 0.863053
vt 0.0939092 0.863053
vt 0.0891353 0.8567
vt 0.109261 0.8624
vt 0.0821328 0.117946
vt 0.0777194 0.120945
vt 0.0733151 0.122572
vt 0.0891353 0.8567
vt 0.102127 0.851309
vt 0.109261 0.8624
vt 0.109261 0.8624
vt 0.102127 0.851309
vt 0.108411 0.854129
vt 0.109261 0.8624
vt 0.108411 0.854129
vt 0.148315 0.862734
vt 0.148315 0.862734
vt 0.108411 0.854129
vt 0.153495 0.855957
vt 0.148315 0.862734
vt 0.153495 0.855957
vt 0.189717 0.858931
vt 0.189717 0.858931
vt 0.199803 0.852755
vt 0.213833 0.862424
vt 0.213833 0.862424
vt 0.199803 0.852755
vt 0.222249 0.857856
vt 0.469428 0.734514
vt 0.477141 0.736403
vt 0.474197 0.733039
vt 0.469428 0.734514
vt 0.472156 0.740351
vt 0.477141 0.736403
vt 0.472156 0.740351
vt 0.469428 0.734514
vt 0.468721 0.745724
vt 0.472156 0.740351
vt 0.468721 0.745724
vt 0.473412 0.748027
vt 0.473412 0.748027
vt 0.468721 0.745724
vt 0.468579 0.763894
vt 0.473412 0.748027
vt 0.468579 0.763894
vt 0.472834 0.764421
vt 0.472834 0.764421
vt 0.468579 0.763894
vt 0.4695 0.771005
vt 0.472834 0.764421
vt 0.4695 0.771005
vt 0.473673 0.771144
vt 0.16516 0.15812
vt 0.150352 0.153625
vt 0.209506 0.155355
vt 0.16516 0.15812
vt 0.209506 0.155355
vt 0.256472 0.158548
vt 0.209506 0.155355
vt 0.303992 0.155593
vt 0.256472 0.158548
vt 0.256472 0.158548
vt 0.303992 0.155593
vt 0.339958 0.158358
vt 0.37767 0.159909
vt 0.37607 0.156613
vt 0.427941 0.158692
vt 0.503239 0.160926
vt 0.427941 0.158692
vt 0.505767 0.155041
vt 0.505767 0.155041
vt 0.561288 0.159014
vt 0.503239 0.160926
vt 0.599068 0.161676
vt 0.561288 0.159014
vt 0.619831 0.158257
vt 0.599068 0.161676
vt 0.619831 0.158257
vt 0.713543 0.162612
vt 0.713543 0.162612
vt 0.619831 0.158257
vt 0.710715 0.158169
vt 0.710715 0.158169
vt 0.763455 0.161749
vt 0.713543 0.162612
vt 0.763455 0.161749
vt 0.832878 0.15864
vt 0.829584 0.162662
vt 0.901126 0.780687
vt 0.897592 0.769696
vt 0.904155 0.77719
vt 0.0508029 0.157215
vt 0.0565186 0.152579
vt 0.0721249 0.157003
vt 0.0441065 0.551837
vt 0.044343 0.536588
vt 0.0425651 0.54855
vt 0.0435152 0.524556
vt 0.0501567 0.513242
vt 0.0436395 0.511528
vt 0.221043 0.525249
vt 0.205811 0.511835
vt 0.222235 0.504431
vt 0.106412 0.934909
vt 0.119326 0.927817
vt 0.123706 0.932187
vt 0.198767 0.504031
vt 0.177715 0.485686
vt 0.209388 0.493056
vt 0.822869 0.0538689
vt 0.836879 0.0519059
vt 0.837052 0.0405145
vt 0.141479 0.420422
vt 0.121199 0.443322
vt 0.130132 0.407362
vt 0.837052 0.0405145
vt 0.836879 0.0519059
vt 0.839253 0.047538
vt 0.130132 0.407362
vt 0.121199 0.443322
vt 0.112783 0.426578
vt 0.422319 0.721136
vt 0.403637 0.741172
vt 0.392194 0.741505
vt 0.283504 0.947319
vt 0.285357 0.939864
vt 0.290651 0.948127
vt 0.321449 0.94719
vt 0.343604 0.94634
vt 0.335095 0.950652
vt 0.353782 0.951372
vt 0.343604 0.94634
vt 0.364864 0.9464
vt 0.373329 0.667905
vt 0.33911 0.670353
vt 0.358094 0.651724
vt 0.364864 0.9464
vt 0.386473 0.946156
vt 0.369352 0.950775
vt 0.358094 0.651724
vt 0.33911 0.670353
vt 0.328571 0.648087
vt 0.328571 0.648087
vt 0.320826 0.643379
vt 0.336972 0.63049
vt 0.386473 0.946156
vt 0.408961 0.947199
vt 0.40435 0.951023
vt 0.419947 0.947072
vt 0.431174 0.942131
vt 0.437379 0.950557
vt 0.426476 0.951434
vt 0.419947 0.947072
vt 0.437379 0.950557
vt 0.437379 0.950557
vt 0.431174 0.942131
vt 0.447485 0.946761
vt 0.447485 0.946761
vt 0.459502 0.945068
vt 0.459932 0.949836
vt 0.447891 0.951372
vt 0.447485 0.946761
vt 0.459932 0.949836
vt 0.0451285 0.853261
vt 0.0523253 0.851745
vt 0.0478008 0.861597
vt 0.0478008 0.861597
vt 0.0523253 0.851745
vt 0.0624406 0.856675
vt 0.0371964 0.861246
vt 0.0368852 0.849799
vt 0.0392678 0.853307
vt 0.0392678 0.853307
vt 0.0451285 0.853261
vt 0.0400337 0.862142
vt 0.0624406 0.856675
vt 0.0635951 0.851847
vt 0.0891353 0.8567
vt 0.459932 0.949836
vt 0.459502 0.945068
vt 0.463858 0.946074
vt 0.108411 0.854129
vt 0.153733 0.849635
vt 0.153495 0.855957
vt 0.153495 0.855957
vt 0.153733 0.849635
vt 0.199803 0.852755
vt 0.153495 0.855957
vt 0.199803 0.852755
vt 0.189717 0.858931
vt 0.42938 0.906868
vt 0.442261 0.903434
vt 0.452583 0.907956
vt 0.442261 0.903434
vt 0.449334 0.89821
vt 0.452583 0.907956
vt 0.449334 0.89821
vt 0.453324 0.895807
vt 0.452583 0.907956
vt 0.449334 0.89821
vt 0.449603 0.887391
vt 0.453324 0.895807
vt 0.449603 0.887391
vt 0.454918 0.877208
vt 0.453324 0.895807
vt 0.449603 0.887391
vt 0.450888 0.875757
vt 0.454918 0.877208
vt 0.449603 0.887391
vt 0.44476 0.875974
vt 0.450888 0.875757
vt 0.44476 0.875974
vt 0.446172 0.869684
vt 0.450888 0.875757
vt 0.450888 0.875757
vt 0.454289 0.869975
vt 0.454918 0.877208
vt 0.446172 0.869684
vt 0.454289 0.869975
vt 0.450888 0.875757
vt 0.303992 0.155593
vt 0.323319 0.149009
vt 0.353676 0.149446
vt 0.303992 0.155593
vt 0.353676 0.149446
vt 0.339958 0.158358
vt 0.18597 0.90148
vt 0.198123 0.911229
vt 0.193668 0.908584
vt 0.561288 0.159014
vt 0.505767 0.155041
vt 0.560419 0.151184
vt 0.560419 0.151184
vt 0.619313 0.154109
vt 0.561288 0.159014
vt 0.832878 0.15864
vt 0.800753 0.154949
vt 0.832525 0.150974
vt 0.607562 0.918049
vt 0.596915 0.929232
vt 0.582797 0.922023
vt 0.0914446 0.147139
vt 0.150352 0.153625
vt 0.0979349 0.156318
vt 0.150352 0.153625
vt 0.215047 0.149947
vt 0.209506 0.155355
vt 0.209506 0.155355
vt 0.215047 0.149947
vt 0.303992 0.155593
vt 0.619831 0.158257
vt 0.561288 0.159014
vt 0.619313 0.154109
vt 0.619831 0.158257
vt 0.619313 0.154109
vt 0.710715 0.158169
vt 0.710715 0.158169
vt 0.800753 0.154949
vt 0.763455 0.161749
vt 0.763455 0.161749
vt 0.800753 0.154949
vt 0.832878 0.15864
vt 0.897592 0.769696
vt 0.900521 0.761522
vt 0.904155 0.77719
vt 0.0721249 0.157003
vt 0.0565186 0.152579
vt 0.0728395 0.146312
vt 0.0721249 0.157003
vt 0.0728395 0.146312
vt 0.0979349 0.156318
vt 0.904155 0.77719
vt 0.900521 0.761522
vt 0.912148 0.770682
vt 0.0508029 0.157215
vt 0.0325502 0.148213
vt 0.0565186 0.152579
vt 0.18775 0.929771
vt 0.20218 0.92557
vt 0.193074 0.935708
vt 0.0165044 0.156605
vt 0.0325502 0.148213
vt 0.0508029 0.157215
vt 0.0021449 0.152467
vt 0.0026755 0.14675
vt 0.0165044 0.156605
vt 0.0009909 0.149445
vt 0.0026755 0.14675
vt 0.0021449 0.152467
vt 0.236883 0.539697
vt 0.22038 0.54746
vt 0.241482 0.517367
vt 0.119326 0.927817
vt 0.142564 0.927673
vt 0.123706 0.932187
vt 0.149511 0.431556
vt 0.121199 0.443322
vt 0.141479 0.420422
vt 0.814198 0.0526555
vt 0.820958 0.0568917
vt 0.822869 0.0538689
vt 0.822869 0.0538689
vt 0.829244 0.0564421
vt 0.836879 0.0519059
vt 0.415243 0.716151
vt 0.389425 0.73482
vt 0.406722 0.706313
vt 0.336416 0.934978
vt 0.343237 0.938542
vt 0.321309 0.938971
vt 0.362847 0.691869
vt 0.33911 0.670353
vt 0.373329 0.667905
vt 0.368843 0.939686
vt 0.372766 0.933928
vt 0.384786 0.939926
vt 0.372766 0.933928
vt 0.388651 0.933857
vt 0.384786 0.939926
vt 0.384786 0.939926
vt 0.388651 0.933857
vt 0.403018 0.936644
vt 0.431174 0.942131
vt 0.421908 0.934618
vt 0.439124 0.935778
vt 0.824511 0.294972
vt 0.823991 0.286656
vt 0.827636 0.300648
vt 0.828254 0.759925
vt 0.835294 0.747759
vt 0.836462 0.754533
vt 0.0624406 0.856675
vt 0.0523253 0.851745
vt 0.0635951 0.851847
vt 0.838483 0.763824
vt 0.836462 0.754533
vt 0.845421 0.754917
vt 0.0451285 0.853261
vt 0.0455881 0.845317
vt 0.0523253 0.851745
vt 0.0368852 0.849799
vt 0.0395973 0.845345
vt 0.0392678 0.853307
vt 0.0392678 0.853307
vt 0.0395973 0.845345
vt 0.0451285 0.853261
vt 0.0635951 0.851847
vt 0.102127 0.851309
vt 0.0891353 0.8567
vt 0.0635951 0.851847
vt 0.0646397 0.845641
vt 0.102127 0.851309
vt 0.0777194 0.120945
vt 0.0821328 0.117946
vt 0.0874659 0.119895
vt 0.102127 0.851309
vt 0.153733 0.849635
vt 0.108411 0.854129
vt 0.383071 0.904728
vt 0.422859 0.903338
vt 0.42938 0.906868
vt 0.422859 0.903338
vt 0.425621 0.894009
vt 0.42938 0.906868
vt 0.425621 0.894009
vt 0.439071 0.89626
vt 0.42938 0.906868
vt 0.42938 0.906868
vt 0.439071 0.89626
vt 0.442261 0.903434
vt 0.442261 0.903434
vt 0.439071 0.89626
vt 0.449334 0.89821
vt 0.439071 0.89626
vt 0.443531 0.886769
vt 0.449334 0.89821
vt 0.439071 0.89626
vt 0.43491 0.881212
vt 0.443531 0.886769
vt 0.443531 0.886769
vt 0.449603 0.887391
vt 0.449334 0.89821
vt 0.43491 0.881212
vt 0.44476 0.875974
vt 0.443531 0.886769
vt 0.443531 0.886769
vt 0.44476 0.875974
vt 0.449603 0.887391
vt 0.43491 0.881212
vt 0.43385 0.873042
vt 0.44476 0.875974
vt 0.43385 0.873042
vt 0.438198 0.868162
vt 0.446172 0.869684
vt 0.43385 0.873042
vt 0.446172 0.869684
vt 0.44476 0.875974
vt 0.343735 0.862146
vt 0.337317 0.85148
vt 0.359105 0.853993
vt 0.343735 0.862146
vt 0.359105 0.853993
vt 0.361508 0.861868
vt 0.359105 0.853993
vt 0.405778 0.860466
vt 0.361508 0.861868
vt 0.337317 0.85148
vt 0.324677 0.860304
vt 0.313047 0.852725
vt 0.162708 0.147814
vt 0.248801 0.14344
vt 0.215047 0.149947
vt 0.248801 0.14344
vt 0.284302 0.14933
vt 0.215047 0.149947
vt 0.353676 0.149446
vt 0.340672 0.142895
vt 0.366548 0.149289
vt 0.371648 0.151726
vt 0.366548 0.149289
vt 0.434702 0.15019
vt 0.434702 0.15019
vt 0.519477 0.147846
vt 0.505767 0.155041
vt 0.505767 0.155041
vt 0.519477 0.147846
vt 0.560419 0.151184
vt 0.560419 0.151184
vt 0.59727 0.14763
vt 0.619313 0.154109
vt 0.619313 0.154109
vt 0.59727 0.14763
vt 0.727079 0.148156
vt 0.619313 0.154109
vt 0.727079 0.148156
vt 0.800753 0.154949
vt 0.727079 0.148156
vt 0.832525 0.150974
vt 0.800753 0.154949
vt 0.897592 0.769696
vt 0.895057 0.760724
vt 0.900521 0.761522
vt 0.150352 0.153625
vt 0.0914446 0.147139
vt 0.162708 0.147814
vt 0.249561 0.56062
vt 0.247545 0.561623
vt 0.251328 0.554156
vt 0.0565186 0.152579
vt 0.053665 0.145838
vt 0.0728395 0.146312
vt 0.0325502 0.148213
vt 0.053665 0.145838
vt 0.0565186 0.152579
vt 0.22038 0.54746
vt 0.222501 0.539944
vt 0.229002 0.530024
vt 0.241482 0.517367
vt 0.22038 0.54746
vt 0.229002 0.530024
vt 0.229002 0.530024
vt 0.215373 0.53776
vt 0.221043 0.525249
vt 0.177715 0.485686
vt 0.14822 0.473823
vt 0.166753 0.451849
vt 0.166753 0.451849
vt 0.14822 0.473823
vt 0.149511 0.431556
vt 0.149511 0.431556
vt 0.14822 0.473823
vt 0.131257 0.455018
vt 0.713888 0.107526
vt 0.709033 0.0973979
vt 0.738617 0.0971878
vt 0.738617 0.0971878
vt 0.709033 0.0973979
vt 0.718233 0.0969509
vt 0.389425 0.73482
vt 0.382079 0.728569
vt 0.406722 0.706313
vt 0.406722 0.706313
vt 0.382079 0.728569
vt 0.400222 0.697989
vt 0.382079 0.728569
vt 0.377021 0.716618
vt 0.400222 0.697989
vt 0.400222 0.697989
vt 0.377021 0.716618
vt 0.370815 0.696612
vt 0.319445 0.635273
vt 0.302266 0.643095
vt 0.313078 0.624192
vt 0.307097 0.614678
vt 0.299788 0.629988
vt 0.29533 0.620636
vt 0.29533 0.620636
vt 0.281324 0.623901
vt 0.307097 0.614678
vt 0.307097 0.614678
vt 0.281324 0.623901
vt 0.299103 0.607498
vt 0.836462 0.754533
vt 0.847402 0.746413
vt 0.845421 0.754917
vt 0.0455881 0.845317
vt 0.0537574 0.844126
vt 0.0523253 0.851745
vt 0.0523253 0.851745
vt 0.0537574 0.844126
vt 0.0635951 0.851847
vt 0.0537574 0.844126
vt 0.0646397 0.845641
vt 0.0635951 0.851847
vt 0.847402 0.746413
vt 0.853577 0.749703
vt 0.845421 0.754917
vt 0.0451285 0.853261
vt 0.0395973 0.845345
vt 0.0455881 0.845317
vt 0.265483 0.907956
vt 0.266052 0.897969
vt 0.268499 0.903625
vt 0.293635 0.906947
vt 0.320328 0.895959
vt 0.331609 0.900497
vt 0.0646397 0.845641
vt 0.102714 0.844716
vt 0.102127 0.851309
vt 0.102127 0.851309
vt 0.102714 0.844716
vt 0.153733 0.849635
vt 0.331609 0.900497
vt 0.368138 0.897949
vt 0.383071 0.904728
vt 0.383071 0.904728
vt 0.368138 0.897949
vt 0.412694 0.895954
vt 0.383071 0.904728
vt 0.412694 0.895954
vt 0.422859 0.903338
vt 0.412694 0.895954
vt 0.425621 0.894009
vt 0.422859 0.903338
vt 0.425621 0.894009
vt 0.42927 0.886304
vt 0.439071 0.89626
vt 0.42927 0.886304
vt 0.43491 0.881212
vt 0.439071 0.89626
vt 0.42927 0.886304
vt 0.422767 0.877217
vt 0.43491 0.881212
vt 0.422767 0.877217
vt 0.43385 0.873042
vt 0.43491 0.881212
vt 0.370443 0.869333
vt 0.361508 0.861868
vt 0.389546 0.871258
vt 0.389546 0.871258
vt 0.418736 0.867145
vt 0.422767 0.877217
vt 0.422767 0.877217
vt 0.418736 0.867145
vt 0.43385 0.873042
vt 0.361508 0.861868
vt 0.418736 0.867145
vt 0.389546 0.871258
vt 0.15668 0.842583
vt 0.186657 0.837539
vt 0.245961 0.844705
vt 0.245961 0.844705
vt 0.186657 0.837539
vt 0.234745 0.839774
vt 0.340672 0.142895
vt 0.378105 0.143139
vt 0.366548 0.149289
vt 0.519477 0.147846
vt 0.378105 0.143139
vt 0.55649 0.144888
vt 0.55649 0.144888
vt 0.570584 0.140027
vt 0.59727 0.14763
vt 0.0728395 0.146312
vt 0.091014 0.13784
vt 0.0914446 0.147139
vt 0.0914446 0.147139
vt 0.091014 0.13784
vt 0.158166 0.142564
vt 0.0914446 0.147139
vt 0.158166 0.142564
vt 0.162708 0.147814
vt 0.248801 0.14344
vt 0.340672 0.142895
vt 0.284302 0.14933
vt 0.284302 0.14933
vt 0.340672 0.142895
vt 0.323319 0.149009
vt 0.249174 0.564185
vt 0.247545 0.561623
vt 0.249561 0.56062
vt 0.580847 0.929168
vt 0.582797 0.922023
vt 0.596915 0.929232
vt 0.0325502 0.148213
vt 0.0243453 0.141355
vt 0.053665 0.145838
vt 0.0026755 0.14675
vt 0.0243453 0.141355
vt 0.0325502 0.148213
vt 0.251328 0.554156
vt 0.247545 0.561623
vt 0.236883 0.539697
vt 0.221043 0.525249
vt 0.201843 0.532723
vt 0.205811 0.511835
vt 0.205811 0.511835
vt 0.187428 0.521419
vt 0.198767 0.504031
vt 0.149511 0.431556
vt 0.131257 0.455018
vt 0.121199 0.443322
vt 0.718233 0.0969509
vt 0.708549 0.0763445
vt 0.72362 0.0761424
vt 0.708549 0.0763445
vt 0.709231 0.0600479
vt 0.72362 0.0761424
vt 0.72362 0.0761424
vt 0.709231 0.0600479
vt 0.7376 0.0599313
vt 0.415243 0.716151
vt 0.392194 0.741505
vt 0.389425 0.73482
vt 0.33911 0.670353
vt 0.31466 0.656088
vt 0.328571 0.648087
vt 0.328571 0.648087
vt 0.31466 0.656088
vt 0.320826 0.643379
vt 0.319445 0.635273
vt 0.320826 0.643379
vt 0.302266 0.643095
vt 0.836462 0.754533
vt 0.835294 0.747759
vt 0.847402 0.746413
vt 0.282608 0.905338
vt 0.293958 0.90204
vt 0.293635 0.906947
vt 0.293958 0.90204
vt 0.320328 0.895959
vt 0.293635 0.906947
vt 0.266052 0.897969
vt 0.268415 0.894527
vt 0.268499 0.903625
vt 0.268415 0.894527
vt 0.275135 0.892498
vt 0.268499 0.903625
vt 0.0874659 0.119895
vt 0.0821328 0.117946
vt 0.098816 0.122572
vt 0.320328 0.895959
vt 0.339587 0.892705
vt 0.331609 0.900497
vt 0.331609 0.900497
vt 0.339587 0.892705
vt 0.368138 0.897949
vt 0.339587 0.892705
vt 0.361117 0.890291
vt 0.366245 0.892867
vt 0.339587 0.892705
vt 0.366245 0.892867
vt 0.368138 0.897949
vt 0.368138 0.897949
vt 0.366245 0.892867
vt 0.412694 0.895954
vt 0.361117 0.890291
vt 0.384692 0.887281
vt 0.366245 0.892867
vt 0.366245 0.892867
vt 0.384692 0.887281
vt 0.412694 0.895954
vt 0.384692 0.887281
vt 0.420396 0.890392
vt 0.412694 0.895954
vt 0.412694 0.895954
vt 0.420396 0.890392
vt 0.425621 0.894009
vt 0.420396 0.890392
vt 0.42927 0.886304
vt 0.425621 0.894009
vt 0.361117 0.890291
vt 0.367026 0.881568
vt 0.384692 0.887281
vt 0.384692 0.887281
vt 0.420514 0.882699
vt 0.420396 0.890392
vt 0.367026 0.881568
vt 0.374512 0.87938
vt 0.384692 0.887281
vt 0.384692 0.887281
vt 0.374512 0.87938
vt 0.420514 0.882699
vt 0.420396 0.890392
vt 0.420514 0.882699
vt 0.42927 0.886304
vt 0.374512 0.87938
vt 0.339533 0.871879
vt 0.379349 0.875402
vt 0.374512 0.87938
vt 0.379349 0.875402
vt 0.422767 0.877217
vt 0.374512 0.87938
vt 0.422767 0.877217
vt 0.420514 0.882699
vt 0.420514 0.882699
vt 0.422767 0.877217
vt 0.42927 0.886304
vt 0.339533 0.871879
vt 0.370443 0.869333
vt 0.379349 0.875402
vt 0.370443 0.869333
vt 0.389546 0.871258
vt 0.379349 0.875402
vt 0.379349 0.875402
vt 0.389546 0.871258
vt 0.422767 0.877217
vt 0.315121 0.869095
vt 0.324677 0.860304
vt 0.339533 0.871879
vt 0.339533 0.871879
vt 0.324677 0.860304
vt 0.343735 0.862146
vt 0.339533 0.871879
vt 0.343735 0.862146
vt 0.370443 0.869333
vt 0.186657 0.837539
vt 0.195624 0.835118
vt 0.199985 0.837492
vt 0.199985 0.837492
vt 0.202764 0.829106
vt 0.234745 0.839774
vt 0.566876 0.140854
vt 0.570584 0.140027
vt 0.55649 0.144888
vt 0.26838 0.861261
vt 0.268411 0.850756
vt 0.270855 0.851026
vt 0.26838 0.861261
vt 0.270855 0.851026
vt 0.270595 0.860361
vt 0.887339 0.754124
vt 0.891203 0.751415
vt 0.895057 0.760724
vt 0.270855 0.851026
vt 0.275811 0.853556
vt 0.270595 0.860361
vt 0.300042 0.858182
vt 0.313047 0.852725
vt 0.324677 0.860304
vt 0.249548 0.570498
vt 0.247545 0.561623
vt 0.249174 0.564185
vt 0.895057 0.760724
vt 0.891203 0.751415
vt 0.900521 0.761522
vt 0.287596 0.853647
vt 0.286589 0.848315
vt 0.297306 0.849372
vt 0.287596 0.853647
vt 0.297306 0.849372
vt 0.300042 0.858182
vt 0.300042 0.858182
vt 0.297306 0.849372
vt 0.313047 0.852725
vt 0.0675359 0.139708
vt 0.091014 0.13784
vt 0.0728395 0.146312
vt 0.0470986 0.13707
vt 0.0675359 0.139708
vt 0.053665 0.145838
vt 0.0243453 0.141355
vt 0.0470986 0.13707
vt 0.053665 0.145838
vt 0.900521 0.761522
vt 0.906931 0.755817
vt 0.912148 0.770682
vt 0.0009909 0.149445
vt 0.0030541 0.133779
vt 0.0026755 0.14675
vt 0.0026755 0.14675
vt 0.0030541 0.133779
vt 0.0243453 0.141355
vt 0.215373 0.53776
vt 0.201843 0.532723
vt 0.221043 0.525249
vt 0.201843 0.532723
vt 0.195233 0.52667
vt 0.205811 0.511835
vt 0.205811 0.511835
vt 0.195233 0.52667
vt 0.187428 0.521419
vt 0.198767 0.504031
vt 0.187428 0.521419
vt 0.177715 0.485686
vt 0.718233 0.0969509
vt 0.709033 0.0973979
vt 0.708549 0.0763445
vt 0.835294 0.747759
vt 0.8491 0.737929
vt 0.847402 0.746413
vt 0.282608 0.905338
vt 0.275135 0.892498
vt 0.283557 0.893949
vt 0.282608 0.905338
vt 0.29262 0.894896
vt 0.293958 0.90204
vt 0.847402 0.746413
vt 0.867871 0.745862
vt 0.853577 0.749703
vt 0.282608 0.905338
vt 0.283557 0.893949
vt 0.29262 0.894896
vt 0.29262 0.894896
vt 0.320328 0.895959
vt 0.293958 0.90204
vt 0.266052 0.897969
vt 0.267506 0.885299
vt 0.268415 0.894527
vt 0.266052 0.897969
vt 0.265768 0.882735
vt 0.267506 0.885299
vt 0.29262 0.894896
vt 0.317558 0.88989
vt 0.320328 0.895959
vt 0.268415 0.894527
vt 0.267506 0.885299
vt 0.275135 0.892498
vt 0.317558 0.88989
vt 0.339587 0.892705
vt 0.320328 0.895959
vt 0.317558 0.88989
vt 0.320903 0.883887
vt 0.339587 0.892705
vt 0.320903 0.883887
vt 0.336159 0.883904
vt 0.339587 0.892705
vt 0.339587 0.892705
vt 0.336159 0.883904
vt 0.361117 0.890291
vt 0.336159 0.883904
vt 0.367026 0.881568
vt 0.361117 0.890291
vt 0.401488 0.800451
vt 0.385967 0.790874
vt 0.434795 0.788321
vt 0.320903 0.883887
vt 0.321086 0.876259
vt 0.336128 0.877712
vt 0.320903 0.883887
vt 0.336128 0.877712
vt 0.336159 0.883904
vt 0.336159 0.883904
vt 0.336128 0.877712
vt 0.367026 0.881568
vt 0.462204 0.731267
vt 0.462204 0.743293
vt 0.460382 0.74094
vt 0.321086 0.876259
vt 0.339533 0.871879
vt 0.336128 0.877712
vt 0.878212 0.750048
vt 0.891203 0.751415
vt 0.887339 0.754124
vt 0.321086 0.876259
vt 0.315121 0.869095
vt 0.339533 0.871879
vt 0.26838 0.861261
vt 0.270595 0.860361
vt 0.268183 0.871476
vt 0.270595 0.860361
vt 0.278079 0.861617
vt 0.268183 0.871476
vt 0.102691 0.832516
vt 0.106303 0.826234
vt 0.155635 0.827065
vt 0.102691 0.832516
vt 0.155635 0.827065
vt 0.156395 0.837206
vt 0.647164 0.941927
vt 0.651335 0.933232
vt 0.654135 0.932046
vt 0.540901 0.837901
vt 0.542947 0.838425
vt 0.549227 0.844779
vt 0.851198 0.124443
vt 0.857466 0.129636
vt 0.858725 0.132469
vt 0.292442 0.861686
vt 0.300042 0.858182
vt 0.315121 0.869095
vt 0.315121 0.869095
vt 0.300042 0.858182
vt 0.324677 0.860304
vt 0.913425 0.197517
vt 0.917183 0.206157
vt 0.92243 0.194955
vt 0.275811 0.853556
vt 0.287596 0.853647
vt 0.278079 0.861617
vt 0.278079 0.861617
vt 0.287596 0.853647
vt 0.292442 0.861686
vt 0.292442 0.861686
vt 0.287596 0.853647
vt 0.300042 0.858182
vt 0.891203 0.751415
vt 0.906931 0.755817
vt 0.900521 0.761522
vt 0.187428 0.521419
vt 0.166897 0.513173
vt 0.177715 0.485686
vt 0.177715 0.485686
vt 0.166897 0.513173
vt 0.158308 0.502792
vt 0.362847 0.691869
vt 0.340297 0.705455
vt 0.33911 0.670353
vt 0.323227 0.679092
vt 0.31466 0.656088
vt 0.33911 0.670353
vt 0.320826 0.643379
vt 0.302951 0.650816
vt 0.302266 0.643095
vt 0.757272 0.826549
vt 0.756049 0.818455
vt 0.758158 0.810143
vt 0.847402 0.746413
vt 0.8491 0.737929
vt 0.867871 0.745862
vt 0.0969721 0.95571
vt 0.111665 0.951337
vt 0.100371 0.96081
vt 0.867871 0.745862
vt 0.8491 0.737929
vt 0.873317 0.74293
vt 0.275135 0.892498
vt 0.28833 0.886949
vt 0.283557 0.893949
vt 0.283557 0.893949
vt 0.28833 0.886949
vt 0.29262 0.894896
vt 0.29262 0.894896
vt 0.28833 0.886949
vt 0.317558 0.88989
vt 0.275135 0.892498
vt 0.278019 0.87921
vt 0.28833 0.886949
vt 0.265768 0.882735
vt 0.269355 0.876279
vt 0.267506 0.885299
vt 0.267506 0.885299
vt 0.269355 0.876279
vt 0.278019 0.87921
vt 0.267506 0.885299
vt 0.278019 0.87921
vt 0.275135 0.892498
vt 0.28833 0.886949
vt 0.295233 0.878312
vt 0.317558 0.88989
vt 0.295233 0.878312
vt 0.320903 0.883887
vt 0.317558 0.88989
vt 0.265768 0.882735
vt 0.268183 0.871476
vt 0.269355 0.876279
vt 0.867871 0.745862
vt 0.873317 0.74293
vt 0.878212 0.750048
vt 0.269355 0.876279
vt 0.279368 0.874235
vt 0.278019 0.87921
vt 0.295233 0.878312
vt 0.321086 0.876259
vt 0.320903 0.883887
vt 0.878212 0.750048
vt 0.873317 0.74293
vt 0.891203 0.751415
vt 0.269355 0.876279
vt 0.268183 0.871476
vt 0.279368 0.874235
vt 0.295233 0.878312
vt 0.290671 0.871479
vt 0.315121 0.869095
vt 0.295233 0.878312
vt 0.315121 0.869095
vt 0.321086 0.876259
vt 0.268183 0.871476
vt 0.278079 0.861617
vt 0.279368 0.874235
vt 0.105552 0.975551
vt 0.109078 0.982292
vt 0.102556 0.985661
vt 0.857466 0.129636
vt 0.86381 0.133775
vt 0.858725 0.132469
vt 0.278079 0.861617
vt 0.292442 0.861686
vt 0.290671 0.871479
vt 0.279368 0.874235
vt 0.278079 0.861617
vt 0.290671 0.871479
vt 0.290671 0.871479
vt 0.292442 0.861686
vt 0.315121 0.869095
vt 0.647164 0.941927
vt 0.643168 0.938332
vt 0.651335 0.933232
vt 0.92243 0.194955
vt 0.923856 0.211627
vt 0.930549 0.197476
vt 0.891203 0.751415
vt 0.873317 0.74293
vt 0.899771 0.74688
vt 0.643027 0.931799
vt 0.654135 0.932046
vt 0.651335 0.933232
vt 0.902472 0.215767
vt 0.912333 0.213389
vt 0.902502 0.204535
vt 0.902502 0.204535
vt 0.912333 0.213389
vt 0.913425 0.197517
vt 0.912333 0.213389
vt 0.917183 0.206157
vt 0.913425 0.197517
vt 0.917183 0.206157
vt 0.923856 0.211627
vt 0.92243 0.194955
vt 0.557184 0.140707
vt 0.561115 0.132098
vt 0.566876 0.140854
vt 0.561115 0.132098
vt 0.564944 0.130318
vt 0.566876 0.140854
vt 0.566876 0.140854
vt 0.564944 0.130318
vt 0.570584 0.140027
vt 0.891203 0.751415
vt 0.899771 0.74688
vt 0.906931 0.755817
vt 0.0032517 0.850601
vt 0.0023369 0.839189
vt 0.0255407 0.843058
vt 0.249548 0.570498
vt 0.236883 0.539697
vt 0.247545 0.561623
vt 0.236883 0.539697
vt 0.216723 0.566954
vt 0.22038 0.54746
vt 0.22038 0.54746
vt 0.211444 0.552377
vt 0.222501 0.539944
vt 0.222501 0.539944
vt 0.211444 0.552377
vt 0.215373 0.53776
vt 0.377021 0.716618
vt 0.348287 0.732064
vt 0.370815 0.696612
vt 0.370815 0.696612
vt 0.340297 0.705455
vt 0.362847 0.691869
vt 0.31466 0.656088
vt 0.302951 0.650816
vt 0.320826 0.643379
vt 0.281324 0.623901
vt 0.268854 0.624416
vt 0.299103 0.607498
vt 0.299103 0.607498
vt 0.268854 0.624416
vt 0.281109 0.593547
vt 0.281109 0.593547
vt 0.268854 0.624416
vt 0.266256 0.590251
vt 0.11202 0.958146
vt 0.100371 0.96081
vt 0.111665 0.951337
vt 0.649946 0.960574
vt 0.636989 0.95816
vt 0.647642 0.956045
vt 0.114247 0.965395
vt 0.102545 0.96428
vt 0.100371 0.96081
vt 0.102545 0.96428
vt 0.114247 0.965395
vt 0.105209 0.97313
vt 0.873317 0.74293
vt 0.8491 0.737929
vt 0.886328 0.739302
vt 0.28833 0.886949
vt 0.278019 0.87921
vt 0.286593 0.8782
vt 0.28833 0.886949
vt 0.286593 0.8782
vt 0.295233 0.878312
vt 0.647642 0.956045
vt 0.630181 0.949469
vt 0.645987 0.94894
vt 0.279368 0.874235
vt 0.286593 0.8782
vt 0.278019 0.87921
vt 0.645987 0.94894
vt 0.630181 0.949469
vt 0.647164 0.941927
vt 0.279368 0.874235
vt 0.290671 0.871479
vt 0.286593 0.8782
vt 0.286593 0.8782
vt 0.290671 0.871479
vt 0.295233 0.878312
vt 0.886328 0.739302
vt 0.899771 0.74688
vt 0.873317 0.74293
vt 0.643168 0.938332
vt 0.643027 0.931799
vt 0.651335 0.933232
vt 0.541147 0.127495
vt 0.557184 0.140707
vt 0.549332 0.139194
vt 0.109078 0.982292
vt 0.118006 0.983597
vt 0.102556 0.985661
vt 0.541147 0.127495
vt 0.547148 0.124421
vt 0.557184 0.140707
vt 0.902472 0.215767
vt 0.909739 0.220854
vt 0.912333 0.213389
vt 0.557184 0.140707
vt 0.554134 0.12542
vt 0.561115 0.132098
vt 0.564944 0.130318
vt 0.567291 0.120977
vt 0.570584 0.140027
vt 0.0255407 0.843058
vt 0.0023369 0.839189
vt 0.0171674 0.83198
vt 0.236883 0.539697
vt 0.249548 0.570498
vt 0.216723 0.566954
vt 0.215373 0.53776
vt 0.211444 0.552377
vt 0.196641 0.547613
vt 0.177715 0.485686
vt 0.158308 0.502792
vt 0.14822 0.473823
vt 0.14822 0.473823
vt 0.119252 0.475898
vt 0.131257 0.455018
vt 0.121199 0.443322
vt 0.0995429 0.444707
vt 0.112783 0.426578
vt 0.713888 0.107526
vt 0.692134 0.107744
vt 0.709033 0.0973979
vt 0.709033 0.0973979
vt 0.691518 0.0974205
vt 0.68913 0.0790029
vt 0.709033 0.0973979
vt 0.68913 0.0790029
vt 0.708549 0.0763445
vt 0.389425 0.73482
vt 0.36511 0.749356
vt 0.382079 0.728569
vt 0.340297 0.705455
vt 0.323227 0.679092
vt 0.33911 0.670353
vt 0.31466 0.656088
vt 0.303403 0.660655
vt 0.302951 0.650816
vt 0.302266 0.643095
vt 0.285055 0.637832
vt 0.299788 0.629988
vt 0.29533 0.620636
vt 0.280377 0.629893
vt 0.281324 0.623901
vt 0.758158 0.810143
vt 0.75718 0.802612
vt 0.758197 0.79635
vt 0.646344 0.964978
vt 0.636989 0.95816
vt 0.649946 0.960574
vt 0.636989 0.95816
vt 0.630181 0.949469
vt 0.647642 0.956045
vt 0.8491 0.737929
vt 0.862775 0.734043
vt 0.886328 0.739302
vt 0.105552 0.975551
vt 0.118006 0.983597
vt 0.109078 0.982292
vt 0.647164 0.941927
vt 0.627117 0.939521
vt 0.643168 0.938332
vt 0.886328 0.739302
vt 0.893891 0.741643
vt 0.899771 0.74688
vt 0.0171674 0.83198
vt 0.0134642 0.821494
vt 0.040132 0.83298
vt 0.547148 0.124421
vt 0.554134 0.12542
vt 0.557184 0.140707
vt 0.554134 0.12542
vt 0.556262 0.122649
vt 0.561115 0.132098
vt 0.561115 0.132098
vt 0.556262 0.122649
vt 0.564944 0.130318
vt 0.0031166 0.831324
vt 0.0171674 0.83198
vt 0.0023369 0.839189
vt 0.215373 0.53776
vt 0.196641 0.547613
vt 0.201843 0.532723
vt 0.201843 0.532723
vt 0.18972 0.54772
vt 0.195233 0.52667
vt 0.692134 0.107744
vt 0.691518 0.0974205
vt 0.709033 0.0973979
vt 0.708549 0.0763445
vt 0.692661 0.0594803
vt 0.709231 0.0600479
vt 0.403637 0.741172
vt 0.385712 0.753649
vt 0.392194 0.741505
vt 0.392194 0.741505
vt 0.36511 0.749356
vt 0.389425 0.73482
vt 0.266256 0.590251
vt 0.268854 0.624416
vt 0.252241 0.619216
vt 0.266256 0.590251
vt 0.252241 0.619216
vt 0.259882 0.587411
vt 0.114247 0.965395
vt 0.129563 0.974397
vt 0.105552 0.975551
vt 0.862775 0.734043
vt 0.8758 0.734762
vt 0.886328 0.739302
vt 0.647164 0.941927
vt 0.630181 0.949469
vt 0.627117 0.939521
vt 0.105552 0.975551
vt 0.129563 0.974397
vt 0.118006 0.983597
vt 0.0036034 0.811947
vt 0.0031166 0.831324
vt 0.0022769 0.823405
vt 0.643168 0.938332
vt 0.627117 0.939521
vt 0.643027 0.931799
vt 0.923856 0.211627
vt 0.929987 0.219778
vt 0.930549 0.197476
vt 0.251773 0.577869
vt 0.216723 0.566954
vt 0.249548 0.570498
vt 0.912333 0.213389
vt 0.918313 0.224249
vt 0.917183 0.206157
vt 0.917183 0.206157
vt 0.918313 0.224249
vt 0.923856 0.211627
vt 0.556262 0.122649
vt 0.559591 0.119079
vt 0.564944 0.130318
vt 0.564944 0.130318
vt 0.559591 0.119079
vt 0.567291 0.120977
vt 0.195233 0.52667
vt 0.18972 0.54772
vt 0.187428 0.521419
vt 0.131257 0.455018
vt 0.103239 0.464423
vt 0.121199 0.443322
vt 0.121199 0.443322
vt 0.103239 0.464423
vt 0.0995429 0.444707
vt 0.68913 0.0790029
vt 0.692661 0.0594803
vt 0.708549 0.0763445
vt 0.392194 0.741505
vt 0.367067 0.755098
vt 0.36511 0.749356
vt 0.382079 0.728569
vt 0.354874 0.738356
vt 0.377021 0.716618
vt 0.370815 0.696612
vt 0.348287 0.732064
vt 0.340297 0.705455
vt 0.323227 0.679092
vt 0.303465 0.686492
vt 0.31466 0.656088
vt 0.303465 0.686492
vt 0.303403 0.660655
vt 0.31466 0.656088
vt 0.303403 0.660655
vt 0.279919 0.653884
vt 0.302951 0.650816
vt 0.302951 0.650816
vt 0.279919 0.653884
vt 0.302266 0.643095
vt 0.285055 0.637832
vt 0.302266 0.643095
vt 0.282449 0.645554
vt 0.636989 0.95816
vt 0.621793 0.957218
vt 0.630181 0.949469
vt 0.114247 0.965395
vt 0.130909 0.965977
vt 0.129563 0.974397
vt 0.95602 0.872426
vt 0.949965 0.870654
vt 0.953159 0.891375
vt 0.627117 0.939521
vt 0.633821 0.932215
vt 0.643027 0.931799
vt 0.901575 0.22505
vt 0.909739 0.220854
vt 0.902472 0.215767
vt 0.201843 0.532723
vt 0.196641 0.547613
vt 0.18972 0.54772
vt 0.18972 0.54772
vt 0.181144 0.541921
vt 0.187428 0.521419
vt 0.14822 0.473823
vt 0.158308 0.502792
vt 0.125188 0.505848
vt 0.14822 0.473823
vt 0.125188 0.505848
vt 0.119252 0.475898
vt 0.354874 0.738356
vt 0.348287 0.732064
vt 0.377021 0.716618
vt 0.340297 0.705455
vt 0.32328 0.712142
vt 0.323227 0.679092
vt 0.302266 0.643095
vt 0.279919 0.653884
vt 0.282449 0.645554
vt 0.129574 0.958123
vt 0.114247 0.965395
vt 0.11202 0.958146
vt 0.636989 0.95816
vt 0.629928 0.964161
vt 0.621793 0.957218
vt 0.630181 0.949469
vt 0.615599 0.944206
vt 0.627117 0.939521
vt 0.259882 0.587411
vt 0.252241 0.619216
vt 0.251773 0.577869
vt 0.541147 0.127495
vt 0.533517 0.114146
vt 0.538832 0.110161
vt 0.901575 0.22505
vt 0.907454 0.235516
vt 0.909739 0.220854
vt 0.907454 0.235516
vt 0.914428 0.23272
vt 0.912333 0.213389
vt 0.909739 0.220854
vt 0.907454 0.235516
vt 0.912333 0.213389
vt 0.912333 0.213389
vt 0.914428 0.23272
vt 0.918313 0.224249
vt 0.918313 0.224249
vt 0.924355 0.234007
vt 0.923856 0.211627
vt 0.541147 0.127495
vt 0.538832 0.110161
vt 0.547148 0.124421
vt 0.546225 0.114287
vt 0.556262 0.122649
vt 0.554134 0.12542
vt 0.547148 0.124421
vt 0.546225 0.114287
vt 0.554134 0.12542
vt 0.251773 0.577869
vt 0.252241 0.619216
vt 0.216723 0.566954
vt 0.202426 0.566208
vt 0.196641 0.547613
vt 0.211444 0.552377
vt 0.181144 0.541921
vt 0.162696 0.536156
vt 0.187428 0.521419
vt 0.187428 0.521419
vt 0.162696 0.536156
vt 0.166897 0.513173
vt 0.119252 0.475898
vt 0.103239 0.464423
vt 0.131257 0.455018
vt 0.691518 0.0974205
vt 0.677297 0.0974119
vt 0.68913 0.0790029
vt 0.382079 0.728569
vt 0.36511 0.749356
vt 0.354874 0.738356
vt 0.32328 0.712142
vt 0.303465 0.686492
vt 0.323227 0.679092
vt 0.280377 0.629893
vt 0.258146 0.629781
vt 0.268854 0.624416
vt 0.129563 0.974397
vt 0.134875 0.983432
vt 0.118006 0.983597
vt 0.627117 0.939521
vt 0.61562 0.932731
vt 0.633821 0.932215
vt 0.900069 0.243428
vt 0.907454 0.235516
vt 0.901575 0.22505
vt 0.538832 0.110161
vt 0.546225 0.114287
vt 0.547148 0.124421
vt 0.546225 0.114287
vt 0.547955 0.108397
vt 0.556262 0.122649
vt 0.556262 0.122649
vt 0.547955 0.108397
vt 0.559591 0.119079
vt 0.196641 0.547613
vt 0.202426 0.566208
vt 0.194325 0.569356
vt 0.196641 0.547613
vt 0.194325 0.569356
vt 0.18972 0.54772
vt 0.68913 0.0790029
vt 0.673658 0.0607468
vt 0.692661 0.0594803
vt 0.385712 0.753649
vt 0.367433 0.764147
vt 0.367067 0.755098
vt 0.303403 0.660655
vt 0.282784 0.663605
vt 0.279919 0.653884
vt 0.268854 0.624416
vt 0.25733 0.623492
vt 0.252241 0.619216
vt 0.621793 0.957218
vt 0.612039 0.956904
vt 0.597319 0.950019
vt 0.621793 0.957218
vt 0.597319 0.950019
vt 0.630181 0.949469
vt 0.630181 0.949469
vt 0.597319 0.950019
vt 0.615599 0.944206
vt 0.924355 0.234007
vt 0.929642 0.241846
vt 0.929987 0.219778
vt 0.252241 0.619216
vt 0.224366 0.595747
vt 0.216723 0.566954
vt 0.907454 0.235516
vt 0.910607 0.248823
vt 0.914428 0.23272
vt 0.547955 0.108397
vt 0.554459 0.107166
vt 0.559591 0.119079
vt 0.554459 0.107166
vt 0.558306 0.102578
vt 0.559591 0.119079
vt 0.559591 0.119079
vt 0.558306 0.102578
vt 0.567291 0.120977
vt 0.224366 0.595747
vt 0.217582 0.579701
vt 0.216723 0.566954
vt 0.103239 0.464423
vt 0.0853091 0.469046
vt 0.0995429 0.444707
vt 0.0853091 0.469046
vt 0.0850249 0.464414
vt 0.0995429 0.444707
vt 0.692134 0.107744
vt 0.66859 0.105704
vt 0.691518 0.0974205
vt 0.691518 0.0974205
vt 0.66859 0.105704
vt 0.677297 0.0974119
vt 0.677297 0.0974119
vt 0.669432 0.086406
vt 0.68913 0.0790029
vt 0.68913 0.0790029
vt 0.669432 0.086406
vt 0.670214 0.0729011
vt 0.68913 0.0790029
vt 0.670214 0.0729011
vt 0.673658 0.0607468
vt 0.348287 0.732064
vt 0.32328 0.712142
vt 0.340297 0.705455
vt 0.32328 0.712142
vt 0.311066 0.713206
vt 0.303465 0.686492
vt 0.303403 0.660655
vt 0.303465 0.686492
vt 0.283969 0.680959
vt 0.303403 0.660655
vt 0.283969 0.680959
vt 0.282784 0.663605
vt 0.282449 0.645554
vt 0.255682 0.64604
vt 0.265265 0.638625
vt 0.268854 0.624416
vt 0.258146 0.629781
vt 0.25733 0.623492
vt 0.616768 0.96438
vt 0.621793 0.957218
vt 0.629928 0.964161
vt 0.142041 0.959694
vt 0.130909 0.965977
vt 0.129574 0.958123
vt 0.130909 0.965977
vt 0.146684 0.966818
vt 0.129563 0.974397
vt 0.233009 0.607625
vt 0.224366 0.595747
vt 0.252241 0.619216
vt 0.615599 0.944206
vt 0.599006 0.938971
vt 0.627117 0.939521
vt 0.599006 0.938971
vt 0.61562 0.932731
vt 0.627117 0.939521
vt 0.905317 0.251388
vt 0.910607 0.248823
vt 0.907454 0.235516
vt 0.900069 0.243428
vt 0.905317 0.251388
vt 0.907454 0.235516
vt 0.914428 0.23272
vt 0.919362 0.243401
vt 0.918313 0.224249
vt 0.918313 0.224249
vt 0.919362 0.243401
vt 0.924355 0.234007
vt 0.538832 0.110161
vt 0.541898 0.101686
vt 0.547955 0.108397
vt 0.538832 0.110161
vt 0.547955 0.108397
vt 0.546225 0.114287
vt 0.217582 0.579701
vt 0.208839 0.581094
vt 0.210043 0.570405
vt 0.210043 0.570405
vt 0.208839 0.581094
vt 0.202426 0.566208
vt 0.194325 0.569356
vt 0.187663 0.577592
vt 0.18972 0.54772
vt 0.18972 0.54772
vt 0.179608 0.562088
vt 0.181144 0.541921
vt 0.162696 0.536156
vt 0.146337 0.53391
vt 0.166897 0.513173
vt 0.166897 0.513173
vt 0.146337 0.53391
vt 0.158308 0.502792
vt 0.158308 0.502792
vt 0.146337 0.53391
vt 0.125188 0.505848
vt 0.125188 0.505848
vt 0.10741 0.495693
vt 0.119252 0.475898
vt 0.119252 0.475898
vt 0.10741 0.495693
vt 0.103239 0.464423
vt 0.346172 0.758868
vt 0.339842 0.748789
vt 0.354874 0.738356
vt 0.36511 0.749356
vt 0.346172 0.758868
vt 0.354874 0.738356
vt 0.334135 0.73903
vt 0.32328 0.712142
vt 0.348287 0.732064
vt 0.282784 0.663605
vt 0.25586 0.661772
vt 0.279919 0.653884
vt 0.282449 0.645554
vt 0.279919 0.653884
vt 0.255682 0.64604
vt 0.252241 0.619216
vt 0.25733 0.623492
vt 0.241732 0.61605
vt 0.252241 0.619216
vt 0.241732 0.61605
vt 0.233009 0.607625
vt 0.130909 0.965977
vt 0.142041 0.959694
vt 0.146684 0.966818
vt 0.146684 0.966818
vt 0.164945 0.974509
vt 0.129563 0.974397
vt 0.597319 0.950019
vt 0.596502 0.943858
vt 0.615599 0.944206
vt 0.164945 0.974509
vt 0.160622 0.977327
vt 0.129563 0.974397
vt 0.160622 0.977327
vt 0.134875 0.983432
vt 0.129563 0.974397
vt 0.615599 0.944206
vt 0.596502 0.943858
vt 0.599006 0.938971
vt 0.533517 0.114146
vt 0.528103 0.103305
vt 0.538832 0.110161
vt 0.916312 0.253016
vt 0.919362 0.243401
vt 0.914428 0.23272
vt 0.910607 0.248823
vt 0.916312 0.253016
vt 0.914428 0.23272
vt 0.217582 0.579701
vt 0.216236 0.597683
vt 0.208839 0.581094
vt 0.208839 0.581094
vt 0.197385 0.581888
vt 0.202426 0.566208
vt 0.202426 0.566208
vt 0.197385 0.581888
vt 0.194325 0.569356
vt 0.187663 0.577592
vt 0.179608 0.562088
vt 0.18972 0.54772
vt 0.10741 0.495693
vt 0.0942737 0.481059
vt 0.103239 0.464423
vt 0.103239 0.464423
vt 0.0942737 0.481059
vt 0.0853091 0.469046
vt 0.677297 0.0974119
vt 0.66226 0.0974535
vt 0.669432 0.086406
vt 0.354874 0.738356
vt 0.339842 0.748789
vt 0.348287 0.732064
vt 0.282784 0.663605
vt 0.283969 0.680959
vt 0.25586 0.661772
vt 0.279919 0.653884
vt 0.2538 0.653399
vt 0.255682 0.64604
vt 0.265265 0.638625
vt 0.255682 0.64604
vt 0.255707 0.635314
vt 0.258146 0.629781
vt 0.255707 0.635314
vt 0.238082 0.625379
vt 0.25733 0.623492
vt 0.238082 0.625379
vt 0.241732 0.61605
vt 0.617995 0.975198
vt 0.605168 0.973776
vt 0.613109 0.971125
vt 0.616768 0.96438
vt 0.58951 0.962825
vt 0.612039 0.956904
vt 0.612039 0.956904
vt 0.593556 0.957516
vt 0.597319 0.950019
vt 0.160622 0.977327
vt 0.158901 0.983748
vt 0.134875 0.983432
vt 0.158901 0.983748
vt 0.148241 0.984603
vt 0.134875 0.983432
vt 0.900069 0.243428
vt 0.901014 0.255929
vt 0.905317 0.251388
vt 0.528103 0.103305
vt 0.533948 0.101092
vt 0.538832 0.110161
vt 0.538832 0.110161
vt 0.533948 0.101092
vt 0.541898 0.101686
vt 0.554459 0.107166
vt 0.547472 0.0959572
vt 0.558306 0.102578
vt 0.541898 0.101686
vt 0.547472 0.0959572
vt 0.547955 0.108397
vt 0.66859 0.105704
vt 0.66226 0.0974535
vt 0.677297 0.0974119
vt 0.367067 0.755098
vt 0.346172 0.758868
vt 0.36511 0.749356
vt 0.348287 0.732064
vt 0.339842 0.748789
vt 0.334135 0.73903
vt 0.311066 0.713206
vt 0.282946 0.702385
vt 0.303465 0.686492
vt 0.303465 0.686492
vt 0.282946 0.702385
vt 0.283969 0.680959
vt 0.283969 0.680959
vt 0.262882 0.682901
vt 0.25586 0.661772
vt 0.279919 0.653884
vt 0.25586 0.661772
vt 0.2538 0.653399
vt 0.241732 0.61605
vt 0.228649 0.610982
vt 0.233009 0.607625
vt 0.228649 0.610982
vt 0.211601 0.602649
vt 0.216236 0.597683
vt 0.599006 0.938971
vt 0.603352 0.931082
vt 0.61562 0.932731
vt 0.599006 0.938971
vt 0.593179 0.9327
vt 0.603352 0.931082
vt 0.919362 0.243401
vt 0.923692 0.255589
vt 0.924355 0.234007
vt 0.533948 0.101092
vt 0.537944 0.0931083
vt 0.541898 0.101686
vt 0.216236 0.597683
vt 0.201066 0.592819
vt 0.208839 0.581094
vt 0.208839 0.581094
vt 0.201066 0.592819
vt 0.197385 0.581888
vt 0.197385 0.581888
vt 0.187663 0.577592
vt 0.194325 0.569356
vt 0.187663 0.577592
vt 0.180744 0.582215
vt 0.179608 0.562088
vt 0.181144 0.541921
vt 0.154763 0.558278
vt 0.162696 0.536156
vt 0.367433 0.764147
vt 0.346172 0.758868
vt 0.367067 0.755098
vt 0.334135 0.73903
vt 0.316534 0.742374
vt 0.32328 0.712142
vt 0.32328 0.712142
vt 0.316534 0.742374
vt 0.311066 0.713206
vt 0.2538 0.653399
vt 0.242472 0.64598
vt 0.255682 0.64604
vt 0.255682 0.64604
vt 0.242472 0.64598
vt 0.255707 0.635314
vt 0.242472 0.64598
vt 0.238082 0.625379
vt 0.255707 0.635314
vt 0.238082 0.625379
vt 0.223015 0.616669
vt 0.228649 0.610982
vt 0.146684 0.966818
vt 0.16348 0.966923
vt 0.164945 0.974509
vt 0.228649 0.610982
vt 0.223015 0.616669
vt 0.211601 0.602649
vt 0.901014 0.255929
vt 0.906038 0.268645
vt 0.905317 0.251388
vt 0.916312 0.253016
vt 0.923692 0.255589
vt 0.919362 0.243401
vt 0.533948 0.101092
vt 0.532328 0.0907148
vt 0.537944 0.0931083
vt 0.547472 0.0959572
vt 0.547132 0.0822583
vt 0.558306 0.102578
vt 0.905317 0.251388
vt 0.906038 0.268645
vt 0.910607 0.248823
vt 0.541898 0.101686
vt 0.537944 0.0931083
vt 0.547472 0.0959572
vt 0.211601 0.602649
vt 0.201066 0.592819
vt 0.216236 0.597683
vt 0.179608 0.562088
vt 0.154763 0.558278
vt 0.181144 0.541921
vt 0.154763 0.558278
vt 0.146337 0.53391
vt 0.162696 0.536156
vt 0.0853091 0.469046
vt 0.0794929 0.480256
vt 0.0850249 0.464414
vt 0.66859 0.105704
vt 0.652585 0.107771
vt 0.66226 0.0974535
vt 0.66226 0.0974535
vt 0.650988 0.0882597
vt 0.669432 0.086406
vt 0.650988 0.0882597
vt 0.650079 0.0752544
vt 0.669432 0.086406
vt 0.669432 0.086406
vt 0.650079 0.0752544
vt 0.670214 0.0729011
vt 0.670214 0.0729011
vt 0.652437 0.0605195
vt 0.673658 0.0607468
vt 0.370745 0.770952
vt 0.347358 0.780832
vt 0.367433 0.764147
vt 0.367433 0.764147
vt 0.343715 0.773732
vt 0.346172 0.758868
vt 0.311066 0.713206
vt 0.292672 0.720882
vt 0.282946 0.702385
vt 0.242472 0.64598
vt 0.229412 0.637963
vt 0.238082 0.625379
vt 0.923692 0.255589
vt 0.929306 0.262331
vt 0.929642 0.241846
vt 0.528103 0.103305
vt 0.522561 0.0955077
vt 0.533948 0.101092
vt 0.955466 0.823087
vt 0.949745 0.826029
vt 0.949318 0.848011
vt 0.898842 0.266133
vt 0.906038 0.268645
vt 0.901014 0.255929
vt 0.201066 0.592819
vt 0.192644 0.598057
vt 0.197385 0.581888
vt 0.197385 0.581888
vt 0.192644 0.598057
vt 0.187663 0.577592
vt 0.154763 0.558278
vt 0.13567 0.558076
vt 0.146337 0.53391
vt 0.125188 0.505848
vt 0.115257 0.531223
vt 0.10741 0.495693
vt 0.10741 0.495693
vt 0.0934238 0.505798
vt 0.0942737 0.481059
vt 0.0942737 0.481059
vt 0.0794929 0.480256
vt 0.0853091 0.469046
vt 0.650079 0.0752544
vt 0.652437 0.0605195
vt 0.670214 0.0729011
vt 0.346172 0.758868
vt 0.32459 0.76409
vt 0.339842 0.748789
vt 0.339842 0.748789
vt 0.32459 0.76409
vt 0.315232 0.755093
vt 0.339842 0.748789
vt 0.315232 0.755093
vt 0.334135 0.73903
vt 0.25586 0.661772
vt 0.240778 0.656385
vt 0.2538 0.653399
vt 0.2538 0.653399
vt 0.240778 0.656385
vt 0.242472 0.64598
vt 0.223015 0.616669
vt 0.229412 0.637963
vt 0.216387 0.621305
vt 0.216387 0.621305
vt 0.199608 0.609824
vt 0.211601 0.602649
vt 0.916312 0.253016
vt 0.918396 0.266778
vt 0.923692 0.255589
vt 0.522561 0.0955077
vt 0.524121 0.08509
vt 0.533948 0.101092
vt 0.524121 0.08509
vt 0.532328 0.0907148
vt 0.533948 0.101092
vt 0.540815 0.083352
vt 0.547132 0.0822583
vt 0.547472 0.0959572
vt 0.906038 0.268645
vt 0.912062 0.274718
vt 0.910607 0.248823
vt 0.910607 0.248823
vt 0.912062 0.274718
vt 0.916312 0.253016
vt 0.211601 0.602649
vt 0.199608 0.609824
vt 0.201066 0.592819
vt 0.201066 0.592819
vt 0.199608 0.609824
vt 0.192644 0.598057
vt 0.192644 0.598057
vt 0.186331 0.601041
vt 0.187663 0.577592
vt 0.187663 0.577592
vt 0.186331 0.601041
vt 0.180744 0.582215
vt 0.146337 0.53391
vt 0.115257 0.531223
vt 0.125188 0.505848
vt 0.0934238 0.505798
vt 0.082311 0.506189
vt 0.0942737 0.481059
vt 0.652585 0.107771
vt 0.641507 0.0985474
vt 0.66226 0.0974535
vt 0.315232 0.755093
vt 0.316534 0.742374
vt 0.334135 0.73903
vt 0.593556 0.957516
vt 0.575535 0.956419
vt 0.597319 0.950019
vt 0.596502 0.943858
vt 0.573537 0.940104
vt 0.599006 0.938971
vt 0.522561 0.0955077
vt 0.515129 0.0818127
vt 0.524121 0.08509
vt 0.532328 0.0907148
vt 0.528324 0.0791969
vt 0.537944 0.0931083
vt 0.533367 0.0780132
vt 0.540815 0.083352
vt 0.547472 0.0959572
vt 0.537944 0.0931083
vt 0.533367 0.0780132
vt 0.547472 0.0959572
vt 0.115257 0.531223
vt 0.10207 0.523334
vt 0.10741 0.495693
vt 0.0942737 0.481059
vt 0.082311 0.506189
vt 0.0794929 0.480256
vt 0.0794929 0.480256
vt 0.0737387 0.494781
vt 0.0665052 0.487361
vt 0.66226 0.0974535
vt 0.641507 0.0985474
vt 0.650988 0.0882597
vt 0.346172 0.758868
vt 0.343715 0.773732
vt 0.322592 0.770881
vt 0.346172 0.758868
vt 0.322592 0.770881
vt 0.32459 0.76409
vt 0.25586 0.661772
vt 0.240869 0.692068
vt 0.240778 0.656385
vt 0.240778 0.656385
vt 0.223344 0.647759
vt 0.242472 0.64598
vt 0.177574 0.960607
vt 0.16348 0.966923
vt 0.158207 0.960052
vt 0.593556 0.957516
vt 0.58951 0.962825
vt 0.575535 0.956419
vt 0.229412 0.637963
vt 0.209748 0.626678
vt 0.216387 0.621305
vt 0.16348 0.966923
vt 0.1792 0.967273
vt 0.164945 0.974509
vt 0.597319 0.950019
vt 0.555497 0.944414
vt 0.596502 0.943858
vt 0.596502 0.943858
vt 0.555497 0.944414
vt 0.573537 0.940104
vt 0.160622 0.977327
vt 0.176291 0.984193
vt 0.158901 0.983748
vt 0.216387 0.621305
vt 0.209748 0.626678
vt 0.199608 0.609824
vt 0.599006 0.938971
vt 0.573537 0.940104
vt 0.569732 0.932393
vt 0.599006 0.938971
vt 0.569732 0.932393
vt 0.593179 0.9327
vt 0.918396 0.266778
vt 0.923499 0.275752
vt 0.923692 0.255589
vt 0.524121 0.08509
vt 0.528324 0.0791969
vt 0.532328 0.0907148
vt 0.528324 0.0791969
vt 0.533367 0.0780132
vt 0.537944 0.0931083
vt 0.199608 0.609824
vt 0.186331 0.601041
vt 0.192644 0.598057
vt 0.180744 0.582215
vt 0.186331 0.601041
vt 0.158924 0.58636
vt 0.179608 0.562088
vt 0.158924 0.58636
vt 0.154763 0.558278
vt 0.10741 0.495693
vt 0.10207 0.523334
vt 0.0934238 0.505798
vt 0.343715 0.773732
vt 0.330774 0.777437
vt 0.322592 0.770881
vt 0.282946 0.702385
vt 0.273487 0.719491
vt 0.283969 0.680959
vt 0.262882 0.682901
vt 0.240869 0.692068
vt 0.25586 0.661772
vt 0.242472 0.64598
vt 0.223344 0.647759
vt 0.229412 0.637963
vt 0.223344 0.647759
vt 0.206576 0.633185
vt 0.229412 0.637963
vt 0.229412 0.637963
vt 0.206576 0.633185
vt 0.209748 0.626678
vt 0.209748 0.626678
vt 0.206576 0.633185
vt 0.194955 0.617048
vt 0.923499 0.275752
vt 0.929475 0.285542
vt 0.929306 0.262331
vt 0.209748 0.626678
vt 0.194955 0.617048
vt 0.199608 0.609824
vt 0.898278 0.28991
vt 0.903193 0.28679
vt 0.898842 0.266133
vt 0.898842 0.266133
vt 0.903193 0.28679
vt 0.906038 0.268645
vt 0.199608 0.609824
vt 0.194955 0.617048
vt 0.186331 0.601041
vt 0.13567 0.558076
vt 0.113103 0.55437
vt 0.146337 0.53391
vt 0.146337 0.53391
vt 0.113103 0.55437
vt 0.115257 0.531223
vt 0.082311 0.506189
vt 0.0737387 0.494781
vt 0.0794929 0.480256
vt 0.650988 0.0882597
vt 0.641507 0.0985474
vt 0.637795 0.0801888
vt 0.650988 0.0882597
vt 0.637795 0.0801888
vt 0.650079 0.0752544
vt 0.637795 0.0801888
vt 0.634137 0.0612971
vt 0.650079 0.0752544
vt 0.650079 0.0752544
vt 0.634137 0.0612971
vt 0.652437 0.0605195
vt 0.559941 0.0421891
vt 0.574208 0.0490295
vt 0.561246 0.0498983
vt 0.292672 0.720882
vt 0.273487 0.719491
vt 0.282946 0.702385
vt 0.273487 0.719491
vt 0.258226 0.716883
vt 0.283969 0.680959
vt 0.283969 0.680959
vt 0.258226 0.716883
vt 0.262882 0.682901
vt 0.515129 0.0818127
vt 0.518149 0.0746026
vt 0.524121 0.08509
vt 0.917471 0.282006
vt 0.923499 0.275752
vt 0.918396 0.266778
vt 0.540815 0.083352
vt 0.538712 0.0683864
vt 0.547132 0.0822583
vt 0.154763 0.558278
vt 0.158924 0.58636
vt 0.13567 0.558076
vt 0.637795 0.0801888
vt 0.62549 0.0615429
vt 0.634137 0.0612971
vt 0.315232 0.755093
vt 0.299329 0.759446
vt 0.316534 0.742374
vt 0.575535 0.956419
vt 0.555231 0.950322
vt 0.597319 0.950019
vt 0.518149 0.0746026
vt 0.52378 0.0689095
vt 0.524121 0.08509
vt 0.524121 0.08509
vt 0.52378 0.0689095
vt 0.528324 0.0791969
vt 0.906038 0.268645
vt 0.905779 0.297458
vt 0.912062 0.274718
vt 0.528324 0.0791969
vt 0.52378 0.0689095
vt 0.533367 0.0780132
vt 0.10207 0.523334
vt 0.087753 0.552014
vt 0.0934238 0.505798
vt 0.082311 0.506189
vt 0.0702144 0.508364
vt 0.0737387 0.494781
vt 0.0737387 0.494781
vt 0.060812 0.504825
vt 0.0665052 0.487361
vt 0.641507 0.0985474
vt 0.624013 0.0984885
vt 0.637795 0.0801888
vt 0.258226 0.716883
vt 0.240869 0.692068
vt 0.262882 0.682901
vt 0.177574 0.960607
vt 0.20299 0.96085
vt 0.1792 0.967273
vt 0.575535 0.956419
vt 0.566298 0.962794
vt 0.557414 0.957555
vt 0.575535 0.956419
vt 0.557414 0.957555
vt 0.555231 0.950322
vt 0.1792 0.967273
vt 0.192616 0.967605
vt 0.164945 0.974509
vt 0.597319 0.950019
vt 0.555231 0.950322
vt 0.555497 0.944414
vt 0.160622 0.977327
vt 0.195828 0.984831
vt 0.176291 0.984193
vt 0.54956 0.939022
vt 0.557944 0.9331
vt 0.573537 0.940104
vt 0.573537 0.940104
vt 0.557944 0.9331
vt 0.569732 0.932393
vt 0.903193 0.28679
vt 0.905779 0.297458
vt 0.906038 0.268645
vt 0.91083 0.301327
vt 0.915894 0.30196
vt 0.912062 0.274718
vt 0.905779 0.297458
vt 0.91083 0.301327
vt 0.912062 0.274718
vt 0.912062 0.274718
vt 0.915894 0.30196
vt 0.917471 0.282006
vt 0.52378 0.0689095
vt 0.528795 0.066005
vt 0.533367 0.0780132
vt 0.186331 0.601041
vt 0.162655 0.611813
vt 0.158924 0.58636
vt 0.158924 0.58636
vt 0.141134 0.581827
vt 0.13567 0.558076
vt 0.087753 0.552014
vt 0.0783306 0.531503
vt 0.0934238 0.505798
vt 0.0934238 0.505798
vt 0.0783306 0.531503
vt 0.082311 0.506189
vt 0.0737387 0.494781
vt 0.0702144 0.508364
vt 0.060812 0.504825
vt 0.624013 0.0984885
vt 0.616275 0.0883034
vt 0.637795 0.0801888
vt 0.616275 0.0883034
vt 0.614814 0.0759044
vt 0.637795 0.0801888
vt 0.576324 0.0411952
vt 0.591994 0.049221
vt 0.574208 0.0490295
vt 0.330774 0.777437
vt 0.312668 0.780427
vt 0.322592 0.770881
vt 0.32459 0.76409
vt 0.299329 0.759446
vt 0.315232 0.755093
vt 0.240869 0.692068
vt 0.222433 0.68777
vt 0.240778 0.656385
vt 0.240778 0.656385
vt 0.222433 0.68777
vt 0.223344 0.647759
vt 0.192616 0.967605
vt 0.20407 0.97622
vt 0.164945 0.974509
vt 0.164945 0.974509
vt 0.20407 0.97622
vt 0.160622 0.977327
vt 0.160622 0.977327
vt 0.20407 0.97622
vt 0.195828 0.984831
vt 0.573537 0.940104
vt 0.555497 0.944414
vt 0.54956 0.939022
vt 0.206576 0.633185
vt 0.188151 0.6475
vt 0.194955 0.617048
vt 0.515129 0.0818127
vt 0.506917 0.0664421
vt 0.518149 0.0746026
vt 0.898278 0.28991
vt 0.905779 0.297458
vt 0.903193 0.28679
vt 0.518149 0.0746026
vt 0.517195 0.0610886
vt 0.52378 0.0689095
vt 0.194955 0.617048
vt 0.174634 0.631722
vt 0.162655 0.611813
vt 0.194955 0.617048
vt 0.162655 0.611813
vt 0.186331 0.601041
vt 0.158924 0.58636
vt 0.139239 0.59563
vt 0.141134 0.581827
vt 0.082311 0.506189
vt 0.0783306 0.531503
vt 0.0702144 0.508364
vt 0.637795 0.0801888
vt 0.614814 0.0759044
vt 0.62549 0.0615429
vt 0.322592 0.770881
vt 0.293551 0.780791
vt 0.32459 0.76409
vt 0.299329 0.759446
vt 0.275012 0.746547
vt 0.316534 0.742374
vt 0.316534 0.742374
vt 0.275012 0.746547
vt 0.292672 0.720882
vt 0.292672 0.720882
vt 0.275012 0.746547
vt 0.273487 0.719491
vt 0.223344 0.647759
vt 0.212068 0.668888
vt 0.206576 0.633185
vt 0.956237 0.804581
vt 0.955487 0.785125
vt 0.949833 0.806261
vt 0.897187 0.301812
vt 0.905779 0.297458
vt 0.898278 0.28991
vt 0.915894 0.30196
vt 0.923523 0.299762
vt 0.917471 0.282006
vt 0.917471 0.282006
vt 0.923523 0.299762
vt 0.923499 0.275752
vt 0.506917 0.0664421
vt 0.510163 0.0602478
vt 0.518149 0.0746026
vt 0.510163 0.0602478
vt 0.517195 0.0610886
vt 0.518149 0.0746026
vt 0.528795 0.066005
vt 0.525538 0.0550199
vt 0.538712 0.0683864
vt 0.162655 0.611813
vt 0.139239 0.59563
vt 0.158924 0.58636
vt 0.115257 0.531223
vt 0.113103 0.55437
vt 0.0954483 0.555097
vt 0.115257 0.531223
vt 0.0954483 0.555097
vt 0.10207 0.523334
vt 0.0702144 0.508364
vt 0.0672927 0.516671
vt 0.0583168 0.515512
vt 0.0702144 0.508364
vt 0.0583168 0.515512
vt 0.060812 0.504825
vt 0.32459 0.76409
vt 0.293551 0.780791
vt 0.299329 0.759446
vt 0.212068 0.668888
vt 0.188151 0.6475
vt 0.206576 0.633185
vt 0.555231 0.950322
vt 0.53589 0.944149
vt 0.555497 0.944414
vt 0.897187 0.301812
vt 0.904324 0.316639
vt 0.905779 0.297458
vt 0.525538 0.0550199
vt 0.531106 0.0531748
vt 0.538712 0.0683864
vt 0.194955 0.617048
vt 0.188151 0.6475
vt 0.174634 0.631722
vt 0.519426 0.0524729
vt 0.525538 0.0550199
vt 0.528795 0.066005
vt 0.52378 0.0689095
vt 0.519426 0.0524729
vt 0.528795 0.066005
vt 0.141134 0.581827
vt 0.11288 0.572383
vt 0.13567 0.558076
vt 0.13567 0.558076
vt 0.11288 0.572383
vt 0.113103 0.55437
vt 0.10207 0.523334
vt 0.0954483 0.555097
vt 0.087753 0.552014
vt 0.0783306 0.531503
vt 0.0660673 0.529483
vt 0.0702144 0.508364
vt 0.624013 0.0984885
vt 0.613666 0.09884
vt 0.616275 0.0883034
vt 0.614814 0.0759044
vt 0.608317 0.0630092
vt 0.62549 0.0615429
vt 0.275012 0.746547
vt 0.258226 0.716883
vt 0.273487 0.719491
vt 0.565038 0.973852
vt 0.543741 0.972516
vt 0.558386 0.968151
vt 0.557414 0.957555
vt 0.545961 0.963118
vt 0.538015 0.956548
vt 0.557414 0.957555
vt 0.538015 0.956548
vt 0.555231 0.950322
vt 0.192616 0.967605
vt 0.207237 0.967527
vt 0.20407 0.97622
vt 0.949833 0.806261
vt 0.949827 0.784538
vt 0.945799 0.799948
vt 0.54956 0.939022
vt 0.542984 0.932663
vt 0.557944 0.9331
vt 0.923523 0.299762
vt 0.929084 0.308529
vt 0.929475 0.285542
vt 0.517195 0.0610886
vt 0.519426 0.0524729
vt 0.52378 0.0689095
vt 0.162655 0.611813
vt 0.148422 0.613619
vt 0.139239 0.59563
vt 0.139239 0.59563
vt 0.11288 0.572383
vt 0.141134 0.581827
vt 0.0702144 0.508364
vt 0.0660673 0.529483
vt 0.0672927 0.516671
vt 0.258226 0.716883
vt 0.224148 0.708642
vt 0.240869 0.692068
vt 0.240869 0.692068
vt 0.224148 0.708642
vt 0.222433 0.68777
vt 0.555497 0.944414
vt 0.53589 0.944149
vt 0.54956 0.939022
vt 0.929084 0.308529
vt 0.933136 0.308962
vt 0.929475 0.285542
vt 0.498541 0.0513813
vt 0.502788 0.0465196
vt 0.506917 0.0664421
vt 0.506917 0.0664421
vt 0.502788 0.0465196
vt 0.510163 0.0602478
vt 0.8972 0.316973
vt 0.904324 0.316639
vt 0.897187 0.301812
vt 0.510163 0.0602478
vt 0.511011 0.0492674
vt 0.517195 0.0610886
vt 0.162655 0.611813
vt 0.174634 0.631722
vt 0.148422 0.613619
vt 0.11288 0.572383
vt 0.0954483 0.555097
vt 0.113103 0.55437
vt 0.0660673 0.529483
vt 0.0559766 0.527605
vt 0.0583168 0.515512
vt 0.0672927 0.516671
vt 0.0660673 0.529483
vt 0.0583168 0.515512
vt 0.613666 0.09884
vt 0.602009 0.0990624
vt 0.592172 0.0921811
vt 0.613666 0.09884
vt 0.592172 0.0921811
vt 0.616275 0.0883034
vt 0.592172 0.0921811
vt 0.590239 0.0801236
vt 0.616275 0.0883034
vt 0.616275 0.0883034
vt 0.590239 0.0801236
vt 0.614814 0.0759044
vt 0.293551 0.780791
vt 0.273077 0.768779
vt 0.299329 0.759446
vt 0.299329 0.759446
vt 0.272654 0.759704
vt 0.275012 0.746547
vt 0.275012 0.746547
vt 0.256338 0.745619
vt 0.258226 0.716883
vt 0.222433 0.68777
vt 0.202963 0.675111
vt 0.212068 0.668888
vt 0.538015 0.956548
vt 0.525132 0.950018
vt 0.555231 0.950322
vt 0.555231 0.950322
vt 0.525132 0.950018
vt 0.53589 0.944149
vt 0.215315 0.984845
vt 0.195828 0.984831
vt 0.20407 0.97622
vt 0.915894 0.30196
vt 0.922887 0.316029
vt 0.923523 0.299762
vt 0.905779 0.297458
vt 0.904324 0.316639
vt 0.91083 0.301327
vt 0.511011 0.0492674
vt 0.512322 0.0440521
vt 0.517195 0.0610886
vt 0.517195 0.0610886
vt 0.512322 0.0440521
vt 0.519426 0.0524729
vt 0.174634 0.631722
vt 0.174186 0.655977
vt 0.148422 0.613619
vt 0.139239 0.59563
vt 0.116558 0.597667
vt 0.11288 0.572383
vt 0.087753 0.552014
vt 0.074358 0.562313
vt 0.0783306 0.531503
vt 0.0783306 0.531503
vt 0.074358 0.562313
vt 0.0660673 0.529483
vt 0.590239 0.0801236
vt 0.608317 0.0630092
vt 0.614814 0.0759044
vt 0.273077 0.768779
vt 0.272654 0.759704
vt 0.299329 0.759446
vt 0.222433 0.68777
vt 0.199464 0.693349
vt 0.202963 0.675111
vt 0.20299 0.96085
vt 0.226977 0.9611
vt 0.207237 0.967527
vt 0.212068 0.668888
vt 0.202963 0.675111
vt 0.188151 0.6475
vt 0.188151 0.6475
vt 0.202963 0.675111
vt 0.174186 0.655977
vt 0.53589 0.944149
vt 0.525819 0.938944
vt 0.54956 0.939022
vt 0.188151 0.6475
vt 0.174186 0.655977
vt 0.174634 0.631722
vt 0.54956 0.939022
vt 0.530641 0.932818
vt 0.542984 0.932663
vt 0.896649 0.329471
vt 0.903481 0.330231
vt 0.8972 0.316973
vt 0.8972 0.316973
vt 0.903481 0.330231
vt 0.904324 0.316639
vt 0.916227 0.323456
vt 0.922887 0.316029
vt 0.915894 0.30196
vt 0.510163 0.0602478
vt 0.502788 0.0465196
vt 0.511011 0.0492674
vt 0.904324 0.316639
vt 0.910195 0.331033
vt 0.91083 0.301327
vt 0.910195 0.331033
vt 0.916227 0.323456
vt 0.915894 0.30196
vt 0.91083 0.301327
vt 0.910195 0.331033
vt 0.915894 0.30196
vt 0.148422 0.613619
vt 0.174186 0.655977
vt 0.148028 0.641105
vt 0.11288 0.572383
vt 0.0958399 0.573991
vt 0.0954483 0.555097
vt 0.0954483 0.555097
vt 0.0958399 0.573991
vt 0.0855002 0.577139
vt 0.0954483 0.555097
vt 0.0855002 0.577139
vt 0.087753 0.552014
vt 0.0628335 0.546606
vt 0.0559766 0.527605
vt 0.0660673 0.529483
vt 0.293551 0.780791
vt 0.271722 0.781221
vt 0.273077 0.768779
vt 0.275012 0.746547
vt 0.272654 0.759704
vt 0.256338 0.745619
vt 0.256338 0.745619
vt 0.227234 0.739729
vt 0.258226 0.716883
vt 0.545961 0.963118
vt 0.526172 0.962785
vt 0.538015 0.956548
vt 0.20407 0.97622
vt 0.230886 0.975787
vt 0.215315 0.984845
vt 0.525819 0.938944
vt 0.530641 0.932818
vt 0.54956 0.939022
vt 0.955487 0.785125
vt 0.948402 0.771507
vt 0.949827 0.784538
vt 0.525538 0.0550199
vt 0.51855 0.0417106
vt 0.531106 0.0531748
vt 0.148422 0.613619
vt 0.119816 0.622399
vt 0.139239 0.59563
vt 0.074358 0.562313
vt 0.0664439 0.560661
vt 0.0660673 0.529483
vt 0.258226 0.716883
vt 0.227234 0.739729
vt 0.224148 0.708642
vt 0.224148 0.708642
vt 0.199464 0.693349
vt 0.222433 0.68777
vt 0.526172 0.962785
vt 0.519283 0.957247
vt 0.538015 0.956548
vt 0.225345 0.96756
vt 0.230886 0.975787
vt 0.207237 0.967527
vt 0.207237 0.967527
vt 0.230886 0.975787
vt 0.20407 0.97622
vt 0.525132 0.950018
vt 0.514285 0.949167
vt 0.53589 0.944149
vt 0.230886 0.975787
vt 0.229401 0.985255
vt 0.215315 0.984845
vt 0.502788 0.0465196
vt 0.503464 0.0363535
vt 0.511011 0.0492674
vt 0.51855 0.0417106
vt 0.521519 0.0347043
vt 0.531106 0.0531748
vt 0.903481 0.330231
vt 0.910195 0.331033
vt 0.904324 0.316639
vt 0.148028 0.641105
vt 0.119816 0.622399
vt 0.148422 0.613619
vt 0.11288 0.572383
vt 0.116558 0.597667
vt 0.0958399 0.573991
vt 0.0664439 0.560661
vt 0.0628335 0.546606
vt 0.0660673 0.529483
vt 0.608317 0.0630092
vt 0.590239 0.0801236
vt 0.588238 0.0639527
vt 0.272654 0.759704
vt 0.248285 0.756919
vt 0.256338 0.745619
vt 0.227234 0.739729
vt 0.207455 0.733159
vt 0.224148 0.708642
vt 0.538015 0.956548
vt 0.519283 0.957247
vt 0.525132 0.950018
vt 0.498541 0.0513813
vt 0.492768 0.0404209
vt 0.502788 0.0465196
vt 0.916227 0.323456
vt 0.923024 0.337052
vt 0.922887 0.316029
vt 0.503464 0.0363535
vt 0.512322 0.0440521
vt 0.511011 0.0492674
vt 0.507905 0.0320388
vt 0.51855 0.0417106
vt 0.519426 0.0524729
vt 0.512322 0.0440521
vt 0.507905 0.0320388
vt 0.519426 0.0524729
vt 0.139239 0.59563
vt 0.119816 0.622399
vt 0.116558 0.597667
vt 0.116558 0.597667
vt 0.100734 0.608236
vt 0.0958399 0.573991
vt 0.610587 0.0504163
vt 0.633273 0.0444795
vt 0.631902 0.0502159
vt 0.273077 0.768779
vt 0.271722 0.781221
vt 0.251717 0.774343
vt 0.273077 0.768779
vt 0.251717 0.774343
vt 0.272654 0.759704
vt 0.224148 0.708642
vt 0.185664 0.720639
vt 0.199464 0.693349
vt 0.202963 0.675111
vt 0.199464 0.693349
vt 0.164867 0.671054
vt 0.202963 0.675111
vt 0.164867 0.671054
vt 0.174186 0.655977
vt 0.514285 0.949167
vt 0.504905 0.939619
vt 0.53589 0.944149
vt 0.53589 0.944149
vt 0.504905 0.939619
vt 0.525819 0.938944
vt 0.95511 0.761154
vt 0.948479 0.750736
vt 0.948402 0.771507
vt 0.525819 0.938944
vt 0.511559 0.933128
vt 0.530641 0.932818
vt 0.492768 0.0404209
vt 0.495054 0.0331419
vt 0.502788 0.0465196
vt 0.495054 0.0331419
vt 0.503464 0.0363535
vt 0.502788 0.0465196
vt 0.511501 0.0271132
vt 0.521519 0.0347043
vt 0.51855 0.0417106
vt 0.910195 0.331033
vt 0.916281 0.337951
vt 0.916227 0.323456
vt 0.507905 0.0320388
vt 0.511501 0.0271132
vt 0.51855 0.0417106
vt 0.174186 0.655977
vt 0.164867 0.671054
vt 0.148028 0.641105
vt 0.119816 0.622399
vt 0.148028 0.641105
vt 0.138383 0.659117
vt 0.0855002 0.577139
vt 0.074358 0.562313
vt 0.087753 0.552014
vt 0.577601 0.10083
vt 0.567851 0.100287
vt 0.592172 0.0921811
vt 0.567851 0.100287
vt 0.570984 0.0816792
vt 0.590239 0.0801236
vt 0.592172 0.0921811
vt 0.567851 0.100287
vt 0.590239 0.0801236
vt 0.609602 0.0068581
vt 0.63112 0.0061853
vt 0.630936 0.0190417
vt 0.272654 0.759704
vt 0.251717 0.774343
vt 0.248285 0.756919
vt 0.526172 0.962785
vt 0.505143 0.963354
vt 0.519283 0.957247
vt 0.504905 0.939619
vt 0.511559 0.933128
vt 0.525819 0.938944
vt 0.895767 0.348781
vt 0.902084 0.352826
vt 0.896649 0.329471
vt 0.896649 0.329471
vt 0.902084 0.352826
vt 0.903481 0.330231
vt 0.916281 0.337951
vt 0.923024 0.337052
vt 0.916227 0.323456
vt 0.503464 0.0363535
vt 0.507905 0.0320388
vt 0.512322 0.0440521
vt 0.100734 0.608236
vt 0.0901519 0.612764
vt 0.0958399 0.573991
vt 0.0958399 0.573991
vt 0.0901519 0.612764
vt 0.0855002 0.577139
vt 0.0664439 0.560661
vt 0.0619637 0.571645
vt 0.0628335 0.546606
vt 0.0628335 0.546606
vt 0.0619637 0.571645
vt 0.054187 0.553224
vt 0.248285 0.756919
vt 0.223894 0.752471
vt 0.256338 0.745619
vt 0.256338 0.745619
vt 0.223894 0.752471
vt 0.227234 0.739729
vt 0.207455 0.733159
vt 0.185664 0.720639
vt 0.224148 0.708642
vt 0.199464 0.693349
vt 0.166472 0.709489
vt 0.164867 0.671054
vt 0.505143 0.963354
vt 0.498961 0.957502
vt 0.519283 0.957247
vt 0.226977 0.9611
vt 0.242726 0.961416
vt 0.225345 0.96756
vt 0.519283 0.957247
vt 0.514285 0.949167
vt 0.525132 0.950018
vt 0.246409 0.976415
vt 0.250067 0.985481
vt 0.229401 0.985255
vt 0.230886 0.975787
vt 0.246409 0.976415
vt 0.229401 0.985255
vt 0.923024 0.337052
vt 0.929625 0.342081
vt 0.929435 0.325656
vt 0.495054 0.0331419
vt 0.493855 0.0201465
vt 0.503464 0.0363535
vt 0.961293 0.747833
vt 0.954787 0.741252
vt 0.95511 0.761154
vt 0.902084 0.352826
vt 0.909281 0.353765
vt 0.903481 0.330231
vt 0.903481 0.330231
vt 0.909281 0.353765
vt 0.910195 0.331033
vt 0.148028 0.641105
vt 0.164867 0.671054
vt 0.138383 0.659117
vt 0.116558 0.597667
vt 0.119816 0.622399
vt 0.100734 0.608236
vt 0.0901519 0.612764
vt 0.075771 0.588311
vt 0.0855002 0.577139
vt 0.0855002 0.577139
vt 0.075771 0.588311
vt 0.074358 0.562313
vt 0.074358 0.562313
vt 0.0642767 0.591112
vt 0.0664439 0.560661
vt 0.0664439 0.560661
vt 0.0642767 0.591112
vt 0.0619637 0.571645
vt 0.250044 0.780832
vt 0.251717 0.774343
vt 0.271722 0.781221
vt 0.225345 0.96756
vt 0.254886 0.962653
vt 0.24991 0.968554
vt 0.519283 0.957247
vt 0.498961 0.957502
vt 0.514285 0.949167
vt 0.225345 0.96756
vt 0.24991 0.968554
vt 0.230886 0.975787
vt 0.230886 0.975787
vt 0.24991 0.968554
vt 0.246409 0.976415
vt 0.484149 0.0245839
vt 0.495054 0.0331419
vt 0.492768 0.0404209
vt 0.910195 0.331033
vt 0.917016 0.356859
vt 0.916281 0.337951
vt 0.493855 0.0201465
vt 0.507905 0.0320388
vt 0.503464 0.0363535
vt 0.119816 0.622399
vt 0.107021 0.630809
vt 0.100734 0.608236
vt 0.075771 0.588311
vt 0.0642767 0.591112
vt 0.074358 0.562313
vt 0.341411 0.100591
vt 0.354288 0.0810031
vt 0.337919 0.0821258
vt 0.251717 0.774343
vt 0.225668 0.771133
vt 0.248285 0.756919
vt 0.248285 0.756919
vt 0.225668 0.771133
vt 0.223894 0.752471
vt 0.498961 0.957502
vt 0.496711 0.949229
vt 0.514285 0.949167
vt 0.514285 0.949167
vt 0.496711 0.949229
vt 0.504905 0.939619
vt 0.954787 0.741252
vt 0.948667 0.736376
vt 0.948479 0.750736
vt 0.916281 0.337951
vt 0.917016 0.356859
vt 0.923024 0.337052
vt 0.961293 0.747833
vt 0.960339 0.729946
vt 0.954787 0.741252
vt 0.909281 0.353765
vt 0.917016 0.356859
vt 0.910195 0.331033
vt 0.493855 0.0201465
vt 0.503563 0.0236956
vt 0.507905 0.0320388
vt 0.503563 0.0236956
vt 0.511501 0.0271132
vt 0.507905 0.0320388
vt 0.633273 0.0444795
vt 0.653636 0.0394597
vt 0.652931 0.0484805
vt 0.227234 0.739729
vt 0.223894 0.752471
vt 0.207455 0.733159
vt 0.234671 0.953804
vt 0.246211 0.950909
vt 0.252463 0.955068
vt 0.166472 0.709489
vt 0.144957 0.690784
vt 0.164867 0.671054
vt 0.496711 0.949229
vt 0.486925 0.940665
vt 0.504905 0.939619
vt 0.484149 0.0245839
vt 0.486519 0.0173472
vt 0.495054 0.0331419
vt 0.495054 0.0331419
vt 0.486519 0.0173472
vt 0.493855 0.0201465
vt 0.493855 0.0201465
vt 0.495442 0.015211
vt 0.503563 0.0236956
vt 0.503563 0.0236956
vt 0.504582 0.0134391
vt 0.511501 0.0271132
vt 0.0901519 0.612764
vt 0.0806791 0.617596
vt 0.075771 0.588311
vt 0.075771 0.588311
vt 0.066773 0.606028
vt 0.0642767 0.591112
vt 0.237415 0.778646
vt 0.225668 0.771133
vt 0.251717 0.774343
vt 0.498961 0.957502
vt 0.486432 0.956981
vt 0.496711 0.949229
vt 0.24991 0.968554
vt 0.260046 0.976213
vt 0.246409 0.976415
vt 0.246409 0.976415
vt 0.260046 0.976213
vt 0.250067 0.985481
vt 0.923634 0.362105
vt 0.929425 0.357872
vt 0.929625 0.342081
vt 0.504905 0.939619
vt 0.489951 0.933721
vt 0.511559 0.933128
vt 0.894809 0.370583
vt 0.900722 0.374666
vt 0.895767 0.348781
vt 0.895767 0.348781
vt 0.900722 0.374666
vt 0.902084 0.352826
vt 0.917016 0.356859
vt 0.923634 0.362105
vt 0.923024 0.337052
vt 0.902084 0.352826
vt 0.906492 0.3712
vt 0.909281 0.353765
vt 0.495442 0.015211
vt 0.498089 0.0129985
vt 0.503563 0.0236956
vt 0.498089 0.0129985
vt 0.504582 0.0134391
vt 0.503563 0.0236956
vt 0.138383 0.659117
vt 0.126439 0.669689
vt 0.119816 0.622399
vt 0.107021 0.630809
vt 0.0945677 0.631577
vt 0.100734 0.608236
vt 0.100734 0.608236
vt 0.0945677 0.631577
vt 0.0901519 0.612764
vt 0.65135 0.0206356
vt 0.671536 0.0057693
vt 0.671148 0.0240903
vt 0.653636 0.0394597
vt 0.665406 0.0483969
vt 0.652931 0.0484805
vt 0.237415 0.778646
vt 0.226743 0.776615
vt 0.225668 0.771133
vt 0.223894 0.752471
vt 0.204028 0.749071
vt 0.207455 0.733159
vt 0.505143 0.963354
vt 0.484267 0.963174
vt 0.498961 0.957502
vt 0.254886 0.962653
vt 0.268361 0.963373
vt 0.266913 0.96749
vt 0.254886 0.962653
vt 0.266913 0.96749
vt 0.24991 0.968554
vt 0.24991 0.968554
vt 0.266913 0.96749
vt 0.260046 0.976213
vt 0.260046 0.976213
vt 0.268946 0.985661
vt 0.250067 0.985481
vt 0.486925 0.940665
vt 0.489951 0.933721
vt 0.504905 0.939619
vt 0.484149 0.0245839
vt 0.476442 0.0101534
vt 0.486519 0.0173472
vt 0.900722 0.374666
vt 0.906492 0.3712
vt 0.902084 0.352826
vt 0.126439 0.669689
vt 0.107021 0.630809
vt 0.119816 0.622399
vt 0.0806791 0.617596
vt 0.066773 0.606028
vt 0.075771 0.588311
vt 0.665406 0.0483969
vt 0.670877 0.0390815
vt 0.675965 0.048121
vt 0.204028 0.749071
vt 0.1861 0.742631
vt 0.207455 0.733159
vt 0.207455 0.733159
vt 0.172272 0.734901
vt 0.185664 0.720639
vt 0.484267 0.963174
vt 0.486432 0.956981
vt 0.498961 0.957502
vt 0.486432 0.956981
vt 0.483025 0.948483
vt 0.496711 0.949229
vt 0.496711 0.949229
vt 0.483025 0.948483
vt 0.486925 0.940665
vt 0.476442 0.0101534
vt 0.480492 0.0074227
vt 0.486519 0.0173472
vt 0.954787 0.741252
vt 0.948607 0.717448
vt 0.948667 0.736376
vt 0.486519 0.0173472
vt 0.484669 0.0060395
vt 0.493855 0.0201465
vt 0.906492 0.3712
vt 0.910794 0.375058
vt 0.909281 0.353765
vt 0.909281 0.353765
vt 0.910794 0.375058
vt 0.917016 0.356859
vt 0.144957 0.690784
vt 0.126439 0.669689
vt 0.138383 0.659117
vt 0.0945677 0.631577
vt 0.0848304 0.635739
vt 0.0901519 0.612764
vt 0.0901519 0.612764
vt 0.0848304 0.635739
vt 0.0806791 0.617596
vt 0.226743 0.776615
vt 0.210092 0.771131
vt 0.225668 0.771133
vt 0.225668 0.771133
vt 0.19706 0.765494
vt 0.223894 0.752471
vt 0.223894 0.752471
vt 0.19706 0.765494
vt 0.204028 0.749071
vt 0.207455 0.733159
vt 0.1861 0.742631
vt 0.172272 0.734901
vt 0.489247 0.968929
vt 0.484006 0.972474
vt 0.484267 0.963174
vt 0.484267 0.963174
vt 0.48288 0.958438
vt 0.486432 0.956981
vt 0.486432 0.956981
vt 0.48288 0.958438
vt 0.483025 0.948483
vt 0.266913 0.96749
vt 0.269468 0.975714
vt 0.260046 0.976213
vt 0.483025 0.948483
vt 0.48224 0.939133
vt 0.486925 0.940665
vt 0.260046 0.976213
vt 0.269468 0.975714
vt 0.268946 0.985661
vt 0.486925 0.940665
vt 0.48224 0.939133
vt 0.482923 0.932997
vt 0.486925 0.940665
vt 0.482923 0.932997
vt 0.489951 0.933721
vt 0.894809 0.370583
vt 0.896104 0.377656
vt 0.900722 0.374666
vt 0.917016 0.356859
vt 0.917867 0.37639
vt 0.923634 0.362105
vt 0.480492 0.0074227
vt 0.484669 0.0060395
vt 0.486519 0.0173472
vt 0.960339 0.729946
vt 0.95529 0.71349
vt 0.954787 0.741252
vt 0.484669 0.0060395
vt 0.491973 0.0047807
vt 0.493855 0.0201465
vt 0.493855 0.0201465
vt 0.491973 0.0047807
vt 0.495442 0.015211
vt 0.495442 0.015211
vt 0.491973 0.0047807
vt 0.498089 0.0129985
vt 0.498089 0.0129985
vt 0.491973 0.0047807
vt 0.504582 0.0134391
vt 0.126439 0.669689
vt 0.106273 0.657668
vt 0.107021 0.630809
vt 0.107021 0.630809
vt 0.106273 0.657668
vt 0.0945677 0.631577
vt 0.373629 0.0770654
vt 0.378962 0.0630938
vt 0.3578 0.0640252
vt 0.210092 0.771131
vt 0.19706 0.765494
vt 0.225668 0.771133
vt 0.185664 0.720639
vt 0.172272 0.734901
vt 0.166472 0.709489
vt 0.166472 0.709489
vt 0.157199 0.723071
vt 0.144957 0.690784
vt 0.268361 0.963373
vt 0.270947 0.964942
vt 0.266913 0.96749
vt 0.035174 0.973767
vt 0.0316551 0.97239
vt 0.0253803 0.975486
vt 0.0253803 0.975486
vt 0.0316551 0.97239
vt 0.01652 0.972706
vt 0.144957 0.690784
vt 0.116661 0.676552
vt 0.126439 0.669689
vt 0.900722 0.374666
vt 0.896104 0.377656
vt 0.90345 0.377891
vt 0.900722 0.374666
vt 0.90345 0.377891
vt 0.910794 0.375058
vt 0.900722 0.374666
vt 0.910794 0.375058
vt 0.906492 0.3712
vt 0.910794 0.375058
vt 0.917867 0.37639
vt 0.917016 0.356859
vt 0.491973 0.0047807
vt 0.496569 0.0004625
vt 0.504582 0.0134391
vt 0.0848304 0.635739
vt 0.0694234 0.619605
vt 0.0806791 0.617596
vt 0.0806791 0.617596
vt 0.0694234 0.619605
vt 0.066773 0.606028
vt 0.066773 0.606028
vt 0.0694234 0.619605
vt 0.058441 0.61595
vt 0.390183 0.0996871
vt 0.38888 0.0795069
vt 0.373238 0.088863
vt 0.204028 0.749071
vt 0.19706 0.765494
vt 0.1861 0.742631
vt 0.166472 0.709489
vt 0.172272 0.734901
vt 0.157199 0.723071
vt 0.609469 0.826156
vt 0.603095 0.814275
vt 0.60577 0.81323
vt 0.609794 0.818733
vt 0.609469 0.826156
vt 0.60577 0.81323
vt 0.157199 0.723071
vt 0.13551 0.700067
vt 0.144957 0.690784
vt 0.923634 0.362105
vt 0.930005 0.375069
vt 0.929425 0.357872
vt 0.583676 0.810039
vt 0.588497 0.812857
vt 0.578827 0.813316
vt 0.144957 0.690784
vt 0.13551 0.700067
vt 0.116661 0.676552
vt 0.0132473 0.965973
vt 0.0091491 0.961904
vt 0.0115881 0.968979
vt 0.917867 0.37639
vt 0.924351 0.376651
vt 0.923634 0.362105
vt 0.484669 0.0060395
vt 0.49249 0.0007107
vt 0.491973 0.0047807
vt 0.491973 0.0047807
vt 0.49249 0.0007107
vt 0.496569 0.0004625
vt 0.126439 0.669689
vt 0.116661 0.676552
vt 0.106273 0.657668
vt 0.106273 0.657668
vt 0.0938836 0.657794
vt 0.0945677 0.631577
vt 0.0945677 0.631577
vt 0.0938836 0.657794
vt 0.0848304 0.635739
vt 0.0848304 0.635739
vt 0.0733467 0.633304
vt 0.0694234 0.619605
vt 0.685356 0.0390183
vt 0.703235 0.0388621
vt 0.692968 0.048708
vt 0.19706 0.765494
vt 0.180655 0.758534
vt 0.1861 0.742631
vt 0.0394626 0.965855
vt 0.040546 0.94738
vt 0.0117527 0.953267
vt 0.116661 0.676552
vt 0.0938836 0.657794
vt 0.106273 0.657668
vt 0.0848304 0.635739
vt 0.0938836 0.657794
vt 0.0733467 0.633304
vt 0.410072 0.108696
vt 0.405545 0.0994712
vt 0.396469 0.108686
vt 0.1861 0.742631
vt 0.180655 0.758534
vt 0.172272 0.734901
vt 0.606117 0.824221
vt 0.605029 0.834509
vt 0.594604 0.838686
vt 0.577314 0.831316
vt 0.584262 0.8395
vt 0.57707 0.838046
vt 0.13551 0.700067
vt 0.11019 0.684306
vt 0.116661 0.676552
vt 0.116661 0.676552
vt 0.11019 0.684306
vt 0.0938836 0.657794
vt 0.0938836 0.657794
vt 0.0805194 0.652382
vt 0.0733467 0.633304
vt 0.410072 0.108696
vt 0.422539 0.0993699
vt 0.405545 0.0994712
vt 0.180655 0.758534
vt 0.161602 0.748615
vt 0.172272 0.734901
vt 0.157199 0.723071
vt 0.128127 0.708295
vt 0.13551 0.700067
vt 0.13551 0.700067
vt 0.128127 0.708295
vt 0.11019 0.684306
vt 0.11019 0.684306
vt 0.0905489 0.674538
vt 0.0938836 0.657794
vt 0.0938836 0.657794
vt 0.0905489 0.674538
vt 0.0805194 0.652382
vt 0.161602 0.748615
vt 0.146949 0.738253
vt 0.172272 0.734901
vt 0.172272 0.734901
vt 0.146949 0.738253
vt 0.157199 0.723071
vt 0.146949 0.738253
vt 0.137698 0.731238
vt 0.128127 0.708295
vt 0.157199 0.723071
vt 0.146949 0.738253
vt 0.128127 0.708295
vt 0.11019 0.684306
vt 0.102058 0.692755
vt 0.0905489 0.674538
vt 0.43824 0.1075
vt 0.435637 0.0992581
vt 0.429764 0.10862
vt 0.137698 0.731238
vt 0.121087 0.714419
vt 0.128127 0.708295
vt 0.128127 0.708295
vt 0.121087 0.714419
vt 0.11019 0.684306
vt 0.11019 0.684306
vt 0.121087 0.714419
vt 0.102058 0.692755
vt 0.775723 0.0415463
vt 0.796234 0.0416015
vt 0.79636 0.0480188
vt 0.500714 0.105003
vt 0.501932 0.0989474
vt 0.481045 0.0994259
vt 0.845865 0.727861
vt 0.846365 0.729192
vt 0.862451 0.714258
vt 0.845865 0.727861
vt 0.862451 0.714258
vt 0.869384 0.704933
vt 0.256459 0.0764448
vt 0.267913 0.0770516
vt 0.241838 0.0782421
vt 0.823138 0.745806
vt 0.837067 0.73618
vt 0.829025 0.740278
vt 0.829025 0.740278
vt 0.837067 0.73618
vt 0.846365 0.729192
vt 0.829025 0.740278
vt 0.846365 0.729192
vt 0.845865 0.727861
vt 0.845865 0.727861
vt 0.869384 0.704933
vt 0.884609 0.683926
vt 0.869384 0.704933
vt 0.879584 0.694074
vt 0.884609 0.683926
vt 0.879584 0.694074
vt 0.892449 0.674844
vt 0.884609 0.683926
vt 0.813354 0.750587
vt 0.823138 0.745806
vt 0.829025 0.740278
vt 0.884609 0.683926
vt 0.892449 0.674844
vt 0.897795 0.664371
vt 0.372141 0.0541165
vt 0.369093 0.0527976
vt 0.384791 0.0538401
vt 0.0076141 0.778728
vt 0.0078444 0.762743
vt 0.0066005 0.762932
vt 0.829025 0.740278
vt 0.845865 0.727861
vt 0.884609 0.683926
vt 0.903755 0.649804
vt 0.884609 0.683926
vt 0.897795 0.664371
vt 0.352765 0.0537618
vt 0.369093 0.0527976
vt 0.372141 0.0541165
vt 0.0078444 0.762743
vt 0.0065364 0.746139
vt 0.0066005 0.762932
vt 0.515531 0.672988
vt 0.518011 0.678663
vt 0.506944 0.673938
vt 0.336722 0.0541056
vt 0.334159 0.0529085
vt 0.352765 0.0537618
vt 0.801773 0.75568
vt 0.813354 0.750587
vt 0.829025 0.740278
vt 0.947608 0.0072567
vt 0.949112 0.0041776
vt 0.941729 0.0055264
vt 0.949394 0.503737
vt 0.942169 0.503011
vt 0.942034 0.512556
vt 0.942034 0.512556
vt 0.942169 0.503011
vt 0.936948 0.506375
vt 0.0065364 0.746139
vt 0.006762 0.733069
vt 0.0054419 0.728302
vt 0.768673 0.767964
vt 0.784116 0.763677
vt 0.801773 0.75568
vt 0.961293 0.0032377
vt 0.949112 0.0041776
vt 0.954561 0.0074128
vt 0.954561 0.0074128
vt 0.949112 0.0041776
vt 0.947608 0.0072567
vt 0.961219 0.503677
vt 0.949394 0.503737
vt 0.95519 0.506514
vt 0.298101 0.985671
vt 0.296813 0.975948
vt 0.308537 0.975873
vt 0.310488 0.969397
vt 0.296813 0.975948
vt 0.295085 0.968732
vt 0.964264 0.258998
vt 0.970477 0.247757
vt 0.963939 0.245212
vt 0.329406 0.0163458
vt 0.3369 0.0369557
vt 0.321569 0.0177091
vt 0.961219 0.503677
vt 0.95519 0.506514
vt 0.961432 0.517113
vt 0.95519 0.506514
vt 0.949394 0.503737
vt 0.9501 0.516835
vt 0.9501 0.516835
vt 0.949394 0.503737
vt 0.942034 0.512556
vt 0.121111 0.213719
vt 0.119763 0.206673
vt 0.123244 0.207626
vt 0.937778 0.526436
vt 0.942034 0.512556
vt 0.936948 0.506375
vt 0.762611 0.678739
vt 0.829025 0.740278
vt 0.884609 0.683926
vt 0.308537 0.975873
vt 0.296813 0.975948
vt 0.310488 0.969397
vt 0.903755 0.649804
vt 0.910702 0.634628
vt 0.91469 0.617265
vt 0.0054419 0.728302
vt 0.006762 0.733069
vt 0.0053173 0.714602
vt 0.315264 0.0142982
vt 0.329406 0.0163458
vt 0.321569 0.0177091
vt 0.321048 0.0537976
vt 0.334159 0.0529085
vt 0.336722 0.0541056
vt 0.801773 0.75568
vt 0.829025 0.740278
vt 0.762611 0.678739
vt 0.13783 0.201361
vt 0.122015 0.201941
vt 0.125303 0.194727
vt 0.954026 0.0171769
vt 0.954561 0.0074128
vt 0.947608 0.0072567
vt 0.955509 0.521123
vt 0.95519 0.506514
vt 0.9501 0.516835
vt 0.968579 0.512551
vt 0.961219 0.503677
vt 0.961432 0.517113
vt 0.9501 0.516835
vt 0.942034 0.512556
vt 0.942806 0.528959
vt 0.942034 0.512556
vt 0.937778 0.526436
vt 0.942806 0.528959
vt 0.935763 0.0075276
vt 0.927159 0.0079953
vt 0.932101 0.0271571
vt 0.937778 0.526436
vt 0.936948 0.506375
vt 0.930222 0.507981
vt 0.298101 0.985671
vt 0.308537 0.975873
vt 0.3261 0.980032
vt 0.980419 0.248777
vt 0.970477 0.247757
vt 0.970297 0.268113
vt 0.13783 0.201361
vt 0.125303 0.194727
vt 0.134982 0.194794
vt 0.954026 0.0171769
vt 0.947608 0.0072567
vt 0.948042 0.0358779
vt 0.961432 0.517113
vt 0.95519 0.506514
vt 0.955509 0.521123
vt 0.143656 0.20835
vt 0.123244 0.207626
vt 0.122015 0.201941
vt 0.143656 0.20835
vt 0.122015 0.201941
vt 0.13783 0.201361
vt 0.140624 0.214394
vt 0.121111 0.213719
vt 0.123244 0.207626
vt 0.941548 0.0277282
vt 0.935763 0.0075276
vt 0.93443 0.0319679
vt 0.93443 0.0319679
vt 0.935763 0.0075276
vt 0.932101 0.0271571
vt 0.932101 0.0271571
vt 0.927159 0.0079953
vt 0.925318 0.037554
vt 0.937778 0.526436
vt 0.930222 0.507981
vt 0.928988 0.542964
vt 0.970453 0.0192137
vt 0.968074 0.0347687
vt 0.974483 0.0374045
vt 0.327022 0.986171
vt 0.298101 0.985671
vt 0.3261 0.980032
vt 0.980334 0.283619
vt 0.980419 0.248777
vt 0.970297 0.268113
vt 0.979315 0.0195462
vt 0.970453 0.0192137
vt 0.974483 0.0374045
vt 0.884609 0.683926
vt 0.903755 0.649804
vt 0.91469 0.617265
vt 0.768673 0.767964
vt 0.801773 0.75568
vt 0.762611 0.678739
vt 0.947608 0.0072567
vt 0.941729 0.0055264
vt 0.948042 0.0358779
vt 0.948042 0.0358779
vt 0.941729 0.0055264
vt 0.941548 0.0277282
vt 0.967345 0.528983
vt 0.968579 0.512551
vt 0.961432 0.517113
vt 0.95128 0.535242
vt 0.9501 0.516835
vt 0.942806 0.528959
vt 0.419298 0.127633
vt 0.399496 0.118705
vt 0.42161 0.122648
vt 0.286315 0.0539485
vt 0.303598 0.0531919
vt 0.321048 0.0537976
vt 0.719002 0.775671
vt 0.753603 0.772217
vt 0.768673 0.767964
vt 0.954026 0.0171769
vt 0.948042 0.0358779
vt 0.952687 0.0371181
vt 0.961432 0.517113
vt 0.955509 0.521123
vt 0.959857 0.541272
vt 0.955509 0.521123
vt 0.9501 0.516835
vt 0.95128 0.535242
vt 0.941548 0.0277282
vt 0.93443 0.0319679
vt 0.939574 0.0404885
vt 0.942806 0.528959
vt 0.937778 0.526436
vt 0.93912 0.534799
vt 0.762611 0.678739
vt 0.884609 0.683926
vt 0.822357 0.6413
vt 0.3261 0.980032
vt 0.308537 0.975873
vt 0.338979 0.97594
vt 0.822357 0.6413
vt 0.884609 0.683926
vt 0.91469 0.617265
vt 0.155818 0.200491
vt 0.13783 0.201361
vt 0.134982 0.194794
vt 0.155818 0.200491
vt 0.134982 0.194794
vt 0.1548 0.195074
vt 0.967345 0.528983
vt 0.961432 0.517113
vt 0.959857 0.541272
vt 0.95128 0.535242
vt 0.942806 0.528959
vt 0.950263 0.54673
vt 0.907394 0.988619
vt 0.925243 0.992958
vt 0.909266 0.994818
vt 0.93443 0.0319679
vt 0.932101 0.0271571
vt 0.925318 0.037554
vt 0.937462 0.54351
vt 0.937778 0.526436
vt 0.928988 0.542964
vt 0.980334 0.283619
vt 0.970297 0.268113
vt 0.970225 0.286523
vt 0.959857 0.541272
vt 0.955509 0.521123
vt 0.95128 0.535242
vt 0.948042 0.0358779
vt 0.941548 0.0277282
vt 0.939574 0.0404885
vt 0.942806 0.528959
vt 0.93912 0.534799
vt 0.941921 0.552043
vt 0.941921 0.552043
vt 0.93912 0.534799
vt 0.937462 0.54351
vt 0.932694 0.0559343
vt 0.93443 0.0319679
vt 0.925318 0.037554
vt 0.35128 0.983562
vt 0.327022 0.986171
vt 0.3261 0.980032
vt 0.91469 0.617265
vt 0.918425 0.604137
vt 0.92122 0.561859
vt 0.918425 0.604137
vt 0.921196 0.585026
vt 0.92122 0.561859
vt 0.959857 0.541272
vt 0.95128 0.535242
vt 0.954519 0.55312
vt 0.143656 0.20835
vt 0.13783 0.201361
vt 0.158815 0.207576
vt 0.158815 0.207576
vt 0.13783 0.201361
vt 0.155818 0.200491
vt 0.967345 0.528983
vt 0.959857 0.541272
vt 0.966642 0.545794
vt 0.950263 0.54673
vt 0.942806 0.528959
vt 0.941921 0.552043
vt 0.939574 0.0404885
vt 0.93443 0.0319679
vt 0.932694 0.0559343
vt 0.917413 0.9707
vt 0.902469 0.980697
vt 0.895037 0.970825
vt 0.0034898 0.672066
vt 0.0051044 0.695255
vt 0.004987 0.673257
vt 0.275684 0.0187591
vt 0.296277 0.0182911
vt 0.286315 0.0539485
vt 0.952687 0.0371181
vt 0.948042 0.0358779
vt 0.947384 0.0519177
vt 0.954519 0.55312
vt 0.95128 0.535242
vt 0.950263 0.54673
vt 0.947384 0.0519177
vt 0.948042 0.0358779
vt 0.939574 0.0404885
vt 0.351254 0.987046
vt 0.327022 0.986171
vt 0.35128 0.983562
vt 0.980255 0.3068
vt 0.980334 0.283619
vt 0.970225 0.286523
vt 0.269346 0.0097132
vt 0.293072 0.0151291
vt 0.265862 0.0156659
vt 0.265862 0.0156659
vt 0.293072 0.0151291
vt 0.275684 0.0187591
vt 0.947384 0.0519177
vt 0.939574 0.0404885
vt 0.93853 0.0634647
vt 0.166451 0.214526
vt 0.143656 0.20835
vt 0.158815 0.207576
vt 0.93853 0.0634647
vt 0.939574 0.0404885
vt 0.932694 0.0559343
vt 0.907394 0.988619
vt 0.909266 0.994818
vt 0.892745 0.995776
vt 0.941921 0.552043
vt 0.937462 0.54351
vt 0.937444 0.559398
vt 0.932694 0.0559343
vt 0.925318 0.037554
vt 0.924567 0.062308
vt 0.35128 0.983562
vt 0.3261 0.980032
vt 0.356905 0.979698
vt 0.356905 0.979698
vt 0.3261 0.980032
vt 0.338979 0.97594
vt 0.158815 0.207576
vt 0.155818 0.200491
vt 0.172468 0.203101
vt 0.177326 0.208284
vt 0.158815 0.207576
vt 0.172468 0.203101
vt 0.947384 0.0519177
vt 0.93853 0.0634647
vt 0.943004 0.065066
vt 0.950263 0.54673
vt 0.941921 0.552043
vt 0.949992 0.568279
vt 0.980255 0.3068
vt 0.970225 0.286523
vt 0.970201 0.306641
vt 0.963664 0.309264
vt 0.970225 0.286523
vt 0.964302 0.284354
vt 0.265862 0.0156659
vt 0.275684 0.0187591
vt 0.25692 0.0185559
vt 0.25692 0.0185559
vt 0.275684 0.0187591
vt 0.262599 0.0537078
vt 0.719002 0.775671
vt 0.768673 0.767964
vt 0.658097 0.701854
vt 0.952687 0.0371181
vt 0.947384 0.0519177
vt 0.947634 0.0723169
vt 0.954556 0.067593
vt 0.952687 0.0371181
vt 0.947634 0.0723169
vt 0.954519 0.55312
vt 0.950263 0.54673
vt 0.949992 0.568279
vt 0.966642 0.545794
vt 0.959857 0.541272
vt 0.964661 0.560704
vt 0.166451 0.214526
vt 0.158815 0.207576
vt 0.177326 0.208284
vt 0.878493 0.989367
vt 0.902469 0.980697
vt 0.907394 0.988619
vt 0.937444 0.559398
vt 0.928988 0.542964
vt 0.928356 0.566212
vt 0.900575 0.964302
vt 0.895037 0.970825
vt 0.874351 0.965389
vt 0.0034898 0.672066
vt 0.004987 0.673257
vt 0.0036798 0.653775
vt 0.681109 0.774009
vt 0.695305 0.775301
vt 0.719002 0.775671
vt 0.959633 0.570822
vt 0.959857 0.541272
vt 0.954519 0.55312
vt 0.949992 0.568279
vt 0.941921 0.552043
vt 0.942597 0.572649
vt 0.941921 0.552043
vt 0.937444 0.559398
vt 0.942597 0.572649
vt 0.936977 0.572556
vt 0.937444 0.559398
vt 0.928356 0.566212
vt 0.947384 0.0519177
vt 0.943004 0.065066
vt 0.947634 0.0723169
vt 0.93853 0.0634647
vt 0.932694 0.0559343
vt 0.931631 0.0770857
vt 0.942597 0.572649
vt 0.937444 0.559398
vt 0.936977 0.572556
vt 0.931631 0.0770857
vt 0.932694 0.0559343
vt 0.924567 0.062308
vt 0.356905 0.979698
vt 0.338979 0.97594
vt 0.370357 0.976839
vt 0.370357 0.976839
vt 0.338979 0.97594
vt 0.362253 0.969843
vt 0.681109 0.774009
vt 0.719002 0.775671
vt 0.658097 0.701854
vt 0.959633 0.570822
vt 0.954519 0.55312
vt 0.955414 0.576543
vt 0.955414 0.576543
vt 0.954519 0.55312
vt 0.949992 0.568279
vt 0.177326 0.208284
vt 0.172468 0.203101
vt 0.184663 0.199663
vt 0.177326 0.208284
vt 0.184663 0.199663
vt 0.18957 0.203372
vt 0.878493 0.989367
vt 0.892745 0.995776
vt 0.878145 0.998054
vt 0.933966 0.582237
vt 0.936977 0.572556
vt 0.928356 0.566212
vt 0.980255 0.3068
vt 0.970201 0.306641
vt 0.970487 0.32287
vt 0.36278 0.962984
vt 0.338723 0.962449
vt 0.362789 0.95709
vt 0.947634 0.0723169
vt 0.943004 0.065066
vt 0.93853 0.0634647
vt 0.947634 0.0723169
vt 0.93853 0.0634647
vt 0.944917 0.0821654
vt 0.944917 0.0821654
vt 0.93853 0.0634647
vt 0.937236 0.0824984
vt 0.966309 0.573256
vt 0.964661 0.560704
vt 0.959633 0.570822
vt 0.184289 0.214887
vt 0.166451 0.214526
vt 0.177326 0.208284
vt 0.878493 0.989367
vt 0.878145 0.998054
vt 0.865809 0.996545
vt 0.176554 0.221866
vt 0.166451 0.214526
vt 0.184289 0.214887
vt 0.933966 0.582237
vt 0.928356 0.566212
vt 0.927525 0.582701
vt 0.390255 0.987186
vt 0.35128 0.983562
vt 0.382591 0.984309
vt 0.382591 0.984309
vt 0.35128 0.983562
vt 0.356905 0.979698
vt 0.822357 0.6413
vt 0.91469 0.617265
vt 0.824358 0.530596
vt 0.25692 0.0185559
vt 0.235611 0.0538614
vt 0.241276 0.0174088
vt 0.25692 0.0185559
vt 0.248324 0.0539744
vt 0.235611 0.0538614
vt 0.955414 0.576543
vt 0.949992 0.568279
vt 0.950023 0.583308
vt 0.950023 0.583308
vt 0.949992 0.568279
vt 0.942597 0.572649
vt 0.950023 0.583308
vt 0.942597 0.572649
vt 0.941844 0.588468
vt 0.942597 0.572649
vt 0.936977 0.572556
vt 0.936651 0.592375
vt 0.936651 0.592375
vt 0.936977 0.572556
vt 0.933966 0.582237
vt 0.382591 0.984309
vt 0.356905 0.979698
vt 0.370357 0.976839
vt 0.917314 0.520536
vt 0.92122 0.561859
vt 0.921196 0.543638
vt 0.0036798 0.653775
vt 0.0039778 0.633661
vt 0.0027089 0.630302
vt 0.950888 0.0851988
vt 0.954556 0.067593
vt 0.947634 0.0723169
vt 0.944917 0.0821654
vt 0.937236 0.0824984
vt 0.942949 0.0907863
vt 0.199207 0.214652
vt 0.184289 0.214887
vt 0.177326 0.208284
vt 0.937236 0.0824984
vt 0.931631 0.0770857
vt 0.930538 0.0940028
vt 0.941844 0.588468
vt 0.942597 0.572649
vt 0.936651 0.592375
vt 0.930538 0.0940028
vt 0.931631 0.0770857
vt 0.9267 0.0864236
vt 0.933966 0.582237
vt 0.927525 0.582701
vt 0.927966 0.601021
vt 0.91469 0.617265
vt 0.92122 0.561859
vt 0.90858 0.488909
vt 0.206944 0.207987
vt 0.177326 0.208284
vt 0.18957 0.203372
vt 0.18957 0.203372
vt 0.184663 0.199663
vt 0.205616 0.201528
vt 0.950888 0.0851988
vt 0.947634 0.0723169
vt 0.944917 0.0821654
vt 0.959633 0.570822
vt 0.955414 0.576543
vt 0.959308 0.58901
vt 0.950023 0.583308
vt 0.941844 0.588468
vt 0.946841 0.597517
vt 0.866341 0.981152
vt 0.878493 0.989367
vt 0.861158 0.990218
vt 0.866341 0.981152
vt 0.861158 0.990218
vt 0.846323 0.990297
vt 0.98035 0.34152
vt 0.979953 0.323259
vt 0.975248 0.345509
vt 0.975248 0.345509
vt 0.979953 0.323259
vt 0.970487 0.32287
vt 0.90858 0.488909
vt 0.92122 0.561859
vt 0.917314 0.520536
vt 0.653356 0.768371
vt 0.681109 0.774009
vt 0.658097 0.701854
vt 0.658097 0.701854
vt 0.768673 0.767964
vt 0.762611 0.678739
vt 0.206944 0.207987
vt 0.18957 0.203372
vt 0.205616 0.201528
vt 0.942949 0.0907863
vt 0.937236 0.0824984
vt 0.93742 0.09791
vt 0.966309 0.573256
vt 0.959633 0.570822
vt 0.965501 0.593801
vt 0.965501 0.593801
vt 0.959633 0.570822
vt 0.959308 0.58901
vt 0.955414 0.576543
vt 0.950023 0.583308
vt 0.952511 0.595136
vt 0.959308 0.58901
vt 0.955414 0.576543
vt 0.952511 0.595136
vt 0.861158 0.990218
vt 0.865809 0.996545
vt 0.845635 0.997553
vt 0.936651 0.592375
vt 0.933966 0.582237
vt 0.935846 0.603786
vt 0.935846 0.603786
vt 0.933966 0.582237
vt 0.927966 0.601021
vt 0.382591 0.984309
vt 0.370357 0.976839
vt 0.385819 0.976925
vt 0.969365 0.344412
vt 0.970487 0.32287
vt 0.964089 0.328748
vt 0.0027089 0.630302
vt 0.0039778 0.633661
vt 0.0028073 0.61407
vt 0.219751 0.0349766
vt 0.227859 0.01785
vt 0.235611 0.0538614
vt 0.235611 0.0538614
vt 0.21994 0.0540113
vt 0.219751 0.0349766
vt 0.950888 0.0851988
vt 0.944917 0.0821654
vt 0.944758 0.106479
vt 0.944758 0.106479
vt 0.944917 0.0821654
vt 0.942949 0.0907863
vt 0.952511 0.595136
vt 0.950023 0.583308
vt 0.946841 0.597517
vt 0.975248 0.345509
vt 0.970487 0.32287
vt 0.969365 0.344412
vt 0.385819 0.976925
vt 0.370357 0.976839
vt 0.401157 0.970695
vt 0.824358 0.530596
vt 0.91469 0.617265
vt 0.902512 0.474351
vt 0.902512 0.474351
vt 0.91469 0.617265
vt 0.90858 0.488909
vt 0.213674 0.0182115
vt 0.227859 0.01785
vt 0.219751 0.0349766
vt 0.219085 0.0098627
vt 0.239534 0.0101469
vt 0.227859 0.01785
vt 0.653356 0.768371
vt 0.66857 0.772032
vt 0.681109 0.774009
vt 0.944758 0.106479
vt 0.942949 0.0907863
vt 0.93742 0.09791
vt 0.946841 0.597517
vt 0.941844 0.588468
vt 0.942439 0.60846
vt 0.93742 0.09791
vt 0.930538 0.0940028
vt 0.935151 0.112869
vt 0.941844 0.588468
vt 0.936651 0.592375
vt 0.935846 0.603786
vt 0.927209 0.110179
vt 0.930538 0.0940028
vt 0.9267 0.0864236
vt 0.382591 0.984309
vt 0.385819 0.976925
vt 0.402239 0.977182
vt 0.98234 0.0883085
vt 0.976278 0.113085
vt 0.983293 0.0998718
vt 0.964126 0.351513
vt 0.969365 0.344412
vt 0.964089 0.328748
vt 0.90858 0.488909
vt 0.917314 0.520536
vt 0.914217 0.504658
vt 0.950305 0.109576
vt 0.950888 0.0851988
vt 0.944758 0.106479
vt 0.756639 0.574046
vt 0.762611 0.678739
vt 0.822357 0.6413
vt 0.206944 0.207987
vt 0.205616 0.201528
vt 0.220002 0.203833
vt 0.205616 0.201528
vt 0.202333 0.197415
vt 0.22639 0.198714
vt 0.220002 0.203833
vt 0.205616 0.201528
vt 0.22639 0.198714
vt 0.959308 0.58901
vt 0.952511 0.595136
vt 0.955696 0.612296
vt 0.959598 0.606142
vt 0.959308 0.58901
vt 0.955696 0.612296
vt 0.935151 0.112869
vt 0.930538 0.0940028
vt 0.927209 0.110179
vt 0.927209 0.110179
vt 0.9267 0.0864236
vt 0.921553 0.101867
vt 0.933288 0.613587
vt 0.935846 0.603786
vt 0.927966 0.601021
vt 0.390255 0.987186
vt 0.382591 0.984309
vt 0.40419 0.986426
vt 0.40419 0.986426
vt 0.382591 0.984309
vt 0.402239 0.977182
vt 0.402239 0.977182
vt 0.385819 0.976925
vt 0.401157 0.970695
vt 0.219751 0.0349766
vt 0.21994 0.0540113
vt 0.202078 0.0379832
vt 0.202078 0.0379832
vt 0.21994 0.0540113
vt 0.202066 0.0532047
vt 0.438031 0.587677
vt 0.450273 0.599357
vt 0.432517 0.61088
vt 0.944758 0.106479
vt 0.93742 0.09791
vt 0.935151 0.112869
vt 0.965501 0.593801
vt 0.959308 0.58901
vt 0.959598 0.606142
vt 0.952511 0.595136
vt 0.946841 0.597517
vt 0.950063 0.612568
vt 0.955696 0.612296
vt 0.952511 0.595136
vt 0.950063 0.612568
vt 0.950063 0.612568
vt 0.946841 0.597517
vt 0.942439 0.60846
vt 0.942439 0.60846
vt 0.935846 0.603786
vt 0.936871 0.616866
vt 0.936871 0.616866
vt 0.935846 0.603786
vt 0.933288 0.613587
vt 0.0022769 0.597271
vt 0.0028073 0.61407
vt 0.0034784 0.598712
vt 0.213674 0.0182115
vt 0.219751 0.0349766
vt 0.202078 0.0379832
vt 0.219085 0.0098627
vt 0.213674 0.0182115
vt 0.204069 0.009772
vt 0.202066 0.0532047
vt 0.21994 0.0540113
vt 0.197474 0.0541165
vt 0.233927 0.207973
vt 0.206944 0.207987
vt 0.220002 0.203833
vt 0.927209 0.110179
vt 0.921553 0.101867
vt 0.919556 0.115853
vt 0.756639 0.574046
vt 0.822357 0.6413
vt 0.824358 0.530596
vt 0.944758 0.106479
vt 0.935151 0.112869
vt 0.942664 0.122089
vt 0.965501 0.593801
vt 0.959598 0.606142
vt 0.96543 0.610089
vt 0.950063 0.612568
vt 0.942439 0.60846
vt 0.94904 0.621761
vt 0.94904 0.621761
vt 0.942439 0.60846
vt 0.941746 0.625125
vt 0.846323 0.990297
vt 0.845635 0.997553
vt 0.829631 0.997753
vt 0.933288 0.613587
vt 0.927966 0.601021
vt 0.926737 0.630395
vt 0.98035 0.34152
vt 0.975248 0.345509
vt 0.979666 0.370866
vt 0.40419 0.986426
vt 0.402239 0.977182
vt 0.420002 0.978176
vt 0.975248 0.345509
vt 0.969365 0.344412
vt 0.97055 0.374189
vt 0.97055 0.374189
vt 0.969365 0.344412
vt 0.964126 0.351513
vt 0.213674 0.0182115
vt 0.202078 0.0379832
vt 0.198312 0.0176171
vt 0.220002 0.203833
vt 0.22639 0.198714
vt 0.236605 0.202672
vt 0.233927 0.207973
vt 0.220002 0.203833
vt 0.236605 0.202672
vt 0.846323 0.990297
vt 0.829631 0.997753
vt 0.834562 0.990211
vt 0.936871 0.616866
vt 0.933288 0.613587
vt 0.934912 0.629954
vt 0.929038 0.118513
vt 0.927209 0.110179
vt 0.927584 0.129978
vt 0.927584 0.129978
vt 0.927209 0.110179
vt 0.919556 0.115853
vt 0.934912 0.629954
vt 0.933288 0.613587
vt 0.926737 0.630395
vt 0.419725 0.987811
vt 0.40419 0.986426
vt 0.420002 0.978176
vt 0.979666 0.370866
vt 0.975248 0.345509
vt 0.97055 0.374189
vt 0.950305 0.109576
vt 0.944758 0.106479
vt 0.942664 0.122089
vt 0.947357 0.12938
vt 0.950305 0.109576
vt 0.942664 0.122089
vt 0.942664 0.122089
vt 0.935151 0.112869
vt 0.940723 0.13145
vt 0.940723 0.13145
vt 0.935151 0.112869
vt 0.935135 0.130837
vt 0.96543 0.610089
vt 0.959598 0.606142
vt 0.964803 0.622968
vt 0.964803 0.622968
vt 0.959598 0.606142
vt 0.955696 0.612296
vt 0.964803 0.622968
vt 0.955696 0.612296
vt 0.959513 0.623508
vt 0.955696 0.612296
vt 0.950063 0.612568
vt 0.951931 0.632195
vt 0.951931 0.632195
vt 0.950063 0.612568
vt 0.94904 0.621761
vt 0.94904 0.621761
vt 0.941746 0.625125
vt 0.946764 0.632367
vt 0.935135 0.130837
vt 0.935151 0.112869
vt 0.929038 0.118513
vt 0.941746 0.625125
vt 0.936871 0.616866
vt 0.934912 0.629954
vt 0.927584 0.129978
vt 0.919556 0.115853
vt 0.919154 0.131624
vt 0.422471 0.971489
vt 0.402239 0.977182
vt 0.401157 0.970695
vt 0.0022769 0.597271
vt 0.0034784 0.598712
vt 0.0027975 0.578
vt 0.204069 0.009772
vt 0.198312 0.0176171
vt 0.188955 0.0131184
vt 0.236605 0.202672
vt 0.22639 0.198714
vt 0.246121 0.197425
vt 0.959513 0.623508
vt 0.955696 0.612296
vt 0.951931 0.632195
vt 0.935135 0.130837
vt 0.929038 0.118513
vt 0.927584 0.129978
vt 0.820242 0.99176
vt 0.829631 0.997753
vt 0.816954 0.998416
vt 0.420002 0.978176
vt 0.402239 0.977182
vt 0.422471 0.971489
vt 0.902512 0.474351
vt 0.90858 0.488909
vt 0.902216 0.470819
vt 0.202078 0.0379832
vt 0.202066 0.0532047
vt 0.183895 0.0537239
vt 0.185152 0.0385613
vt 0.202078 0.0379832
vt 0.183895 0.0537239
vt 0.185152 0.0385613
vt 0.198312 0.0176171
vt 0.202078 0.0379832
vt 0.183895 0.0537239
vt 0.202066 0.0532047
vt 0.197474 0.0541165
vt 0.466176 0.667005
vt 0.476187 0.646466
vt 0.472927 0.662219
vt 0.236605 0.202672
vt 0.246121 0.197425
vt 0.255653 0.201639
vt 0.947357 0.12938
vt 0.942664 0.122089
vt 0.940723 0.13145
vt 0.959513 0.623508
vt 0.951931 0.632195
vt 0.957271 0.636186
vt 0.951931 0.632195
vt 0.94904 0.621761
vt 0.946764 0.632367
vt 0.935135 0.130837
vt 0.927584 0.129978
vt 0.932456 0.143123
vt 0.419725 0.987811
vt 0.420002 0.978176
vt 0.436336 0.978498
vt 0.188955 0.0131184
vt 0.198312 0.0176171
vt 0.180799 0.0185688
vt 0.233927 0.207973
vt 0.236605 0.202672
vt 0.251702 0.207707
vt 0.251702 0.207707
vt 0.236605 0.202672
vt 0.255653 0.201639
vt 0.946764 0.632367
vt 0.941746 0.625125
vt 0.94199 0.6425
vt 0.941746 0.625125
vt 0.934912 0.629954
vt 0.935622 0.643507
vt 0.932456 0.143123
vt 0.927584 0.129978
vt 0.92625 0.143847
vt 0.935622 0.643507
vt 0.934912 0.629954
vt 0.926685 0.646327
vt 0.92625 0.143847
vt 0.919154 0.131624
vt 0.917769 0.146274
vt 0.934912 0.629954
vt 0.926737 0.630395
vt 0.926685 0.646327
vt 0.434294 0.987912
vt 0.419725 0.987811
vt 0.436336 0.978498
vt 0.979752 0.386751
vt 0.979666 0.370866
vt 0.97055 0.374189
vt 0.956543 0.387223
vt 0.95691 0.365429
vt 0.952932 0.365447
vt 0.947357 0.12938
vt 0.940723 0.13145
vt 0.940749 0.143912
vt 0.940723 0.13145
vt 0.935135 0.130837
vt 0.940749 0.143912
vt 0.940749 0.143912
vt 0.935135 0.130837
vt 0.932456 0.143123
vt 0.964803 0.622968
vt 0.959513 0.623508
vt 0.963526 0.638098
vt 0.963526 0.638098
vt 0.959513 0.623508
vt 0.957271 0.636186
vt 0.951931 0.632195
vt 0.946764 0.632367
vt 0.950521 0.647003
vt 0.950521 0.647003
vt 0.946764 0.632367
vt 0.94199 0.6425
vt 0.248792 0.214115
vt 0.233927 0.207973
vt 0.251702 0.207707
vt 0.799159 0.9923
vt 0.820242 0.99176
vt 0.816954 0.998416
vt 0.185152 0.0385613
vt 0.183895 0.0537239
vt 0.164351 0.0524563
vt 0.163811 0.0357756
vt 0.185152 0.0385613
vt 0.164351 0.0524563
vt 0.168572 0.013545
vt 0.188955 0.0131184
vt 0.180799 0.0185688
vt 0.180799 0.0185688
vt 0.185152 0.0385613
vt 0.163811 0.0357756
vt 0.658097 0.701854
vt 0.632252 0.760732
vt 0.653356 0.768371
vt 0.947357 0.12938
vt 0.940749 0.143912
vt 0.9434 0.150491
vt 0.255653 0.201639
vt 0.246121 0.197425
vt 0.267193 0.195212
vt 0.957271 0.636186
vt 0.951931 0.632195
vt 0.950521 0.647003
vt 0.164351 0.0524563
vt 0.183895 0.0537239
vt 0.160727 0.0538298
vt 0.957271 0.636186
vt 0.950521 0.647003
vt 0.955621 0.649972
vt 0.260966 0.212974
vt 0.248792 0.214115
vt 0.251702 0.207707
vt 0.93182 0.161616
vt 0.932456 0.143123
vt 0.92625 0.143847
vt 0.799159 0.9923
vt 0.816954 0.998416
vt 0.802055 0.999538
vt 0.926132 0.156867
vt 0.92625 0.143847
vt 0.917769 0.146274
vt 0.93302 0.662945
vt 0.935622 0.643507
vt 0.926685 0.646327
vt 0.434294 0.987912
vt 0.436336 0.978498
vt 0.455398 0.980757
vt 0.979752 0.386751
vt 0.97055 0.374189
vt 0.974776 0.401179
vt 0.974776 0.401179
vt 0.97055 0.374189
vt 0.969914 0.391268
vt 0.437858 0.965595
vt 0.42215 0.96405
vt 0.433587 0.95815
vt 0.902512 0.474351
vt 0.902216 0.470819
vt 0.896217 0.458976
vt 0.168572 0.013545
vt 0.180799 0.0185688
vt 0.161279 0.0171288
vt 0.161279 0.0171288
vt 0.180799 0.0185688
vt 0.163811 0.0357756
vt 0.599512 0.744308
vt 0.619609 0.755815
vt 0.632252 0.760732
vt 0.255653 0.201639
vt 0.267193 0.195212
vt 0.27158 0.200311
vt 0.940749 0.143912
vt 0.932456 0.143123
vt 0.937222 0.159693
vt 0.9434 0.150491
vt 0.940749 0.143912
vt 0.937222 0.159693
vt 0.937222 0.159693
vt 0.932456 0.143123
vt 0.93182 0.161616
vt 0.963526 0.638098
vt 0.957271 0.636186
vt 0.961273 0.654162
vt 0.961273 0.654162
vt 0.957271 0.636186
vt 0.955621 0.649972
vt 0.950521 0.647003
vt 0.94199 0.6425
vt 0.94809 0.660079
vt 0.94809 0.660079
vt 0.94199 0.6425
vt 0.942528 0.664174
vt 0.251702 0.207707
vt 0.255653 0.201639
vt 0.269084 0.206487
vt 0.260966 0.212974
vt 0.251702 0.207707
vt 0.269084 0.206487
vt 0.93182 0.161616
vt 0.92625 0.143847
vt 0.926132 0.156867
vt 0.942528 0.664174
vt 0.94199 0.6425
vt 0.935622 0.643507
vt 0.942528 0.664174
vt 0.935622 0.643507
vt 0.936789 0.66449
vt 0.935622 0.643507
vt 0.93302 0.662945
vt 0.936789 0.66449
vt 0.926132 0.156867
vt 0.917769 0.146274
vt 0.921909 0.164991
vt 0.921909 0.164991
vt 0.917769 0.146274
vt 0.916678 0.159988
vt 0.980419 0.404787
vt 0.979752 0.386751
vt 0.974776 0.401179
vt 0.447918 0.988288
vt 0.434294 0.987912
vt 0.455398 0.980757
vt 0.983254 0.150503
vt 0.976374 0.156567
vt 0.982712 0.165142
vt 0.45413 0.687303
vt 0.466176 0.667005
vt 0.463351 0.681227
vt 0.269084 0.206487
vt 0.255653 0.201639
vt 0.27158 0.200311
vt 0.968579 0.657568
vt 0.963526 0.638098
vt 0.961273 0.654162
vt 0.455398 0.980757
vt 0.436336 0.978498
vt 0.456668 0.978206
vt 0.968735 0.40541
vt 0.969914 0.391268
vt 0.963758 0.400023
vt 0.430373 0.682473
vt 0.438762 0.645378
vt 0.452863 0.665955
vt 0.27158 0.200311
vt 0.267193 0.195212
vt 0.286069 0.196281
vt 0.955621 0.649972
vt 0.950521 0.647003
vt 0.953053 0.665214
vt 0.953053 0.665214
vt 0.950521 0.647003
vt 0.94809 0.660079
vt 0.926132 0.156867
vt 0.921909 0.164991
vt 0.925381 0.173216
vt 0.974776 0.401179
vt 0.969914 0.391268
vt 0.968735 0.40541
vt 0.949153 0.386726
vt 0.95682 0.398563
vt 0.956543 0.387223
vt 0.45413 0.687303
vt 0.463351 0.681227
vt 0.462516 0.689776
vt 0.942979 0.169616
vt 0.9434 0.150491
vt 0.937222 0.159693
vt 0.93182 0.161616
vt 0.926132 0.156867
vt 0.925381 0.173216
vt 0.248792 0.214115
vt 0.260966 0.212974
vt 0.273632 0.213443
vt 0.266743 0.221789
vt 0.248792 0.214115
vt 0.273632 0.213443
vt 0.980419 0.404787
vt 0.974776 0.401179
vt 0.972977 0.419372
vt 0.972977 0.419372
vt 0.974776 0.401179
vt 0.968735 0.40541
vt 0.777904 0.0589911
vt 0.799403 0.0597517
vt 0.783974 0.0605286
vt 0.163811 0.0357756
vt 0.164351 0.0524563
vt 0.142904 0.0524671
vt 0.161279 0.0171288
vt 0.163811 0.0357756
vt 0.142904 0.0524671
vt 0.658097 0.701854
vt 0.762611 0.678739
vt 0.644234 0.607064
vt 0.336327 0.567674
vt 0.341661 0.566543
vt 0.343267 0.582827
vt 0.269084 0.206487
vt 0.27158 0.200311
vt 0.291912 0.206159
vt 0.942979 0.169616
vt 0.937222 0.159693
vt 0.938065 0.173614
vt 0.938065 0.173614
vt 0.937222 0.159693
vt 0.93182 0.161616
vt 0.961273 0.654162
vt 0.955621 0.649972
vt 0.953053 0.665214
vt 0.953053 0.665214
vt 0.94809 0.660079
vt 0.948426 0.672523
vt 0.948426 0.672523
vt 0.94809 0.660079
vt 0.942528 0.664174
vt 0.273632 0.213443
vt 0.269084 0.206487
vt 0.291912 0.206159
vt 0.287339 0.212703
vt 0.273632 0.213443
vt 0.291912 0.206159
vt 0.93182 0.161616
vt 0.925381 0.173216
vt 0.931488 0.175729
vt 0.936789 0.66449
vt 0.93302 0.662945
vt 0.927746 0.664375
vt 0.921909 0.164991
vt 0.916678 0.159988
vt 0.914845 0.184816
vt 0.472563 0.989362
vt 0.447918 0.988288
vt 0.455398 0.980757
vt 0.145811 0.0179355
vt 0.161279 0.0171288
vt 0.142904 0.0524671
vt 0.142904 0.0524671
vt 0.164351 0.0524563
vt 0.160727 0.0538298
vt 0.599512 0.744308
vt 0.632252 0.760732
vt 0.658097 0.701854
vt 0.291912 0.206159
vt 0.27158 0.200311
vt 0.292163 0.202854
vt 0.292163 0.202854
vt 0.27158 0.200311
vt 0.286069 0.196281
vt 0.938065 0.173614
vt 0.93182 0.161616
vt 0.931488 0.175729
vt 0.942528 0.664174
vt 0.936789 0.66449
vt 0.93797 0.683749
vt 0.93797 0.683749
vt 0.936789 0.66449
vt 0.934049 0.681446
vt 0.797409 0.231681
vt 0.815929 0.230787
vt 0.800268 0.241156
vt 0.925381 0.173216
vt 0.921909 0.164991
vt 0.919061 0.185212
vt 0.936789 0.66449
vt 0.927746 0.664375
vt 0.934049 0.681446
vt 0.919061 0.185212
vt 0.921909 0.164991
vt 0.914845 0.184816
vt 0.934049 0.681446
vt 0.927746 0.664375
vt 0.927644 0.683377
vt 0.980419 0.404787
vt 0.972977 0.419372
vt 0.97841 0.423698
vt 0.472563 0.989362
vt 0.455398 0.980757
vt 0.469321 0.980175
vt 0.469321 0.980175
vt 0.455398 0.980757
vt 0.456668 0.978206
vt 0.45413 0.687303
vt 0.462516 0.689776
vt 0.446232 0.710222
vt 0.446232 0.710222
vt 0.462516 0.689776
vt 0.453716 0.703407
vt 0.813146 0.219912
vt 0.797409 0.231681
vt 0.787518 0.224689
vt 0.948426 0.672523
vt 0.942528 0.664174
vt 0.946461 0.684089
vt 0.925856 0.185986
vt 0.931488 0.175729
vt 0.925381 0.173216
vt 0.968579 0.657568
vt 0.961273 0.654162
vt 0.964748 0.675017
vt 0.961273 0.654162
vt 0.953053 0.665214
vt 0.959467 0.678789
vt 0.964748 0.675017
vt 0.961273 0.654162
vt 0.959467 0.678789
vt 0.925856 0.185986
vt 0.925381 0.173216
vt 0.919061 0.185212
vt 0.473069 0.985111
vt 0.472563 0.989362
vt 0.469321 0.980175
vt 0.469321 0.980175
vt 0.456668 0.978206
vt 0.473509 0.977563
vt 0.788937 0.973611
vt 0.767979 0.972928
vt 0.781751 0.96626
vt 0.982657 0.182782
vt 0.975736 0.172478
vt 0.983149 0.193977
vt 0.474044 0.970308
vt 0.456668 0.978206
vt 0.461529 0.971809
vt 0.963574 0.424187
vt 0.963758 0.400023
vt 0.957058 0.424094
vt 0.777904 0.0589911
vt 0.783974 0.0605286
vt 0.766458 0.0601455
vt 0.439995 0.707703
vt 0.45413 0.687303
vt 0.446232 0.710222
vt 0.576175 0.727629
vt 0.599512 0.744308
vt 0.547665 0.698636
vt 0.355948 0.621498
vt 0.384432 0.616059
vt 0.373625 0.630535
vt 0.332884 0.579938
vt 0.343267 0.582827
vt 0.340097 0.593665
vt 0.762611 0.678739
vt 0.756639 0.574046
vt 0.644234 0.607064
vt 0.834265 0.20601
vt 0.838035 0.207579
vt 0.838237 0.216265
vt 0.834265 0.20601
vt 0.813146 0.219912
vt 0.813109 0.208003
vt 0.813146 0.219912
vt 0.787518 0.224689
vt 0.787116 0.217147
vt 0.292163 0.202854
vt 0.286069 0.196281
vt 0.300091 0.194837
vt 0.942979 0.169616
vt 0.938065 0.173614
vt 0.941277 0.183812
vt 0.938065 0.173614
vt 0.931488 0.175729
vt 0.933869 0.186402
vt 0.941277 0.183812
vt 0.938065 0.173614
vt 0.933869 0.186402
vt 0.959467 0.678789
vt 0.953053 0.665214
vt 0.954978 0.680623
vt 0.953053 0.665214
vt 0.948426 0.672523
vt 0.946461 0.684089
vt 0.954978 0.680623
vt 0.953053 0.665214
vt 0.946461 0.684089
vt 0.933869 0.186402
vt 0.931488 0.175729
vt 0.925856 0.185986
vt 0.946461 0.684089
vt 0.942528 0.664174
vt 0.93797 0.683749
vt 0.782971 0.99406
vt 0.765795 0.998245
vt 0.769276 0.992482
vt 0.904852 0.861951
vt 0.894356 0.869531
vt 0.898073 0.858318
vt 0.892166 0.857968
vt 0.894356 0.869531
vt 0.88383 0.867293
vt 0.93797 0.683749
vt 0.934049 0.681446
vt 0.927644 0.683377
vt 0.909206 0.866448
vt 0.904852 0.861951
vt 0.905159 0.85641
vt 0.898073 0.858318
vt 0.894356 0.869531
vt 0.892166 0.857968
vt 0.892166 0.857968
vt 0.88383 0.867293
vt 0.88093 0.857725
vt 0.905159 0.85641
vt 0.904852 0.861951
vt 0.898073 0.858318
vt 0.901514 0.850349
vt 0.905159 0.85641
vt 0.898073 0.858318
vt 0.901514 0.850349
vt 0.898073 0.858318
vt 0.892166 0.857968
vt 0.901514 0.850349
vt 0.892166 0.857968
vt 0.892603 0.848384
vt 0.892166 0.857968
vt 0.88093 0.857725
vt 0.884653 0.850082
vt 0.892603 0.848384
vt 0.892166 0.857968
vt 0.884653 0.850082
vt 0.974353 0.423874
vt 0.97841 0.423698
vt 0.972977 0.419372
vt 0.473069 0.985111
vt 0.469321 0.980175
vt 0.473509 0.977563
vt 0.974353 0.423874
vt 0.972977 0.419372
vt 0.967587 0.424466
vt 0.812928 0.259599
vt 0.824386 0.26634
vt 0.797776 0.267731
vt 0.902512 0.474351
vt 0.896217 0.458976
vt 0.884369 0.440791
vt 0.584126 0.735236
vt 0.599512 0.744308
vt 0.576175 0.727629
vt 0.439711 0.697538
vt 0.45413 0.687303
vt 0.439995 0.707703
vt 0.599512 0.744308
vt 0.658097 0.701854
vt 0.536668 0.682645
vt 0.813109 0.208003
vt 0.813146 0.219912
vt 0.787116 0.217147
vt 0.768417 0.220847
vt 0.787518 0.224689
vt 0.768414 0.226625
vt 0.702964 0.222806
vt 0.768414 0.226625
vt 0.708686 0.233217
vt 0.29545 0.204408
vt 0.292163 0.202854
vt 0.300091 0.194837
vt 0.904739 0.87472
vt 0.893995 0.879956
vt 0.894356 0.869531
vt 0.909206 0.866448
vt 0.904739 0.87472
vt 0.904852 0.861951
vt 0.904852 0.861951
vt 0.904739 0.87472
vt 0.894356 0.869531
vt 0.894356 0.869531
vt 0.884242 0.874823
vt 0.88383 0.867293
vt 0.88383 0.867293
vt 0.884242 0.874823
vt 0.8621 0.870385
vt 0.88383 0.867293
vt 0.8621 0.870385
vt 0.860461 0.863962
vt 0.585143 0.236894
vt 0.561689 0.24522
vt 0.515373 0.247046
vt 0.346441 0.241269
vt 0.436291 0.247748
vt 0.340413 0.250218
vt 0.912493 0.861223
vt 0.909206 0.866448
vt 0.905159 0.85641
vt 0.88093 0.857725
vt 0.88383 0.867293
vt 0.860461 0.863962
vt 0.913154 0.854488
vt 0.912493 0.861223
vt 0.911058 0.852913
vt 0.911058 0.852913
vt 0.912493 0.861223
vt 0.905159 0.85641
vt 0.88093 0.857725
vt 0.860461 0.863962
vt 0.859268 0.858424
vt 0.911058 0.852913
vt 0.905159 0.85641
vt 0.901514 0.850349
vt 0.884653 0.850082
vt 0.88093 0.857725
vt 0.862409 0.850199
vt 0.88093 0.857725
vt 0.859268 0.858424
vt 0.862409 0.850199
vt 0.905773 0.843416
vt 0.911058 0.852913
vt 0.901514 0.850349
vt 0.911058 0.852913
vt 0.905773 0.843416
vt 0.912317 0.842165
vt 0.905773 0.843416
vt 0.901514 0.850349
vt 0.896698 0.83992
vt 0.896698 0.83992
vt 0.901514 0.850349
vt 0.892603 0.848384
vt 0.892603 0.848384
vt 0.884653 0.850082
vt 0.878432 0.84255
vt 0.884653 0.850082
vt 0.862409 0.850199
vt 0.878432 0.84255
vt 0.896698 0.83992
vt 0.892603 0.848384
vt 0.889918 0.836809
vt 0.892603 0.848384
vt 0.878432 0.84255
vt 0.889918 0.836809
vt 0.136299 0.0159713
vt 0.145811 0.0179355
vt 0.134082 0.0264791
vt 0.145811 0.0179355
vt 0.142904 0.0524671
vt 0.134082 0.0264791
vt 0.547665 0.698636
vt 0.599512 0.744308
vt 0.536668 0.682645
vt 0.332884 0.579938
vt 0.340097 0.593665
vt 0.324871 0.597482
vt 0.813109 0.208003
vt 0.787116 0.217147
vt 0.80188 0.204255
vt 0.765923 0.215153
vt 0.787116 0.217147
vt 0.768417 0.220847
vt 0.679499 0.220019
vt 0.702964 0.222806
vt 0.670709 0.226422
vt 0.904576 0.882287
vt 0.904739 0.87472
vt 0.910686 0.881747
vt 0.904739 0.87472
vt 0.904576 0.882287
vt 0.893995 0.879956
vt 0.884242 0.874823
vt 0.893995 0.879956
vt 0.880963 0.880223
vt 0.46298 0.228363
vt 0.537489 0.228477
vt 0.461461 0.235919
vt 0.46298 0.228363
vt 0.461461 0.235919
vt 0.430336 0.230436
vt 0.334032 0.232293
vt 0.299042 0.238475
vt 0.293428 0.235306
vt 0.0505464 0.279833
vt 0.0555221 0.280759
vt 0.0651184 0.279833
vt 0.884242 0.874823
vt 0.880963 0.880223
vt 0.8621 0.870385
vt 0.8621 0.870385
vt 0.880963 0.880223
vt 0.861888 0.874933
vt 0.911148 0.874671
vt 0.904739 0.87472
vt 0.909206 0.866448
vt 0.8621 0.870385
vt 0.861888 0.874933
vt 0.841325 0.871032
vt 0.913299 0.8753
vt 0.911148 0.874671
vt 0.912493 0.861223
vt 0.912493 0.861223
vt 0.911148 0.874671
vt 0.909206 0.866448
vt 0.860461 0.863962
vt 0.8621 0.870385
vt 0.841325 0.871032
vt 0.860461 0.863962
vt 0.841325 0.871032
vt 0.843342 0.86506
vt 0.843342 0.86506
vt 0.841325 0.871032
vt 0.796804 0.86981
vt 0.859268 0.858424
vt 0.860461 0.863962
vt 0.843342 0.86506
vt 0.859268 0.858424
vt 0.843342 0.86506
vt 0.842239 0.858392
vt 0.842239 0.858392
vt 0.843342 0.86506
vt 0.804853 0.860045
vt 0.804853 0.860045
vt 0.843342 0.86506
vt 0.796804 0.86981
vt 0.804853 0.860045
vt 0.796804 0.86981
vt 0.775631 0.864963
vt 0.804853 0.860045
vt 0.775631 0.864963
vt 0.763844 0.859659
vt 0.779977 0.85484
vt 0.804853 0.860045
vt 0.763844 0.859659
vt 0.862409 0.850199
vt 0.859268 0.858424
vt 0.837678 0.852359
vt 0.859268 0.858424
vt 0.842239 0.858392
vt 0.837678 0.852359
vt 0.837678 0.852359
vt 0.842239 0.858392
vt 0.804853 0.860045
vt 0.837678 0.852359
vt 0.804853 0.860045
vt 0.779977 0.85484
vt 0.835263 0.84833
vt 0.837678 0.852359
vt 0.779977 0.85484
vt 0.912317 0.842165
vt 0.913154 0.854488
vt 0.911058 0.852913
vt 0.862409 0.850199
vt 0.837678 0.852359
vt 0.857858 0.845317
vt 0.857858 0.845317
vt 0.837678 0.852359
vt 0.835263 0.84833
vt 0.878432 0.84255
vt 0.862409 0.850199
vt 0.857858 0.845317
vt 0.878432 0.84255
vt 0.857858 0.845317
vt 0.875481 0.837908
vt 0.905924 0.834484
vt 0.912317 0.842165
vt 0.905773 0.843416
vt 0.912317 0.842165
vt 0.905924 0.834484
vt 0.911669 0.83251
vt 0.905924 0.834484
vt 0.905773 0.843416
vt 0.896698 0.83992
vt 0.905924 0.834484
vt 0.896698 0.83992
vt 0.897236 0.831483
vt 0.897236 0.831483
vt 0.896698 0.83992
vt 0.889918 0.836809
vt 0.577708 0.870953
vt 0.592233 0.872499
vt 0.579634 0.879063
vt 0.889918 0.836809
vt 0.878432 0.84255
vt 0.875481 0.837908
vt 0.570308 0.876144
vt 0.577708 0.870953
vt 0.579634 0.879063
vt 0.776811 0.269551
vt 0.77748 0.260245
vt 0.797776 0.267731
vt 0.867547 0.417875
vt 0.884369 0.440791
vt 0.878981 0.430497
vt 0.134082 0.0264791
vt 0.142904 0.0524671
vt 0.126355 0.0520301
vt 0.126355 0.0520301
vt 0.142904 0.0524671
vt 0.131991 0.0535845
vt 0.782409 0.210486
vt 0.787116 0.217147
vt 0.765923 0.215153
vt 0.77185 0.341998
vt 0.753898 0.344973
vt 0.754686 0.340171
vt 0.904576 0.882287
vt 0.903952 0.888008
vt 0.893995 0.879956
vt 0.893995 0.879956
vt 0.903952 0.888008
vt 0.887599 0.888567
vt 0.765923 0.215153
vt 0.768417 0.220847
vt 0.702964 0.222806
vt 0.765923 0.215153
vt 0.702964 0.222806
vt 0.684603 0.215888
vt 0.684603 0.215888
vt 0.702964 0.222806
vt 0.679499 0.220019
vt 0.684603 0.215888
vt 0.679499 0.220019
vt 0.64339 0.214458
vt 0.679499 0.220019
vt 0.63579 0.220852
vt 0.64339 0.214458
vt 0.63579 0.220852
vt 0.534942 0.222222
vt 0.64339 0.214458
vt 0.628716 0.342186
vt 0.520066 0.348289
vt 0.539334 0.342481
vt 0.91133 0.889454
vt 0.904576 0.882287
vt 0.910686 0.881747
vt 0.880963 0.880223
vt 0.887599 0.888567
vt 0.862698 0.884087
vt 0.464313 0.223013
vt 0.46298 0.228363
vt 0.44551 0.22381
vt 0.398418 0.224892
vt 0.334032 0.232293
vt 0.329457 0.225629
vt 0.329457 0.225629
vt 0.334032 0.232293
vt 0.29176 0.229402
vt 0.161447 0.234583
vt 0.06906 0.235074
vt 0.155083 0.228396
vt 0.913299 0.8753
vt 0.913031 0.884838
vt 0.910686 0.881747
vt 0.913299 0.8753
vt 0.910686 0.881747
vt 0.911148 0.874671
vt 0.880963 0.880223
vt 0.862698 0.884087
vt 0.861888 0.874933
vt 0.861888 0.874933
vt 0.841715 0.880077
vt 0.841325 0.871032
vt 0.841325 0.871032
vt 0.841715 0.880077
vt 0.792957 0.876858
vt 0.841325 0.871032
vt 0.792957 0.876858
vt 0.796804 0.86981
vt 0.796804 0.86981
vt 0.792957 0.876858
vt 0.762612 0.876291
vt 0.796804 0.86981
vt 0.762612 0.876291
vt 0.761626 0.872267
vt 0.761626 0.872267
vt 0.762612 0.876291
vt 0.751551 0.873842
vt 0.796804 0.86981
vt 0.761626 0.872267
vt 0.775631 0.864963
vt 0.775631 0.864963
vt 0.761626 0.872267
vt 0.758313 0.867475
vt 0.758313 0.867475
vt 0.761626 0.872267
vt 0.751551 0.873842
vt 0.758313 0.867475
vt 0.751551 0.873842
vt 0.747398 0.867211
vt 0.775631 0.864963
vt 0.758313 0.867475
vt 0.763844 0.859659
vt 0.763844 0.859659
vt 0.758313 0.867475
vt 0.755656 0.860432
vt 0.755656 0.860432
vt 0.758313 0.867475
vt 0.747398 0.867211
vt 0.755656 0.860432
vt 0.747398 0.867211
vt 0.751345 0.856561
vt 0.779977 0.85484
vt 0.763844 0.859659
vt 0.758174 0.852889
vt 0.763844 0.859659
vt 0.755656 0.860432
vt 0.758174 0.852889
vt 0.758174 0.852889
vt 0.755656 0.860432
vt 0.751345 0.856561
vt 0.835263 0.84833
vt 0.779977 0.85484
vt 0.773618 0.848659
vt 0.773618 0.848659
vt 0.779977 0.85484
vt 0.758174 0.852889
vt 0.857858 0.845317
vt 0.835263 0.84833
vt 0.834343 0.842159
vt 0.834343 0.842159
vt 0.835263 0.84833
vt 0.773618 0.848659
vt 0.875481 0.837908
vt 0.857858 0.845317
vt 0.854795 0.837505
vt 0.857858 0.845317
vt 0.834343 0.842159
vt 0.854795 0.837505
vt 0.913934 0.831175
vt 0.912317 0.842165
vt 0.911669 0.83251
vt 0.579634 0.879063
vt 0.592233 0.872499
vt 0.61222 0.877751
vt 0.556241 0.87747
vt 0.561423 0.874296
vt 0.562606 0.888398
vt 0.562606 0.888398
vt 0.561423 0.874296
vt 0.570308 0.876144
vt 0.758716 0.270418
vt 0.759821 0.262772
vt 0.776811 0.269551
vt 0.439711 0.697538
vt 0.439995 0.707703
vt 0.422319 0.721136
vt 0.0851762 0.410268
vt 0.0974142 0.41187
vt 0.0878384 0.413567
vt 0.75237 0.940129
vt 0.755747 0.933497
vt 0.781532 0.933221
vt 0.815283 0.934245
vt 0.841048 0.928861
vt 0.846302 0.935497
vt 0.846302 0.935497
vt 0.841048 0.928861
vt 0.860641 0.933892
vt 0.829243 0.331383
vt 0.829254 0.335665
vt 0.807287 0.329933
vt 0.807287 0.329933
vt 0.829254 0.335665
vt 0.793303 0.339472
vt 0.807287 0.329933
vt 0.793303 0.339472
vt 0.778068 0.329431
vt 0.778068 0.329431
vt 0.793303 0.339472
vt 0.773148 0.334724
vt 0.793303 0.339472
vt 0.77185 0.341998
vt 0.773148 0.334724
vt 0.773148 0.334724
vt 0.77185 0.341998
vt 0.754686 0.340171
vt 0.754686 0.340171
vt 0.753898 0.344973
vt 0.71646 0.335443
vt 0.71646 0.335443
vt 0.753898 0.344973
vt 0.670183 0.344202
vt 0.71646 0.335443
vt 0.670183 0.344202
vt 0.647135 0.333793
vt 0.647135 0.333793
vt 0.670183 0.344202
vt 0.628716 0.342186
vt 0.539334 0.342481
vt 0.520066 0.348289
vt 0.466025 0.342159
vt 0.466025 0.342159
vt 0.520066 0.348289
vt 0.449438 0.347936
vt 0.466025 0.342159
vt 0.449438 0.347936
vt 0.45782 0.336991
vt 0.45782 0.336991
vt 0.449438 0.347936
vt 0.443367 0.344204
vt 0.449438 0.347936
vt 0.436694 0.342169
vt 0.443367 0.344204
vt 0.451499 0.217401
vt 0.44551 0.22381
vt 0.432156 0.217502
vt 0.44551 0.22381
vt 0.398418 0.224892
vt 0.432156 0.217502
vt 0.416833 0.340584
vt 0.379659 0.346798
vt 0.317965 0.337635
vt 0.317965 0.337635
vt 0.379659 0.346798
vt 0.31421 0.342504
vt 0.317965 0.337635
vt 0.31421 0.342504
vt 0.260841 0.334586
vt 0.260841 0.334586
vt 0.31421 0.342504
vt 0.241649 0.342874
vt 0.260841 0.334586
vt 0.241649 0.342874
vt 0.165683 0.335023
vt 0.241649 0.342874
vt 0.139956 0.341649
vt 0.165683 0.335023
vt 0.165683 0.335023
vt 0.139956 0.341649
vt 0.133895 0.334546
vt 0.139956 0.341649
vt 0.0494744 0.340584
vt 0.0593025 0.333908
vt 0.133895 0.334546
vt 0.139956 0.341649
vt 0.0593025 0.333908
vt 0.0593025 0.333908
vt 0.0494744 0.340584
vt 0.0050464 0.332254
vt 0.0050464 0.332254
vt 0.0494744 0.340584
vt 0.0050854 0.339359
vt 0.913031 0.884838
vt 0.91133 0.889454
vt 0.910686 0.881747
vt 0.792957 0.876858
vt 0.759602 0.883387
vt 0.762612 0.876291
vt 0.751551 0.873842
vt 0.762612 0.876291
vt 0.742283 0.878312
vt 0.751551 0.873842
vt 0.742283 0.878312
vt 0.747398 0.867211
vt 0.747398 0.867211
vt 0.742283 0.878312
vt 0.73707 0.873503
vt 0.747398 0.867211
vt 0.73707 0.873503
vt 0.739424 0.866518
vt 0.751345 0.856561
vt 0.747398 0.867211
vt 0.733483 0.856673
vt 0.747398 0.867211
vt 0.739424 0.866518
vt 0.733483 0.856673
vt 0.749074 0.849272
vt 0.751345 0.856561
vt 0.733483 0.856673
vt 0.758174 0.852889
vt 0.751345 0.856561
vt 0.749074 0.849272
vt 0.761091 0.843401
vt 0.758174 0.852889
vt 0.749074 0.849272
vt 0.838245 0.835757
vt 0.834343 0.842159
vt 0.761091 0.843401
vt 0.694106 0.88642
vt 0.628258 0.88247
vt 0.705984 0.883431
vt 0.834343 0.842159
vt 0.773618 0.848659
vt 0.761091 0.843401
vt 0.773618 0.848659
vt 0.758174 0.852889
vt 0.761091 0.843401
vt 0.610078 0.88404
vt 0.61222 0.877751
vt 0.628258 0.88247
vt 0.610078 0.88404
vt 0.628258 0.88247
vt 0.629978 0.888421
vt 0.854795 0.837505
vt 0.834343 0.842159
vt 0.838245 0.835757
vt 0.553913 0.87866
vt 0.556241 0.87747
vt 0.554647 0.887203
vt 0.601859 0.887326
vt 0.579634 0.879063
vt 0.610078 0.88404
vt 0.579634 0.879063
vt 0.61222 0.877751
vt 0.610078 0.88404
vt 0.562606 0.888398
vt 0.570308 0.876144
vt 0.575216 0.887993
vt 0.575216 0.887993
vt 0.570308 0.876144
vt 0.579634 0.879063
vt 0.575216 0.887993
vt 0.579634 0.879063
vt 0.584359 0.889267
vt 0.584359 0.889267
vt 0.579634 0.879063
vt 0.601859 0.887326
vt 0.0471226 0.182613
vt 0.0409931 0.189322
vt 0.0193991 0.189331
vt 0.0512018 0.0651098
vt 0.0505615 0.0577011
vt 0.068765 0.0619614
vt 0.114918 0.0648369
vt 0.111496 0.0580576
vt 0.130603 0.0638815
vt 0.0136492 0.417171
vt 0.0064821 0.429039
vt 0.0134439 0.428157
vt 0.14188 0.0649219
vt 0.15736 0.0602318
vt 0.155474 0.0692868
vt 0.824358 0.530596
vt 0.902512 0.474351
vt 0.784161 0.421414
vt 0.0878384 0.413567
vt 0.0974142 0.41187
vt 0.101356 0.419047
vt 0.0775962 0.415082
vt 0.0851762 0.410268
vt 0.0878384 0.413567
vt 0.741803 0.940994
vt 0.75237 0.940129
vt 0.748577 0.942954
vt 0.781485 0.94465
vt 0.781757 0.940483
vt 0.800417 0.941759
vt 0.832348 0.941556
vt 0.846302 0.935497
vt 0.850784 0.944173
vt 0.83827 0.944414
vt 0.832348 0.941556
vt 0.850784 0.944173
vt 0.850784 0.944173
vt 0.846302 0.935497
vt 0.861818 0.941455
vt 0.861818 0.941455
vt 0.883325 0.941223
vt 0.877698 0.943937
vt 0.883325 0.941223
vt 0.911946 0.940338
vt 0.889569 0.94483
vt 0.889569 0.94483
vt 0.911946 0.940338
vt 0.907276 0.944316
vt 0.829243 0.331383
vt 0.807287 0.329933
vt 0.812866 0.325113
vt 0.911946 0.940338
vt 0.928506 0.933918
vt 0.928416 0.942688
vt 0.916089 0.945404
vt 0.911946 0.940338
vt 0.928416 0.942688
vt 0.773148 0.334724
vt 0.754686 0.340171
vt 0.757217 0.332436
vt 0.0459475 0.888602
vt 0.040091 0.893253
vt 0.0398065 0.884412
vt 0.647135 0.333793
vt 0.628716 0.342186
vt 0.550649 0.336089
vt 0.550649 0.336089
vt 0.628716 0.342186
vt 0.539334 0.342481
vt 0.550649 0.336089
vt 0.539334 0.342481
vt 0.45782 0.336991
vt 0.45782 0.336991
vt 0.539334 0.342481
vt 0.466025 0.342159
vt 0.648907 0.291444
vt 0.654372 0.298335
vt 0.654372 0.277983
vt 0.429839 0.335729
vt 0.416833 0.340584
vt 0.400196 0.332727
vt 0.400196 0.332727
vt 0.416833 0.340584
vt 0.310937 0.333459
vt 0.310937 0.333459
vt 0.416833 0.340584
vt 0.317965 0.337635
vt 0.155641 0.330557
vt 0.260841 0.334586
vt 0.165683 0.335023
vt 0.165683 0.335023
vt 0.133895 0.334546
vt 0.155641 0.330557
vt 0.155641 0.330557
vt 0.133895 0.334546
vt 0.0343317 0.327893
vt 0.133895 0.334546
vt 0.0593025 0.333908
vt 0.0343317 0.327893
vt 0.0343317 0.327893
vt 0.0593025 0.333908
vt 0.0050464 0.332254
vt 0.0382969 0.89778
vt 0.0372387 0.886141
vt 0.040091 0.893253
vt 0.0889666 0.89604
vt 0.0636075 0.888838
vt 0.0909225 0.884679
vt 0.317965 0.337635
vt 0.260841 0.334586
vt 0.310937 0.333459
vt 0.0889666 0.89604
vt 0.0909225 0.884679
vt 0.10846 0.889199
vt 0.159899 0.893707
vt 0.157655 0.887088
vt 0.191132 0.893089
vt 0.742283 0.878312
vt 0.759602 0.883387
vt 0.73393 0.882969
vt 0.742283 0.878312
vt 0.73393 0.882969
vt 0.73707 0.873503
vt 0.73707 0.873503
vt 0.73393 0.882969
vt 0.728358 0.87901
vt 0.73707 0.873503
vt 0.728358 0.87901
vt 0.727644 0.874522
vt 0.739424 0.866518
vt 0.73707 0.873503
vt 0.727644 0.874522
vt 0.739424 0.866518
vt 0.727644 0.874522
vt 0.729143 0.858414
vt 0.733483 0.856673
vt 0.739424 0.866518
vt 0.729143 0.858414
vt 0.749074 0.849272
vt 0.733483 0.856673
vt 0.739152 0.847622
vt 0.749074 0.849272
vt 0.739152 0.847622
vt 0.744017 0.843311
vt 0.694106 0.88642
vt 0.705984 0.883431
vt 0.718774 0.894303
vt 0.761091 0.843401
vt 0.749074 0.849272
vt 0.744017 0.843311
vt 0.718774 0.894303
vt 0.705984 0.883431
vt 0.722237 0.888608
vt 0.629978 0.888421
vt 0.628258 0.88247
vt 0.694106 0.88642
vt 0.66608 0.894136
vt 0.694106 0.88642
vt 0.703241 0.897646
vt 0.601859 0.887326
vt 0.610078 0.88404
vt 0.625205 0.894433
vt 0.625205 0.894433
vt 0.610078 0.88404
vt 0.629978 0.888421
vt 0.554647 0.887203
vt 0.556241 0.87747
vt 0.562606 0.888398
vt 0.341155 0.179532
vt 0.349046 0.187199
vt 0.321764 0.178902
vt 0.566293 0.895182
vt 0.562606 0.888398
vt 0.575216 0.887993
vt 0.0230188 0.552222
vt 0.0158683 0.549605
vt 0.0129457 0.56013
vt 0.0189656 0.541254
vt 0.0158683 0.549605
vt 0.0230188 0.552222
vt 0.0453623 0.0774986
vt 0.0367732 0.0717939
vt 0.0482232 0.0714055
vt 0.0256084 0.477562
vt 0.0194833 0.481267
vt 0.0195889 0.495895
vt 0.0641401 0.0710053
vt 0.0780137 0.0655676
vt 0.0839574 0.072075
vt 0.0641401 0.0710053
vt 0.0839574 0.072075
vt 0.0804761 0.0776516
vt 0.0839574 0.072075
vt 0.0970021 0.0706972
vt 0.0996863 0.077587
vt 0.0257347 0.442259
vt 0.0194458 0.434209
vt 0.0193281 0.453944
vt 0.169712 0.0710399
vt 0.180322 0.0715465
vt 0.181744 0.0766629
vt 0.203336 0.0767957
vt 0.195092 0.0729306
vt 0.205143 0.072288
vt 0.112938 0.0120426
vt 0.136299 0.0159713
vt 0.113275 0.0177644
vt 0.136299 0.0159713
vt 0.134082 0.0264791
vt 0.113275 0.0177644
vt 0.748577 0.942954
vt 0.75237 0.940129
vt 0.769146 0.944839
vt 0.75237 0.940129
vt 0.770733 0.94149
vt 0.769146 0.944839
vt 0.769146 0.944839
vt 0.770733 0.94149
vt 0.781485 0.94465
vt 0.781485 0.94465
vt 0.800417 0.941759
vt 0.799629 0.945638
vt 0.799629 0.945638
vt 0.800417 0.941759
vt 0.815608 0.945819
vt 0.800417 0.941759
vt 0.813141 0.94124
vt 0.815608 0.945819
vt 0.815608 0.945819
vt 0.813141 0.94124
vt 0.832348 0.941556
vt 0.815608 0.945819
vt 0.832348 0.941556
vt 0.83827 0.944414
vt 0.850784 0.944173
vt 0.861818 0.941455
vt 0.861795 0.946146
vt 0.861795 0.946146
vt 0.861818 0.941455
vt 0.877698 0.943937
vt 0.877698 0.943937
vt 0.883325 0.941223
vt 0.889569 0.94483
vt 0.828474 0.319391
vt 0.829243 0.331383
vt 0.812866 0.325113
vt 0.907276 0.944316
vt 0.911946 0.940338
vt 0.916089 0.945404
vt 0.812866 0.325113
vt 0.807287 0.329933
vt 0.778068 0.329431
vt 0.778068 0.329431
vt 0.773148 0.334724
vt 0.757217 0.332436
vt 0.916089 0.945404
vt 0.928416 0.942688
vt 0.927899 0.94805
vt 0.748848 0.332509
vt 0.757217 0.332436
vt 0.71646 0.335443
vt 0.748848 0.332509
vt 0.71646 0.335443
vt 0.647135 0.333793
vt 0.60653 0.332445
vt 0.647135 0.333793
vt 0.550649 0.336089
vt 0.60653 0.332445
vt 0.550649 0.336089
vt 0.509439 0.333394
vt 0.550649 0.336089
vt 0.45782 0.336991
vt 0.509439 0.333394
vt 0.509439 0.333394
vt 0.45782 0.336991
vt 0.466132 0.333423
vt 0.466132 0.333423
vt 0.45782 0.336991
vt 0.458289 0.33507
vt 0.429839 0.335729
vt 0.400196 0.332727
vt 0.419377 0.331918
vt 0.400196 0.332727
vt 0.310937 0.333459
vt 0.307345 0.329042
vt 0.307345 0.329042
vt 0.310937 0.333459
vt 0.260841 0.334586
vt 0.307345 0.329042
vt 0.260841 0.334586
vt 0.266318 0.327449
vt 0.260841 0.334586
vt 0.155641 0.330557
vt 0.266318 0.327449
vt 0.266318 0.327449
vt 0.155641 0.330557
vt 0.147024 0.326577
vt 0.147024 0.326577
vt 0.155641 0.330557
vt 0.0695347 0.324232
vt 0.155641 0.330557
vt 0.0343317 0.327893
vt 0.0695347 0.324232
vt 0.0695347 0.324232
vt 0.0343317 0.327893
vt 0.0050091 0.324187
vt 0.0050091 0.324187
vt 0.0343317 0.327893
vt 0.0050464 0.332254
vt 0.0909225 0.884679
vt 0.108681 0.88163
vt 0.10846 0.889199
vt 0.728358 0.87901
vt 0.73393 0.882969
vt 0.719743 0.883287
vt 0.728358 0.87901
vt 0.719743 0.883287
vt 0.722317 0.87597
vt 0.727644 0.874522
vt 0.728358 0.87901
vt 0.722317 0.87597
vt 0.491784 0.742828
vt 0.497723 0.741084
vt 0.493906 0.735552
vt 0.723172 0.867152
vt 0.727644 0.874522
vt 0.722317 0.87597
vt 0.739152 0.847622
vt 0.733483 0.856673
vt 0.730218 0.851292
vt 0.730218 0.851292
vt 0.733483 0.856673
vt 0.729143 0.858414
vt 0.730218 0.851292
vt 0.729143 0.858414
vt 0.725994 0.860167
vt 0.730218 0.851292
vt 0.725994 0.860167
vt 0.725957 0.847978
vt 0.739152 0.847622
vt 0.730218 0.851292
vt 0.729682 0.846343
vt 0.7324 0.894494
vt 0.736853 0.891643
vt 0.737861 0.900193
vt 0.729682 0.846343
vt 0.730218 0.851292
vt 0.725957 0.847978
vt 0.737861 0.900193
vt 0.736853 0.891643
vt 0.740893 0.892352
vt 0.718774 0.894303
vt 0.722237 0.888608
vt 0.727234 0.89865
vt 0.744017 0.843311
vt 0.739152 0.847622
vt 0.732608 0.842116
vt 0.727234 0.89865
vt 0.722237 0.888608
vt 0.7324 0.894494
vt 0.739152 0.847622
vt 0.729682 0.846343
vt 0.732608 0.842116
vt 0.694106 0.88642
vt 0.718774 0.894303
vt 0.703241 0.897646
vt 0.629978 0.888421
vt 0.694106 0.88642
vt 0.66608 0.894136
vt 0.625205 0.894433
vt 0.629978 0.888421
vt 0.66608 0.894136
vt 0.554647 0.887203
vt 0.562606 0.888398
vt 0.554253 0.895704
vt 0.584359 0.889267
vt 0.601859 0.887326
vt 0.600979 0.89629
vt 0.601859 0.887326
vt 0.625205 0.894433
vt 0.600979 0.89629
vt 0.578779 0.895334
vt 0.575216 0.887993
vt 0.584359 0.889267
vt 0.578779 0.895334
vt 0.584359 0.889267
vt 0.600979 0.89629
vt 0.0004554 0.0782167
vt 0.0186852 0.0729313
vt 0.0158063 0.0788319
vt 0.0314244 0.078116
vt 0.0186852 0.0729313
vt 0.0367732 0.0717939
vt 0.0314244 0.078116
vt 0.0367732 0.0717939
vt 0.0453623 0.0774986
vt 0.0453623 0.0774986
vt 0.0482232 0.0714055
vt 0.0617706 0.0770682
vt 0.0617706 0.0770682
vt 0.0641401 0.0710053
vt 0.0804761 0.0776516
vt 0.0804761 0.0776516
vt 0.0839574 0.072075
vt 0.0996863 0.077587
vt 0.12067 0.0779018
vt 0.133478 0.0721474
vt 0.143979 0.0783408
vt 0.143979 0.0783408
vt 0.133478 0.0721474
vt 0.14858 0.0723203
vt 0.0251602 0.381522
vt 0.0191938 0.3889
vt 0.0253833 0.396655
vt 0.143979 0.0783408
vt 0.14858 0.0723203
vt 0.162917 0.0773399
vt 0.134082 0.0264791
vt 0.126355 0.0520301
vt 0.111862 0.0522783
vt 0.113275 0.0177644
vt 0.134082 0.0264791
vt 0.111862 0.0522783
vt 0.111862 0.0522783
vt 0.126355 0.0520301
vt 0.131991 0.0535845
vt 0.0994229 0.432794
vt 0.101356 0.419047
vt 0.102459 0.432193
vt 0.0799588 0.426712
vt 0.0878384 0.413567
vt 0.0994229 0.432794
vt 0.741803 0.940994
vt 0.748577 0.942954
vt 0.747384 0.954486
vt 0.406722 0.706313
vt 0.434342 0.695151
vt 0.415243 0.716151
vt 0.0733151 0.425648
vt 0.0775962 0.415082
vt 0.0878384 0.413567
vt 0.747384 0.954486
vt 0.748577 0.942954
vt 0.767567 0.955759
vt 0.767567 0.955759
vt 0.748577 0.942954
vt 0.769146 0.944839
vt 0.799629 0.945638
vt 0.815608 0.945819
vt 0.812126 0.956984
vt 0.840001 0.956839
vt 0.83827 0.944414
vt 0.850784 0.944173
vt 0.861096 0.956447
vt 0.850784 0.944173
vt 0.861795 0.946146
vt 0.861795 0.946146
vt 0.877698 0.943937
vt 0.877614 0.956098
vt 0.324871 0.597482
vt 0.332275 0.605734
vt 0.323486 0.614728
vt 0.828474 0.319391
vt 0.812866 0.325113
vt 0.808191 0.316224
vt 0.771652 0.323244
vt 0.778068 0.329431
vt 0.757217 0.332436
vt 0.748848 0.332509
vt 0.647135 0.333793
vt 0.649568 0.32228
vt 0.649568 0.32228
vt 0.647135 0.333793
vt 0.60653 0.332445
vt 0.60653 0.332445
vt 0.509439 0.333394
vt 0.550972 0.325366
vt 0.464536 0.323174
vt 0.466132 0.333423
vt 0.458289 0.33507
vt 0.427451 0.33095
vt 0.429839 0.335729
vt 0.419377 0.331918
vt 0.419377 0.331918
vt 0.400196 0.332727
vt 0.346651 0.323766
vt 0.346651 0.323766
vt 0.400196 0.332727
vt 0.307345 0.329042
vt 0.158293 0.322959
vt 0.266318 0.327449
vt 0.147024 0.326577
vt 0.158293 0.322959
vt 0.147024 0.326577
vt 0.0695347 0.324232
vt 0.0695347 0.324232
vt 0.0050091 0.324187
vt 0.0076787 0.317825
vt 0.203915 0.885289
vt 0.203042 0.882629
vt 0.22287 0.879692
vt 0.71546 0.879522
vt 0.719743 0.883287
vt 0.71357 0.883618
vt 0.491784 0.742828
vt 0.493906 0.735552
vt 0.490777 0.733553
vt 0.489348 0.772896
vt 0.496435 0.768277
vt 0.488654 0.769233
vt 0.727234 0.89865
vt 0.7324 0.894494
vt 0.737861 0.900193
vt 0.703241 0.897646
vt 0.718774 0.894303
vt 0.716154 0.901081
vt 0.716154 0.901081
vt 0.718774 0.894303
vt 0.727234 0.89865
vt 0.621586 0.898038
vt 0.625205 0.894433
vt 0.654152 0.899221
vt 0.654152 0.899221
vt 0.625205 0.894433
vt 0.66608 0.894136
vt 0.66608 0.894136
vt 0.703241 0.897646
vt 0.694529 0.899813
vt 0.654152 0.899221
vt 0.66608 0.894136
vt 0.694529 0.899813
vt 0.621586 0.898038
vt 0.600979 0.89629
vt 0.625205 0.894433
vt 0.554253 0.895704
vt 0.562606 0.888398
vt 0.566293 0.895182
vt 0.583243 0.903737
vt 0.578779 0.895334
vt 0.600979 0.89629
vt 0.566293 0.895182
vt 0.575216 0.887993
vt 0.578779 0.895334
vt 0.573089 0.904076
vt 0.566293 0.895182
vt 0.578779 0.895334
vt 0.0453623 0.0774986
vt 0.0617706 0.0770682
vt 0.0632262 0.0841609
vt 0.0632262 0.0841609
vt 0.0617706 0.0770682
vt 0.0804761 0.0776516
vt 0.15779 0.0864215
vt 0.143979 0.0783408
vt 0.162917 0.0773399
vt 0.181744 0.0766629
vt 0.203336 0.0767957
vt 0.196724 0.0857782
vt 0.784161 0.421414
vt 0.902512 0.474351
vt 0.884369 0.440791
vt 0.749606 0.0589601
vt 0.766458 0.0601455
vt 0.7376 0.0599313
vt 0.422319 0.721136
vt 0.439995 0.707703
vt 0.427013 0.725819
vt 0.0994229 0.432794
vt 0.0878384 0.413567
vt 0.101356 0.419047
vt 0.742509 0.954041
vt 0.741803 0.940994
vt 0.747384 0.954486
vt 0.0733151 0.425648
vt 0.0878384 0.413567
vt 0.0799588 0.426712
vt 0.767567 0.955759
vt 0.781485 0.94465
vt 0.795891 0.956509
vt 0.781485 0.94465
vt 0.799629 0.945638
vt 0.795891 0.956509
vt 0.812126 0.956984
vt 0.815608 0.945819
vt 0.840001 0.956839
vt 0.877698 0.943937
vt 0.889569 0.94483
vt 0.877614 0.956098
vt 0.316899 0.607876
vt 0.324871 0.597482
vt 0.323486 0.614728
vt 0.877614 0.956098
vt 0.889569 0.94483
vt 0.889775 0.95605
vt 0.889775 0.95605
vt 0.889569 0.94483
vt 0.905551 0.956282
vt 0.889569 0.94483
vt 0.907276 0.944316
vt 0.905551 0.956282
vt 0.907276 0.944316
vt 0.916089 0.945404
vt 0.905551 0.956282
vt 0.808191 0.316224
vt 0.812866 0.325113
vt 0.790513 0.3183
vt 0.790513 0.3183
vt 0.812866 0.325113
vt 0.778068 0.329431
vt 0.790513 0.3183
vt 0.778068 0.329431
vt 0.771652 0.323244
vt 0.905551 0.956282
vt 0.916089 0.945404
vt 0.927642 0.956984
vt 0.927642 0.956984
vt 0.916089 0.945404
vt 0.927899 0.94805
vt 0.894809 0.70074
vt 0.910031 0.690564
vt 0.919399 0.70074
vt 0.919399 0.70074
vt 0.910031 0.690564
vt 0.918293 0.692325
vt 0.0480044 0.873003
vt 0.0455532 0.878981
vt 0.040198 0.872665
vt 0.747531 0.328875
vt 0.748848 0.332509
vt 0.70437 0.327775
vt 0.467277 0.286142
vt 0.512295 0.290934
vt 0.412707 0.290934
vt 0.425899 0.322142
vt 0.427451 0.33095
vt 0.411017 0.321514
vt 0.0076787 0.317825
vt 0.0050091 0.324187
vt 0.0050658 0.314074
vt 0.550972 0.325366
vt 0.509439 0.333394
vt 0.519709 0.322063
vt 0.471462 0.32262
vt 0.466132 0.333423
vt 0.464536 0.323174
vt 0.427451 0.33095
vt 0.419377 0.331918
vt 0.411017 0.321514
vt 0.419377 0.331918
vt 0.346651 0.323766
vt 0.411017 0.321514
vt 0.294975 0.318287
vt 0.346651 0.323766
vt 0.307345 0.329042
vt 0.294975 0.318287
vt 0.307345 0.329042
vt 0.266318 0.327449
vt 0.294975 0.318287
vt 0.266318 0.327449
vt 0.265965 0.318233
vt 0.266318 0.327449
vt 0.158293 0.322959
vt 0.152777 0.318831
vt 0.265965 0.318233
vt 0.266318 0.327449
vt 0.152777 0.318831
vt 0.152777 0.318831
vt 0.158293 0.322959
vt 0.0636687 0.314909
vt 0.158293 0.322959
vt 0.0695347 0.324232
vt 0.0636687 0.314909
vt 0.0695347 0.324232
vt 0.0076787 0.317825
vt 0.0636687 0.314909
vt 0.486728 0.735564
vt 0.490777 0.733553
vt 0.488471 0.73001
vt 0.486728 0.735564
vt 0.491784 0.742828
vt 0.490777 0.733553
vt 0.732522 0.906957
vt 0.727234 0.89865
vt 0.737861 0.900193
vt 0.718938 0.906596
vt 0.716154 0.901081
vt 0.727234 0.89865
vt 0.718938 0.906596
vt 0.727234 0.89865
vt 0.732522 0.906957
vt 0.644414 0.906914
vt 0.654152 0.899221
vt 0.663483 0.906752
vt 0.663483 0.906752
vt 0.654152 0.899221
vt 0.694529 0.899813
vt 0.663483 0.906752
vt 0.694529 0.899813
vt 0.702296 0.907486
vt 0.694529 0.899813
vt 0.703241 0.897646
vt 0.716154 0.901081
vt 0.702296 0.907486
vt 0.694529 0.899813
vt 0.716154 0.901081
vt 0.702296 0.907486
vt 0.716154 0.901081
vt 0.718938 0.906596
vt 0.602927 0.90262
vt 0.600979 0.89629
vt 0.621586 0.898038
vt 0.602927 0.90262
vt 0.621586 0.898038
vt 0.624923 0.905755
vt 0.621586 0.898038
vt 0.654152 0.899221
vt 0.624923 0.905755
vt 0.552673 0.90797
vt 0.554253 0.895704
vt 0.555215 0.908184
vt 0.554253 0.895704
vt 0.566293 0.895182
vt 0.562787 0.903894
vt 0.555215 0.908184
vt 0.554253 0.895704
vt 0.562787 0.903894
vt 0.583243 0.903737
vt 0.600979 0.89629
vt 0.602927 0.90262
vt 0.562787 0.903894
vt 0.566293 0.895182
vt 0.573089 0.904076
vt 0.573089 0.904076
vt 0.578779 0.895334
vt 0.583243 0.903737
vt 0.37993 0.171355
vt 0.378158 0.179197
vt 0.379533 0.168235
vt 0.0013014 0.0891503
vt 0.0004554 0.0782167
vt 0.0158063 0.0788319
vt 0.0013014 0.0891503
vt 0.0158063 0.0788319
vt 0.019452 0.0881724
vt 0.019452 0.0881724
vt 0.0158063 0.0788319
vt 0.0314244 0.078116
vt 0.019452 0.0881724
vt 0.0314244 0.078116
vt 0.0384673 0.0871449
vt 0.0272145 0.493234
vt 0.0250517 0.513342
vt 0.0340278 0.511936
vt 0.0384673 0.0871449
vt 0.0314244 0.078116
vt 0.0453623 0.0774986
vt 0.0384673 0.0871449
vt 0.0453623 0.0774986
vt 0.0632262 0.0841609
vt 0.0632262 0.0841609
vt 0.0804761 0.0776516
vt 0.0862508 0.0854114
vt 0.0862508 0.0854114
vt 0.0804761 0.0776516
vt 0.0996863 0.077587
vt 0.0862508 0.0854114
vt 0.0996863 0.077587
vt 0.0975465 0.0868932
vt 0.0975465 0.0868932
vt 0.0996863 0.077587
vt 0.122058 0.0867605
vt 0.122058 0.0867605
vt 0.0996863 0.077587
vt 0.12067 0.0779018
vt 0.122058 0.0867605
vt 0.12067 0.0779018
vt 0.143979 0.0783408
vt 0.122058 0.0867605
vt 0.143979 0.0783408
vt 0.141772 0.0866988
vt 0.141772 0.0866988
vt 0.143979 0.0783408
vt 0.15779 0.0864215
vt 0.15779 0.0864215
vt 0.162917 0.0773399
vt 0.180646 0.0867922
vt 0.180646 0.0867922
vt 0.162917 0.0773399
vt 0.181744 0.0766629
vt 0.180646 0.0867922
vt 0.181744 0.0766629
vt 0.196724 0.0857782
vt 0.196724 0.0857782
vt 0.203336 0.0767957
vt 0.203883 0.0853847
vt 0.827245 0.310235
vt 0.828474 0.319391
vt 0.808191 0.316224
vt 0.604836 0.322942
vt 0.550972 0.325366
vt 0.519709 0.322063
vt 0.0636687 0.314909
vt 0.0076787 0.317825
vt 0.0075787 0.311646
vt 0.0075787 0.311646
vt 0.0076787 0.317825
vt 0.0050658 0.314074
vt 0.411017 0.321514
vt 0.346651 0.323766
vt 0.352408 0.319442
vt 0.346651 0.323766
vt 0.294975 0.318287
vt 0.352408 0.319442
vt 0.265965 0.318233
vt 0.152777 0.318831
vt 0.210148 0.31564
vt 0.210148 0.31564
vt 0.152777 0.318831
vt 0.131978 0.31429
vt 0.131978 0.31429
vt 0.152777 0.318831
vt 0.0636687 0.314909
vt 0.486728 0.735564
vt 0.488471 0.73001
vt 0.487024 0.728492
vt 0.482679 0.733897
vt 0.486728 0.735564
vt 0.487024 0.728492
vt 0.604052 0.909264
vt 0.602927 0.90262
vt 0.624923 0.905755
vt 0.624923 0.905755
vt 0.654152 0.899221
vt 0.644414 0.906914
vt 0.583243 0.903737
vt 0.602927 0.90262
vt 0.604052 0.909264
vt 0.0619884 0.0879292
vt 0.0632262 0.0841609
vt 0.0862508 0.0854114
vt 0.0619884 0.0879292
vt 0.0862508 0.0854114
vt 0.0975465 0.0868932
vt 0.560481 0.714886
vt 0.576175 0.727629
vt 0.547665 0.698636
vt 0.0955506 0.443571
vt 0.0994229 0.432794
vt 0.102459 0.432193
vt 0.0738912 0.437589
vt 0.0733151 0.425648
vt 0.0799588 0.426712
vt 0.0738912 0.437589
vt 0.0799588 0.426712
vt 0.0831149 0.442372
vt 0.330956 0.918553
vt 0.337951 0.908136
vt 0.344864 0.918333
vt 0.354211 0.907956
vt 0.382208 0.908431
vt 0.360704 0.917457
vt 0.382208 0.908431
vt 0.403408 0.908812
vt 0.396788 0.919647
vt 0.403408 0.908812
vt 0.420012 0.90901
vt 0.419264 0.920186
vt 0.433493 0.919871
vt 0.43226 0.909111
vt 0.448148 0.909644
vt 0.827245 0.310235
vt 0.808191 0.316224
vt 0.815842 0.304906
vt 0.808191 0.316224
vt 0.790513 0.3183
vt 0.798974 0.30756
vt 0.44736 0.327905
vt 0.425899 0.322142
vt 0.446974 0.316523
vt 0.790513 0.3183
vt 0.771652 0.323244
vt 0.773 0.311874
vt 0.490347 0.393976
vt 0.493169 0.402868
vt 0.476776 0.402868
vt 0.771652 0.323244
vt 0.747531 0.328875
vt 0.75945 0.319785
vt 0.736379 0.319329
vt 0.747531 0.328875
vt 0.70437 0.327775
vt 0.736379 0.319329
vt 0.70437 0.327775
vt 0.656213 0.317231
vt 0.418364 0.280759
vt 0.467277 0.286142
vt 0.412707 0.290934
vt 0.649568 0.32228
vt 0.604836 0.322942
vt 0.605112 0.314638
vt 0.964404 0.983628
vt 0.965847 0.983811
vt 0.965847 0.973635
vt 0.427883 0.31468
vt 0.425899 0.322142
vt 0.411017 0.321514
vt 0.344846 0.311996
vt 0.352408 0.319442
vt 0.294975 0.318287
vt 0.294975 0.318287
vt 0.265965 0.318233
vt 0.2841 0.310764
vt 0.2841 0.310764
vt 0.265965 0.318233
vt 0.210148 0.31564
vt 0.100813 0.307009
vt 0.131978 0.31429
vt 0.0636687 0.314909
vt 0.100813 0.307009
vt 0.0636687 0.314909
vt 0.0652139 0.305755
vt 0.730233 0.915462
vt 0.732522 0.906957
vt 0.739357 0.915853
vt 0.732522 0.906957
vt 0.737861 0.900193
vt 0.739357 0.915853
vt 0.71317 0.912114
vt 0.718938 0.906596
vt 0.730233 0.915462
vt 0.718938 0.906596
vt 0.732522 0.906957
vt 0.730233 0.915462
vt 0.629445 0.914979
vt 0.644414 0.906914
vt 0.662367 0.916245
vt 0.644414 0.906914
vt 0.663483 0.906752
vt 0.662367 0.916245
vt 0.662367 0.916245
vt 0.663483 0.906752
vt 0.697248 0.915351
vt 0.663483 0.906752
vt 0.702296 0.907486
vt 0.697248 0.915351
vt 0.697248 0.915351
vt 0.702296 0.907486
vt 0.71317 0.912114
vt 0.702296 0.907486
vt 0.718938 0.906596
vt 0.71317 0.912114
vt 0.555215 0.908184
vt 0.562787 0.903894
vt 0.560984 0.915505
vt 0.562787 0.903894
vt 0.573089 0.904076
vt 0.569383 0.912361
vt 0.573089 0.904076
vt 0.583243 0.903737
vt 0.577999 0.913091
vt 0.0015198 0.0976342
vt 0.0013014 0.0891503
vt 0.019452 0.0881724
vt 0.0435838 0.499037
vt 0.0340278 0.511936
vt 0.0436395 0.511528
vt 0.0384673 0.0871449
vt 0.0619884 0.0879292
vt 0.047921 0.0962555
vt 0.699644 0.473615
vt 0.756639 0.574046
vt 0.824358 0.530596
vt 0.0619884 0.0879292
vt 0.0975465 0.0868932
vt 0.0807167 0.0941574
vt 0.0807167 0.0941574
vt 0.0975465 0.0868932
vt 0.101209 0.0952266
vt 0.101209 0.0952266
vt 0.0975465 0.0868932
vt 0.122058 0.0867605
vt 0.127595 0.0956671
vt 0.141772 0.0866988
vt 0.143953 0.0953451
vt 0.141772 0.0866988
vt 0.15779 0.0864215
vt 0.157238 0.0961358
vt 0.143953 0.0953451
vt 0.141772 0.0866988
vt 0.157238 0.0961358
vt 0.043715 0.381913
vt 0.0344563 0.369669
vt 0.0349041 0.399355
vt 0.157238 0.0961358
vt 0.15779 0.0864215
vt 0.174139 0.096088
vt 0.15779 0.0864215
vt 0.180646 0.0867922
vt 0.174139 0.096088
vt 0.174139 0.096088
vt 0.180646 0.0867922
vt 0.193654 0.0960493
vt 0.180646 0.0867922
vt 0.196724 0.0857782
vt 0.193654 0.0960493
vt 0.196724 0.0857782
vt 0.203883 0.0853847
vt 0.204014 0.0965411
vt 0.193654 0.0960493
vt 0.196724 0.0857782
vt 0.204014 0.0965411
vt 0.409803 0.74457
vt 0.427013 0.725819
vt 0.43113 0.729963
vt 0.113275 0.0177644
vt 0.111862 0.0522783
vt 0.088373 0.0521144
vt 0.0831149 0.442372
vt 0.0799588 0.426712
vt 0.0994229 0.432794
vt 0.284776 0.922974
vt 0.285027 0.910074
vt 0.289748 0.909095
vt 0.29297 0.921952
vt 0.289748 0.909095
vt 0.309721 0.908473
vt 0.985282 0.888781
vt 0.985379 0.90518
vt 0.996883 0.904366
vt 0.29297 0.921952
vt 0.309721 0.908473
vt 0.316644 0.918952
vt 0.316644 0.918952
vt 0.309721 0.908473
vt 0.337951 0.908136
vt 0.316644 0.918952
vt 0.337951 0.908136
vt 0.330956 0.918553
vt 0.360704 0.917457
vt 0.344864 0.918333
vt 0.337951 0.908136
vt 0.360704 0.917457
vt 0.337951 0.908136
vt 0.354211 0.907956
vt 0.986114 0.82824
vt 0.996256 0.851432
vt 0.995456 0.83241
vt 0.986114 0.82824
vt 0.995456 0.83241
vt 0.996003 0.816606
vt 0.360704 0.917457
vt 0.382208 0.908431
vt 0.383638 0.919525
vt 0.383638 0.919525
vt 0.382208 0.908431
vt 0.396788 0.919647
vt 0.985885 0.810266
vt 0.996003 0.816606
vt 0.995325 0.799575
vt 0.986258 0.787824
vt 0.985885 0.810266
vt 0.995325 0.799575
vt 0.396788 0.919647
vt 0.403408 0.908812
vt 0.419264 0.920186
vt 0.419264 0.920186
vt 0.420012 0.90901
vt 0.433493 0.919871
vt 0.313078 0.624192
vt 0.316899 0.607876
vt 0.323486 0.614728
vt 0.987031 0.764302
vt 0.996221 0.781212
vt 0.996527 0.758879
vt 0.433493 0.919871
vt 0.420012 0.90901
vt 0.43226 0.909111
vt 0.463962 0.321651
vt 0.44736 0.327905
vt 0.446974 0.316523
vt 0.987031 0.764302
vt 0.996527 0.758879
vt 0.997781 0.747907
vt 0.815842 0.304906
vt 0.808191 0.316224
vt 0.798974 0.30756
vt 0.987031 0.764302
vt 0.997781 0.747907
vt 0.997329 0.737257
vt 0.798974 0.30756
vt 0.790513 0.3183
vt 0.773 0.311874
vt 0.446974 0.316523
vt 0.425899 0.322142
vt 0.438092 0.314236
vt 0.438092 0.314236
vt 0.425899 0.322142
vt 0.427883 0.31468
vt 0.75945 0.319785
vt 0.747531 0.328875
vt 0.736379 0.319329
vt 0.418364 0.280759
vt 0.412707 0.290934
vt 0.367486 0.284662
vt 0.649818 0.993987
vt 0.650102 0.982886
vt 0.740893 0.993987
vt 0.740893 0.993987
vt 0.650102 0.982886
vt 0.735368 0.985639
vt 0.519709 0.322063
vt 0.471462 0.32262
vt 0.514251 0.314748
vt 0.471462 0.32262
vt 0.469317 0.312898
vt 0.514251 0.314748
vt 0.469317 0.312898
vt 0.471462 0.32262
vt 0.464536 0.323174
vt 0.955829 0.975276
vt 0.964404 0.983628
vt 0.965847 0.973635
vt 0.427883 0.31468
vt 0.411017 0.321514
vt 0.428784 0.312308
vt 0.428784 0.312308
vt 0.411017 0.321514
vt 0.39326 0.311845
vt 0.411017 0.321514
vt 0.352408 0.319442
vt 0.39326 0.311845
vt 0.352408 0.319442
vt 0.344846 0.311996
vt 0.39326 0.311845
vt 0.2841 0.310764
vt 0.344846 0.311996
vt 0.294975 0.318287
vt 0.217349 0.308967
vt 0.2841 0.310764
vt 0.210148 0.31564
vt 0.217349 0.308967
vt 0.210148 0.31564
vt 0.131978 0.31429
vt 0.217349 0.308967
vt 0.131978 0.31429
vt 0.100813 0.307009
vt 0.0652139 0.305755
vt 0.0636687 0.314909
vt 0.0057134 0.305098
vt 0.0057134 0.305098
vt 0.0636687 0.314909
vt 0.0075787 0.311646
vt 0.0075787 0.311646
vt 0.0050658 0.314074
vt 0.0057134 0.305098
vt 0.730233 0.915462
vt 0.739357 0.915853
vt 0.738076 0.919902
vt 0.697248 0.915351
vt 0.71317 0.912114
vt 0.71837 0.919954
vt 0.71317 0.912114
vt 0.730233 0.915462
vt 0.71837 0.919954
vt 0.591495 0.915928
vt 0.604052 0.909264
vt 0.607562 0.918049
vt 0.604052 0.909264
vt 0.624923 0.905755
vt 0.607562 0.918049
vt 0.607562 0.918049
vt 0.624923 0.905755
vt 0.629445 0.914979
vt 0.577999 0.913091
vt 0.583243 0.903737
vt 0.591495 0.915928
vt 0.569383 0.912361
vt 0.573089 0.904076
vt 0.577999 0.913091
vt 0.0015198 0.0976342
vt 0.019452 0.0881724
vt 0.014595 0.097694
vt 0.014595 0.097694
vt 0.019452 0.0881724
vt 0.0325181 0.0964951
vt 0.0384673 0.0871449
vt 0.047921 0.0962555
vt 0.0325181 0.0964951
vt 0.047921 0.0962555
vt 0.0619884 0.0879292
vt 0.0627814 0.0968492
vt 0.0619884 0.0879292
vt 0.0807167 0.0941574
vt 0.0627814 0.0968492
vt 0.101209 0.0952266
vt 0.122058 0.0867605
vt 0.113072 0.0965229
vt 0.122058 0.0867605
vt 0.127595 0.0956671
vt 0.113072 0.0965229
vt 0.0349755 0.420349
vt 0.0436605 0.426573
vt 0.0437057 0.41231
vt 0.422319 0.721136
vt 0.427013 0.725819
vt 0.403637 0.741172
vt 0.403637 0.741172
vt 0.427013 0.725819
vt 0.409803 0.74457
vt 0.0831149 0.442372
vt 0.0994229 0.432794
vt 0.0955506 0.443571
vt 0.284776 0.922974
vt 0.289748 0.909095
vt 0.29297 0.921952
vt 0.29297 0.921952
vt 0.316644 0.918952
vt 0.306342 0.922681
vt 0.330956 0.918553
vt 0.344864 0.918333
vt 0.33518 0.922784
vt 0.369366 0.922041
vt 0.360704 0.917457
vt 0.383638 0.919525
vt 0.396788 0.919647
vt 0.419264 0.920186
vt 0.405448 0.923236
vt 0.824511 0.294972
vt 0.827245 0.310235
vt 0.815842 0.304906
vt 0.477184 0.391767
vt 0.490347 0.393976
vt 0.476776 0.402868
vt 0.75945 0.319785
vt 0.736379 0.319329
vt 0.737692 0.312977
vt 0.736379 0.319329
vt 0.656213 0.317231
vt 0.737692 0.312977
vt 0.737692 0.312977
vt 0.656213 0.317231
vt 0.678956 0.313246
vt 0.438092 0.314236
vt 0.427883 0.31468
vt 0.428784 0.312308
vt 0.605112 0.314638
vt 0.514251 0.314748
vt 0.508209 0.311505
vt 0.508209 0.311505
vt 0.514251 0.314748
vt 0.469317 0.312898
vt 0.469317 0.312898
vt 0.460145 0.314881
vt 0.45711 0.310641
vt 0.345945 0.306248
vt 0.39326 0.311845
vt 0.344846 0.311996
vt 0.344846 0.311996
vt 0.2841 0.310764
vt 0.345945 0.306248
vt 0.345945 0.306248
vt 0.2841 0.310764
vt 0.295139 0.305258
vt 0.295139 0.305258
vt 0.2841 0.310764
vt 0.254583 0.303832
vt 0.254583 0.303832
vt 0.2841 0.310764
vt 0.217349 0.308967
vt 0.375683 0.205828
vt 0.412727 0.200278
vt 0.479949 0.205828
vt 0.412727 0.200278
vt 0.528688 0.202687
vt 0.479949 0.205828
vt 0.149786 0.303988
vt 0.100813 0.307009
vt 0.0652139 0.305755
vt 0.0056709 0.300321
vt 0.0652139 0.305755
vt 0.0057134 0.305098
vt 0.71837 0.919954
vt 0.730233 0.915462
vt 0.730505 0.923048
vt 0.722687 0.925143
vt 0.71837 0.919954
vt 0.730505 0.923048
vt 0.730505 0.923048
vt 0.730233 0.915462
vt 0.738076 0.919902
vt 0.642477 0.922388
vt 0.662367 0.916245
vt 0.689948 0.924241
vt 0.662367 0.916245
vt 0.697248 0.915351
vt 0.689948 0.924241
vt 0.689948 0.924241
vt 0.697248 0.915351
vt 0.71837 0.919954
vt 0.607562 0.918049
vt 0.629445 0.914979
vt 0.620438 0.922969
vt 0.620438 0.922969
vt 0.629445 0.914979
vt 0.642477 0.922388
vt 0.642477 0.922388
vt 0.629445 0.914979
vt 0.662367 0.916245
vt 0.552673 0.90797
vt 0.555215 0.908184
vt 0.553207 0.919686
vt 0.553207 0.919686
vt 0.555215 0.908184
vt 0.560984 0.915505
vt 0.560984 0.915505
vt 0.569383 0.912361
vt 0.570641 0.920721
vt 0.570641 0.920721
vt 0.569383 0.912361
vt 0.577999 0.913091
vt 0.577999 0.913091
vt 0.591495 0.915928
vt 0.582797 0.922023
vt 0.0015198 0.0976342
vt 0.014595 0.097694
vt 0.0016295 0.101295
vt 0.18775 0.929771
vt 0.193074 0.935708
vt 0.175153 0.935048
vt 0.172291 0.928489
vt 0.175153 0.935048
vt 0.159756 0.934251
vt 0.0627814 0.0968492
vt 0.0807167 0.0941574
vt 0.0839517 0.0977469
vt 0.0807167 0.0941574
vt 0.101209 0.0952266
vt 0.0839517 0.0977469
vt 0.0444708 0.360544
vt 0.0437929 0.367409
vt 0.0523679 0.362294
vt 0.205373 0.101295
vt 0.193654 0.0960493
vt 0.204014 0.0965411
vt 0.884369 0.440791
vt 0.867547 0.417875
vt 0.844037 0.39559
vt 0.844037 0.39559
vt 0.867547 0.417875
vt 0.860222 0.408169
vt 0.414154 0.0365403
vt 0.389344 0.0393155
vt 0.415756 0.0393155
vt 0.113275 0.0177644
vt 0.088373 0.0521144
vt 0.0869763 0.0182011
vt 0.078758 0.443571
vt 0.0738912 0.437589
vt 0.0831149 0.442372
vt 0.306342 0.922681
vt 0.316644 0.918952
vt 0.321399 0.923049
vt 0.321399 0.923049
vt 0.316644 0.918952
vt 0.330956 0.918553
vt 0.321399 0.923049
vt 0.330956 0.918553
vt 0.33518 0.922784
vt 0.658097 0.701854
vt 0.644234 0.607064
vt 0.536668 0.682645
vt 0.33518 0.922784
vt 0.344864 0.918333
vt 0.347444 0.922892
vt 0.347444 0.922892
vt 0.344864 0.918333
vt 0.360704 0.917457
vt 0.347444 0.922892
vt 0.360704 0.917457
vt 0.369366 0.922041
vt 0.369352 0.950775
vt 0.353782 0.951372
vt 0.364864 0.9464
vt 0.369366 0.922041
vt 0.383638 0.919525
vt 0.405448 0.923236
vt 0.386176 0.951382
vt 0.369352 0.950775
vt 0.386473 0.946156
vt 0.405448 0.923236
vt 0.383638 0.919525
vt 0.396788 0.919647
vt 0.405448 0.923236
vt 0.419264 0.920186
vt 0.422703 0.924429
vt 0.422703 0.924429
vt 0.419264 0.920186
vt 0.433493 0.919871
vt 0.422703 0.924429
vt 0.433493 0.919871
vt 0.439873 0.923665
vt 0.439873 0.923665
vt 0.433493 0.919871
vt 0.451383 0.920214
vt 0.447891 0.951372
vt 0.437379 0.950557
vt 0.447485 0.946761
vt 0.439873 0.923665
vt 0.451383 0.920214
vt 0.460054 0.925357
vt 0.815842 0.304906
vt 0.798974 0.30756
vt 0.824511 0.294972
vt 0.460054 0.925357
vt 0.451383 0.920214
vt 0.460613 0.919925
vt 0.783043 0.300276
vt 0.798974 0.30756
vt 0.773 0.311874
vt 0.783043 0.300276
vt 0.773 0.311874
vt 0.764901 0.308473
vt 0.764901 0.308473
vt 0.75945 0.319785
vt 0.737692 0.312977
vt 0.471312 0.928853
vt 0.460613 0.919925
vt 0.470901 0.918991
vt 0.460054 0.925357
vt 0.460613 0.919925
vt 0.471312 0.928853
vt 0.678956 0.313246
vt 0.656213 0.317231
vt 0.639658 0.306453
vt 0.656213 0.317231
vt 0.605112 0.314638
vt 0.570395 0.30613
vt 0.639658 0.306453
vt 0.656213 0.317231
vt 0.570395 0.30613
vt 0.605112 0.314638
vt 0.508209 0.311505
vt 0.570395 0.30613
vt 0.570395 0.30613
vt 0.508209 0.311505
vt 0.484007 0.304771
vt 0.508209 0.311505
vt 0.469317 0.312898
vt 0.484007 0.304771
vt 0.484007 0.304771
vt 0.469317 0.312898
vt 0.45334 0.306639
vt 0.45334 0.306639
vt 0.469317 0.312898
vt 0.45711 0.310641
vt 0.428784 0.312308
vt 0.39326 0.311845
vt 0.3971 0.302117
vt 0.3971 0.302117
vt 0.39326 0.311845
vt 0.345945 0.306248
vt 0.0665381 0.296647
vt 0.149786 0.303988
vt 0.0652139 0.305755
vt 0.0665381 0.296647
vt 0.0652139 0.305755
vt 0.0056709 0.300321
vt 0.689948 0.924241
vt 0.71837 0.919954
vt 0.703783 0.929195
vt 0.703783 0.929195
vt 0.71837 0.919954
vt 0.722687 0.925143
vt 0.596915 0.929232
vt 0.607562 0.918049
vt 0.620438 0.922969
vt 0.553207 0.919686
vt 0.560984 0.915505
vt 0.560261 0.925435
vt 0.560261 0.925435
vt 0.560984 0.915505
vt 0.570641 0.920721
vt 0.591495 0.915928
vt 0.607562 0.918049
vt 0.582797 0.922023
vt 0.570641 0.920721
vt 0.577999 0.913091
vt 0.582797 0.922023
vt 0.0979349 0.156318
vt 0.150352 0.153625
vt 0.16516 0.15812
vt 0.0510236 0.548255
vt 0.0441065 0.551837
vt 0.0523679 0.558972
vt 0.044343 0.536588
vt 0.0441065 0.551837
vt 0.0510236 0.548255
vt 0.193074 0.935708
vt 0.206161 0.927261
vt 0.206284 0.933812
vt 0.206161 0.927261
vt 0.193074 0.935708
vt 0.20218 0.92557
vt 0.044343 0.536588
vt 0.0510236 0.548255
vt 0.0507903 0.528126
vt 0.0435152 0.524556
vt 0.044343 0.536588
vt 0.0507903 0.528126
vt 0.172291 0.928489
vt 0.18775 0.929771
vt 0.175153 0.935048
vt 0.0501567 0.513242
vt 0.0435152 0.524556
vt 0.0507903 0.528126
vt 0.172291 0.928489
vt 0.159756 0.934251
vt 0.155401 0.927134
vt 0.0436395 0.511528
vt 0.0501567 0.513242
vt 0.0509307 0.498418
vt 0.0435838 0.499037
vt 0.0436395 0.511528
vt 0.0509307 0.498418
vt 0.155401 0.927134
vt 0.159756 0.934251
vt 0.144913 0.933097
vt 0.142564 0.927673
vt 0.155401 0.927134
vt 0.144913 0.933097
vt 0.0445841 0.486047
vt 0.0435838 0.499037
vt 0.0511194 0.47988
vt 0.0511194 0.47988
vt 0.0435838 0.499037
vt 0.0509307 0.498418
vt 0.0444335 0.469006
vt 0.0445841 0.486047
vt 0.0511194 0.47988
vt 0.142564 0.927673
vt 0.144913 0.933097
vt 0.123706 0.932187
vt 0.0513726 0.457971
vt 0.0444335 0.469006
vt 0.0511194 0.47988
vt 0.0446345 0.444989
vt 0.0444335 0.469006
vt 0.0513726 0.457971
vt 0.119326 0.927817
vt 0.106412 0.934909
vt 0.0935151 0.928785
vt 0.0935151 0.928785
vt 0.106412 0.934909
vt 0.0944589 0.93404
vt 0.0446345 0.444989
vt 0.0513726 0.457971
vt 0.0511594 0.434889
vt 0.0935151 0.928785
vt 0.0944589 0.93404
vt 0.0798994 0.935315
vt 0.0436605 0.426573
vt 0.0446345 0.444989
vt 0.0511594 0.434889
vt 0.0935151 0.928785
vt 0.0798994 0.935315
vt 0.0716376 0.929012
vt 0.0436605 0.426573
vt 0.0511594 0.434889
vt 0.0510697 0.41946
vt 0.0437057 0.41231
vt 0.0436605 0.426573
vt 0.0510697 0.41946
vt 0.0716376 0.929012
vt 0.0798994 0.935315
vt 0.0634289 0.935708
vt 0.0437057 0.41231
vt 0.0510697 0.41946
vt 0.0519971 0.407916
vt 0.0716376 0.929012
vt 0.0634289 0.935708
vt 0.0502334 0.928791
vt 0.0442948 0.396694
vt 0.0437057 0.41231
vt 0.0507586 0.3968
vt 0.0507586 0.3968
vt 0.0437057 0.41231
vt 0.0519971 0.407916
vt 0.0502334 0.928791
vt 0.0634289 0.935708
vt 0.0500724 0.934804
vt 0.0500447 0.386004
vt 0.0442948 0.396694
vt 0.0507586 0.3968
vt 0.0502334 0.928791
vt 0.0500724 0.934804
vt 0.0330548 0.935054
vt 0.043715 0.381913
vt 0.0442948 0.396694
vt 0.0500447 0.386004
vt 0.0268457 0.928772
vt 0.0502334 0.928791
vt 0.0330548 0.935054
vt 0.0437929 0.367409
vt 0.043715 0.381913
vt 0.0500447 0.386004
vt 0.0437929 0.367409
vt 0.0500447 0.386004
vt 0.0523679 0.362294
vt 0.0268457 0.928772
vt 0.0330548 0.935054
vt 0.0133868 0.935111
vt 0.0018937 0.929208
vt 0.0268457 0.928772
vt 0.0133868 0.935111
vt 0.088373 0.0521144
vt 0.111862 0.0522783
vt 0.0913273 0.053466
vt 0.282787 0.935358
vt 0.284776 0.922974
vt 0.288626 0.93104
vt 0.285357 0.939864
vt 0.282787 0.935358
vt 0.288626 0.93104
vt 0.288626 0.93104
vt 0.284776 0.922974
vt 0.29297 0.921952
vt 0.296933 0.927799
vt 0.288626 0.93104
vt 0.29297 0.921952
vt 0.290651 0.948127
vt 0.285357 0.939864
vt 0.292844 0.935635
vt 0.288626 0.93104
vt 0.296933 0.927799
vt 0.292844 0.935635
vt 0.292844 0.935635
vt 0.296933 0.927799
vt 0.31465 0.934225
vt 0.296933 0.927799
vt 0.29297 0.921952
vt 0.306342 0.922681
vt 0.303947 0.947644
vt 0.290651 0.948127
vt 0.292844 0.935635
vt 0.303947 0.947644
vt 0.292844 0.935635
vt 0.302319 0.938192
vt 0.31465 0.934225
vt 0.296933 0.927799
vt 0.306342 0.922681
vt 0.31465 0.934225
vt 0.306342 0.922681
vt 0.321399 0.923049
vt 0.303947 0.947644
vt 0.302319 0.938192
vt 0.321449 0.94719
vt 0.321449 0.94719
vt 0.302319 0.938192
vt 0.321309 0.938971
vt 0.31465 0.934225
vt 0.321399 0.923049
vt 0.336416 0.934978
vt 0.336416 0.934978
vt 0.321399 0.923049
vt 0.33518 0.922784
vt 0.343604 0.94634
vt 0.321449 0.94719
vt 0.321309 0.938971
vt 0.336416 0.934978
vt 0.33518 0.922784
vt 0.347444 0.922892
vt 0.343604 0.94634
vt 0.321309 0.938971
vt 0.343237 0.938542
vt 0.336416 0.934978
vt 0.347444 0.922892
vt 0.357904 0.934476
vt 0.343604 0.94634
vt 0.343237 0.938542
vt 0.364864 0.9464
vt 0.343237 0.938542
vt 0.357904 0.934476
vt 0.368843 0.939686
vt 0.364864 0.9464
vt 0.343237 0.938542
vt 0.368843 0.939686
vt 0.357904 0.934476
vt 0.347444 0.922892
vt 0.372766 0.933928
vt 0.372766 0.933928
vt 0.347444 0.922892
vt 0.369366 0.922041
vt 0.388651 0.933857
vt 0.372766 0.933928
vt 0.369366 0.922041
vt 0.386473 0.946156
vt 0.364864 0.9464
vt 0.368843 0.939686
vt 0.386473 0.946156
vt 0.368843 0.939686
vt 0.384786 0.939926
vt 0.388651 0.933857
vt 0.369366 0.922041
vt 0.405448 0.923236
vt 0.388651 0.933857
vt 0.405448 0.923236
vt 0.402906 0.932779
vt 0.386473 0.946156
vt 0.384786 0.939926
vt 0.403018 0.936644
vt 0.408961 0.947199
vt 0.386473 0.946156
vt 0.403018 0.936644
vt 0.408961 0.947199
vt 0.403018 0.936644
vt 0.419947 0.947072
vt 0.421908 0.934618
vt 0.402906 0.932779
vt 0.405448 0.923236
vt 0.421908 0.934618
vt 0.405448 0.923236
vt 0.422703 0.924429
vt 0.419947 0.947072
vt 0.403018 0.936644
vt 0.421908 0.934618
vt 0.419947 0.947072
vt 0.421908 0.934618
vt 0.431174 0.942131
vt 0.439124 0.935778
vt 0.421908 0.934618
vt 0.422703 0.924429
vt 0.439124 0.935778
vt 0.422703 0.924429
vt 0.439873 0.923665
vt 0.447485 0.946761
vt 0.431174 0.942131
vt 0.439124 0.935778
vt 0.439124 0.935778
vt 0.439873 0.923665
vt 0.449164 0.935224
vt 0.447485 0.946761
vt 0.439124 0.935778
vt 0.449164 0.935224
vt 0.447485 0.946761
vt 0.449164 0.935224
vt 0.459502 0.945068
vt 0.459497 0.935359
vt 0.449164 0.935224
vt 0.439873 0.923665
vt 0.459497 0.935359
vt 0.439873 0.923665
vt 0.460054 0.925357
vt 0.824511 0.294972
vt 0.798974 0.30756
vt 0.783043 0.300276
vt 0.459497 0.935359
vt 0.460054 0.925357
vt 0.471312 0.928853
vt 0.459502 0.945068
vt 0.449164 0.935224
vt 0.463858 0.946074
vt 0.463858 0.946074
vt 0.449164 0.935224
vt 0.459497 0.935359
vt 0.463858 0.946074
vt 0.459497 0.935359
vt 0.469747 0.937395
vt 0.764901 0.308473
vt 0.737692 0.312977
vt 0.744489 0.307005
vt 0.737692 0.312977
vt 0.678956 0.313246
vt 0.744489 0.307005
vt 0.744489 0.307005
vt 0.678956 0.313246
vt 0.639658 0.306453
vt 0.469747 0.937395
vt 0.459497 0.935359
vt 0.471312 0.928853
vt 0.637696 0.301032
vt 0.639658 0.306453
vt 0.570395 0.30613
vt 0.637696 0.301032
vt 0.570395 0.30613
vt 0.564384 0.300069
vt 0.564384 0.300069
vt 0.570395 0.30613
vt 0.482205 0.299009
vt 0.570395 0.30613
vt 0.484007 0.304771
vt 0.482205 0.299009
vt 0.484007 0.304771
vt 0.45334 0.306639
vt 0.443767 0.302776
vt 0.443767 0.302776
vt 0.435753 0.305636
vt 0.426984 0.299269
vt 0.435753 0.305636
vt 0.428784 0.312308
vt 0.3971 0.302117
vt 0.426984 0.299269
vt 0.435753 0.305636
vt 0.3971 0.302117
vt 0.3971 0.302117
vt 0.345945 0.306248
vt 0.30649 0.298642
vt 0.345945 0.306248
vt 0.295139 0.305258
vt 0.30649 0.298642
vt 0.163479 0.118478
vt 0.152281 0.125347
vt 0.112755 0.118576
vt 0.112755 0.118576
vt 0.152281 0.125347
vt 0.111566 0.125347
vt 0.255972 0.297023
vt 0.254583 0.303832
vt 0.159717 0.296854
vt 0.159717 0.296854
vt 0.254583 0.303832
vt 0.149786 0.303988
vt 0.159717 0.296854
vt 0.149786 0.303988
vt 0.0665381 0.296647
vt 0.159717 0.296854
vt 0.0665381 0.296647
vt 0.0398536 0.290775
vt 0.0665381 0.296647
vt 0.0056709 0.300321
vt 0.0398536 0.290775
vt 0.0398536 0.290775
vt 0.0056709 0.300321
vt 0.0058861 0.290296
vt 0.418736 0.867145
vt 0.438198 0.868162
vt 0.43385 0.873042
vt 0.418736 0.867145
vt 0.361508 0.861868
vt 0.405778 0.860466
vt 0.644234 0.607064
vt 0.756639 0.574046
vt 0.705746 0.518816
vt 0.324677 0.860304
vt 0.337317 0.85148
vt 0.343735 0.862146
vt 0.551457 0.929118
vt 0.553207 0.919686
vt 0.553911 0.929195
vt 0.553911 0.929195
vt 0.553207 0.919686
vt 0.560261 0.925435
vt 0.560261 0.925435
vt 0.570641 0.920721
vt 0.570153 0.928871
vt 0.570641 0.920721
vt 0.582797 0.922023
vt 0.580847 0.929168
vt 0.570153 0.928871
vt 0.570641 0.920721
vt 0.580847 0.929168
vt 0.150352 0.153625
vt 0.162708 0.147814
vt 0.215047 0.149947
vt 0.215047 0.149947
vt 0.284302 0.14933
vt 0.303992 0.155593
vt 0.284302 0.14933
vt 0.323319 0.149009
vt 0.303992 0.155593
vt 0.193668 0.908584
vt 0.198123 0.911229
vt 0.196472 0.913806
vt 0.196472 0.913806
vt 0.198123 0.911229
vt 0.204847 0.921907
vt 0.196472 0.913806
vt 0.204847 0.921907
vt 0.20218 0.92557
vt 0.20218 0.92557
vt 0.204847 0.921907
vt 0.206161 0.927261
vt 0.37607 0.156613
vt 0.371648 0.151726
vt 0.434702 0.15019
vt 0.37607 0.156613
vt 0.434702 0.15019
vt 0.427941 0.158692
vt 0.434702 0.15019
vt 0.505767 0.155041
vt 0.427941 0.158692
vt 0.710715 0.158169
vt 0.619313 0.154109
vt 0.800753 0.154949
vt 0.0728395 0.146312
vt 0.0914446 0.147139
vt 0.0979349 0.156318
vt 0.183272 0.906846
vt 0.193668 0.908584
vt 0.196472 0.913806
vt 0.192594 0.922341
vt 0.196472 0.913806
vt 0.20218 0.92557
vt 0.172997 0.919619
vt 0.196472 0.913806
vt 0.192594 0.922341
vt 0.192594 0.922341
vt 0.20218 0.92557
vt 0.18775 0.929771
vt 0.0026755 0.14675
vt 0.0325502 0.148213
vt 0.0165044 0.156605
vt 0.164273 0.911938
vt 0.183272 0.906846
vt 0.196472 0.913806
vt 0.163558 0.906345
vt 0.183272 0.906846
vt 0.164273 0.911938
vt 0.164273 0.911938
vt 0.196472 0.913806
vt 0.172997 0.919619
vt 0.172997 0.919619
vt 0.192594 0.922341
vt 0.18775 0.929771
vt 0.172291 0.928489
vt 0.172997 0.919619
vt 0.18775 0.929771
vt 0.154613 0.917022
vt 0.164273 0.911938
vt 0.172997 0.919619
vt 0.149037 0.905351
vt 0.163558 0.906345
vt 0.144126 0.912698
vt 0.144126 0.912698
vt 0.163558 0.906345
vt 0.164273 0.911938
vt 0.172997 0.919619
vt 0.172291 0.928489
vt 0.155401 0.927134
vt 0.144126 0.912698
vt 0.164273 0.911938
vt 0.154613 0.917022
vt 0.154613 0.917022
vt 0.172997 0.919619
vt 0.155401 0.927134
vt 0.134575 0.906077
vt 0.149037 0.905351
vt 0.144126 0.912698
vt 0.139338 0.919778
vt 0.154613 0.917022
vt 0.155401 0.927134
vt 0.144126 0.912698
vt 0.154613 0.917022
vt 0.139338 0.919778
vt 0.139338 0.919778
vt 0.155401 0.927134
vt 0.142564 0.927673
vt 0.134575 0.906077
vt 0.144126 0.912698
vt 0.130861 0.917322
vt 0.130861 0.917322
vt 0.144126 0.912698
vt 0.139338 0.919778
vt 0.116412 0.906464
vt 0.134575 0.906077
vt 0.12059 0.913341
vt 0.12059 0.913341
vt 0.134575 0.906077
vt 0.130861 0.917322
vt 0.119326 0.927817
vt 0.139338 0.919778
vt 0.142564 0.927673
vt 0.12059 0.913341
vt 0.130861 0.917322
vt 0.117861 0.918663
vt 0.117861 0.918663
vt 0.130861 0.917322
vt 0.139338 0.919778
vt 0.117861 0.918663
vt 0.139338 0.919778
vt 0.119326 0.927817
vt 0.104222 0.916472
vt 0.116412 0.906464
vt 0.12059 0.913341
vt 0.104222 0.916472
vt 0.12059 0.913341
vt 0.117861 0.918663
vt 0.0948737 0.907204
vt 0.116412 0.906464
vt 0.104222 0.916472
vt 0.102924 0.922824
vt 0.117861 0.918663
vt 0.119326 0.927817
vt 0.104222 0.916472
vt 0.117861 0.918663
vt 0.102924 0.922824
vt 0.0935151 0.928785
vt 0.102924 0.922824
vt 0.119326 0.927817
vt 0.08974 0.912864
vt 0.0948737 0.907204
vt 0.104222 0.916472
vt 0.086124 0.919958
vt 0.08974 0.912864
vt 0.104222 0.916472
vt 0.086124 0.919958
vt 0.104222 0.916472
vt 0.102924 0.922824
vt 0.0759361 0.919263
vt 0.08974 0.912864
vt 0.086124 0.919958
vt 0.086124 0.919958
vt 0.102924 0.922824
vt 0.0935151 0.928785
vt 0.0721101 0.907394
vt 0.0948737 0.907204
vt 0.0679877 0.918514
vt 0.0948737 0.907204
vt 0.08974 0.912864
vt 0.0759361 0.919263
vt 0.0679877 0.918514
vt 0.0948737 0.907204
vt 0.0759361 0.919263
vt 0.0716376 0.929012
vt 0.086124 0.919958
vt 0.0935151 0.928785
vt 0.0759361 0.919263
vt 0.086124 0.919958
vt 0.0716376 0.929012
vt 0.0568688 0.907889
vt 0.0721101 0.907394
vt 0.057503 0.915343
vt 0.057503 0.915343
vt 0.0721101 0.907394
vt 0.0679877 0.918514
vt 0.059219 0.92236
vt 0.0759361 0.919263
vt 0.0716376 0.929012
vt 0.0679877 0.918514
vt 0.0759361 0.919263
vt 0.059219 0.92236
vt 0.057503 0.915343
vt 0.0679877 0.918514
vt 0.059219 0.92236
vt 0.0454795 0.909276
vt 0.0568688 0.907889
vt 0.057503 0.915343
vt 0.0478423 0.921107
vt 0.057503 0.915343
vt 0.059219 0.92236
vt 0.059219 0.92236
vt 0.0716376 0.929012
vt 0.0502334 0.928791
vt 0.0454795 0.909276
vt 0.057503 0.915343
vt 0.0478423 0.921107
vt 0.0478423 0.921107
vt 0.059219 0.92236
vt 0.0502334 0.928791
vt 0.0344406 0.908235
vt 0.0454795 0.909276
vt 0.0297563 0.918331
vt 0.0297563 0.918331
vt 0.0454795 0.909276
vt 0.0478423 0.921107
vt 0.0378994 0.920839
vt 0.0478423 0.921107
vt 0.0502334 0.928791
vt 0.0297563 0.918331
vt 0.0478423 0.921107
vt 0.0378994 0.920839
vt 0.0378994 0.920839
vt 0.0502334 0.928791
vt 0.0268457 0.928772
vt 0.0230289 0.924268
vt 0.0297563 0.918331
vt 0.0378994 0.920839
vt 0.0237432 0.907855
vt 0.0344406 0.908235
vt 0.0145226 0.915739
vt 0.0145226 0.915739
vt 0.0344406 0.908235
vt 0.0297563 0.918331
vt 0.0230289 0.924268
vt 0.0378994 0.920839
vt 0.0268457 0.928772
vt 0.0004554 0.911666
vt 0.0237432 0.907855
vt 0.0145226 0.915739
vt 0.0145226 0.915739
vt 0.0297563 0.918331
vt 0.0049531 0.924189
vt 0.0049531 0.924189
vt 0.0297563 0.918331
vt 0.0230289 0.924268
vt 0.0049531 0.924189
vt 0.0230289 0.924268
vt 0.0268457 0.928772
vt 0.0004554 0.911666
vt 0.0145226 0.915739
vt 0.0015936 0.920066
vt 0.0015936 0.920066
vt 0.0145226 0.915739
vt 0.0049531 0.924189
vt 0.0018937 0.929208
vt 0.0049531 0.924189
vt 0.0268457 0.928772
vt 0.822869 0.0538689
vt 0.820958 0.0568917
vt 0.829244 0.0564421
vt 0.0015936 0.920066
vt 0.0049531 0.924189
vt 0.0018937 0.929208
vt 0.285357 0.939864
vt 0.288626 0.93104
vt 0.292844 0.935635
vt 0.302319 0.938192
vt 0.292844 0.935635
vt 0.31465 0.934225
vt 0.321309 0.938971
vt 0.302319 0.938192
vt 0.31465 0.934225
vt 0.321309 0.938971
vt 0.31465 0.934225
vt 0.336416 0.934978
vt 0.343237 0.938542
vt 0.336416 0.934978
vt 0.357904 0.934476
vt 0.368843 0.939686
vt 0.357904 0.934476
vt 0.372766 0.933928
vt 0.403018 0.936644
vt 0.388651 0.933857
vt 0.402906 0.932779
vt 0.403018 0.936644
vt 0.402906 0.932779
vt 0.421908 0.934618
vt 0.307097 0.614678
vt 0.313078 0.624192
vt 0.299788 0.629988
vt 0.824511 0.294972
vt 0.783043 0.300276
vt 0.798349 0.290931
vt 0.766437 0.294152
vt 0.783043 0.300276
vt 0.764901 0.308473
vt 0.864754 0.0655767
vt 0.875683 0.0661424
vt 0.875683 0.0513414
vt 0.764901 0.308473
vt 0.744489 0.307005
vt 0.755855 0.301733
vt 0.703058 0.301635
vt 0.744489 0.307005
vt 0.639658 0.306453
vt 0.703058 0.301635
vt 0.639658 0.306453
vt 0.637696 0.301032
vt 0.482205 0.299009
vt 0.484007 0.304771
vt 0.443767 0.302776
vt 0.482205 0.299009
vt 0.443767 0.302776
vt 0.426984 0.299269
vt 0.388818 0.809236
vt 0.420635 0.812964
vt 0.365223 0.816876
vt 0.388818 0.809236
vt 0.365223 0.816876
vt 0.35838 0.811472
vt 0.426984 0.299269
vt 0.3971 0.302117
vt 0.386871 0.296269
vt 0.365223 0.816876
vt 0.324468 0.816404
vt 0.35838 0.811472
vt 0.386871 0.296269
vt 0.3971 0.302117
vt 0.30649 0.298642
vt 0.386871 0.296269
vt 0.30649 0.298642
vt 0.308157 0.294358
vt 0.308157 0.294358
vt 0.30649 0.298642
vt 0.279866 0.293646
vt 0.136675 0.114246
vt 0.163479 0.118478
vt 0.112755 0.118576
vt 0.215948 0.821109
vt 0.191712 0.826549
vt 0.205075 0.816957
vt 0.269661 0.2886
vt 0.255972 0.297023
vt 0.199998 0.293253
vt 0.199998 0.293253
vt 0.255972 0.297023
vt 0.159717 0.296854
vt 0.199998 0.293253
vt 0.159717 0.296854
vt 0.0948898 0.290637
vt 0.0948898 0.290637
vt 0.159717 0.296854
vt 0.0398536 0.290775
vt 0.343735 0.862146
vt 0.361508 0.861868
vt 0.370443 0.869333
vt 0.275811 0.853556
vt 0.270855 0.851026
vt 0.276379 0.845976
vt 0.275811 0.853556
vt 0.276379 0.845976
vt 0.286589 0.848315
vt 0.275811 0.853556
vt 0.286589 0.848315
vt 0.287596 0.853647
vt 0.158166 0.142564
vt 0.248801 0.14344
vt 0.162708 0.147814
vt 0.340672 0.142895
vt 0.353676 0.149446
vt 0.323319 0.149009
vt 0.366548 0.149289
vt 0.378105 0.143139
vt 0.434702 0.15019
vt 0.378105 0.143139
vt 0.519477 0.147846
vt 0.434702 0.15019
vt 0.519477 0.147846
vt 0.55649 0.144888
vt 0.560419 0.151184
vt 0.560419 0.151184
vt 0.55649 0.144888
vt 0.59727 0.14763
vt 0.59727 0.14763
vt 0.659257 0.146885
vt 0.727079 0.148156
vt 0.727079 0.148156
vt 0.832602 0.146866
vt 0.832525 0.150974
vt 0.229002 0.530024
vt 0.222501 0.539944
vt 0.215373 0.53776
vt 0.808375 0.372219
vt 0.784161 0.421414
vt 0.884369 0.440791
vt 0.717255 0.0587419
vt 0.7376 0.0599313
vt 0.709231 0.0600479
vt 0.313078 0.624192
vt 0.302266 0.643095
vt 0.299788 0.629988
vt 0.823991 0.286656
vt 0.824511 0.294972
vt 0.798349 0.290931
vt 0.798349 0.290931
vt 0.783043 0.300276
vt 0.766437 0.294152
vt 0.282608 0.905338
vt 0.27429 0.905358
vt 0.275135 0.892498
vt 0.755855 0.301733
vt 0.744489 0.307005
vt 0.703058 0.301635
vt 0.686682 0.810184
vt 0.636978 0.80803
vt 0.618772 0.802862
vt 0.618772 0.802862
vt 0.636978 0.80803
vt 0.57587 0.804994
vt 0.27429 0.905358
vt 0.268499 0.903625
vt 0.275135 0.892498
vt 0.589913 0.798403
vt 0.618772 0.802862
vt 0.57587 0.804994
vt 0.589913 0.798403
vt 0.57587 0.804994
vt 0.580077 0.799686
vt 0.580077 0.799686
vt 0.57587 0.804994
vt 0.5736 0.797131
vt 0.5736 0.797131
vt 0.57587 0.804994
vt 0.498134 0.802954
vt 0.5736 0.797131
vt 0.498134 0.802954
vt 0.528705 0.793743
vt 0.498134 0.802954
vt 0.57587 0.804994
vt 0.50301 0.808721
vt 0.498134 0.802954
vt 0.50301 0.808721
vt 0.420635 0.812964
vt 0.498134 0.802954
vt 0.420635 0.812964
vt 0.388818 0.809236
vt 0.498134 0.802954
vt 0.388818 0.809236
vt 0.451026 0.797614
vt 0.451026 0.797614
vt 0.388818 0.809236
vt 0.401488 0.800451
vt 0.388818 0.809236
vt 0.35838 0.811472
vt 0.357743 0.802041
vt 0.35838 0.811472
vt 0.324468 0.816404
vt 0.260265 0.814677
vt 0.35838 0.811472
vt 0.260265 0.814677
vt 0.357743 0.802041
vt 0.357743 0.802041
vt 0.260265 0.814677
vt 0.260667 0.809485
vt 0.260265 0.814677
vt 0.324468 0.816404
vt 0.244683 0.819687
vt 0.260667 0.809485
vt 0.260265 0.814677
vt 0.218887 0.810848
vt 0.260265 0.814677
vt 0.244683 0.819687
vt 0.215948 0.821109
vt 0.260265 0.814677
vt 0.215948 0.821109
vt 0.213907 0.814486
vt 0.260265 0.814677
vt 0.213907 0.814486
vt 0.218887 0.810848
vt 0.213907 0.814486
vt 0.215948 0.821109
vt 0.205075 0.816957
vt 0.883981 0.127888
vt 0.886999 0.120722
vt 0.886903 0.17275
vt 0.886999 0.120722
vt 0.89257 0.190859
vt 0.886903 0.17275
vt 0.886903 0.17275
vt 0.89257 0.190859
vt 0.886441 0.23911
vt 0.886441 0.23911
vt 0.89257 0.190859
vt 0.892326 0.297009
vt 0.886441 0.23911
vt 0.892326 0.297009
vt 0.886814 0.352016
vt 0.892326 0.297009
vt 0.893742 0.352572
vt 0.886814 0.352016
vt 0.886814 0.352016
vt 0.893742 0.352572
vt 0.893898 0.386881
vt 0.886814 0.352016
vt 0.893898 0.386881
vt 0.88227 0.387093
vt 0.339533 0.871879
vt 0.374512 0.87938
vt 0.367026 0.881568
vt 0.336128 0.877712
vt 0.339533 0.871879
vt 0.367026 0.881568
vt 0.278079 0.861617
vt 0.270595 0.860361
vt 0.275811 0.853556
vt 0.15668 0.842583
vt 0.156395 0.837206
vt 0.186657 0.837539
vt 0.156395 0.837206
vt 0.17423 0.83418
vt 0.186657 0.837539
vt 0.186657 0.837539
vt 0.199985 0.837492
vt 0.234745 0.839774
vt 0.234745 0.839774
vt 0.290312 0.840282
vt 0.245961 0.844705
vt 0.245961 0.844705
vt 0.290312 0.840282
vt 0.336463 0.84539
vt 0.290312 0.840282
vt 0.347027 0.839735
vt 0.336463 0.84539
vt 0.336463 0.84539
vt 0.347027 0.839735
vt 0.373349 0.84625
vt 0.373349 0.84625
vt 0.347027 0.839735
vt 0.376454 0.84147
vt 0.376454 0.84147
vt 0.434518 0.843889
vt 0.373349 0.84625
vt 0.373349 0.84625
vt 0.434518 0.843889
vt 0.549396 0.850601
vt 0.549396 0.850601
vt 0.434518 0.843889
vt 0.508873 0.844827
vt 0.549396 0.850601
vt 0.508873 0.844827
vt 0.549227 0.844779
vt 0.549396 0.850601
vt 0.549227 0.844779
vt 0.559654 0.846928
vt 0.570584 0.140027
vt 0.652298 0.141137
vt 0.59727 0.14763
vt 0.59727 0.14763
vt 0.652298 0.141137
vt 0.659257 0.146885
vt 0.659257 0.146885
vt 0.652298 0.141137
vt 0.74791 0.141529
vt 0.659257 0.146885
vt 0.74791 0.141529
vt 0.727079 0.148156
vt 0.727079 0.148156
vt 0.74791 0.141529
vt 0.832602 0.146866
vt 0.850018 0.302086
vt 0.851783 0.387127
vt 0.844718 0.386881
vt 0.0903499 0.837903
vt 0.156395 0.837206
vt 0.15668 0.842583
vt 0.053665 0.145838
vt 0.0675359 0.139708
vt 0.0728395 0.146312
vt 0.705746 0.518816
vt 0.756639 0.574046
vt 0.699644 0.473615
vt 0.544778 0.697161
vt 0.547665 0.698636
vt 0.536668 0.682645
vt 0.82032 0.278908
vt 0.823991 0.286656
vt 0.798349 0.290931
vt 0.756049 0.818455
vt 0.732407 0.821422
vt 0.747899 0.815823
vt 0.747899 0.815823
vt 0.732407 0.821422
vt 0.72025 0.807724
vt 0.72025 0.807724
vt 0.732407 0.821422
vt 0.702919 0.812942
vt 0.72025 0.807724
vt 0.702919 0.812942
vt 0.697747 0.80605
vt 0.697747 0.80605
vt 0.702919 0.812942
vt 0.686682 0.810184
vt 0.682207 0.799607
vt 0.697747 0.80605
vt 0.686682 0.810184
vt 0.682207 0.799607
vt 0.686682 0.810184
vt 0.618772 0.802862
vt 0.682207 0.799607
vt 0.618772 0.802862
vt 0.620537 0.795268
vt 0.580077 0.799686
vt 0.5736 0.797131
vt 0.579014 0.791228
vt 0.620537 0.795268
vt 0.618772 0.802862
vt 0.598128 0.793799
vt 0.598128 0.793799
vt 0.618772 0.802862
vt 0.589913 0.798403
vt 0.5736 0.797131
vt 0.568191 0.791961
vt 0.569187 0.787663
vt 0.568191 0.791961
vt 0.5736 0.797131
vt 0.528705 0.793743
vt 0.489054 0.795496
vt 0.528705 0.793743
vt 0.498134 0.802954
vt 0.489054 0.795496
vt 0.498134 0.802954
vt 0.451026 0.797614
vt 0.401488 0.800451
vt 0.388818 0.809236
vt 0.357743 0.802041
vt 0.878986 0.132002
vt 0.883981 0.127888
vt 0.886903 0.17275
vt 0.878986 0.132002
vt 0.886903 0.17275
vt 0.881202 0.171654
vt 0.886903 0.17275
vt 0.886441 0.23911
vt 0.881202 0.171654
vt 0.881202 0.171654
vt 0.886441 0.23911
vt 0.878729 0.267836
vt 0.878729 0.267836
vt 0.886441 0.23911
vt 0.886814 0.352016
vt 0.878729 0.267836
vt 0.886814 0.352016
vt 0.88227 0.387093
vt 0.147151 0.8062
vt 0.170961 0.806997
vt 0.167752 0.810896
vt 0.26221 0.805578
vt 0.357743 0.802041
vt 0.260667 0.809485
vt 0.260667 0.809485
vt 0.218887 0.810848
vt 0.221558 0.8077
vt 0.26221 0.805578
vt 0.260667 0.809485
vt 0.221558 0.8077
vt 0.878986 0.132002
vt 0.881202 0.171654
vt 0.876844 0.163518
vt 0.876844 0.163518
vt 0.881202 0.171654
vt 0.878729 0.267836
vt 0.878729 0.267836
vt 0.88227 0.387093
vt 0.877252 0.371616
vt 0.877252 0.371616
vt 0.88227 0.387093
vt 0.8744 0.387141
vt 0.569187 0.787663
vt 0.568191 0.791961
vt 0.565544 0.781677
vt 0.565544 0.781677
vt 0.568191 0.791961
vt 0.528705 0.793743
vt 0.565544 0.781677
vt 0.528705 0.793743
vt 0.524095 0.783444
vt 0.528705 0.793743
vt 0.489054 0.795496
vt 0.524095 0.783444
vt 0.524095 0.783444
vt 0.489054 0.795496
vt 0.434795 0.788321
vt 0.489054 0.795496
vt 0.451026 0.797614
vt 0.434795 0.788321
vt 0.401488 0.800451
vt 0.357743 0.802041
vt 0.385967 0.790874
vt 0.357743 0.802041
vt 0.26221 0.805578
vt 0.299094 0.795208
vt 0.256563 0.79694
vt 0.26221 0.805578
vt 0.221558 0.8077
vt 0.256563 0.79694
vt 0.221558 0.8077
vt 0.225042 0.799063
vt 0.876844 0.163518
vt 0.878729 0.267836
vt 0.870457 0.237512
vt 0.878729 0.267836
vt 0.870776 0.301988
vt 0.870457 0.237512
vt 0.870776 0.301988
vt 0.878729 0.267836
vt 0.869218 0.358634
vt 0.878729 0.267836
vt 0.877252 0.371616
vt 0.869218 0.358634
vt 0.869764 0.384896
vt 0.877252 0.371616
vt 0.8744 0.387141
vt 0.451026 0.797614
vt 0.401488 0.800451
vt 0.434795 0.788321
vt 0.385967 0.790874
vt 0.357743 0.802041
vt 0.360437 0.792055
vt 0.360437 0.792055
vt 0.357743 0.802041
vt 0.299094 0.795208
vt 0.299094 0.795208
vt 0.26221 0.805578
vt 0.256563 0.79694
vt 0.565122 0.771442
vt 0.564958 0.777146
vt 0.524095 0.783444
vt 0.565122 0.771442
vt 0.524095 0.783444
vt 0.494678 0.775069
vt 0.524095 0.783444
vt 0.434795 0.788321
vt 0.494678 0.775069
vt 0.494678 0.775069
vt 0.434795 0.788321
vt 0.431828 0.778928
vt 0.431828 0.778928
vt 0.434795 0.788321
vt 0.385967 0.790874
vt 0.431828 0.778928
vt 0.385967 0.790874
vt 0.388936 0.780548
vt 0.388936 0.780548
vt 0.385967 0.790874
vt 0.360437 0.792055
vt 0.388936 0.780548
vt 0.360437 0.792055
vt 0.321778 0.784046
vt 0.360437 0.792055
vt 0.299094 0.795208
vt 0.321778 0.784046
vt 0.299094 0.795208
vt 0.256563 0.79694
vt 0.321778 0.784046
vt 0.321778 0.784046
vt 0.256563 0.79694
vt 0.256272 0.786912
vt 0.256563 0.79694
vt 0.225042 0.799063
vt 0.223333 0.787701
vt 0.256272 0.786912
vt 0.256563 0.79694
vt 0.223333 0.787701
vt 0.564958 0.777146
vt 0.565122 0.771442
vt 0.568808 0.772048
vt 0.540901 0.837901
vt 0.538064 0.829183
vt 0.542947 0.838425
vt 0.155635 0.827065
vt 0.166571 0.824868
vt 0.17423 0.83418
vt 0.156395 0.837206
vt 0.155635 0.827065
vt 0.17423 0.83418
vt 0.195624 0.835118
vt 0.202764 0.829106
vt 0.199985 0.837492
vt 0.930549 0.197476
vt 0.931689 0.193802
vt 0.92243 0.194955
vt 0.273079 0.831031
vt 0.335485 0.832101
vt 0.290312 0.840282
vt 0.290312 0.840282
vt 0.335485 0.832101
vt 0.347027 0.839735
vt 0.347027 0.839735
vt 0.335485 0.832101
vt 0.377949 0.833529
vt 0.347027 0.839735
vt 0.377949 0.833529
vt 0.376454 0.84147
vt 0.376454 0.84147
vt 0.377949 0.833529
vt 0.444149 0.835107
vt 0.508873 0.844827
vt 0.444149 0.835107
vt 0.508561 0.836962
vt 0.858725 0.132469
vt 0.860401 0.166827
vt 0.855964 0.20733
vt 0.860401 0.166827
vt 0.859658 0.304439
vt 0.855964 0.20733
vt 0.855964 0.20733
vt 0.859658 0.304439
vt 0.855637 0.328397
vt 0.855637 0.328397
vt 0.859658 0.304439
vt 0.859172 0.362549
vt 0.855637 0.328397
vt 0.859172 0.362549
vt 0.851783 0.387127
vt 0.859172 0.362549
vt 0.860346 0.387133
vt 0.851783 0.387127
vt 0.234745 0.839774
vt 0.202764 0.829106
vt 0.273079 0.831031
vt 0.234745 0.839774
vt 0.273079 0.831031
vt 0.290312 0.840282
vt 0.376454 0.84147
vt 0.444149 0.835107
vt 0.434518 0.843889
vt 0.434518 0.843889
vt 0.444149 0.835107
vt 0.508873 0.844827
vt 0.508561 0.836962
vt 0.540901 0.837901
vt 0.508873 0.844827
vt 0.508873 0.844827
vt 0.540901 0.837901
vt 0.549227 0.844779
vt 0.851198 0.124443
vt 0.858725 0.132469
vt 0.850301 0.206336
vt 0.858725 0.132469
vt 0.855964 0.20733
vt 0.850301 0.206336
vt 0.850301 0.206336
vt 0.855964 0.20733
vt 0.855637 0.328397
vt 0.850301 0.206336
vt 0.855637 0.328397
vt 0.850018 0.302086
vt 0.850018 0.302086
vt 0.855637 0.328397
vt 0.851783 0.387127
vt 0.0730957 0.834151
vt 0.102691 0.832516
vt 0.0903499 0.837903
vt 0.0903499 0.837903
vt 0.102691 0.832516
vt 0.156395 0.837206
vt 0.0578909 0.833674
vt 0.0730957 0.834151
vt 0.0671664 0.841417
vt 0.0671664 0.841417
vt 0.0730957 0.834151
vt 0.0903499 0.837903
vt 0.0466304 0.842892
vt 0.0578909 0.833674
vt 0.0671664 0.841417
vt 0.0243453 0.141355
vt 0.0265513 0.131853
vt 0.0470986 0.13707
vt 0.0265513 0.131853
vt 0.0243453 0.141355
vt 0.0030541 0.133779
vt 0.808375 0.372219
vt 0.884369 0.440791
vt 0.844037 0.39559
vt 0.824601 0.380444
vt 0.844037 0.39559
vt 0.83857 0.389484
vt 0.385712 0.753649
vt 0.403637 0.741172
vt 0.409803 0.74457
vt 0.385712 0.753649
vt 0.409803 0.74457
vt 0.389679 0.759503
vt 0.389679 0.759503
vt 0.409803 0.74457
vt 0.409991 0.74769
vt 0.72025 0.807724
vt 0.697747 0.80605
vt 0.702037 0.798965
vt 0.72025 0.807724
vt 0.702037 0.798965
vt 0.709933 0.79689
vt 0.655751 0.968879
vt 0.661658 0.977777
vt 0.652761 0.978215
vt 0.650113 0.973748
vt 0.655751 0.968879
vt 0.652761 0.978215
vt 0.585872 0.794392
vt 0.580077 0.799686
vt 0.579014 0.791228
vt 0.111665 0.951337
vt 0.0969721 0.95571
vt 0.102806 0.949154
vt 0.0969721 0.95571
vt 0.0924408 0.947789
vt 0.102806 0.949154
vt 0.102806 0.949154
vt 0.0924408 0.947789
vt 0.099753 0.94319
vt 0.918614 0.883265
vt 0.914867 0.891187
vt 0.922683 0.89221
vt 0.688684 0.796278
vt 0.702037 0.798965
vt 0.697747 0.80605
vt 0.688684 0.796278
vt 0.697747 0.80605
vt 0.682207 0.799607
vt 0.649946 0.960574
vt 0.655751 0.968879
vt 0.646344 0.964978
vt 0.0752094 0.806599
vt 0.0819648 0.803095
vt 0.102982 0.807817
vt 0.102982 0.807817
vt 0.0819648 0.803095
vt 0.147151 0.8062
vt 0.0752094 0.806599
vt 0.102982 0.807817
vt 0.0944933 0.816104
vt 0.071856 0.814762
vt 0.0752094 0.806599
vt 0.0944933 0.816104
vt 0.102982 0.807817
vt 0.147151 0.8062
vt 0.134987 0.816378
vt 0.134987 0.816378
vt 0.147151 0.8062
vt 0.165469 0.817842
vt 0.165469 0.817842
vt 0.147151 0.8062
vt 0.167752 0.810896
vt 0.870334 0.134718
vt 0.878986 0.132002
vt 0.876844 0.163518
vt 0.0944933 0.816104
vt 0.102982 0.807817
vt 0.134987 0.816378
vt 0.870334 0.134718
vt 0.876844 0.163518
vt 0.870466 0.164832
vt 0.876844 0.163518
vt 0.870457 0.237512
vt 0.870466 0.164832
vt 0.869218 0.358634
vt 0.877252 0.371616
vt 0.869764 0.384896
vt 0.0944933 0.816104
vt 0.134987 0.816378
vt 0.165469 0.817842
vt 0.564958 0.777146
vt 0.565544 0.781677
vt 0.524095 0.783444
vt 0.86381 0.133775
vt 0.870334 0.134718
vt 0.86696 0.166514
vt 0.870334 0.134718
vt 0.870466 0.164832
vt 0.86696 0.166514
vt 0.870466 0.164832
vt 0.870457 0.237512
vt 0.86696 0.166514
vt 0.86696 0.166514
vt 0.870457 0.237512
vt 0.866539 0.308327
vt 0.866539 0.308327
vt 0.870457 0.237512
vt 0.870776 0.301988
vt 0.866539 0.308327
vt 0.870776 0.301988
vt 0.869218 0.358634
vt 0.869764 0.384896
vt 0.8744 0.387141
vt 0.860346 0.387133
vt 0.0729022 0.825453
vt 0.071856 0.814762
vt 0.106303 0.826234
vt 0.106303 0.826234
vt 0.071856 0.814762
vt 0.0944933 0.816104
vt 0.106303 0.826234
vt 0.0944933 0.816104
vt 0.165469 0.817842
vt 0.106303 0.826234
vt 0.165469 0.817842
vt 0.155635 0.827065
vt 0.165469 0.817842
vt 0.166571 0.824868
vt 0.155635 0.827065
vt 0.565544 0.781677
vt 0.564958 0.777146
vt 0.568808 0.772048
vt 0.86381 0.133775
vt 0.86696 0.166514
vt 0.860401 0.166827
vt 0.860401 0.166827
vt 0.86696 0.166514
vt 0.866539 0.308327
vt 0.860401 0.166827
vt 0.866539 0.308327
vt 0.859658 0.304439
vt 0.859658 0.304439
vt 0.866539 0.308327
vt 0.859172 0.362549
vt 0.866539 0.308327
vt 0.869218 0.358634
vt 0.859172 0.362549
vt 0.859172 0.362549
vt 0.869218 0.358634
vt 0.860346 0.387133
vt 0.860346 0.387133
vt 0.869218 0.358634
vt 0.869764 0.384896
vt 0.858725 0.132469
vt 0.86381 0.133775
vt 0.860401 0.166827
vt 0.0729022 0.825453
vt 0.106303 0.826234
vt 0.102691 0.832516
vt 0.0578909 0.833674
vt 0.0729022 0.825453
vt 0.0730957 0.834151
vt 0.0730957 0.834151
vt 0.0729022 0.825453
vt 0.102691 0.832516
vt 0.040132 0.83298
vt 0.0578909 0.833674
vt 0.0466304 0.842892
vt 0.0255407 0.843058
vt 0.040132 0.83298
vt 0.0466304 0.842892
vt 0.756049 0.818455
vt 0.747899 0.815823
vt 0.758158 0.810143
vt 0.758158 0.810143
vt 0.747899 0.815823
vt 0.72025 0.807724
vt 0.736577 0.804737
vt 0.758158 0.810143
vt 0.72025 0.807724
vt 0.736577 0.804737
vt 0.72025 0.807724
vt 0.709933 0.79689
vt 0.646344 0.964978
vt 0.655751 0.968879
vt 0.650113 0.973748
vt 0.639451 0.969648
vt 0.646344 0.964978
vt 0.650113 0.973748
vt 0.107944 0.945697
vt 0.102806 0.949154
vt 0.099753 0.94319
vt 0.918614 0.883265
vt 0.922683 0.89221
vt 0.924125 0.869368
vt 0.579014 0.791228
vt 0.5736 0.797131
vt 0.580002 0.782309
vt 0.114247 0.965395
vt 0.100371 0.96081
vt 0.11202 0.958146
vt 0.709933 0.79689
vt 0.702037 0.798965
vt 0.688684 0.796278
vt 0.580002 0.782309
vt 0.5736 0.797131
vt 0.569187 0.787663
vt 0.922683 0.89221
vt 0.929284 0.89154
vt 0.932381 0.884586
vt 0.930111 0.877215
vt 0.922683 0.89221
vt 0.932381 0.884586
vt 0.0493486 0.813555
vt 0.0532925 0.804449
vt 0.071856 0.814762
vt 0.071856 0.814762
vt 0.0532925 0.804449
vt 0.0752094 0.806599
vt 0.105552 0.975551
vt 0.105209 0.97313
vt 0.114247 0.965395
vt 0.929284 0.89154
vt 0.938569 0.890825
vt 0.932381 0.884586
vt 0.0568595 0.824038
vt 0.0493486 0.813555
vt 0.071856 0.814762
vt 0.940608 0.195842
vt 0.930549 0.197476
vt 0.933113 0.209405
vt 0.0568595 0.824038
vt 0.071856 0.814762
vt 0.0729022 0.825453
vt 0.0578909 0.833674
vt 0.0568595 0.824038
vt 0.0729022 0.825453
vt 0.0343144 0.822639
vt 0.0568595 0.824038
vt 0.0578909 0.833674
vt 0.040132 0.83298
vt 0.0343144 0.822639
vt 0.0578909 0.833674
vt 0.953159 0.891375
vt 0.961293 0.893155
vt 0.95602 0.872426
vt 0.0255407 0.843058
vt 0.0171674 0.83198
vt 0.040132 0.83298
vt 0.699644 0.473615
vt 0.824358 0.530596
vt 0.784161 0.421414
vt 0.0981879 0.755289
vt 0.130816 0.778446
vt 0.0969945 0.778446
vt 0.531939 0.678231
vt 0.544778 0.697161
vt 0.536668 0.682645
vt 0.299788 0.629988
vt 0.285055 0.637832
vt 0.280377 0.629893
vt 0.29533 0.620636
vt 0.299788 0.629988
vt 0.280377 0.629893
vt 0.75718 0.802612
vt 0.758158 0.810143
vt 0.736577 0.804737
vt 0.75718 0.802612
vt 0.736577 0.804737
vt 0.732263 0.79618
vt 0.639451 0.969648
vt 0.650113 0.973748
vt 0.639669 0.975707
vt 0.639669 0.975707
vt 0.650113 0.973748
vt 0.652761 0.978215
vt 0.592529 0.780656
vt 0.585872 0.794392
vt 0.579014 0.791228
vt 0.111665 0.951337
vt 0.102806 0.949154
vt 0.107944 0.945697
vt 0.732263 0.79618
vt 0.736577 0.804737
vt 0.709933 0.79689
vt 0.924125 0.869368
vt 0.922683 0.89221
vt 0.930111 0.877215
vt 0.644234 0.607064
vt 0.705746 0.518816
vt 0.699644 0.473615
vt 0.0493486 0.813555
vt 0.0303714 0.802316
vt 0.0532925 0.804449
vt 0.569187 0.787663
vt 0.565544 0.781677
vt 0.575313 0.775968
vt 0.932381 0.884586
vt 0.938569 0.890825
vt 0.937946 0.874292
vt 0.937946 0.874292
vt 0.938569 0.890825
vt 0.943596 0.866398
vt 0.0343144 0.822639
vt 0.0493486 0.813555
vt 0.0568595 0.824038
vt 0.940692 0.208641
vt 0.940608 0.195842
vt 0.933113 0.209405
vt 0.943596 0.866398
vt 0.938569 0.890825
vt 0.945296 0.891288
vt 0.949965 0.870654
vt 0.945296 0.891288
vt 0.953159 0.891375
vt 0.0343144 0.822639
vt 0.040132 0.83298
vt 0.0134642 0.821494
vt 0.133424 0.75561
vt 0.130816 0.778446
vt 0.0981879 0.755289
vt 0.554515 0.577277
vt 0.644234 0.607064
vt 0.59224 0.510979
vt 0.629928 0.964161
vt 0.646344 0.964978
vt 0.639451 0.969648
vt 0.417782 0.37918
vt 0.404827 0.376338
vt 0.420586 0.374586
vt 0.420586 0.374586
vt 0.404827 0.376338
vt 0.419258 0.368206
vt 0.120961 0.953362
vt 0.11202 0.958146
vt 0.111665 0.951337
vt 0.915578 0.875045
vt 0.918614 0.883265
vt 0.924125 0.869368
vt 0.918419 0.867944
vt 0.915578 0.875045
vt 0.924125 0.869368
vt 0.758197 0.79635
vt 0.75718 0.802612
vt 0.732263 0.79618
vt 0.636989 0.95816
vt 0.646344 0.964978
vt 0.629928 0.964161
vt 0.592529 0.780656
vt 0.579014 0.791228
vt 0.589433 0.776288
vt 0.579014 0.791228
vt 0.580002 0.782309
vt 0.589433 0.776288
vt 0.0038514 0.798797
vt 0.0303714 0.802316
vt 0.0174873 0.812123
vt 0.0174873 0.812123
vt 0.0303714 0.802316
vt 0.0493486 0.813555
vt 0.580002 0.782309
vt 0.569187 0.787663
vt 0.589596 0.767204
vt 0.930111 0.877215
vt 0.932381 0.884586
vt 0.937946 0.874292
vt 0.589596 0.767204
vt 0.569187 0.787663
vt 0.575313 0.775968
vt 0.0174873 0.812123
vt 0.0493486 0.813555
vt 0.0343144 0.822639
vt 0.0134642 0.821494
vt 0.0174873 0.812123
vt 0.0343144 0.822639
vt 0.933113 0.209405
vt 0.930549 0.197476
vt 0.929987 0.219778
vt 0.0031166 0.831324
vt 0.0134642 0.821494
vt 0.0171674 0.83198
vt 0.22038 0.54746
vt 0.216723 0.566954
vt 0.211444 0.552377
vt 0.808375 0.372219
vt 0.844037 0.39559
vt 0.824601 0.380444
vt 0.531939 0.678231
vt 0.536668 0.682645
vt 0.52537 0.665549
vt 0.111665 0.951337
vt 0.107944 0.945697
vt 0.11472 0.942623
vt 0.589433 0.776288
vt 0.580002 0.782309
vt 0.589596 0.767204
vt 0.0036034 0.811947
vt 0.0038514 0.798797
vt 0.0174873 0.812123
vt 0.0036034 0.811947
vt 0.0174873 0.812123
vt 0.0134642 0.821494
vt 0.940692 0.208641
vt 0.933113 0.209405
vt 0.935799 0.224837
vt 0.935799 0.224837
vt 0.933113 0.209405
vt 0.929987 0.219778
vt 0.943596 0.866398
vt 0.945296 0.891288
vt 0.949965 0.870654
vt 0.0031166 0.831324
vt 0.0036034 0.811947
vt 0.0134642 0.821494
vt 0.392194 0.741505
vt 0.385712 0.753649
vt 0.367067 0.755098
vt 0.536668 0.682645
vt 0.644234 0.607064
vt 0.554515 0.577277
vt 0.281324 0.623901
vt 0.280377 0.629893
vt 0.268854 0.624416
vt 0.623967 0.969279
vt 0.629928 0.964161
vt 0.639451 0.969648
vt 0.623967 0.969279
vt 0.639451 0.969648
vt 0.617995 0.975198
vt 0.617995 0.975198
vt 0.639451 0.969648
vt 0.639669 0.975707
vt 0.439358 0.380181
vt 0.417782 0.37918
vt 0.420586 0.374586
vt 0.129574 0.958123
vt 0.11202 0.958146
vt 0.120961 0.953362
vt 0.129526 0.947982
vt 0.111665 0.951337
vt 0.11472 0.942623
vt 0.130909 0.965977
vt 0.114247 0.965395
vt 0.129574 0.958123
vt 0.924125 0.869368
vt 0.930111 0.877215
vt 0.930885 0.859839
vt 0.930885 0.859839
vt 0.930111 0.877215
vt 0.937946 0.874292
vt 0.941257 0.226513
vt 0.940692 0.208641
vt 0.935799 0.224837
vt 0.367433 0.764147
vt 0.385712 0.753649
vt 0.389679 0.759503
vt 0.52537 0.665549
vt 0.536668 0.682645
vt 0.520784 0.654547
vt 0.280377 0.629893
vt 0.285055 0.637832
vt 0.282449 0.645554
vt 0.265265 0.638625
vt 0.280377 0.629893
vt 0.282449 0.645554
vt 0.120961 0.953362
vt 0.111665 0.951337
vt 0.129526 0.947982
vt 0.129526 0.947982
vt 0.11472 0.942623
vt 0.124661 0.941258
vt 0.919781 0.857685
vt 0.918419 0.867944
vt 0.924125 0.869368
vt 0.924355 0.234007
vt 0.929987 0.219778
vt 0.923856 0.211627
vt 0.211444 0.552377
vt 0.216723 0.566954
vt 0.210043 0.570405
vt 0.211444 0.552377
vt 0.210043 0.570405
vt 0.202426 0.566208
vt 0.133089 0.734043
vt 0.133424 0.75561
vt 0.0981879 0.755289
vt 0.133089 0.734043
vt 0.0981879 0.755289
vt 0.114136 0.735588
vt 0.114136 0.735588
vt 0.0981879 0.755289
vt 0.0979097 0.740828
vt 0.280377 0.629893
vt 0.265265 0.638625
vt 0.258146 0.629781
vt 0.616768 0.96438
vt 0.629928 0.964161
vt 0.623967 0.969279
vt 0.439358 0.380181
vt 0.420586 0.374586
vt 0.434858 0.37501
vt 0.434858 0.37501
vt 0.420586 0.374586
vt 0.441633 0.368058
vt 0.441633 0.368058
vt 0.420586 0.374586
vt 0.419258 0.368206
vt 0.129574 0.958123
vt 0.120961 0.953362
vt 0.129526 0.947982
vt 0.919781 0.857685
vt 0.924125 0.869368
vt 0.925526 0.851845
vt 0.592529 0.780656
vt 0.589433 0.776288
vt 0.59909 0.769662
vt 0.925526 0.851845
vt 0.924125 0.869368
vt 0.930885 0.859839
vt 0.930885 0.859839
vt 0.937946 0.874292
vt 0.938487 0.848541
vt 0.938487 0.848541
vt 0.937946 0.874292
vt 0.943596 0.866398
vt 0.943596 0.866398
vt 0.949965 0.870654
vt 0.949318 0.848011
vt 0.674465 0.0592511
vt 0.692661 0.0594803
vt 0.673658 0.0607468
vt 0.367433 0.764147
vt 0.389679 0.759503
vt 0.370745 0.770952
vt 0.616768 0.96438
vt 0.623967 0.969279
vt 0.613109 0.971125
vt 0.613109 0.971125
vt 0.623967 0.969279
vt 0.617995 0.975198
vt 0.143282 0.954055
vt 0.129574 0.958123
vt 0.129526 0.947982
vt 0.13328 0.944544
vt 0.129526 0.947982
vt 0.124661 0.941258
vt 0.916522 0.848777
vt 0.919781 0.857685
vt 0.922489 0.844557
vt 0.922489 0.844557
vt 0.919781 0.857685
vt 0.925526 0.851845
vt 0.612039 0.956904
vt 0.621793 0.957218
vt 0.616768 0.96438
vt 0.59909 0.769662
vt 0.589433 0.776288
vt 0.589596 0.767204
vt 0.935799 0.224837
vt 0.929987 0.219778
vt 0.929642 0.241846
vt 0.943701 0.843845
vt 0.943596 0.866398
vt 0.949318 0.848011
vt 0.949318 0.848011
vt 0.949965 0.870654
vt 0.955388 0.84943
vt 0.949965 0.870654
vt 0.95602 0.872426
vt 0.955388 0.84943
vt 0.216723 0.566954
vt 0.217582 0.579701
vt 0.210043 0.570405
vt 0.518371 0.651986
vt 0.52537 0.665549
vt 0.520784 0.654547
vt 0.520784 0.654547
vt 0.536668 0.682645
vt 0.513748 0.636729
vt 0.644234 0.607064
vt 0.699644 0.473615
vt 0.59224 0.510979
vt 0.258146 0.629781
vt 0.265265 0.638625
vt 0.255707 0.635314
vt 0.604543 0.96755
vt 0.616768 0.96438
vt 0.613109 0.971125
vt 0.439358 0.380181
vt 0.434858 0.37501
vt 0.44613 0.373975
vt 0.142041 0.959694
vt 0.129574 0.958123
vt 0.143282 0.954055
vt 0.609737 0.768987
vt 0.592529 0.780656
vt 0.59909 0.769662
vt 0.609737 0.768987
vt 0.59909 0.769662
vt 0.610254 0.763947
vt 0.59909 0.769662
vt 0.589596 0.767204
vt 0.604586 0.76272
vt 0.941257 0.226513
vt 0.935799 0.224837
vt 0.935423 0.247957
vt 0.938487 0.848541
vt 0.943596 0.866398
vt 0.943701 0.843845
vt 0.935423 0.247957
vt 0.935799 0.224837
vt 0.929642 0.241846
vt 0.532485 0.0241843
vt 0.525956 0.0083755
vt 0.541068 0.008678
vt 0.546981 0.0307029
vt 0.535561 0.0430684
vt 0.532485 0.0241843
vt 0.25733 0.623492
vt 0.258146 0.629781
vt 0.238082 0.625379
vt 0.44613 0.373975
vt 0.434858 0.37501
vt 0.441633 0.368058
vt 0.143282 0.954055
vt 0.129526 0.947982
vt 0.151592 0.950828
vt 0.151592 0.950828
vt 0.129526 0.947982
vt 0.13328 0.944544
vt 0.151592 0.950828
vt 0.13328 0.944544
vt 0.143976 0.942713
vt 0.918364 0.837804
vt 0.916522 0.848777
vt 0.922489 0.844557
vt 0.593556 0.957516
vt 0.612039 0.956904
vt 0.58951 0.962825
vt 0.146684 0.966818
vt 0.142041 0.959694
vt 0.158207 0.960052
vt 0.610254 0.763947
vt 0.59909 0.769662
vt 0.604586 0.76272
vt 0.931017 0.840749
vt 0.930885 0.859839
vt 0.938487 0.848541
vt 0.554459 0.107166
vt 0.547955 0.108397
vt 0.547472 0.0959572
vt 0.217582 0.579701
vt 0.224366 0.595747
vt 0.216236 0.597683
vt 0.546981 0.0307029
vt 0.532485 0.0241843
vt 0.541068 0.008678
vt 0.58951 0.962825
vt 0.616768 0.96438
vt 0.604543 0.96755
vt 0.452104 0.38194
vt 0.439358 0.380181
vt 0.44613 0.373975
vt 0.456875 0.376004
vt 0.452104 0.38194
vt 0.44613 0.373975
vt 0.158306 0.947774
vt 0.151592 0.950828
vt 0.143976 0.942713
vt 0.924982 0.831649
vt 0.922489 0.844557
vt 0.925526 0.851845
vt 0.228649 0.610982
vt 0.241732 0.61605
vt 0.238082 0.625379
vt 0.931017 0.840749
vt 0.925526 0.851845
vt 0.930885 0.859839
vt 0.440516 0.359216
vt 0.424269 0.354474
vt 0.455326 0.353257
vt 0.939236 0.258027
vt 0.941257 0.226513
vt 0.935423 0.247957
vt 0.224366 0.595747
vt 0.233009 0.607625
vt 0.228649 0.610982
vt 0.224366 0.595747
vt 0.228649 0.610982
vt 0.216236 0.597683
vt 0.652437 0.0605195
vt 0.674465 0.0592511
vt 0.673658 0.0607468
vt 0.604543 0.96755
vt 0.613109 0.971125
vt 0.605168 0.973776
vt 0.158207 0.960052
vt 0.142041 0.959694
vt 0.143282 0.954055
vt 0.918364 0.837804
vt 0.922489 0.844557
vt 0.924982 0.831649
vt 0.924982 0.831649
vt 0.925526 0.851845
vt 0.931017 0.840749
vt 0.445002 0.363733
vt 0.440516 0.359216
vt 0.453918 0.360191
vt 0.929642 0.241846
vt 0.924355 0.234007
vt 0.923692 0.255589
vt 0.777734 0.359466
vt 0.808375 0.372219
vt 0.788759 0.362246
vt 0.559941 0.0421891
vt 0.535561 0.0430684
vt 0.546981 0.0307029
vt 0.518371 0.651986
vt 0.520784 0.654547
vt 0.513748 0.636729
vt 0.582932 0.967571
vt 0.58951 0.962825
vt 0.604543 0.96755
vt 0.582932 0.967571
vt 0.604543 0.96755
vt 0.59372 0.972968
vt 0.59372 0.972968
vt 0.604543 0.96755
vt 0.605168 0.973776
vt 0.44613 0.373975
vt 0.441633 0.368058
vt 0.461692 0.367754
vt 0.157612 0.942294
vt 0.158306 0.947774
vt 0.143976 0.942713
vt 0.16348 0.966923
vt 0.146684 0.966818
vt 0.158207 0.960052
vt 0.453918 0.360191
vt 0.440516 0.359216
vt 0.455326 0.353257
vt 0.935423 0.247957
vt 0.929642 0.241846
vt 0.929306 0.262331
vt 0.223015 0.616669
vt 0.216387 0.621305
vt 0.211601 0.602649
vt 0.955466 0.823087
vt 0.949318 0.848011
vt 0.955388 0.84943
vt 0.546981 0.0307029
vt 0.541068 0.008678
vt 0.559799 0.0263158
vt 0.559799 0.0263158
vt 0.541068 0.008678
vt 0.558253 0.0081546
vt 0.343715 0.773732
vt 0.367433 0.764147
vt 0.347358 0.780832
vt 0.511648 0.635944
vt 0.518371 0.651986
vt 0.513748 0.636729
vt 0.463492 0.383108
vt 0.452104 0.38194
vt 0.456875 0.376004
vt 0.456875 0.376004
vt 0.44613 0.373975
vt 0.461692 0.367754
vt 0.166366 0.955258
vt 0.158207 0.960052
vt 0.143282 0.954055
vt 0.166366 0.955258
vt 0.143282 0.954055
vt 0.151592 0.950828
vt 0.918765 0.823879
vt 0.918364 0.837804
vt 0.924982 0.831649
vt 0.461692 0.367754
vt 0.441633 0.368058
vt 0.445002 0.363733
vt 0.924982 0.831649
vt 0.931017 0.840749
vt 0.931549 0.828726
vt 0.238082 0.625379
vt 0.229412 0.637963
vt 0.223015 0.616669
vt 0.931549 0.828726
vt 0.931017 0.840749
vt 0.938487 0.848541
vt 0.943701 0.843845
vt 0.949318 0.848011
vt 0.949745 0.826029
vt 0.658988 0.404811
vt 0.699644 0.473615
vt 0.784161 0.421414
vt 0.559941 0.0421891
vt 0.546981 0.0307029
vt 0.559799 0.0263158
vt 0.582932 0.967571
vt 0.59372 0.972968
vt 0.582273 0.972238
vt 0.470586 0.377931
vt 0.463492 0.383108
vt 0.456875 0.376004
vt 0.166366 0.955258
vt 0.151592 0.950828
vt 0.158306 0.947774
vt 0.453918 0.360191
vt 0.461692 0.367754
vt 0.445002 0.363733
vt 0.471177 0.362112
vt 0.461692 0.367754
vt 0.453918 0.360191
vt 0.468776 0.3546
vt 0.453918 0.360191
vt 0.455326 0.353257
vt 0.938487 0.848541
vt 0.943701 0.843845
vt 0.943246 0.815372
vt 0.939236 0.258027
vt 0.935423 0.247957
vt 0.933739 0.27413
vt 0.933739 0.27413
vt 0.935423 0.247957
vt 0.929306 0.262331
vt 0.943246 0.815372
vt 0.943701 0.843845
vt 0.949745 0.826029
vt 0.179608 0.562088
vt 0.180744 0.582215
vt 0.158924 0.58636
vt 0.784161 0.421414
vt 0.808375 0.372219
vt 0.777734 0.359466
vt 0.501666 0.571507
vt 0.513748 0.636729
vt 0.536668 0.682645
vt 0.311066 0.713206
vt 0.316534 0.742374
vt 0.292672 0.720882
vt 0.582273 0.972238
vt 0.59372 0.972968
vt 0.586718 0.978261
vt 0.470586 0.377931
vt 0.456875 0.376004
vt 0.472518 0.368663
vt 0.472518 0.368663
vt 0.456875 0.376004
vt 0.461692 0.367754
vt 0.177574 0.960607
vt 0.158207 0.960052
vt 0.166366 0.955258
vt 0.174797 0.950228
vt 0.166366 0.955258
vt 0.158306 0.947774
vt 0.167426 0.945444
vt 0.158306 0.947774
vt 0.157612 0.942294
vt 0.471177 0.362112
vt 0.453918 0.360191
vt 0.468776 0.3546
vt 0.931549 0.828726
vt 0.938487 0.848541
vt 0.939071 0.80574
vt 0.939071 0.80574
vt 0.938487 0.848541
vt 0.943246 0.815372
vt 0.929306 0.262331
vt 0.923692 0.255589
vt 0.923499 0.275752
vt 0.917471 0.282006
vt 0.918396 0.266778
vt 0.916312 0.253016
vt 0.912062 0.274718
vt 0.917471 0.282006
vt 0.916312 0.253016
vt 0.576324 0.0411952
vt 0.559941 0.0421891
vt 0.559799 0.0263158
vt 0.174797 0.950228
vt 0.158306 0.947774
vt 0.167426 0.945444
vt 0.925271 0.809223
vt 0.918765 0.823879
vt 0.924982 0.831649
vt 0.575535 0.956419
vt 0.58951 0.962825
vt 0.566298 0.962794
vt 0.1792 0.967273
vt 0.16348 0.966923
vt 0.177574 0.960607
vt 0.924982 0.831649
vt 0.931549 0.828726
vt 0.925271 0.809223
vt 0.925271 0.809223
vt 0.931549 0.828726
vt 0.931969 0.813894
vt 0.931969 0.813894
vt 0.931549 0.828726
vt 0.939071 0.80574
vt 0.940453 0.271689
vt 0.939236 0.258027
vt 0.938673 0.281041
vt 0.938673 0.281041
vt 0.939236 0.258027
vt 0.933739 0.27413
vt 0.771528 0.356284
vt 0.777734 0.359466
vt 0.788759 0.362246
vt 0.574897 0.0075282
vt 0.559799 0.0263158
vt 0.558253 0.0081546
vt 0.511648 0.635944
vt 0.513748 0.636729
vt 0.50737 0.616675
vt 0.565038 0.973852
vt 0.582273 0.972238
vt 0.586718 0.978261
vt 0.492177 0.382703
vt 0.470586 0.377931
vt 0.48392 0.377733
vt 0.48392 0.377733
vt 0.470586 0.377931
vt 0.483524 0.369592
vt 0.483524 0.369592
vt 0.470586 0.377931
vt 0.472518 0.368663
vt 0.186308 0.955422
vt 0.177574 0.960607
vt 0.166366 0.955258
vt 0.186308 0.955422
vt 0.166366 0.955258
vt 0.174797 0.950228
vt 0.915671 0.813884
vt 0.918765 0.823879
vt 0.925271 0.809223
vt 0.919307 0.807409
vt 0.915671 0.813884
vt 0.925271 0.809223
vt 0.472518 0.368663
vt 0.461692 0.367754
vt 0.471177 0.362112
vt 0.933739 0.27413
vt 0.929306 0.262331
vt 0.929475 0.285542
vt 0.943246 0.815372
vt 0.949745 0.826029
vt 0.949833 0.806261
vt 0.949745 0.826029
vt 0.955466 0.823087
vt 0.949833 0.806261
vt 0.949833 0.806261
vt 0.955466 0.823087
vt 0.956237 0.804581
vt 0.574208 0.0490295
vt 0.559941 0.0421891
vt 0.576324 0.0411952
vt 0.576324 0.0411952
vt 0.559799 0.0263158
vt 0.574897 0.0075282
vt 0.511648 0.635944
vt 0.50737 0.616675
vt 0.506875 0.619747
vt 0.501666 0.571507
vt 0.536668 0.682645
vt 0.554515 0.577277
vt 0.566298 0.962794
vt 0.58951 0.962825
vt 0.582932 0.967571
vt 0.558386 0.968151
vt 0.582932 0.967571
vt 0.582273 0.972238
vt 0.558386 0.968151
vt 0.582273 0.972238
vt 0.565038 0.973852
vt 0.471177 0.362112
vt 0.468776 0.3546
vt 0.48614 0.361584
vt 0.945799 0.799948
vt 0.943246 0.815372
vt 0.949833 0.806261
vt 0.69921 0.35484
vt 0.784161 0.421414
vt 0.777734 0.359466
vt 0.50737 0.616675
vt 0.513748 0.636729
vt 0.501666 0.571507
vt 0.566298 0.962794
vt 0.582932 0.967571
vt 0.558386 0.968151
vt 0.174797 0.950228
vt 0.167426 0.945444
vt 0.173847 0.941823
vt 0.187586 0.94649
vt 0.174797 0.950228
vt 0.173847 0.941823
vt 0.483524 0.369592
vt 0.472518 0.368663
vt 0.471177 0.362112
vt 0.540815 0.083352
vt 0.533367 0.0780132
vt 0.528795 0.066005
vt 0.538712 0.0683864
vt 0.540815 0.083352
vt 0.528795 0.066005
vt 0.658988 0.404811
vt 0.784161 0.421414
vt 0.69921 0.35484
vt 0.69921 0.35484
vt 0.777734 0.359466
vt 0.719068 0.348671
vt 0.506875 0.619747
vt 0.50737 0.616675
vt 0.503702 0.605112
vt 0.498419 0.37837
vt 0.492177 0.382703
vt 0.48392 0.377733
vt 0.186308 0.955422
vt 0.174797 0.950228
vt 0.190089 0.950434
vt 0.190089 0.950434
vt 0.174797 0.950228
vt 0.187586 0.94649
vt 0.914845 0.793427
vt 0.919307 0.807409
vt 0.920829 0.792447
vt 0.920829 0.792447
vt 0.919307 0.807409
vt 0.925271 0.809223
vt 0.192616 0.967605
vt 0.1792 0.967273
vt 0.20299 0.96085
vt 0.48614 0.361584
vt 0.483524 0.369592
vt 0.471177 0.362112
vt 0.925271 0.809223
vt 0.931969 0.813894
vt 0.931893 0.794224
vt 0.48614 0.361584
vt 0.468776 0.3546
vt 0.477988 0.352767
vt 0.931893 0.794224
vt 0.931969 0.813894
vt 0.939071 0.80574
vt 0.76326 0.353908
vt 0.777734 0.359466
vt 0.771528 0.356284
vt 0.592193 0.0271577
vt 0.576324 0.0411952
vt 0.574897 0.0075282
vt 0.48392 0.377733
vt 0.483524 0.369592
vt 0.495924 0.368947
vt 0.20299 0.96085
vt 0.177574 0.960607
vt 0.186308 0.955422
vt 0.920829 0.792447
vt 0.925271 0.809223
vt 0.925542 0.787473
vt 0.557414 0.957555
vt 0.566298 0.962794
vt 0.545961 0.963118
vt 0.494302 0.359176
vt 0.48614 0.361584
vt 0.477988 0.352767
vt 0.929475 0.285542
vt 0.923499 0.275752
vt 0.923523 0.299762
vt 0.719068 0.348671
vt 0.777734 0.359466
vt 0.76326 0.353908
vt 0.591994 0.049221
vt 0.576324 0.0411952
vt 0.593435 0.0407226
vt 0.593435 0.0407226
vt 0.576324 0.0411952
vt 0.592193 0.0271577
vt 0.592193 0.0271577
vt 0.574897 0.0075282
vt 0.589649 0.0066759
vt 0.293551 0.780791
vt 0.322592 0.770881
vt 0.312668 0.780427
vt 0.223344 0.647759
vt 0.222433 0.68777
vt 0.212068 0.668888
vt 0.545961 0.963118
vt 0.566298 0.962794
vt 0.558386 0.968151
vt 0.498419 0.37837
vt 0.48392 0.377733
vt 0.495924 0.368947
vt 0.495924 0.368947
vt 0.483524 0.369592
vt 0.48614 0.361584
vt 0.207237 0.967527
vt 0.192616 0.967605
vt 0.20299 0.96085
vt 0.925542 0.787473
vt 0.925271 0.809223
vt 0.931893 0.794224
vt 0.938673 0.281041
vt 0.933739 0.27413
vt 0.933136 0.308962
vt 0.933136 0.308962
vt 0.933739 0.27413
vt 0.929475 0.285542
vt 0.503702 0.605112
vt 0.50737 0.616675
vt 0.502321 0.588459
vt 0.502321 0.588459
vt 0.50737 0.616675
vt 0.501666 0.571507
vt 0.204324 0.948665
vt 0.190089 0.950434
vt 0.187586 0.94649
vt 0.50426 0.376859
vt 0.498419 0.37837
vt 0.495924 0.368947
vt 0.208055 0.954399
vt 0.20299 0.96085
vt 0.186308 0.955422
vt 0.208055 0.954399
vt 0.186308 0.955422
vt 0.190089 0.950434
vt 0.208055 0.954399
vt 0.190089 0.950434
vt 0.204324 0.948665
vt 0.918724 0.781709
vt 0.914845 0.793427
vt 0.920829 0.792447
vt 0.495924 0.368947
vt 0.48614 0.361584
vt 0.502131 0.362358
vt 0.502131 0.362358
vt 0.48614 0.361584
vt 0.494302 0.359176
vt 0.494302 0.359176
vt 0.477988 0.352767
vt 0.509829 0.352679
vt 0.939071 0.80574
vt 0.943246 0.815372
vt 0.939707 0.782476
vt 0.939161 0.313346
vt 0.938673 0.281041
vt 0.933136 0.308962
vt 0.939707 0.782476
vt 0.943246 0.815372
vt 0.945799 0.799948
vt 0.949833 0.806261
vt 0.955487 0.785125
vt 0.949827 0.784538
vt 0.592193 0.0271577
vt 0.589649 0.0066759
vt 0.609602 0.0068581
vt 0.543741 0.972516
vt 0.565038 0.973852
vt 0.558841 0.978215
vt 0.540532 0.968
vt 0.545961 0.963118
vt 0.558386 0.968151
vt 0.540532 0.968
vt 0.558386 0.968151
vt 0.543741 0.972516
vt 0.918724 0.781709
vt 0.920829 0.792447
vt 0.925542 0.787473
vt 0.512634 0.359906
vt 0.494302 0.359176
vt 0.509829 0.352679
vt 0.939707 0.782476
vt 0.931893 0.794224
vt 0.939071 0.80574
vt 0.719068 0.348671
vt 0.76326 0.353908
vt 0.746566 0.350127
vt 0.613152 0.0409174
vt 0.591994 0.049221
vt 0.593435 0.0407226
vt 0.613152 0.0409174
vt 0.593435 0.0407226
vt 0.592193 0.0271577
vt 0.609602 0.0068581
vt 0.589649 0.0066759
vt 0.606088 0.0053993
vt 0.501666 0.571507
vt 0.554515 0.577277
vt 0.510447 0.546924
vt 0.204324 0.948665
vt 0.187586 0.94649
vt 0.199229 0.942931
vt 0.514377 0.373818
vt 0.50426 0.376859
vt 0.512641 0.367862
vt 0.512641 0.367862
vt 0.50426 0.376859
vt 0.495924 0.368947
vt 0.918724 0.781709
vt 0.925542 0.787473
vt 0.924801 0.772195
vt 0.930794 0.773345
vt 0.925542 0.787473
vt 0.931893 0.794224
vt 0.502131 0.362358
vt 0.494302 0.359176
vt 0.512634 0.359906
vt 0.939707 0.782476
vt 0.945799 0.799948
vt 0.948402 0.771507
vt 0.948402 0.771507
vt 0.945799 0.799948
vt 0.949827 0.784538
vt 0.929084 0.308529
vt 0.923523 0.299762
vt 0.922887 0.316029
vt 0.613152 0.0409174
vt 0.592193 0.0271577
vt 0.610277 0.0263084
vt 0.610587 0.0504163
vt 0.591994 0.049221
vt 0.613152 0.0409174
vt 0.513418 0.384366
vt 0.498419 0.37837
vt 0.50426 0.376859
vt 0.215864 0.94394
vt 0.204324 0.948665
vt 0.199229 0.942931
vt 0.226977 0.9611
vt 0.20299 0.96085
vt 0.208055 0.954399
vt 0.512641 0.367862
vt 0.495924 0.368947
vt 0.502131 0.362358
vt 0.924801 0.772195
vt 0.925542 0.787473
vt 0.930794 0.773345
vt 0.930794 0.773345
vt 0.931893 0.794224
vt 0.939707 0.782476
vt 0.610277 0.0263084
vt 0.592193 0.0271577
vt 0.609602 0.0068581
vt 0.513418 0.384366
vt 0.50426 0.376859
vt 0.524806 0.375952
vt 0.226131 0.948596
vt 0.208055 0.954399
vt 0.204324 0.948665
vt 0.524806 0.375952
vt 0.50426 0.376859
vt 0.514377 0.373818
vt 0.918018 0.764796
vt 0.918724 0.781709
vt 0.924801 0.772195
vt 0.512641 0.367862
vt 0.502131 0.362358
vt 0.512634 0.359906
vt 0.225345 0.96756
vt 0.207237 0.967527
vt 0.226977 0.9611
vt 0.939916 0.768396
vt 0.939707 0.782476
vt 0.948402 0.771507
vt 0.519426 0.0524729
vt 0.51855 0.0417106
vt 0.525538 0.0550199
vt 0.726753 0.347922
vt 0.719068 0.348671
vt 0.746566 0.350127
vt 0.525812 0.969893
vt 0.543741 0.972516
vt 0.523271 0.975808
vt 0.533913 0.381414
vt 0.513418 0.384366
vt 0.524806 0.375952
vt 0.221751 0.953947
vt 0.208055 0.954399
vt 0.226131 0.948596
vt 0.226131 0.948596
vt 0.204324 0.948665
vt 0.215864 0.94394
vt 0.526172 0.962785
vt 0.545961 0.963118
vt 0.525812 0.969893
vt 0.525812 0.969893
vt 0.545961 0.963118
vt 0.540532 0.968
vt 0.525812 0.969893
vt 0.540532 0.968
vt 0.543741 0.972516
vt 0.221751 0.953947
vt 0.226977 0.9611
vt 0.208055 0.954399
vt 0.931579 0.758322
vt 0.930794 0.773345
vt 0.939707 0.782476
vt 0.948402 0.771507
vt 0.955487 0.785125
vt 0.95511 0.761154
vt 0.0628335 0.546606
vt 0.054187 0.553224
vt 0.0559766 0.527605
vt 0.632681 0.0403773
vt 0.613152 0.0409174
vt 0.610277 0.0263084
vt 0.631112 0.0294875
vt 0.610277 0.0263084
vt 0.630936 0.0190417
vt 0.630936 0.0190417
vt 0.610277 0.0263084
vt 0.609602 0.0068581
vt 0.500449 0.585093
vt 0.502321 0.588459
vt 0.501666 0.571507
vt 0.925264 0.752252
vt 0.924801 0.772195
vt 0.930794 0.773345
vt 0.531995 0.361792
vt 0.512641 0.367862
vt 0.512634 0.359906
vt 0.931579 0.758322
vt 0.939707 0.782476
vt 0.939916 0.768396
vt 0.938899 0.332142
vt 0.939161 0.313346
vt 0.933136 0.308962
vt 0.933136 0.308962
vt 0.929084 0.308529
vt 0.929435 0.325656
vt 0.929084 0.308529
vt 0.922887 0.316029
vt 0.929435 0.325656
vt 0.577601 0.10083
vt 0.592172 0.0921811
vt 0.602009 0.0990624
vt 0.570073 0.0647128
vt 0.580505 0.0630274
vt 0.588238 0.0639527
vt 0.633273 0.0444795
vt 0.610587 0.0504163
vt 0.613152 0.0409174
vt 0.633273 0.0444795
vt 0.613152 0.0409174
vt 0.632681 0.0403773
vt 0.632681 0.0403773
vt 0.610277 0.0263084
vt 0.631112 0.0294875
vt 0.500449 0.585093
vt 0.501666 0.571507
vt 0.499545 0.563255
vt 0.535173 0.37642
vt 0.533913 0.381414
vt 0.524806 0.375952
vt 0.524806 0.375952
vt 0.514377 0.373818
vt 0.531383 0.367566
vt 0.531383 0.367566
vt 0.514377 0.373818
vt 0.512641 0.367862
vt 0.226977 0.9611
vt 0.221751 0.953947
vt 0.234671 0.953804
vt 0.918018 0.764796
vt 0.924801 0.772195
vt 0.925264 0.752252
vt 0.531995 0.361792
vt 0.512634 0.359906
vt 0.530508 0.357874
vt 0.530508 0.357874
vt 0.512634 0.359906
vt 0.509829 0.352679
vt 0.938899 0.332142
vt 0.933136 0.308962
vt 0.933317 0.338553
vt 0.933317 0.338553
vt 0.933136 0.308962
vt 0.929435 0.325656
vt 0.929435 0.325656
vt 0.922887 0.316029
vt 0.923024 0.337052
vt 0.590239 0.0801236
vt 0.570073 0.0647128
vt 0.588238 0.0639527
vt 0.234671 0.953804
vt 0.221751 0.953947
vt 0.226131 0.948596
vt 0.226131 0.948596
vt 0.215864 0.94394
vt 0.233378 0.944531
vt 0.917714 0.746969
vt 0.918018 0.764796
vt 0.925264 0.752252
vt 0.531383 0.367566
vt 0.512641 0.367862
vt 0.531995 0.361792
vt 0.931579 0.758322
vt 0.925264 0.752252
vt 0.930794 0.773345
vt 0.939916 0.768396
vt 0.948402 0.771507
vt 0.948479 0.750736
vt 0.59224 0.510979
vt 0.699644 0.473615
vt 0.658988 0.404811
vt 0.501666 0.571507
vt 0.510447 0.546924
vt 0.502189 0.535155
vt 0.502783 0.970765
vt 0.525812 0.969893
vt 0.523271 0.975808
vt 0.505143 0.963354
vt 0.526172 0.962785
vt 0.525812 0.969893
vt 0.535173 0.37642
vt 0.524806 0.375952
vt 0.531383 0.367566
vt 0.530508 0.357874
vt 0.509829 0.352679
vt 0.52839 0.35187
vt 0.933317 0.338553
vt 0.929435 0.325656
vt 0.929625 0.342081
vt 0.590239 0.0801236
vt 0.570984 0.0816792
vt 0.570073 0.0647128
vt 0.630936 0.0190417
vt 0.63112 0.0061853
vt 0.647654 0.0062686
vt 0.652931 0.0484805
vt 0.631902 0.0502159
vt 0.633273 0.0444795
vt 0.499545 0.563255
vt 0.501666 0.571507
vt 0.502189 0.535155
vt 0.510447 0.546924
vt 0.554515 0.577277
vt 0.59224 0.510979
vt 0.502783 0.970765
vt 0.505143 0.963354
vt 0.525812 0.969893
vt 0.242726 0.961416
vt 0.226977 0.9611
vt 0.234671 0.953804
vt 0.254886 0.962653
vt 0.225345 0.96756
vt 0.242726 0.961416
vt 0.931483 0.737587
vt 0.931579 0.758322
vt 0.939916 0.768396
vt 0.931483 0.737587
vt 0.939916 0.768396
vt 0.93961 0.732901
vt 0.93961 0.732901
vt 0.939916 0.768396
vt 0.948479 0.750736
vt 0.948479 0.750736
vt 0.95511 0.761154
vt 0.954787 0.741252
vt 0.633273 0.0444795
vt 0.632681 0.0403773
vt 0.653636 0.0394597
vt 0.632681 0.0403773
vt 0.631112 0.0294875
vt 0.65217 0.0291887
vt 0.653636 0.0394597
vt 0.632681 0.0403773
vt 0.65217 0.0291887
vt 0.631112 0.0294875
vt 0.630936 0.0190417
vt 0.65135 0.0206356
vt 0.65217 0.0291887
vt 0.631112 0.0294875
vt 0.65135 0.0206356
vt 0.65135 0.0206356
vt 0.630936 0.0190417
vt 0.647654 0.0062686
vt 0.63112 0.0061853
vt 0.658863 0.0046008
vt 0.647654 0.0062686
vt 0.502189 0.535155
vt 0.510447 0.546924
vt 0.505065 0.521903
vt 0.502783 0.970765
vt 0.523271 0.975808
vt 0.503912 0.976287
vt 0.553257 0.381095
vt 0.533913 0.381414
vt 0.535173 0.37642
vt 0.553257 0.381095
vt 0.535173 0.37642
vt 0.553027 0.37501
vt 0.246211 0.950909
vt 0.234671 0.953804
vt 0.226131 0.948596
vt 0.246211 0.950909
vt 0.226131 0.948596
vt 0.233378 0.944531
vt 0.548222 0.368368
vt 0.535173 0.37642
vt 0.531383 0.367566
vt 0.242726 0.961416
vt 0.234671 0.953804
vt 0.252463 0.955068
vt 0.925432 0.736904
vt 0.917714 0.746969
vt 0.925264 0.752252
vt 0.548222 0.368368
vt 0.531383 0.367566
vt 0.531995 0.361792
vt 0.925432 0.736904
vt 0.925264 0.752252
vt 0.931579 0.758322
vt 0.925432 0.736904
vt 0.931579 0.758322
vt 0.931483 0.737587
vt 0.939749 0.355597
vt 0.938899 0.332142
vt 0.933317 0.338553
vt 0.0619637 0.571645
vt 0.0544951 0.584921
vt 0.054187 0.553224
vt 0.054187 0.553224
vt 0.0544951 0.584921
vt 0.0532787 0.563411
vt 0.337919 0.0821258
vt 0.354288 0.0810031
vt 0.337432 0.065006
vt 0.687475 0.349161
vt 0.719068 0.348671
vt 0.708676 0.347364
vt 0.237415 0.778646
vt 0.251717 0.774343
vt 0.250044 0.780832
vt 0.246211 0.950909
vt 0.233378 0.944531
vt 0.252327 0.944562
vt 0.553027 0.37501
vt 0.535173 0.37642
vt 0.548222 0.368368
vt 0.549532 0.358084
vt 0.531995 0.361792
vt 0.530508 0.357874
vt 0.549532 0.358084
vt 0.530508 0.357874
vt 0.52839 0.35187
vt 0.923634 0.362105
vt 0.929625 0.342081
vt 0.923024 0.337052
vt 0.666319 0.352844
vt 0.69921 0.35484
vt 0.719068 0.348671
vt 0.666319 0.352844
vt 0.719068 0.348671
vt 0.687475 0.349161
vt 0.361002 0.10083
vt 0.358207 0.0899161
vt 0.341411 0.100591
vt 0.341411 0.100591
vt 0.358207 0.0899161
vt 0.354288 0.0810031
vt 0.354288 0.0810031
vt 0.3578 0.0640252
vt 0.337432 0.065006
vt 0.65135 0.0206356
vt 0.647654 0.0062686
vt 0.658863 0.0046008
vt 0.199464 0.693349
vt 0.185664 0.720639
vt 0.166472 0.709489
vt 0.489247 0.968929
vt 0.505143 0.963354
vt 0.502783 0.970765
vt 0.254886 0.962653
vt 0.242726 0.961416
vt 0.252463 0.955068
vt 0.918188 0.727714
vt 0.917714 0.746969
vt 0.925432 0.736904
vt 0.548222 0.368368
vt 0.531995 0.361792
vt 0.554167 0.361729
vt 0.554167 0.361729
vt 0.531995 0.361792
vt 0.549532 0.358084
vt 0.549532 0.358084
vt 0.52839 0.35187
vt 0.551611 0.352011
vt 0.0544951 0.584921
vt 0.0619637 0.571645
vt 0.0642767 0.591112
vt 0.671536 0.0057693
vt 0.65135 0.0206356
vt 0.658863 0.0046008
vt 0.653636 0.0394597
vt 0.65217 0.0291887
vt 0.671148 0.0240903
vt 0.671148 0.0240903
vt 0.65217 0.0291887
vt 0.65135 0.0206356
vt 0.509502 0.506314
vt 0.505065 0.521903
vt 0.510447 0.546924
vt 0.509502 0.506314
vt 0.510447 0.546924
vt 0.558968 0.450317
vt 0.558968 0.450317
vt 0.510447 0.546924
vt 0.59224 0.510979
vt 0.488127 0.975457
vt 0.502783 0.970765
vt 0.503912 0.976287
vt 0.252463 0.955068
vt 0.246211 0.950909
vt 0.265338 0.949913
vt 0.265338 0.949913
vt 0.246211 0.950909
vt 0.252327 0.944562
vt 0.939749 0.355597
vt 0.933317 0.338553
vt 0.932208 0.365578
vt 0.93961 0.732901
vt 0.948479 0.750736
vt 0.948667 0.736376
vt 0.933317 0.338553
vt 0.929625 0.342081
vt 0.929425 0.357872
vt 0.932208 0.365578
vt 0.933317 0.338553
vt 0.929425 0.357872
vt 0.138383 0.659117
vt 0.164867 0.671054
vt 0.144957 0.690784
vt 0.361002 0.10083
vt 0.373238 0.088863
vt 0.358207 0.0899161
vt 0.358207 0.0899161
vt 0.373238 0.088863
vt 0.354288 0.0810031
vt 0.373238 0.088863
vt 0.373629 0.0770654
vt 0.354288 0.0810031
vt 0.354288 0.0810031
vt 0.373629 0.0770654
vt 0.3578 0.0640252
vt 0.665406 0.0483969
vt 0.653636 0.0394597
vt 0.670877 0.0390815
vt 0.670877 0.0390815
vt 0.653636 0.0394597
vt 0.671148 0.0240903
vt 0.502189 0.535155
vt 0.505065 0.521903
vt 0.502838 0.522241
vt 0.489247 0.968929
vt 0.502783 0.970765
vt 0.488127 0.975457
vt 0.568997 0.381789
vt 0.553257 0.381095
vt 0.553027 0.37501
vt 0.484267 0.963174
vt 0.505143 0.963354
vt 0.489247 0.968929
vt 0.267649 0.95656
vt 0.254886 0.962653
vt 0.252463 0.955068
vt 0.925432 0.736904
vt 0.931483 0.737587
vt 0.930575 0.721001
vt 0.658988 0.404811
vt 0.69921 0.35484
vt 0.650134 0.358283
vt 0.650134 0.358283
vt 0.69921 0.35484
vt 0.666319 0.352844
vt 0.0642767 0.591112
vt 0.066773 0.606028
vt 0.0554452 0.600161
vt 0.0642767 0.591112
vt 0.0554452 0.600161
vt 0.0544951 0.584921
vt 0.361002 0.10083
vt 0.375047 0.0997438
vt 0.373238 0.088863
vt 0.670877 0.0390815
vt 0.671148 0.0240903
vt 0.685356 0.0390183
vt 0.509502 0.506314
vt 0.558968 0.450317
vt 0.517757 0.480055
vt 0.484006 0.972474
vt 0.489247 0.968929
vt 0.488127 0.975457
vt 0.267649 0.95656
vt 0.252463 0.955068
vt 0.265338 0.949913
vt 0.267356 0.944441
vt 0.265338 0.949913
vt 0.252327 0.944562
vt 0.573256 0.374806
vt 0.568997 0.381789
vt 0.553027 0.37501
vt 0.573256 0.374806
vt 0.553027 0.37501
vt 0.569872 0.367568
vt 0.569872 0.367568
vt 0.553027 0.37501
vt 0.548222 0.368368
vt 0.268361 0.963373
vt 0.254886 0.962653
vt 0.267649 0.95656
vt 0.926712 0.712943
vt 0.918188 0.727714
vt 0.925432 0.736904
vt 0.930575 0.721001
vt 0.931483 0.737587
vt 0.93961 0.732901
vt 0.93961 0.732901
vt 0.948667 0.736376
vt 0.948607 0.717448
vt 0.558968 0.450317
vt 0.59224 0.510979
vt 0.658988 0.404811
vt 0.948607 0.717448
vt 0.954787 0.741252
vt 0.95529 0.71349
vt 0.675965 0.048121
vt 0.670877 0.0390815
vt 0.685356 0.0390183
vt 0.685356 0.0390183
vt 0.671148 0.0240903
vt 0.68638 0.0216089
vt 0.68638 0.0216089
vt 0.671148 0.0240903
vt 0.671536 0.0057693
vt 0.505065 0.521903
vt 0.509502 0.506314
vt 0.507853 0.504635
vt 0.502838 0.522241
vt 0.505065 0.521903
vt 0.507853 0.504635
vt 0.573315 0.384366
vt 0.568997 0.381789
vt 0.573256 0.374806
vt 0.919228 0.712492
vt 0.918188 0.727714
vt 0.926712 0.712943
vt 0.569872 0.367568
vt 0.548222 0.368368
vt 0.554167 0.361729
vt 0.930575 0.721001
vt 0.926712 0.712943
vt 0.925432 0.736904
vt 0.570831 0.35984
vt 0.554167 0.361729
vt 0.549532 0.358084
vt 0.269468 0.975714
vt 0.266913 0.96749
vt 0.270947 0.964942
vt 0.95529 0.71349
vt 0.960339 0.729946
vt 0.960526 0.711959
vt 0.0554452 0.600161
vt 0.066773 0.606028
vt 0.058441 0.61595
vt 0.652637 0.355814
vt 0.650134 0.358283
vt 0.666319 0.352844
vt 0.375047 0.0997438
vt 0.390183 0.0996871
vt 0.373238 0.088863
vt 0.373238 0.088863
vt 0.38888 0.0795069
vt 0.373629 0.0770654
vt 0.68638 0.0216089
vt 0.671536 0.0057693
vt 0.689573 0.0050858
vt 0.692968 0.048708
vt 0.675965 0.048121
vt 0.685356 0.0390183
vt 0.507853 0.504635
vt 0.509502 0.506314
vt 0.513282 0.4896
vt 0.513282 0.4896
vt 0.509502 0.506314
vt 0.517757 0.480055
vt 0.517757 0.480055
vt 0.558968 0.450317
vt 0.526536 0.46052
vt 0.26977 0.949421
vt 0.267649 0.95656
vt 0.265338 0.949913
vt 0.26977 0.949421
vt 0.265338 0.949913
vt 0.267356 0.944441
vt 0.0394626 0.965855
vt 0.044023 0.963194
vt 0.0441712 0.953316
vt 0.0397431 0.971863
vt 0.044023 0.963194
vt 0.0394626 0.965855
vt 0.035174 0.973767
vt 0.0397431 0.971863
vt 0.0394626 0.965855
vt 0.569872 0.367568
vt 0.554167 0.361729
vt 0.570831 0.35984
vt 0.0316551 0.97239
vt 0.035174 0.973767
vt 0.0394626 0.965855
vt 0.570831 0.35984
vt 0.549532 0.358084
vt 0.551611 0.352011
vt 0.570831 0.35984
vt 0.551611 0.352011
vt 0.567749 0.351064
vt 0.593465 0.809898
vt 0.603095 0.814275
vt 0.588497 0.812857
vt 0.938451 0.715056
vt 0.930575 0.721001
vt 0.93961 0.732901
vt 0.01652 0.972706
vt 0.0316551 0.97239
vt 0.0132473 0.965973
vt 0.939283 0.371958
vt 0.939749 0.355597
vt 0.932208 0.365578
vt 0.583676 0.810039
vt 0.593465 0.809898
vt 0.588497 0.812857
vt 0.938451 0.715056
vt 0.93961 0.732901
vt 0.948607 0.717448
vt 0.932208 0.365578
vt 0.929425 0.357872
vt 0.930005 0.375069
vt 0.0115881 0.968979
vt 0.01652 0.972706
vt 0.0132473 0.965973
vt 0.930005 0.375069
vt 0.923634 0.362105
vt 0.924351 0.376651
vt 0.373629 0.0770654
vt 0.38888 0.0795069
vt 0.392953 0.063557
vt 0.373629 0.0770654
vt 0.392953 0.063557
vt 0.378962 0.0630938
vt 0.68638 0.0216089
vt 0.689573 0.0050858
vt 0.702649 0.0095108
vt 0.703235 0.0388621
vt 0.685356 0.0390183
vt 0.701944 0.0250276
vt 0.701944 0.0250276
vt 0.685356 0.0390183
vt 0.68638 0.0216089
vt 0.701944 0.0250276
vt 0.68638 0.0216089
vt 0.702649 0.0095108
vt 0.706693 0.0500982
vt 0.692968 0.048708
vt 0.703235 0.0388621
vt 0.0441712 0.953316
vt 0.044023 0.944743
vt 0.040546 0.94738
vt 0.609469 0.826156
vt 0.610656 0.831536
vt 0.605029 0.834509
vt 0.924865 0.709066
vt 0.919228 0.712492
vt 0.926712 0.712943
vt 0.603095 0.814275
vt 0.609469 0.826156
vt 0.606117 0.824221
vt 0.926712 0.712943
vt 0.930575 0.721001
vt 0.931604 0.710765
vt 0.603095 0.814275
vt 0.606117 0.824221
vt 0.588497 0.812857
vt 0.931604 0.710765
vt 0.930575 0.721001
vt 0.938451 0.715056
vt 0.571922 0.353406
vt 0.570831 0.35984
vt 0.567749 0.351064
vt 0.588497 0.812857
vt 0.606117 0.824221
vt 0.577314 0.831316
vt 0.0316551 0.97239
vt 0.0394626 0.965855
vt 0.0117527 0.953267
vt 0.0132473 0.965973
vt 0.0316551 0.97239
vt 0.0117527 0.953267
vt 0.939283 0.371958
vt 0.932208 0.365578
vt 0.930005 0.375069
vt 0.578827 0.813316
vt 0.588497 0.812857
vt 0.577314 0.831316
vt 0.948607 0.717448
vt 0.95529 0.71349
vt 0.948314 0.71068
vt 0.0091491 0.961904
vt 0.0132473 0.965973
vt 0.0117527 0.953267
vt 0.575083 0.817072
vt 0.578827 0.813316
vt 0.577314 0.831316
vt 0.575083 0.817072
vt 0.577314 0.831316
vt 0.574326 0.828322
vt 0.0091491 0.961904
vt 0.0117527 0.953267
vt 0.0068306 0.95419
vt 0.0068306 0.95419
vt 0.0117527 0.953267
vt 0.0105406 0.94765
vt 0.658988 0.404811
vt 0.650134 0.358283
vt 0.607953 0.376073
vt 0.607953 0.376073
vt 0.650134 0.358283
vt 0.629192 0.365632
vt 0.629192 0.365632
vt 0.650134 0.358283
vt 0.637898 0.360503
vt 0.396469 0.108686
vt 0.405545 0.0994712
vt 0.390183 0.0996871
vt 0.405545 0.0994712
vt 0.406921 0.0877853
vt 0.390183 0.0996871
vt 0.390183 0.0996871
vt 0.406921 0.0877853
vt 0.38888 0.0795069
vt 0.38888 0.0795069
vt 0.406921 0.0877853
vt 0.406907 0.0775614
vt 0.637898 0.360503
vt 0.650134 0.358283
vt 0.652637 0.355814
vt 0.406907 0.0775614
vt 0.392953 0.063557
vt 0.38888 0.0795069
vt 0.70536 0.0041628
vt 0.702649 0.0095108
vt 0.689573 0.0050858
vt 0.0394626 0.965855
vt 0.0441712 0.953316
vt 0.040546 0.94738
vt 0.040546 0.94738
vt 0.044023 0.944743
vt 0.0375487 0.939827
vt 0.606117 0.824221
vt 0.609469 0.826156
vt 0.605029 0.834509
vt 0.924865 0.709066
vt 0.926712 0.712943
vt 0.931604 0.710765
vt 0.577314 0.831316
vt 0.606117 0.824221
vt 0.594604 0.838686
vt 0.931604 0.710765
vt 0.938451 0.715056
vt 0.948314 0.71068
vt 0.0117527 0.953267
vt 0.040546 0.94738
vt 0.0283079 0.942135
vt 0.941257 0.376343
vt 0.939283 0.371958
vt 0.930005 0.375069
vt 0.938451 0.715056
vt 0.948607 0.717448
vt 0.948314 0.71068
vt 0.0310588 0.938483
vt 0.0195398 0.9387
vt 0.0151056 0.942783
vt 0.0117527 0.953267
vt 0.0283079 0.942135
vt 0.0151056 0.942783
vt 0.0105406 0.94765
vt 0.0117527 0.953267
vt 0.0151056 0.942783
vt 0.574326 0.828322
vt 0.577314 0.831316
vt 0.574226 0.833108
vt 0.574226 0.833108
vt 0.577314 0.831316
vt 0.57707 0.838046
vt 0.558968 0.450317
vt 0.658988 0.404811
vt 0.607953 0.376073
vt 0.406907 0.0775614
vt 0.408578 0.0634158
vt 0.392953 0.063557
vt 0.720506 0.038896
vt 0.703235 0.0388621
vt 0.701944 0.0250276
vt 0.706693 0.0500982
vt 0.703235 0.0388621
vt 0.720506 0.038896
vt 0.720506 0.038896
vt 0.701944 0.0250276
vt 0.719247 0.0298001
vt 0.719247 0.0298001
vt 0.701944 0.0250276
vt 0.719398 0.0167455
vt 0.701944 0.0250276
vt 0.702649 0.0095108
vt 0.719343 0.0050239
vt 0.719398 0.0167455
vt 0.701944 0.0250276
vt 0.719343 0.0050239
vt 0.706693 0.0500982
vt 0.720506 0.038896
vt 0.723906 0.050045
vt 0.513282 0.4896
vt 0.517757 0.480055
vt 0.517576 0.476082
vt 0.526536 0.46052
vt 0.558968 0.450317
vt 0.539671 0.438872
vt 0.040546 0.94738
vt 0.0375487 0.939827
vt 0.0310588 0.938483
vt 0.0283079 0.942135
vt 0.040546 0.94738
vt 0.0310588 0.938483
vt 0.605029 0.834509
vt 0.600641 0.8395
vt 0.594604 0.838686
vt 0.937729 0.709428
vt 0.931604 0.710765
vt 0.948314 0.71068
vt 0.0151056 0.942783
vt 0.0283079 0.942135
vt 0.0310588 0.938483
vt 0.577314 0.831316
vt 0.594604 0.838686
vt 0.584262 0.8395
vt 0.410072 0.108696
vt 0.429764 0.10862
vt 0.422539 0.0993699
vt 0.420078 0.0883763
vt 0.433603 0.0775006
vt 0.406907 0.0775614
vt 0.406921 0.0877853
vt 0.420078 0.0883763
vt 0.406907 0.0775614
vt 0.622876 0.366904
vt 0.629192 0.365632
vt 0.637898 0.360503
vt 0.422539 0.0993699
vt 0.420078 0.0883763
vt 0.406921 0.0877853
vt 0.405545 0.0994712
vt 0.422539 0.0993699
vt 0.406921 0.0877853
vt 0.406907 0.0775614
vt 0.433603 0.0775006
vt 0.408578 0.0634158
vt 0.719343 0.0050239
vt 0.702649 0.0095108
vt 0.70536 0.0041628
vt 0.517576 0.476082
vt 0.517757 0.480055
vt 0.524495 0.461427
vt 0.517757 0.480055
vt 0.526536 0.46052
vt 0.524495 0.461427
vt 0.539671 0.438872
vt 0.558968 0.450317
vt 0.558464 0.414196
vt 0.558464 0.414196
vt 0.558968 0.450317
vt 0.607953 0.376073
vt 0.0805194 0.652382
vt 0.0905489 0.674538
vt 0.0829341 0.660928
vt 0.607953 0.376073
vt 0.629192 0.365632
vt 0.622876 0.366904
vt 0.422539 0.0993699
vt 0.429764 0.10862
vt 0.435637 0.0992581
vt 0.422539 0.0993699
vt 0.43641 0.0869902
vt 0.420078 0.0883763
vt 0.408578 0.0634158
vt 0.433603 0.0775006
vt 0.425169 0.063111
vt 0.719398 0.0167455
vt 0.719343 0.0050239
vt 0.73534 0.0048607
vt 0.723906 0.050045
vt 0.720506 0.038896
vt 0.745216 0.0403014
vt 0.744658 0.0498486
vt 0.723906 0.050045
vt 0.745216 0.0403014
vt 0.558464 0.414196
vt 0.607953 0.376073
vt 0.588423 0.388426
vt 0.609137 0.373636
vt 0.607953 0.376073
vt 0.622876 0.366904
vt 0.422539 0.0993699
vt 0.435637 0.0992581
vt 0.43641 0.0869902
vt 0.420078 0.0883763
vt 0.43641 0.0869902
vt 0.433603 0.0775006
vt 0.719398 0.0167455
vt 0.73534 0.0048607
vt 0.745848 0.0201916
vt 0.745216 0.0403014
vt 0.720506 0.038896
vt 0.719247 0.0298001
vt 0.745216 0.0403014
vt 0.719247 0.0298001
vt 0.745848 0.0201916
vt 0.719247 0.0298001
vt 0.719398 0.0167455
vt 0.745848 0.0201916
vt 0.524495 0.461427
vt 0.526536 0.46052
vt 0.532706 0.446632
vt 0.761971 0.0503021
vt 0.744658 0.0498486
vt 0.745216 0.0403014
vt 0.526536 0.46052
vt 0.539671 0.438872
vt 0.532706 0.446632
vt 0.761971 0.0503021
vt 0.745216 0.0403014
vt 0.763232 0.0405952
vt 0.453225 0.107904
vt 0.473754 0.107922
vt 0.467887 0.103595
vt 0.453225 0.107904
vt 0.467887 0.103595
vt 0.453894 0.0988603
vt 0.588423 0.388426
vt 0.607953 0.376073
vt 0.595138 0.382065
vt 0.43824 0.1075
vt 0.453225 0.107904
vt 0.453894 0.0988603
vt 0.43824 0.1075
vt 0.453894 0.0988603
vt 0.435637 0.0992581
vt 0.43641 0.0869902
vt 0.455163 0.0797307
vt 0.433603 0.0775006
vt 0.435637 0.0992581
vt 0.453894 0.0988603
vt 0.43641 0.0869902
vt 0.453894 0.0988603
vt 0.455163 0.0797307
vt 0.43641 0.0869902
vt 0.433603 0.0775006
vt 0.455163 0.0797307
vt 0.440689 0.0630305
vt 0.595138 0.382065
vt 0.607953 0.376073
vt 0.609137 0.373636
vt 0.433603 0.0775006
vt 0.440689 0.0630305
vt 0.425169 0.063111
vt 0.745848 0.0201916
vt 0.73534 0.0048607
vt 0.752042 0.00521
vt 0.763232 0.0405952
vt 0.745216 0.0403014
vt 0.770271 0.028012
vt 0.770271 0.028012
vt 0.745216 0.0403014
vt 0.745848 0.0201916
vt 0.532706 0.446632
vt 0.539671 0.438872
vt 0.545091 0.428012
vt 0.773228 0.0504163
vt 0.761971 0.0503021
vt 0.763232 0.0405952
vt 0.775723 0.0415463
vt 0.763232 0.0405952
vt 0.770271 0.028012
vt 0.773228 0.0504163
vt 0.763232 0.0405952
vt 0.775723 0.0415463
vt 0.545091 0.428012
vt 0.539671 0.438872
vt 0.558464 0.414196
vt 0.500231 0.108686
vt 0.521402 0.107917
vt 0.500714 0.105003
vt 0.79636 0.0480188
vt 0.773228 0.0504163
vt 0.775723 0.0415463
vt 0.473754 0.107922
vt 0.500231 0.108686
vt 0.500714 0.105003
vt 0.558464 0.414196
vt 0.588423 0.388426
vt 0.574273 0.397846
vt 0.473754 0.107922
vt 0.500714 0.105003
vt 0.481045 0.0994259
vt 0.469534 0.0982182
vt 0.481045 0.0994259
vt 0.470393 0.088715
vt 0.574273 0.397846
vt 0.588423 0.388426
vt 0.584422 0.389476
vt 0.467887 0.103595
vt 0.473754 0.107922
vt 0.481045 0.0994259
vt 0.467887 0.103595
vt 0.481045 0.0994259
vt 0.469534 0.0982182
vt 0.455163 0.0797307
vt 0.470393 0.088715
vt 0.470183 0.0627264
vt 0.453894 0.0988603
vt 0.467887 0.103595
vt 0.469534 0.0982182
vt 0.455163 0.0797307
vt 0.470183 0.0627264
vt 0.457159 0.0629934
vt 0.584422 0.389476
vt 0.588423 0.388426
vt 0.595138 0.382065
vt 0.469534 0.0982182
vt 0.470393 0.088715
vt 0.453894 0.0988603
vt 0.453894 0.0988603
vt 0.470393 0.088715
vt 0.455163 0.0797307
vt 0.455163 0.0797307
vt 0.457159 0.0629934
vt 0.440689 0.0630305
vt 0.770271 0.028012
vt 0.745848 0.0201916
vt 0.752042 0.00521
vt 0.770271 0.028012
vt 0.752042 0.00521
vt 0.774168 0.0054799
vt 0.777465 0.0217721
vt 0.770271 0.028012
vt 0.774168 0.0054799
vt 0.796234 0.0416015
vt 0.775723 0.0415463
vt 0.79827 0.0349916
vt 0.775723 0.0415463
vt 0.770271 0.028012
vt 0.79827 0.0349916
vt 0.79827 0.0349916
vt 0.770271 0.028012
vt 0.777465 0.0217721
vt 0.777465 0.0217721
vt 0.774168 0.0054799
vt 0.797195 0.005926
vt 0.797818 0.0209494
vt 0.777465 0.0217721
vt 0.797195 0.005926
vt 0.545091 0.428012
vt 0.558464 0.414196
vt 0.560091 0.410277
vt 0.79827 0.0349916
vt 0.777465 0.0217721
vt 0.797818 0.0209494
vt 0.481045 0.0994259
vt 0.501932 0.0989474
vt 0.499851 0.0922744
vt 0.499851 0.0922744
vt 0.500348 0.0780627
vt 0.48067 0.079972
vt 0.48067 0.079972
vt 0.500348 0.0780627
vt 0.483106 0.0624422
vt 0.560091 0.410277
vt 0.558464 0.414196
vt 0.574273 0.397846
vt 0.481045 0.0994259
vt 0.499851 0.0922744
vt 0.470393 0.088715
vt 0.470393 0.088715
vt 0.499851 0.0922744
vt 0.48067 0.079972
vt 0.48067 0.079972
vt 0.483106 0.0624422
vt 0.470183 0.0627264
vt 0.470393 0.088715
vt 0.48067 0.079972
vt 0.470183 0.0627264
vt 0.483106 0.0624422
vt 0.500348 0.0780627
vt 0.501303 0.0628455
usemtl mug_tree_o3d_clean_1
f 1/1/1 2/2/2 3/3/3
f 4/4/4 2/5/2 1/6/1
f 3/7/3 2/8/2 5/9/5
f 1/10/1 6/11/6 4/12/4
f 7/13/7 8/14/8 9/15/9
f 10/16/10 11/17/11 12/18/12
f 13/19/13 14/20/14 15/21/15
f 15/22/15 14/23/14 16/24/16
f 13/25/13 17/26/17 14/27/14
f 18/28/18 19/29/19 13/30/13
f 13/31/13 19/32/19 17/33/17
f 18/34/18 20/35/20 19/36/19
f 19/37/19 21/38/21 17/39/17
f 20/40/20 22/41/22 19/42/19
f 22/43/22 21/44/21 19/45/19
f 21/46/21 23/47/23 24/48/24
f 25/49/25 15/50/15 26/51/26
f 26/52/26 15/53/15 16/54/16
f 25/55/25 27/56/27 15/57/15
f 27/58/27 28/59/28 29/60/29
f 29/61/29 13/62/13 27/63/27
f 27/64/27 13/65/13 15/66/15
f 29/67/29 18/68/18 13/69/13
f 29/70/29 30/71/30 18/72/18
f 30/73/30 31/74/31 18/75/18
f 31/76/31 20/77/20 18/78/18
f 31/79/31 32/80/32 20/81/20
f 32/82/32 33/83/33 20/84/20
f 20/85/20 33/86/33 22/87/22
f 22/88/22 23/89/23 21/90/21
f 33/91/33 23/92/23 22/93/22
f 23/94/23 34/95/34 24/96/24
f 34/97/34 35/98/35 24/99/24
f 36/100/36 37/101/37 38/102/38
f 36/103/36 38/104/38 39/105/39
f 37/106/37 40/107/40 27/108/27
f 37/109/37 25/110/25 26/111/26
f 37/112/37 26/113/26 38/114/38
f 37/115/37 27/116/27 25/117/25
f 28/118/28 41/119/41 29/120/29
f 29/121/29 41/122/41 42/123/42
f 29/124/29 42/125/42 30/126/30
f 30/127/30 42/128/42 31/129/31
f 31/130/31 43/131/43 32/132/32
f 33/133/33 44/134/44 23/135/23
f 32/136/32 44/137/44 33/138/33
f 23/139/23 44/140/44 34/141/34
f 34/142/34 45/143/45 35/144/35
f 46/145/46 37/146/37 36/147/36
f 40/148/40 47/149/47 27/150/27
f 27/151/27 47/152/47 28/153/28
f 28/154/28 48/155/48 41/156/41
f 42/157/42 49/158/49 31/159/31
f 31/160/31 49/161/49 43/162/43
f 43/163/43 50/164/50 51/165/51
f 32/166/32 43/167/43 51/168/51
f 32/169/32 51/170/51 44/171/44
f 44/172/44 52/173/52 34/174/34
f 51/175/51 53/176/53 44/177/44
f 34/178/34 52/179/52 45/180/45
f 54/181/54 39/182/39 55/183/55
f 46/184/46 36/185/36 54/186/54
f 54/187/54 36/188/36 39/189/39
f 46/190/46 40/191/40 37/192/37
f 47/193/47 48/194/48 28/195/28
f 49/196/49 56/197/56 43/198/43
f 56/199/56 50/200/50 43/201/43
f 51/202/51 57/203/57 53/204/53
f 44/205/44 53/206/53 52/207/52
f 52/208/52 58/209/58 45/210/45
f 58/211/58 59/212/59 45/213/45
f 46/214/46 60/215/60 61/216/61
f 61/217/61 40/218/40 46/219/46
f 61/220/61 62/221/62 47/222/47
f 61/223/61 47/224/47 40/225/40
f 47/226/47 63/227/63 48/228/48
f 48/229/48 64/230/64 41/231/41
f 65/232/65 66/233/66 67/234/67
f 50/235/50 68/236/68 51/237/51
f 51/238/51 68/239/68 57/240/57
f 53/241/53 58/242/58 52/243/52
f 58/244/58 69/245/69 59/246/59
f 70/247/70 55/248/55 71/249/71
f 46/250/46 54/251/54 60/252/60
f 60/253/60 54/254/54 70/255/70
f 70/256/70 54/257/54 55/258/55
f 62/259/62 63/260/63 47/261/47
f 63/262/63 64/263/64 48/264/48
f 72/265/72 73/266/73 74/267/74
f 75/268/75 76/269/76 77/270/77
f 73/271/73 78/272/78 74/273/74
f 74/274/74 78/275/78 79/276/79
f 76/277/76 65/278/65 77/279/77
f 41/280/41 80/281/80 42/282/42
f 78/283/78 81/284/81 79/285/79
f 76/286/76 66/287/66 65/288/65
f 82/289/82 83/290/83 73/291/73
f 73/292/73 83/293/83 78/294/78
f 84/295/84 65/296/65 85/297/85
f 78/298/78 86/299/86 87/300/87
f 78/301/78 87/302/87 81/303/81
f 83/304/83 86/305/86 78/306/78
f 65/307/65 67/308/67 88/309/88
f 65/310/65 88/311/88 85/312/85
f 83/313/83 89/314/89 87/315/87
f 86/316/86 83/317/83 87/318/87
f 67/319/67 90/320/90 88/321/88
f 42/322/42 80/323/80 49/324/49
f 91/325/91 89/326/89 83/327/83
f 91/328/91 92/329/92 89/330/89
f 66/331/66 93/332/93 67/333/67
f 93/334/93 90/335/90 67/336/67
f 93/337/93 94/338/94 90/339/90
f 49/340/49 95/341/95 56/342/56
f 95/343/95 96/344/96 56/345/56
f 56/346/56 97/347/97 50/348/50
f 50/349/50 97/350/97 68/351/68
f 57/352/57 98/353/98 53/354/53
f 58/355/58 99/356/99 69/357/69
f 63/358/63 100/359/100 64/360/64
f 64/361/64 101/362/101 41/363/41
f 102/364/102 73/365/73 72/366/72
f 103/367/103 76/368/76 75/369/75
f 82/370/82 73/371/73 102/372/102
f 104/373/104 76/374/76 103/375/103
f 82/376/82 105/377/105 106/378/106
f 104/379/104 107/380/107 76/381/76
f 106/382/106 108/383/108 82/384/82
f 107/385/107 109/386/109 76/387/76
f 108/388/108 83/389/83 82/390/82
f 76/391/76 109/392/109 66/393/66
f 108/394/108 110/395/110 83/396/83
f 110/397/110 91/398/91 83/399/83
f 92/400/92 111/401/111 89/402/89
f 109/403/109 112/404/112 113/405/113
f 109/406/109 113/407/113 93/408/93
f 109/409/109 93/410/93 66/411/66
f 94/412/94 114/413/114 90/414/90
f 110/415/110 115/416/115 91/417/91
f 91/418/91 115/419/115 92/420/92
f 113/421/113 116/422/116 93/423/93
f 93/424/93 116/425/116 94/426/94
f 68/427/68 117/428/117 57/429/57
f 53/430/53 98/431/98 99/432/99
f 53/433/53 99/434/99 58/435/58
f 118/436/118 60/437/60 119/438/119
f 119/439/119 60/440/60 70/441/70
f 61/442/61 60/443/60 118/444/118
f 62/445/62 120/446/120 63/447/63
f 121/448/121 82/449/82 102/450/102
f 103/451/103 122/452/122 104/453/104
f 41/454/41 101/455/101 80/456/80
f 105/457/105 123/458/123 106/459/106
f 104/460/104 122/461/122 124/462/124
f 104/463/104 124/464/124 107/465/107
f 124/466/124 125/467/125 109/468/109
f 107/469/107 124/470/124 109/471/109
f 106/472/106 126/473/126 108/474/108
f 106/475/106 123/476/123 126/477/126
f 109/478/109 125/479/125 112/480/112
f 114/481/114 127/482/127 88/483/88
f 126/484/126 128/485/128 108/486/108
f 108/487/108 128/488/128 129/489/129
f 108/490/108 129/491/129 110/492/110
f 80/493/80 130/494/130 49/495/49
f 110/496/110 129/497/129 115/498/115
f 49/499/49 130/500/130 95/501/95
f 56/502/56 96/503/96 97/504/97
f 99/505/99 131/506/131 69/507/69
f 99/508/99 132/509/132 131/510/131
f 133/511/133 71/512/71 134/513/134
f 119/514/119 135/515/135 118/516/118
f 133/517/133 70/518/70 71/519/71
f 118/520/118 62/521/62 61/522/61
f 100/523/100 136/524/136 64/525/64
f 136/526/136 101/527/101 64/528/64
f 74/529/74 79/530/79 137/531/137
f 103/532/103 138/533/138 122/534/122
f 122/535/122 139/536/139 124/537/124
f 124/538/124 139/539/139 125/540/125
f 125/541/125 140/542/140 112/543/112
f 92/544/92 141/545/141 111/546/111
f 112/547/112 140/548/140 113/549/113
f 115/550/115 141/551/141 92/552/92
f 113/553/113 142/554/142 116/555/116
f 97/556/97 143/557/143 68/558/68
f 68/559/68 143/560/143 117/561/117
f 144/562/144 145/563/145 98/564/98
f 57/565/57 144/566/144 98/567/98
f 98/568/98 145/569/145 99/570/99
f 99/571/99 145/572/145 132/573/132
f 146/574/146 133/575/133 134/576/134
f 147/577/147 62/578/62 118/579/118
f 147/580/147 120/581/120 62/582/62
f 120/583/120 148/584/148 100/585/100
f 120/586/120 100/587/100 63/588/63
f 101/589/101 149/590/149 80/591/80
f 105/592/105 150/593/150 123/594/123
f 128/595/128 151/596/151 129/597/129
f 113/598/113 140/599/140 142/600/142
f 129/601/129 152/602/152 115/603/115
f 115/604/115 152/605/152 153/606/153
f 116/607/116 142/608/142 154/609/154
f 116/610/116 154/611/154 94/612/94
f 94/613/94 154/614/154 155/615/155
f 130/616/130 156/617/156 95/618/95
f 95/619/95 156/620/156 96/621/96
f 96/622/96 143/623/143 97/624/97
f 57/625/57 117/626/117 144/627/144
f 157/628/157 158/629/158 121/630/121
f 138/631/138 159/632/159 122/633/122
f 122/634/122 159/635/159 139/636/139
f 105/637/105 158/638/158 150/639/150
f 139/640/139 160/641/160 125/642/125
f 125/643/125 160/644/160 140/645/140
f 149/646/149 130/647/130 80/648/80
f 94/649/94 155/650/155 114/651/114
f 115/652/115 153/653/153 161/654/161
f 115/655/115 161/656/161 141/657/141
f 156/658/156 162/659/162 96/660/96
f 96/661/96 163/662/163 143/663/143
f 117/664/117 164/665/164 144/666/144
f 144/667/144 165/668/165 145/669/145
f 145/670/145 166/671/166 132/672/132
f 132/673/132 167/674/167 131/675/131
f 168/676/168 135/677/135 133/678/133
f 168/679/168 133/680/133 169/681/169
f 169/682/169 133/683/133 146/684/146
f 147/685/147 170/686/170 120/687/120
f 148/688/148 171/689/171 100/690/100
f 100/691/100 171/692/171 136/693/136
f 172/694/172 173/695/173 126/696/126
f 126/697/126 173/698/173 128/699/128
f 128/700/128 173/701/173 151/702/151
f 174/703/174 175/704/175 176/705/176
f 111/706/111 174/707/174 176/708/176
f 114/709/114 177/710/177 127/711/127
f 151/712/151 152/713/152 129/714/129
f 141/715/141 174/716/174 111/717/111
f 155/718/155 177/719/177 114/720/114
f 143/721/143 178/722/178 117/723/117
f 117/724/117 178/725/178 164/726/164
f 144/727/144 164/728/164 165/729/165
f 145/730/145 165/731/165 166/732/166
f 132/733/132 166/734/166 167/735/167
f 118/736/118 135/737/135 179/738/179
f 118/739/118 179/740/179 180/741/180
f 118/742/118 180/743/180 147/744/147
f 180/745/180 170/746/170 147/747/147
f 120/748/120 170/749/170 181/750/181
f 120/751/120 181/752/181 148/753/148
f 136/754/136 182/755/182 101/756/101
f 101/757/101 182/758/182 149/759/149
f 183/760/183 184/761/184 185/762/185
f 140/763/140 186/764/186 142/765/142
f 149/766/149 187/767/187 130/768/130
f 187/769/187 188/770/188 130/771/130
f 130/772/130 188/773/188 156/774/156
f 162/775/162 163/776/163 96/777/96
f 169/778/169 146/779/146 189/780/189
f 171/781/171 190/782/190 136/783/136
f 191/784/191 182/785/182 136/786/136
f 159/787/159 192/788/192 139/789/139
f 139/790/139 192/791/192 160/792/160
f 177/793/177 193/794/193 127/795/127
f 141/796/141 194/797/194 174/798/174
f 142/799/142 186/800/186 195/801/195
f 141/802/141 161/803/161 194/804/194
f 142/805/142 195/806/195 154/807/154
f 163/808/163 196/809/196 143/810/143
f 143/811/143 196/812/196 178/813/178
f 178/814/178 197/815/197 164/816/164
f 164/817/164 198/818/198 165/819/165
f 165/820/165 198/821/198 166/822/166
f 181/823/181 199/824/199 148/825/148
f 148/826/148 199/827/199 171/828/171
f 171/829/171 199/830/199 190/831/190
f 136/832/136 190/833/190 191/834/191
f 160/835/160 200/836/200 140/837/140
f 140/838/140 200/839/200 186/840/186
f 154/841/154 195/842/195 201/843/201
f 154/844/154 201/845/201 155/846/155
f 164/847/164 197/848/197 198/849/198
f 202/850/202 203/851/203 166/852/166
f 166/853/166 203/854/203 167/855/167
f 168/856/168 169/857/169 204/858/204
f 157/859/157 205/860/205 158/861/158
f 158/862/158 206/863/206 150/864/150
f 150/865/150 206/866/206 172/867/172
f 151/868/151 207/869/207 152/870/152
f 153/871/153 152/872/152 161/873/161
f 156/874/156 208/875/208 162/876/162
f 178/877/178 209/878/209 197/879/197
f 166/880/166 198/881/198 202/882/202
f 210/883/210 179/884/179 168/885/168
f 210/886/210 180/887/180 179/888/179
f 180/889/180 211/890/211 170/891/170
f 185/892/185 212/893/212 213/894/213
f 158/895/158 205/896/205 206/897/206
f 182/898/182 214/899/214 149/900/149
f 206/901/206 215/902/215 172/903/172
f 192/904/192 216/905/216 200/906/200
f 172/907/172 215/908/215 173/909/173
f 173/910/173 207/911/207 151/912/151
f 174/913/174 217/914/217 175/915/175
f 194/916/194 217/917/217 174/918/174
f 152/919/152 218/920/218 161/921/161
f 195/922/195 219/923/219 201/924/201
f 188/925/188 208/926/208 156/927/156
f 162/928/162 220/929/220 163/930/163
f 196/931/196 221/932/221 178/933/178
f 178/934/178 221/935/221 209/936/209
f 204/937/204 189/938/189 222/939/222
f 210/940/210 223/941/223 180/942/180
f 211/943/211 181/944/181 170/945/170
f 199/946/199 224/947/224 190/948/190
f 191/949/191 190/950/190 225/951/225
f 191/952/191 225/953/225 182/954/182
f 226/955/226 227/956/227 228/957/228
f 182/958/182 229/959/229 214/960/214
f 207/961/207 218/962/218 152/963/152
f 186/964/186 230/965/230 195/966/195
f 195/967/195 230/968/230 219/969/219
f 155/970/155 231/971/231 177/972/177
f 231/973/231 232/974/232 177/975/177
f 149/976/149 214/977/214 187/978/187
f 219/979/219 233/980/233 201/981/201
f 234/982/234 221/983/221 196/984/196
f 223/985/223 211/986/211 180/987/180
f 182/988/182 225/989/225 229/990/229
f 227/991/227 235/992/235 228/993/228
f 236/994/236 237/995/237 159/996/159
f 237/997/237 238/998/238 192/999/192
f 192/1000/192 238/1001/238 216/1002/216
f 173/1003/173 215/1004/215 207/1005/207
f 217/1006/217 239/1007/239 175/1008/175
f 232/1009/232 240/1010/240 193/1011/193
f 214/1012/214 241/1013/241 187/1014/187
f 201/1015/201 233/1016/233 155/1017/155
f 155/1018/155 233/1019/233 231/1020/231
f 187/1021/187 241/1022/241 188/1023/188
f 162/1024/162 208/1025/208 220/1026/220
f 163/1027/163 220/1028/220 196/1029/196
f 196/1030/196 220/1031/220 234/1032/234
f 209/1033/209 242/1034/242 197/1035/197
f 197/1036/197 242/1037/242 198/1038/198
f 198/1039/198 243/1040/243 202/1041/202
f 243/1042/243 244/1043/244 202/1044/202
f 202/1045/202 244/1046/244 203/1047/203
f 203/1048/203 244/1049/244 245/1050/245
f 211/1051/211 246/1052/246 181/1053/181
f 181/1054/181 247/1055/247 199/1056/199
f 248/1057/248 249/1058/249 250/1059/250
f 205/1060/205 251/1061/251 206/1062/206
f 194/1063/194 252/1064/252 217/1065/217
f 218/1066/218 253/1067/253 161/1068/161
f 161/1069/161 253/1070/253 194/1071/194
f 254/1072/254 243/1073/243 198/1074/198
f 181/1075/181 246/1076/246 247/1077/247
f 255/1078/255 224/1079/224 199/1080/199
f 224/1081/224 256/1082/256 190/1083/190
f 200/1084/200 216/1085/216 230/1086/230
f 252/1087/252 239/1088/239 217/1089/217
f 219/1090/219 257/1091/257 233/1092/233
f 241/1093/241 258/1094/258 188/1095/188
f 258/1096/258 259/1097/259 188/1098/188
f 188/1099/188 259/1100/259 208/1101/208
f 209/1102/209 221/1103/221 242/1104/242
f 198/1105/198 242/1106/242 254/1107/254
f 244/1108/244 260/1109/260 245/1110/245
f 261/1111/261 262/1112/262 263/1113/263
f 261/1114/261 222/1115/222 264/1116/264
f 263/1117/263 265/1118/265 210/1119/210
f 199/1120/199 247/1121/247 255/1122/255
f 266/1123/266 267/1124/267 268/1125/268
f 229/1126/229 269/1127/269 214/1128/214
f 206/1129/206 270/1130/270 215/1131/215
f 207/1132/207 271/1133/271 218/1134/218
f 214/1135/214 269/1136/269 241/1137/241
f 208/1138/208 259/1139/259 272/1140/272
f 272/1141/272 273/1142/273 208/1143/208
f 208/1144/208 273/1145/273 220/1146/220
f 220/1147/220 274/1148/274 234/1149/234
f 221/1150/221 275/1151/275 242/1152/242
f 244/1153/244 276/1154/276 260/1155/260
f 265/1156/265 263/1157/263 262/1158/262
f 265/1159/265 223/1160/223 210/1161/210
f 190/1162/190 277/1163/277 225/1164/225
f 225/1165/225 278/1166/278 229/1167/229
f 229/1168/229 278/1169/278 279/1170/279
f 280/1171/280 268/1172/268 281/1173/281
f 266/1174/266 282/1175/282 267/1176/267
f 266/1177/266 283/1178/283 282/1179/282
f 238/1180/238 284/1181/284 216/1182/216
f 285/1183/285 286/1184/286 287/1185/287
f 215/1186/215 270/1187/270 207/1188/207
f 207/1189/207 270/1190/270 271/1191/271
f 232/1192/232 286/1193/286 240/1194/240
f 218/1195/218 288/1196/288 253/1197/253
f 233/1198/233 257/1199/257 289/1200/289
f 233/1201/233 289/1202/289 231/1203/231
f 220/1204/220 273/1205/273 274/1206/274
f 242/1207/242 290/1208/290 254/1209/254
f 254/1210/254 276/1211/276 243/1212/243
f 243/1213/243 276/1214/276 244/1215/244
f 223/1216/223 291/1217/291 211/1218/211
f 255/1219/255 256/1220/256 224/1221/224
f 256/1222/256 277/1223/277 190/1224/190
f 292/1225/292 293/1226/293 237/1227/237
f 237/1228/237 284/1229/284 238/1230/238
f 218/1231/218 271/1232/271 288/1233/288
f 230/1234/230 294/1235/294 219/1236/219
f 219/1237/219 294/1238/294 257/1239/257
f 232/1240/232 295/1241/295 286/1242/286
f 289/1243/289 296/1244/296 231/1245/231
f 274/1246/274 275/1247/275 234/1248/234
f 234/1249/234 275/1250/275 221/1251/221
f 265/1252/265 297/1253/297 223/1254/223
f 223/1255/223 297/1256/297 291/1257/291
f 291/1258/291 298/1259/298 211/1260/211
f 211/1261/211 298/1262/298 246/1263/246
f 229/1264/229 279/1265/279 269/1266/269
f 251/1267/251 299/1268/299 206/1269/206
f 206/1270/206 299/1271/299 270/1272/270
f 239/1273/239 300/1274/300 301/1275/301
f 271/1276/271 302/1277/302 288/1278/288
f 231/1279/231 296/1280/296 232/1281/232
f 232/1282/232 296/1283/296 295/1284/295
f 288/1285/288 303/1286/303 253/1287/253
f 259/1288/259 304/1289/304 272/1290/272
f 275/1291/275 305/1292/305 242/1293/242
f 242/1294/242 306/1295/306 290/1296/290
f 290/1297/290 307/1298/307 254/1299/254
f 254/1300/254 307/1301/307 276/1302/276
f 308/1303/308 262/1304/262 309/1305/309
f 298/1306/298 310/1307/310 246/1308/246
f 246/1309/246 310/1310/310 247/1311/247
f 256/1312/256 311/1313/311 277/1314/277
f 277/1315/277 312/1316/312 225/1317/225
f 313/1318/313 314/1319/314 227/1320/227
f 315/1321/315 316/1322/316 317/1323/317
f 279/1324/279 318/1325/318 269/1326/269
f 319/1327/319 316/1328/316 251/1329/251
f 284/1330/284 320/1331/320 216/1332/216
f 216/1333/216 320/1334/320 230/1335/230
f 230/1336/230 320/1337/320 294/1338/294
f 252/1339/252 321/1340/321 239/1341/239
f 239/1342/239 321/1343/321 300/1344/300
f 288/1345/288 302/1346/302 303/1347/303
f 253/1348/253 321/1349/321 252/1350/252
f 258/1351/258 322/1352/322 259/1353/259
f 272/1354/272 323/1355/323 273/1356/273
f 275/1357/275 324/1358/324 305/1359/305
f 242/1360/242 305/1361/305 306/1362/306
f 276/1363/276 325/1364/325 260/1365/260
f 262/1366/262 308/1367/308 265/1368/265
f 225/1369/225 312/1370/312 278/1371/278
f 278/1372/278 318/1373/318 279/1374/279
f 281/1375/281 326/1376/326 327/1377/327
f 270/1378/270 328/1379/328 271/1380/271
f 296/1381/296 329/1382/329 295/1383/295
f 269/1384/269 330/1385/330 241/1386/241
f 304/1387/304 323/1388/323 272/1389/272
f 274/1390/274 331/1391/331 324/1392/324
f 274/1393/274 324/1394/324 275/1395/275
f 307/1396/307 325/1397/325 276/1398/276
f 325/1399/325 332/1400/332 260/1401/260
f 265/1402/265 333/1403/333 297/1404/297
f 247/1405/247 334/1406/334 255/1407/255
f 255/1408/255 311/1409/311 256/1410/256
f 278/1411/278 335/1412/335 318/1413/318
f 336/1414/336 337/1415/337 293/1416/293
f 337/1417/337 338/1418/338 284/1419/284
f 284/1420/284 338/1421/338 339/1422/339
f 284/1423/284 339/1424/339 320/1425/320
f 270/1426/270 299/1427/299 328/1428/328
f 300/1429/300 340/1430/340 301/1431/301
f 241/1432/241 330/1433/330 341/1434/341
f 241/1435/241 341/1436/341 258/1437/258
f 258/1438/258 341/1439/341 322/1440/322
f 273/1441/273 331/1442/331 274/1443/274
f 297/1444/297 342/1445/342 291/1446/291
f 310/1447/310 334/1448/334 247/1449/247
f 315/1450/315 343/1451/343 316/1452/316
f 269/1453/269 318/1454/318 344/1455/344
f 316/1456/316 345/1457/345 251/1458/251
f 251/1459/251 345/1460/345 299/1461/299
f 328/1462/328 346/1463/346 302/1464/302
f 344/1465/344 330/1466/330 269/1467/269
f 302/1468/302 346/1469/346 303/1470/303
f 294/1471/294 347/1472/347 257/1473/257
f 257/1474/257 347/1475/347 348/1476/348
f 329/1477/329 349/1478/349 295/1479/295
f 253/1480/253 303/1481/303 350/1482/350
f 253/1483/253 350/1484/350 321/1485/321
f 257/1486/257 348/1487/348 289/1488/289
f 289/1489/289 351/1490/351 296/1491/296
f 351/1492/351 329/1493/329 296/1494/296
f 341/1495/341 352/1496/352 322/1497/322
f 304/1498/304 353/1499/353 323/1500/323
f 273/1501/273 323/1502/323 354/1503/354
f 354/1504/354 331/1505/331 273/1506/273
f 355/1507/355 333/1508/333 308/1509/308
f 311/1510/311 312/1511/312 277/1512/277
f 312/1513/312 356/1514/356 335/1515/335
f 312/1516/312 335/1517/335 278/1518/278
f 320/1519/320 357/1520/357 294/1521/294
f 357/1522/357 347/1523/347 294/1524/294
f 321/1525/321 358/1526/358 300/1527/300
f 300/1528/300 358/1529/358 340/1530/340
f 303/1531/303 359/1532/359 350/1533/350
f 289/1534/289 348/1535/348 351/1536/351
f 305/1537/305 360/1538/360 306/1539/306
f 306/1540/306 361/1541/361 290/1542/290
f 290/1543/290 362/1544/362 307/1545/307
f 325/1546/325 363/1547/363 332/1548/332
f 363/1549/363 364/1550/364 332/1551/332
f 365/1552/365 297/1553/297 333/1554/333
f 365/1555/365 342/1556/342 297/1557/297
f 342/1558/342 298/1559/298 291/1560/291
f 311/1561/311 366/1562/366 312/1563/312
f 367/1564/367 368/1565/368 369/1566/369
f 370/1567/370 371/1568/371 372/1569/372
f 320/1570/320 339/1571/339 357/1572/357
f 321/1573/321 350/1574/350 358/1575/358
f 322/1576/322 304/1577/304 259/1578/259
f 323/1579/323 353/1580/353 354/1581/354
f 324/1582/324 360/1583/360 305/1584/305
f 360/1585/360 361/1586/361 306/1587/306
f 290/1588/290 373/1589/373 362/1590/362
f 362/1591/362 374/1592/374 307/1593/307
f 307/1594/307 374/1595/374 325/1596/325
f 325/1597/325 374/1598/374 363/1599/363
f 355/1600/355 375/1601/375 376/1602/376
f 298/1603/298 377/1604/377 310/1605/310
f 255/1606/255 334/1607/334 378/1608/378
f 255/1609/255 378/1610/378 311/1611/311
f 366/1612/366 356/1613/356 312/1614/312
f 335/1615/335 379/1616/379 318/1617/318
f 380/1618/380 343/1619/343 315/1620/315
f 318/1621/318 379/1622/379 344/1623/344
f 316/1624/316 343/1625/343 345/1626/345
f 337/1627/337 381/1628/381 338/1629/338
f 299/1630/299 382/1631/382 328/1632/328
f 303/1633/303 346/1634/346 359/1635/359
f 361/1636/361 373/1637/373 290/1638/290
f 333/1639/333 376/1640/376 365/1641/365
f 342/1642/342 383/1643/383 298/1644/298
f 298/1645/298 383/1646/383 377/1647/377
f 377/1648/377 384/1649/384 310/1650/310
f 369/1651/369 385/1652/385 386/1653/386
f 379/1654/379 387/1655/387 344/1656/344
f 345/1657/345 382/1658/382 299/1659/299
f 387/1660/387 388/1661/388 330/1662/330
f 344/1663/344 387/1664/387 330/1665/330
f 346/1666/346 389/1667/389 359/1668/359
f 348/1669/348 347/1670/347 390/1671/390
f 329/1672/329 391/1673/391 349/1674/349
f 359/1675/359 392/1676/392 350/1677/350
f 348/1678/348 390/1679/390 351/1680/351
f 351/1681/351 390/1682/390 393/1683/393
f 351/1684/351 393/1685/393 329/1686/329
f 330/1687/330 388/1688/388 341/1689/341
f 352/1690/352 394/1691/394 322/1692/322
f 322/1693/322 394/1694/394 304/1695/304
f 353/1696/353 395/1697/395 354/1698/354
f 334/1699/334 384/1700/384 378/1701/378
f 311/1702/311 378/1703/378 366/1704/366
f 335/1705/335 396/1706/396 379/1707/379
f 397/1708/397 398/1709/398 381/1710/381
f 393/1711/393 391/1712/391 329/1713/329
f 388/1714/388 399/1715/399 341/1716/341
f 341/1717/341 399/1718/399 352/1719/352
f 324/1720/324 331/1721/331 360/1722/360
f 362/1723/362 400/1724/400 374/1725/374
f 376/1726/376 401/1727/401 365/1728/365
f 365/1729/365 383/1730/383 342/1731/342
f 384/1732/384 402/1733/402 378/1734/378
f 366/1735/366 403/1736/403 356/1737/356
f 356/1738/356 404/1739/404 335/1740/335
f 404/1741/404 396/1742/396 335/1743/335
f 379/1744/379 405/1745/405 387/1746/387
f 387/1747/387 405/1748/405 406/1749/406
f 338/1750/338 407/1751/407 339/1752/339
f 382/1753/382 408/1754/408 328/1755/328
f 339/1756/339 407/1757/407 357/1758/357
f 406/1759/406 409/1760/409 388/1761/388
f 387/1762/387 406/1763/406 388/1764/388
f 328/1765/328 408/1766/408 346/1767/346
f 408/1768/408 389/1769/389 346/1770/346
f 349/1771/349 410/1772/410 411/1773/411
f 358/1774/358 412/1775/412 340/1776/340
f 412/1777/412 413/1778/413 340/1779/340
f 349/1780/349 391/1781/391 410/1782/410
f 350/1783/350 392/1784/392 358/1785/358
f 399/1786/399 414/1787/414 352/1788/352
f 414/1789/414 394/1790/394 352/1791/352
f 362/1792/362 373/1793/373 400/1794/400
f 374/1795/374 400/1796/400 415/1797/415
f 374/1798/374 415/1799/415 363/1800/363
f 363/1801/363 416/1802/416 364/1803/364
f 365/1804/365 401/1805/401 383/1806/383
f 378/1807/378 417/1808/417 366/1809/366
f 356/1810/356 403/1811/403 404/1812/404
f 396/1813/396 418/1814/418 379/1815/379
f 398/1816/398 419/1817/419 381/1818/381
f 381/1819/381 419/1820/419 338/1821/338
f 338/1822/338 419/1823/419 407/1824/407
f 357/1825/357 420/1826/420 347/1827/347
f 359/1828/359 389/1829/389 421/1830/421
f 359/1831/359 421/1832/421 392/1833/392
f 388/1834/388 409/1835/409 399/1836/399
f 394/1837/394 422/1838/422 304/1839/304
f 354/1840/354 423/1841/423 331/1842/331
f 331/1843/331 424/1844/424 360/1845/360
f 363/1846/363 415/1847/415 416/1848/416
f 376/1849/376 425/1850/425 401/1851/401
f 366/1852/366 417/1853/417 403/1854/403
f 403/1855/403 426/1856/426 404/1857/404
f 404/1858/404 427/1859/427 396/1860/396
f 396/1861/396 427/1862/427 418/1863/418
f 418/1864/418 405/1865/405 379/1866/379
f 380/1867/380 428/1868/428 343/1869/343
f 343/1870/343 428/1871/428 345/1872/345
f 407/1873/407 420/1874/420 357/1875/357
f 347/1876/347 420/1877/420 429/1878/429
f 347/1879/347 429/1880/429 390/1881/390
f 390/1882/390 429/1883/429 430/1884/430
f 392/1885/392 412/1886/412 358/1887/358
f 390/1888/390 431/1889/431 393/1890/393
f 409/1891/409 432/1892/432 399/1893/399
f 304/1894/304 422/1895/422 353/1896/353
f 423/1897/423 424/1898/424 331/1899/331
f 360/1900/360 433/1901/433 361/1902/361
f 434/1903/434 375/1904/375 435/1905/435
f 401/1906/401 436/1907/436 383/1908/383
f 383/1909/383 437/1910/437 377/1911/377
f 384/1912/384 438/1913/438 402/1914/402
f 402/1915/402 439/1916/439 378/1917/378
f 404/1918/404 426/1919/426 427/1920/427
f 440/1921/440 441/1922/441 442/1923/442
f 382/1924/382 443/1925/443 408/1926/408
f 406/1927/406 444/1928/444 409/1929/409
f 391/1930/391 445/1931/445 410/1932/410
f 392/1933/392 446/1934/446 412/1935/412
f 390/1936/390 430/1937/430 431/1938/431
f 432/1939/432 414/1940/414 399/1941/399
f 414/1942/414 422/1943/422 394/1944/394
f 395/1945/395 447/1946/447 354/1947/354
f 377/1948/377 437/1949/437 448/1950/448
f 377/1951/377 448/1952/448 384/1953/384
f 384/1954/384 448/1955/448 438/1956/438
f 418/1957/418 427/1958/427 405/1959/405
f 386/1960/386 449/1961/449 450/1962/450
f 405/1963/405 451/1964/451 406/1965/406
f 398/1966/398 452/1967/452 419/1968/419
f 451/1969/451 453/1970/453 406/1971/406
f 453/1972/453 444/1973/444 406/1974/406
f 453/1975/453 454/1976/454 444/1977/444
f 443/1978/443 455/1979/455 408/1980/408
f 408/1981/408 455/1982/455 389/1983/389
f 455/1984/455 421/1985/421 389/1986/389
f 421/1987/421 456/1988/456 392/1989/392
f 412/1990/412 457/1991/457 413/1992/413
f 392/1993/392 456/1994/456 446/1995/446
f 409/1996/409 444/1997/444 432/1998/432
f 432/1999/432 458/2000/458 414/2001/414
f 395/2002/395 353/2003/353 459/2004/459
f 459/2005/459 447/2006/447 395/2007/395
f 354/2008/354 447/2009/447 423/2010/423
f 360/2011/360 460/2012/460 433/2013/433
f 361/2014/361 461/2015/461 373/2016/373
f 373/2017/373 461/2018/461 400/2019/400
f 400/2020/400 461/2021/461 462/2022/462
f 400/2023/400 463/2024/463 415/2025/415
f 464/2026/464 465/2027/465 425/2028/425
f 401/2029/401 466/2030/466 436/2031/436
f 438/2032/438 467/2033/467 402/2034/402
f 439/2035/439 417/2036/417 378/2037/378
f 403/2038/403 468/2039/468 426/2040/426
f 427/2041/427 426/2042/426 469/2043/469
f 427/2044/427 470/2045/470 405/2046/405
f 470/2047/470 451/2048/451 405/2049/405
f 452/2050/452 471/2051/471 419/2052/419
f 451/2053/451 454/2054/454 453/2055/453
f 345/2056/345 472/2057/472 382/2058/382
f 382/2059/382 472/2060/472 443/2061/443
f 407/2062/407 473/2063/473 420/2064/420
f 413/2065/413 474/2066/474 475/2067/475
f 420/2068/420 476/2069/476 429/2070/429
f 477/2071/477 478/2072/478 411/2073/411
f 410/2074/410 477/2075/477 411/2076/411
f 445/2077/445 477/2078/477 410/2079/410
f 393/2080/393 431/2081/431 445/2082/445
f 454/2083/454 479/2084/479 444/2085/444
f 479/2086/479 432/2087/432 444/2088/444
f 458/2089/458 480/2090/480 414/2091/414
f 422/2092/422 459/2093/459 353/2094/353
f 424/2095/424 460/2096/460 360/2097/360
f 361/2098/361 433/2099/433 461/2100/461
f 400/2101/400 462/2102/462 463/2103/463
f 415/2104/415 463/2105/463 416/2106/416
f 416/2107/416 463/2108/463 481/2109/481
f 425/2110/425 466/2111/466 401/2112/401
f 436/2113/436 437/2114/437 383/2115/383
f 427/2116/427 469/2117/469 470/2118/470
f 428/2119/428 472/2120/472 345/2121/345
f 419/2122/419 471/2123/471 473/2124/473
f 419/2125/419 473/2126/473 407/2127/407
f 473/2128/473 476/2129/476 420/2130/420
f 421/2131/421 482/2132/482 456/2133/456
f 479/2134/479 458/2135/458 432/2136/432
f 414/2137/414 480/2138/480 422/2139/422
f 423/2140/423 483/2141/483 424/2142/424
f 402/2143/402 467/2144/467 439/2145/439
f 439/2146/439 403/2147/403 417/2148/417
f 426/2149/426 484/2150/484 469/2151/469
f 470/2152/470 485/2153/485 451/2154/451
f 486/2155/486 487/2156/487 452/2157/452
f 488/2158/488 489/2159/489 490/2160/490
f 413/2161/413 457/2162/457 491/2163/491
f 413/2164/413 491/2165/491 474/2166/474
f 429/2167/429 492/2168/492 430/2169/430
f 493/2170/493 494/2171/494 479/2172/479
f 479/2173/479 494/2174/494 458/2175/458
f 422/2176/422 480/2177/480 495/2178/495
f 424/2179/424 483/2180/483 460/2181/460
f 461/2182/461 496/2183/496 462/2184/462
f 462/2185/462 497/2186/497 463/2187/463
f 463/2188/463 498/2189/498 481/2190/481
f 425/2191/425 499/2192/499 466/2193/466
f 439/2194/439 500/2195/500 403/2196/403
f 403/2197/403 501/2198/501 468/2199/468
f 468/2200/468 484/2201/484 426/2202/426
f 502/2203/502 470/2204/470 469/2205/469
f 451/2206/451 485/2207/485 454/2208/454
f 443/2209/443 503/2210/503 455/2211/455
f 456/2212/456 482/2213/482 504/2214/504
f 456/2215/456 504/2216/504 446/2217/446
f 446/2218/446 504/2219/504 505/2220/505
f 446/2221/446 505/2222/505 457/2223/457
f 429/2224/429 476/2225/476 492/2226/492
f 430/2227/430 492/2228/492 431/2229/431
f 445/2230/445 506/2231/506 477/2232/477
f 454/2233/454 493/2234/493 479/2235/479
f 494/2236/494 507/2237/507 458/2238/458
f 458/2239/458 507/2240/507 480/2241/480
f 495/2242/495 508/2243/508 422/2244/422
f 508/2245/508 459/2246/459 422/2247/422
f 447/2248/447 509/2249/509 423/2250/423
f 423/2251/423 509/2252/509 483/2253/483
f 497/2254/497 498/2255/498 463/2256/463
f 510/2257/510 438/2258/438 448/2259/448
f 439/2260/439 467/2261/467 500/2262/500
f 500/2263/500 501/2264/501 403/2265/403
f 484/2266/484 511/2267/511 469/2268/469
f 502/2269/502 469/2270/469 511/2271/511
f 512/2272/512 513/2273/513 514/2274/514
f 473/2275/473 515/2276/515 476/2277/476
f 455/2278/455 503/2279/503 482/2280/482
f 491/2281/491 516/2282/516 474/2283/474
f 505/2284/505 517/2285/517 457/2286/457
f 457/2287/457 517/2288/517 491/2289/491
f 431/2290/431 492/2291/492 518/2292/518
f 431/2293/431 518/2294/518 519/2295/519
f 431/2296/431 519/2297/519 506/2298/506
f 485/2299/485 493/2300/493 454/2301/454
f 507/2302/507 495/2303/495 480/2304/480
f 520/2305/520 508/2306/508 495/2307/495
f 460/2308/460 521/2309/521 433/2310/433
f 433/2311/433 496/2312/496 461/2313/461
f 496/2314/496 497/2315/497 462/2316/462
f 481/2317/481 498/2318/498 522/2319/522
f 437/2320/437 523/2321/523 448/2322/448
f 448/2323/448 524/2324/524 510/2325/510
f 501/2326/501 525/2327/525 468/2328/468
f 468/2329/468 525/2330/525 484/2331/484
f 487/2332/487 471/2333/471 452/2334/452
f 471/2335/471 515/2336/515 473/2337/473
f 482/2338/482 503/2339/503 526/2340/526
f 482/2341/482 526/2342/526 504/2343/504
f 504/2344/504 527/2345/527 505/2346/505
f 485/2347/485 528/2348/528 493/2349/493
f 459/2350/459 529/2351/529 447/2352/447
f 460/2353/460 530/2354/530 521/2355/521
f 466/2356/466 531/2357/531 436/2358/436
f 436/2359/436 531/2360/531 532/2361/532
f 532/2362/532 523/2363/523 437/2364/437
f 448/2365/448 523/2366/523 524/2367/524
f 484/2368/484 525/2369/525 511/2370/511
f 502/2371/502 533/2372/533 470/2373/470
f 534/2374/534 535/2375/535 536/2376/536
f 487/2377/487 537/2378/537 471/2379/471
f 11/2380/11 538/2381/538 534/2382/534
f 536/2383/536 11/2384/11 534/2385/534
f 513/2386/513 539/2387/539 472/2388/472
f 534/2389/534 538/2390/538 540/2391/540
f 534/2392/534 540/2393/540 535/2394/535
f 472/2395/472 539/2396/539 541/2397/541
f 472/2398/472 541/2399/541 443/2400/443
f 443/2401/443 541/2402/541 503/2403/503
f 540/2404/540 538/2405/538 542/2406/542
f 517/2407/517 505/2408/505 491/2409/491
f 491/2410/491 543/2411/543 516/2412/516
f 506/2413/506 544/2414/544 477/2415/477
f 493/2416/493 528/2417/528 545/2418/545
f 493/2419/493 545/2420/545 494/2421/494
f 494/2422/494 545/2423/545 507/2424/507
f 508/2425/508 529/2426/529 459/2427/459
f 460/2428/460 483/2429/483 530/2430/530
f 497/2431/497 546/2432/546 498/2433/498
f 466/2434/466 547/2435/547 531/2436/531
f 501/2437/501 548/2438/548 549/2439/549
f 501/2440/501 549/2441/549 525/2442/525
f 525/2443/525 533/2444/533 502/2445/502
f 12/2446/12 550/2447/550 10/2448/10
f 11/2449/11 536/2450/536 12/2451/12
f 536/2452/536 551/2453/551 12/2454/12
f 536/2455/536 535/2456/535 551/2457/551
f 535/2458/535 552/2459/552 551/2460/551
f 485/2461/485 553/2462/553 554/2463/554
f 11/2464/11 10/2465/10 538/2466/538
f 513/2467/513 555/2468/555 539/2469/539
f 471/2470/471 537/2471/537 515/2472/515
f 535/2473/535 540/2474/540 556/2475/556
f 535/2476/535 556/2477/556 552/2478/552
f 515/2479/515 557/2480/557 476/2481/476
f 540/2482/540 542/2483/542 556/2484/556
f 558/2485/558 559/2486/559 556/2487/556
f 477/2488/477 560/2489/560 561/2490/561
f 538/2491/538 562/2492/562 542/2493/542
f 542/2494/542 558/2495/558 556/2496/556
f 504/2497/504 526/2498/526 527/2499/527
f 505/2500/505 563/2501/563 491/2502/491
f 491/2503/491 563/2504/563 543/2505/543
f 519/2506/519 518/2507/518 564/2508/564
f 519/2509/519 564/2510/564 506/2511/506
f 506/2512/506 564/2513/564 544/2514/544
f 562/2515/562 565/2516/565 542/2517/542
f 507/2518/507 566/2519/566 495/2520/495
f 495/2521/495 566/2522/566 520/2523/520
f 447/2524/447 567/2525/567 509/2526/509
f 433/2527/433 568/2528/568 496/2529/496
f 496/2530/496 568/2531/568 497/2532/497
f 498/2533/498 569/2534/569 522/2535/522
f 569/2536/569 570/2537/570 522/2538/522
f 438/2539/438 571/2540/571 467/2541/467
f 467/2542/467 572/2543/572 500/2544/500
f 500/2545/500 573/2546/573 501/2547/501
f 501/2548/501 573/2549/573 548/2550/548
f 533/2551/533 485/2552/485 470/2553/470
f 550/2554/550 12/2555/12 574/2556/574
f 12/2557/12 551/2558/551 574/2559/574
f 574/2560/574 551/2561/551 575/2562/575
f 552/2563/552 576/2564/576 575/2565/575
f 487/2566/487 577/2567/577 537/2568/537
f 10/2569/10 578/2570/578 538/2571/538
f 537/2572/537 579/2573/579 515/2574/515
f 578/2575/578 580/2576/580 538/2577/538
f 552/2578/552 581/2579/581 576/2580/576
f 538/2581/538 580/2582/580 562/2583/562
f 552/2584/552 556/2585/556 581/2586/581
f 561/2587/561 560/2588/560 582/2589/582
f 554/2590/554 583/2591/583 485/2592/485
f 556/2593/556 559/2594/559 581/2595/581
f 503/2596/503 541/2597/541 584/2598/584
f 516/2599/516 585/2600/585 586/2601/586
f 485/2602/485 583/2603/583 528/2604/528
f 526/2605/526 584/2606/584 527/2607/527
f 527/2608/527 563/2609/563 505/2610/505
f 542/2611/542 565/2612/565 558/2613/558
f 587/2614/587 588/2615/588 562/2616/562
f 545/2617/545 566/2618/566 507/2619/507
f 566/2620/566 589/2621/589 520/2622/520
f 520/2623/520 590/2624/590 508/2625/508
f 508/2626/508 590/2627/590 529/2628/529
f 509/2629/509 591/2630/591 592/2631/592
f 433/2632/433 521/2633/521 568/2634/568
f 568/2635/568 546/2636/546 497/2637/497
f 546/2638/546 569/2639/569 498/2640/498
f 499/2641/499 547/2642/547 466/2643/466
f 438/2644/438 510/2645/510 571/2646/571
f 550/2647/550 574/2648/574 593/2649/593
f 594/2650/594 595/2651/595 10/2652/10
f 550/2653/550 594/2654/594 10/2655/10
f 10/2656/10 595/2657/595 578/2658/578
f 575/2659/575 596/2660/596 597/2661/597
f 575/2662/575 576/2663/576 596/2664/596
f 596/2665/596 576/2666/576 598/2667/598
f 553/2668/553 599/2669/599 554/2670/554
f 576/2671/576 600/2672/600 598/2673/598
f 601/2674/601 602/2675/602 578/2676/578
f 578/2677/578 602/2678/602 580/2679/580
f 600/2680/600 576/2681/576 603/2682/603
f 515/2683/515 579/2684/579 557/2685/557
f 576/2686/576 581/2687/581 603/2688/603
f 560/2689/560 604/2690/604 582/2691/582
f 559/2692/559 605/2693/605 581/2694/581
f 581/2695/581 605/2696/605 603/2697/603
f 557/2698/557 606/2699/606 492/2700/492
f 584/2701/584 607/2702/607 527/2703/527
f 527/2704/527 607/2705/607 563/2706/563
f 563/2707/563 585/2708/585 543/2709/543
f 492/2710/492 606/2711/606 518/2712/518
f 518/2713/518 606/2714/606 564/2715/564
f 580/2716/580 608/2717/608 562/2718/562
f 583/2719/583 609/2720/609 528/2721/528
f 609/2722/609 610/2723/610 528/2724/528
f 562/2725/562 608/2726/608 587/2727/587
f 562/2728/562 588/2729/588 565/2730/565
f 587/2731/587 611/2732/611 588/2733/588
f 545/2734/545 612/2735/612 566/2736/566
f 589/2737/589 590/2738/590 520/2739/520
f 529/2740/529 567/2741/567 447/2742/447
f 567/2743/567 591/2744/591 509/2745/509
f 509/2746/509 592/2747/592 483/2748/483
f 483/2749/483 592/2750/592 530/2751/530
f 500/2752/500 572/2753/572 573/2754/573
f 9/2755/9 613/2756/613 594/2757/594
f 594/2758/594 613/2759/613 595/2760/595
f 485/2761/485 614/2762/614 553/2763/553
f 595/2764/595 615/2765/615 578/2766/578
f 616/2767/616 617/2768/617 618/2769/618
f 597/2770/597 596/2771/596 619/2772/619
f 596/2773/596 598/2774/598 619/2775/619
f 598/2776/598 620/2777/620 619/2778/619
f 621/2779/621 622/2780/622 623/2781/623
f 578/2782/578 615/2783/615 601/2784/601
f 598/2785/598 624/2786/624 620/2787/620
f 620/2788/620 624/2789/624 555/2790/555
f 555/2791/555 624/2792/624 539/2793/539
f 625/2794/625 626/2795/626 627/2796/627
f 626/2797/626 628/2798/628 627/2799/627
f 628/2800/628 629/2801/629 627/2802/627
f 630/2803/630 631/2804/631 632/2805/632
f 632/2806/632 631/2807/631 554/2808/554
f 632/2809/632 554/2810/554 599/2811/599
f 598/2812/598 600/2813/600 624/2814/624
f 633/2815/633 634/2816/634 635/2817/635
f 635/2818/635 634/2819/634 636/2820/636
f 637/2821/637 537/2822/537 577/2823/577
f 629/2824/629 628/2825/628 638/2826/638
f 629/2827/629 638/2828/638 630/2829/630
f 630/2830/630 638/2831/638 631/2832/631
f 639/2833/639 640/2834/640 634/2835/634
f 634/2836/634 640/2837/640 636/2838/636
f 636/2839/636 640/2840/640 641/2841/641
f 641/2842/641 642/2843/642 643/2844/643
f 642/2845/642 644/2846/644 637/2847/637
f 642/2848/642 637/2849/637 643/2850/643
f 637/2851/637 579/2852/579 537/2853/537
f 626/2854/626 645/2855/645 628/2856/628
f 645/2857/645 646/2858/646 628/2859/628
f 628/2860/628 646/2861/646 638/2862/638
f 638/2863/638 646/2864/646 647/2865/647
f 638/2866/638 647/2867/647 631/2868/631
f 554/2869/554 631/2870/631 583/2871/583
f 603/2872/603 648/2873/648 600/2874/600
f 600/2875/600 648/2876/648 624/2877/624
f 624/2878/624 648/2879/648 649/2880/649
f 624/2881/624 649/2882/649 539/2883/539
f 539/2884/539 649/2885/649 541/2886/541
f 586/2887/586 640/2888/640 639/2889/639
f 586/2890/586 650/2891/650 640/2892/640
f 642/2893/642 641/2894/641 651/2895/651
f 642/2896/642 651/2897/651 644/2898/644
f 637/2899/637 652/2900/652 579/2901/579
f 645/2902/645 653/2903/653 646/2904/646
f 653/2905/653 654/2906/654 646/2907/646
f 654/2908/654 655/2909/655 646/2910/646
f 655/2911/655 656/2912/656 646/2913/646
f 646/2914/646 656/2915/656 647/2916/647
f 647/2917/647 656/2918/656 631/2919/631
f 631/2920/631 656/2921/656 583/2922/583
f 602/2923/602 657/2924/657 580/2925/580
f 645/2926/645 604/2927/604 653/2928/653
f 603/2929/603 658/2930/658 648/2931/648
f 648/2932/648 658/2933/658 649/2934/649
f 603/2935/603 605/2936/605 658/2937/658
f 563/2938/563 607/2939/607 659/2940/659
f 563/2941/563 659/2942/659 585/2943/585
f 558/2944/558 660/2945/660 559/2946/559
f 559/2947/559 660/2948/660 605/2949/605
f 565/2950/565 588/2951/588 660/2952/660
f 588/2953/588 661/2954/661 660/2955/660
f 545/2956/545 528/2957/528 612/2958/612
f 510/2959/510 662/2960/662 571/2961/571
f 7/2962/7 9/2963/9 594/2964/594
f 593/2965/593 7/2966/7 594/2967/594
f 595/2968/595 613/2969/613 663/2970/663
f 617/2971/617 664/2972/664 665/2973/665
f 597/2974/597 666/2975/666 667/2976/667
f 614/2977/614 668/2978/668 553/2979/553
f 595/2980/595 663/2981/663 615/2982/615
f 669/2983/669 670/2984/670 671/2985/671
f 666/2986/666 619/2987/619 672/2988/672
f 553/2989/553 668/2990/668 599/2991/599
f 672/2992/672 620/2993/620 622/2994/622
f 620/2995/620 555/2996/555 622/2997/622
f 555/2998/555 623/2999/623 622/3000/622
f 673/3001/673 674/3002/674 675/3003/675
f 673/3004/673 675/3005/675 676/3006/676
f 676/3007/676 675/3008/675 677/3009/677
f 677/3010/677 678/3011/678 679/3012/679
f 679/3013/679 678/3014/678 680/3015/680
f 678/3016/678 681/3017/681 680/3018/680
f 682/3019/682 625/3020/625 683/3021/683
f 683/3022/683 625/3023/625 627/3024/627
f 683/3025/683 627/3026/627 684/3027/684
f 627/3028/627 685/3029/685 684/3030/684
f 684/3031/684 685/3032/685 686/3033/686
f 685/3034/685 632/3035/632 686/3036/686
f 686/3037/686 632/3038/632 668/3039/668
f 668/3040/668 632/3041/632 599/3042/599
f 674/3043/674 635/3044/635 675/3045/675
f 675/3046/675 635/3047/635 687/3048/687
f 675/3049/675 687/3050/687 677/3051/677
f 677/3052/677 687/3053/687 678/3054/678
f 678/3055/678 687/3056/687 688/3057/688
f 678/3058/678 688/3059/688 577/3060/577
f 678/3061/678 577/3062/577 681/3063/681
f 627/3064/627 629/3065/629 685/3066/685
f 685/3067/685 629/3068/629 630/3069/630
f 630/3070/630 632/3071/632 685/3072/685
f 633/3073/633 635/3074/635 674/3075/674
f 635/3076/635 641/3077/641 687/3078/687
f 687/3079/687 641/3080/641 643/3081/643
f 687/3082/687 643/3083/643 688/3084/688
f 688/3085/688 637/3086/637 577/3087/577
f 640/3088/640 650/3089/650 641/3090/641
f 644/3091/644 689/3092/689 637/3093/637
f 637/3094/637 689/3095/689 652/3096/652
f 650/3097/650 690/3098/690 641/3099/641
f 641/3100/641 690/3101/690 651/3102/651
f 579/3103/579 652/3104/652 557/3105/557
f 541/3106/541 649/3107/649 584/3108/584
f 651/3109/651 691/3110/691 644/3111/644
f 644/3112/644 691/3113/691 689/3114/689
f 689/3115/689 691/3116/691 692/3117/692
f 689/3118/689 692/3119/692 652/3120/652
f 692/3121/692 693/3122/693 652/3123/652
f 652/3124/652 693/3125/693 557/3126/557
f 653/3127/653 655/3128/655 654/3129/654
f 655/3130/655 694/3131/694 656/3132/656
f 694/3133/694 609/3134/609 583/3135/583
f 656/3136/656 694/3137/694 583/3138/583
f 658/3139/658 695/3140/695 649/3141/649
f 649/3142/649 695/3143/695 584/3144/584
f 586/3145/586 585/3146/585 696/3147/696
f 586/3148/586 696/3149/696 650/3150/650
f 650/3151/650 696/3152/696 697/3153/697
f 650/3154/650 697/3155/697 690/3156/690
f 697/3157/697 651/3158/651 690/3159/690
f 697/3160/697 698/3161/698 651/3162/651
f 651/3163/651 698/3164/698 691/3165/691
f 691/3166/691 698/3167/698 699/3168/699
f 691/3169/691 699/3170/699 692/3171/692
f 699/3172/699 700/3173/700 692/3174/692
f 700/3175/700 693/3176/693 692/3177/692
f 693/3178/693 606/3179/606 557/3180/557
f 606/3181/606 701/3182/701 564/3183/564
f 564/3184/564 701/3185/701 544/3186/544
f 544/3187/544 702/3188/702 560/3189/560
f 560/3190/560 702/3191/702 604/3192/604
f 604/3193/604 702/3194/702 653/3195/653
f 653/3196/653 702/3197/702 703/3198/703
f 653/3199/653 703/3200/703 655/3201/655
f 655/3202/655 703/3203/703 704/3204/704
f 655/3205/655 704/3206/704 694/3207/694
f 704/3208/704 609/3209/609 694/3210/694
f 657/3211/657 705/3212/705 580/3213/580
f 605/3214/605 706/3215/706 658/3216/658
f 658/3217/658 706/3218/706 695/3219/695
f 706/3220/706 707/3221/707 695/3222/695
f 580/3223/580 705/3224/705 608/3225/608
f 605/3226/605 708/3227/708 706/3228/706
f 661/3229/661 709/3230/709 660/3231/660
f 587/3232/587 710/3233/710 611/3234/611
f 588/3235/588 711/3236/711 661/3237/661
f 611/3238/611 710/3239/710 712/3240/712
f 588/3241/588 611/3242/611 711/3243/711
f 611/3244/611 712/3245/712 711/3246/711
f 529/3247/529 713/3248/713 567/3249/567
f 568/3250/568 714/3251/714 546/3252/546
f 714/3253/714 715/3254/715 546/3255/546
f 546/3256/546 715/3257/715 569/3258/569
f 569/3259/569 716/3260/716 570/3261/570
f 524/3262/524 717/3263/717 510/3264/510
f 573/3265/573 718/3266/718 548/3267/548
f 548/3268/548 719/3269/719 549/3270/549
f 533/3271/533 720/3272/720 721/3273/721
f 533/3274/533 721/3275/721 485/3276/485
f 593/3277/593 722/3278/722 723/3279/723
f 7/3280/7 593/3281/593 723/3282/723
f 721/3283/721 724/3284/724 485/3285/485
f 9/3286/9 725/3287/725 613/3288/613
f 485/3289/485 724/3290/724 614/3291/614
f 726/3292/726 727/3293/727 728/3294/728
f 726/3295/726 728/3296/728 729/3297/729
f 726/3298/726 729/3299/729 664/3300/664
f 667/3301/667 730/3302/730 723/3303/723
f 731/3304/731 732/3305/732 726/3306/726
f 622/3307/622 733/3308/733 734/3309/734
f 734/3310/734 733/3311/733 673/3312/673
f 734/3313/734 673/3314/673 735/3315/735
f 735/3316/735 676/3317/676 736/3318/736
f 676/3319/676 737/3320/737 736/3321/736
f 736/3322/736 737/3323/737 738/3324/738
f 739/3325/739 686/3326/686 740/3327/740
f 686/3328/686 741/3329/741 740/3330/740
f 614/3331/614 741/3332/741 668/3333/668
f 742/3334/742 743/3335/743 744/3336/744
f 673/3337/673 676/3338/676 735/3339/735
f 737/3340/737 679/3341/679 745/3342/745
f 745/3343/745 679/3344/679 746/3345/746
f 679/3346/679 680/3347/680 746/3348/746
f 747/3349/747 680/3350/680 748/3351/748
f 747/3352/747 748/3353/748 682/3354/682
f 747/3355/747 682/3356/682 749/3357/749
f 749/3358/749 682/3359/682 683/3360/683
f 749/3361/749 683/3362/683 739/3363/739
f 739/3364/739 683/3365/683 684/3366/684
f 741/3367/741 686/3368/686 668/3369/668
f 744/3370/744 750/3371/750 751/3372/751
f 584/3373/584 695/3374/695 607/3375/607
f 695/3376/695 752/3377/752 607/3378/607
f 607/3379/607 752/3380/752 659/3381/659
f 659/3382/659 752/3383/752 585/3384/585
f 585/3385/585 752/3386/752 753/3387/753
f 585/3388/585 753/3389/753 696/3390/696
f 753/3391/753 754/3392/754 696/3393/696
f 696/3394/696 754/3395/754 755/3396/755
f 696/3397/696 755/3398/755 697/3399/697
f 755/3400/755 698/3401/698 697/3402/697
f 755/3403/755 756/3404/756 698/3405/698
f 756/3406/756 757/3407/757 698/3408/698
f 698/3409/698 757/3410/757 758/3411/758
f 698/3412/698 758/3413/758 699/3414/699
f 758/3415/758 759/3416/759 699/3417/699
f 699/3418/699 759/3419/759 700/3420/700
f 759/3421/759 760/3422/760 700/3423/700
f 693/3424/693 700/3425/700 701/3426/701
f 700/3427/700 760/3428/760 701/3429/701
f 693/3430/693 701/3431/701 606/3432/606
f 701/3433/701 760/3434/760 761/3435/761
f 544/3436/544 701/3437/701 702/3438/702
f 702/3439/702 701/3440/701 703/3441/703
f 701/3442/701 762/3443/762 703/3444/703
f 701/3445/701 761/3446/761 762/3447/762
f 703/3448/703 762/3449/762 704/3450/704
f 762/3451/762 763/3452/763 704/3453/704
f 763/3454/763 762/3455/762 764/3456/764
f 704/3457/704 763/3458/763 609/3459/609
f 764/3460/764 610/3461/610 763/3462/763
f 609/3463/609 763/3464/763 610/3465/610
f 706/3466/706 765/3467/765 707/3468/707
f 765/3469/765 766/3470/766 707/3471/707
f 766/3472/766 752/3473/752 707/3474/707
f 695/3475/695 707/3476/707 752/3477/752
f 660/3478/660 709/3479/709 708/3480/708
f 610/3481/610 767/3482/767 528/3483/528
f 566/3484/566 768/3485/768 589/3486/589
f 589/3487/589 768/3488/768 590/3489/590
f 590/3490/590 769/3491/769 529/3492/529
f 769/3493/769 713/3494/713 529/3495/529
f 592/3496/592 770/3497/770 530/3498/530
f 530/3499/530 770/3500/770 521/3501/521
f 521/3502/521 771/3503/771 568/3504/568
f 715/3505/715 716/3506/716 569/3507/569
f 772/3508/772 773/3509/773 774/3510/774
f 773/3511/773 775/3512/775 774/3513/774
f 775/3514/775 776/3515/776 774/3516/774
f 773/3517/773 777/3518/777 775/3519/775
f 773/3520/773 772/3521/772 777/3522/777
f 775/3523/775 778/3524/778 776/3525/776
f 778/3526/778 779/3527/779 776/3528/776
f 775/3529/775 780/3530/780 778/3531/778
f 775/3532/775 777/3533/777 780/3534/780
f 523/3535/523 781/3536/781 524/3537/524
f 780/3538/780 782/3539/782 778/3540/778
f 778/3541/778 782/3542/782 779/3543/779
f 780/3544/780 783/3545/783 782/3546/782
f 782/3547/782 784/3548/784 779/3549/779
f 782/3550/782 783/3551/783 785/3552/785
f 782/3553/782 785/3554/785 784/3555/784
f 783/3556/783 786/3557/786 785/3558/785
f 785/3559/785 787/3560/787 784/3561/784
f 786/3562/786 788/3563/788 785/3564/785
f 785/3565/785 788/3566/788 787/3567/787
f 787/3568/787 788/3569/788 789/3570/789
f 787/3571/787 789/3572/789 790/3573/790
f 788/3574/788 791/3575/791 789/3576/789
f 791/3577/791 792/3578/792 789/3579/789
f 789/3580/789 792/3581/792 790/3582/790
f 548/3583/548 718/3584/718 719/3585/719
f 791/3586/791 793/3587/793 792/3588/792
f 719/3589/719 720/3590/720 549/3591/549
f 792/3592/792 793/3593/793 794/3594/794
f 794/3595/794 795/3596/795 792/3597/792
f 794/3598/794 796/3599/796 795/3600/795
f 721/3601/721 797/3602/797 724/3603/724
f 725/3604/725 798/3605/798 613/3606/613
f 726/3607/726 732/3608/732 727/3609/727
f 799/3610/799 800/3611/800 796/3612/796
f 614/3613/614 724/3614/724 801/3615/801
f 613/3616/613 798/3617/798 663/3618/663
f 664/3619/664 729/3620/729 743/3621/743
f 614/3622/614 801/3623/801 741/3624/741
f 743/3625/743 802/3626/802 744/3627/744
f 744/3628/744 802/3629/802 803/3630/803
f 744/3631/744 803/3632/803 750/3633/750
f 800/3634/800 738/3635/738 745/3636/745
f 804/3637/804 747/3638/747 749/3639/749
f 751/3640/751 750/3641/750 805/3642/805
f 806/3643/806 805/3644/805 807/3645/807
f 766/3646/766 808/3647/808 752/3648/752
f 752/3649/752 808/3650/808 753/3651/753
f 753/3652/753 808/3653/808 754/3654/754
f 808/3655/808 809/3656/809 754/3657/754
f 754/3658/754 809/3659/809 755/3660/755
f 809/3661/809 810/3662/810 755/3663/755
f 755/3664/755 810/3665/810 756/3666/756
f 810/3667/810 811/3668/811 756/3669/756
f 756/3670/756 811/3671/811 757/3672/757
f 757/3673/757 812/3674/812 758/3675/758
f 758/3676/758 812/3677/812 813/3678/813
f 758/3679/758 813/3680/813 759/3681/759
f 759/3682/759 813/3683/813 760/3684/760
f 761/3685/761 760/3686/760 814/3687/814
f 761/3688/761 814/3689/814 815/3690/815
f 761/3691/761 815/3692/815 762/3693/762
f 815/3694/815 816/3695/816 762/3696/762
f 816/3697/816 817/3698/817 762/3699/762
f 762/3700/762 817/3701/817 764/3702/764
f 764/3703/764 817/3704/817 818/3705/818
f 764/3706/764 818/3707/818 610/3708/610
f 818/3709/818 819/3710/819 610/3711/610
f 709/3712/709 820/3713/820 765/3714/765
f 708/3715/708 709/3716/709 765/3717/765
f 765/3718/765 820/3719/820 766/3720/766
f 608/3721/608 705/3722/705 821/3723/821
f 608/3724/608 821/3725/821 587/3726/587
f 661/3727/661 822/3728/822 709/3729/709
f 822/3730/822 823/3731/823 709/3732/709
f 587/3733/587 821/3734/821 710/3735/710
f 824/3736/824 822/3737/822 711/3738/711
f 710/3739/710 825/3740/825 712/3741/712
f 825/3742/825 824/3743/824 711/3744/711
f 712/3745/712 825/3746/825 711/3747/711
f 826/3748/826 827/3749/827 828/3750/828
f 826/3751/826 829/3752/829 827/3753/827
f 829/3754/829 830/3755/830 831/3756/831
f 832/3757/832 768/3758/768 566/3759/566
f 612/3760/612 832/3761/832 566/3762/566
f 833/3763/833 834/3764/834 829/3765/829
f 831/3766/831 833/3767/833 829/3768/829
f 829/3769/829 834/3770/834 835/3771/835
f 768/3772/768 769/3773/769 590/3774/590
f 834/3775/834 836/3776/836 835/3777/835
f 833/3778/833 837/3779/837 834/3780/834
f 834/3781/834 838/3782/838 836/3783/836
f 837/3784/837 839/3785/839 834/3786/834
f 840/3787/840 839/3788/839 837/3789/837
f 839/3790/839 841/3791/841 834/3792/834
f 834/3793/834 841/3794/841 838/3795/838
f 840/3796/840 842/3797/842 839/3798/839
f 842/3799/842 843/3800/843 839/3801/839
f 839/3802/839 843/3803/843 844/3804/844
f 567/3805/567 845/3806/845 591/3807/591
f 843/3808/843 846/3809/846 844/3810/844
f 842/3811/842 847/3812/847 843/3813/843
f 843/3814/843 848/3815/848 849/3816/849
f 843/3817/843 849/3818/849 846/3819/846
f 848/3820/848 850/3821/850 849/3822/849
f 850/3823/850 851/3824/851 849/3825/849
f 851/3826/851 852/3827/852 849/3828/849
f 568/3829/568 771/3830/771 714/3831/714
f 547/3832/547 853/3833/853 531/3834/531
f 774/3835/774 854/3836/854 855/3837/855
f 774/3838/774 776/3839/776 854/3840/854
f 856/3841/856 857/3842/857 772/3843/772
f 532/3844/532 858/3845/858 781/3846/781
f 857/3847/857 777/3848/777 772/3849/772
f 532/3850/532 781/3851/781 523/3852/523
f 854/3853/854 779/3854/779 859/3855/859
f 779/3856/779 860/3857/860 859/3858/859
f 857/3859/857 861/3860/861 777/3861/777
f 861/3862/861 780/3863/780 777/3864/777
f 779/3865/779 862/3866/862 860/3867/860
f 779/3868/779 784/3869/784 862/3870/862
f 861/3871/861 863/3872/863 780/3873/780
f 780/3874/780 863/3875/863 783/3876/783
f 861/3877/861 864/3878/864 863/3879/863
f 862/3880/862 784/3881/784 865/3882/865
f 863/3883/863 866/3884/866 783/3885/783
f 866/3886/866 786/3887/786 783/3888/783
f 865/3889/865 784/3890/784 867/3891/867
f 510/3892/510 717/3893/717 662/3894/662
f 784/3895/784 868/3896/868 867/3897/867
f 866/3898/866 869/3899/869 786/3900/786
f 786/3901/786 869/3902/869 788/3903/788
f 868/3904/868 790/3905/790 870/3906/870
f 869/3907/869 791/3908/791 788/3909/788
f 869/3910/869 871/3911/871 791/3912/791
f 790/3913/790 872/3914/872 870/3915/870
f 790/3916/790 792/3917/792 872/3918/872
f 791/3919/791 871/3920/871 793/3921/793
f 871/3922/871 873/3923/873 793/3924/793
f 871/3925/871 874/3926/874 873/3927/873
f 793/3928/793 873/3929/873 794/3930/794
f 873/3931/873 874/3932/874 875/3933/875
f 792/3934/792 795/3935/795 872/3936/872
f 795/3937/795 876/3938/876 872/3939/872
f 875/3940/875 877/3941/877 873/3942/873
f 873/3943/873 877/3944/877 794/3945/794
f 794/3946/794 877/3947/877 796/3948/796
f 8/3949/8 878/3950/878 9/3951/9
f 877/3952/877 879/3953/879 796/3954/796
f 795/3955/795 796/3956/796 876/3957/876
f 796/3958/796 800/3959/800 876/3960/876
f 727/3961/727 880/3962/880 728/3963/728
f 728/3964/728 880/3965/880 729/3966/729
f 877/3967/877 881/3968/881 879/3969/879
f 798/3970/798 882/3971/882 732/3972/732
f 883/3973/883 884/3974/884 885/3975/885
f 881/3976/881 886/3977/886 879/3978/879
f 879/3979/879 799/3980/799 796/3981/796
f 879/3982/879 886/3983/886 799/3984/799
f 803/3985/803 887/3986/887 805/3987/805
f 805/3988/805 887/3989/887 888/3990/888
f 889/3991/889 890/3992/890 891/3993/891
f 890/3994/890 892/3995/892 891/3996/891
f 820/3997/820 893/3998/893 766/3999/766
f 766/4000/766 893/4001/893 808/4002/808
f 893/4003/893 809/4004/809 808/4005/808
f 809/4006/809 894/4007/894 810/4008/810
f 895/4009/895 811/4010/811 810/4011/810
f 811/4012/811 896/4013/896 757/4014/757
f 757/4015/757 896/4016/896 812/4017/812
f 812/4018/812 897/4019/897 813/4020/813
f 813/4021/813 898/4022/898 814/4023/814
f 813/4024/813 814/4025/814 760/4026/760
f 814/4027/814 899/4028/899 815/4029/815
f 815/4030/815 899/4031/899 816/4032/816
f 899/4033/899 900/4034/900 816/4035/816
f 816/4036/816 900/4037/900 817/4038/817
f 817/4039/817 900/4040/900 818/4041/818
f 705/4042/705 901/4043/901 821/4044/821
f 709/4045/709 823/4046/823 820/4047/820
f 820/4048/820 823/4049/823 902/4050/902
f 903/4051/903 897/4052/897 896/4053/896
f 904/4054/904 823/4055/823 822/4056/822
f 905/4057/905 906/4058/906 895/4059/895
f 906/4060/906 828/4061/828 895/4062/895
f 895/4063/895 828/4064/828 811/4065/811
f 828/4066/828 896/4067/896 811/4068/811
f 610/4069/610 819/4070/819 767/4071/767
f 824/4072/824 904/4073/904 822/4074/822
f 906/4075/906 826/4076/826 828/4077/828
f 828/4078/828 903/4079/903 896/4080/896
f 710/4081/710 907/4082/907 825/4083/825
f 830/4084/830 826/4085/826 906/4086/906
f 905/4087/905 830/4088/830 906/4089/906
f 908/4090/908 905/4091/905 909/4092/909
f 827/4093/827 903/4094/903 828/4095/828
f 908/4096/908 830/4097/830 905/4098/905
f 827/4099/827 910/4100/910 903/4101/903
f 830/4102/830 829/4103/829 826/4104/826
f 911/4105/911 830/4106/830 908/4107/908
f 911/4108/911 908/4109/908 912/4110/912
f 829/4111/829 913/4112/913 827/4113/827
f 827/4114/827 913/4115/913 914/4116/914
f 827/4117/827 914/4118/914 910/4119/910
f 911/4120/911 831/4121/831 830/4122/830
f 911/4123/911 912/4124/912 915/4125/915
f 911/4126/911 833/4127/833 831/4128/831
f 913/4129/913 916/4130/916 914/4131/914
f 911/4132/911 917/4133/917 833/4134/833
f 911/4135/911 915/4136/915 917/4137/917
f 913/4138/913 835/4139/835 916/4140/916
f 835/4141/835 836/4142/836 916/4143/916
f 918/4144/918 833/4145/833 917/4146/917
f 918/4147/918 837/4148/837 833/4149/833
f 918/4150/918 919/4151/919 837/4152/837
f 838/4153/838 920/4154/920 921/4155/921
f 838/4156/838 921/4157/921 836/4158/836
f 919/4159/919 922/4160/922 837/4161/837
f 922/4162/922 919/4163/919 923/4164/923
f 922/4165/922 840/4166/840 837/4167/837
f 841/4168/841 924/4169/924 838/4170/838
f 838/4171/838 924/4172/924 920/4173/920
f 924/4174/924 925/4175/925 920/4176/920
f 926/4177/926 842/4178/842 922/4179/922
f 922/4180/922 842/4181/842 840/4182/840
f 926/4183/926 847/4184/847 842/4185/842
f 844/4186/844 927/4187/927 841/4188/841
f 841/4189/841 927/4190/927 924/4191/924
f 926/4192/926 928/4193/928 848/4194/848
f 926/4195/926 848/4196/848 847/4197/847
f 844/4198/844 846/4199/846 927/4200/927
f 846/4201/846 929/4202/929 927/4203/927
f 928/4204/928 930/4205/930 848/4206/848
f 928/4207/928 931/4208/931 930/4209/930
f 930/4210/930 931/4211/931 932/4212/932
f 846/4213/846 933/4214/933 929/4215/929
f 930/4216/930 850/4217/850 848/4218/848
f 932/4219/932 850/4220/850 930/4221/930
f 849/4222/849 852/4223/852 933/4224/933
f 852/4225/852 929/4226/929 933/4227/933
f 932/4228/932 934/4229/934 851/4230/851
f 932/4231/932 851/4232/851 850/4233/850
f 934/4234/934 935/4235/935 851/4236/851
f 851/4237/851 936/4238/936 852/4239/852
f 934/4240/934 937/4241/937 935/4242/935
f 935/4243/935 936/4244/936 851/4245/851
f 936/4246/936 938/4247/938 852/4248/852
f 939/4249/939 940/4250/940 934/4251/934
f 934/4252/934 940/4253/940 937/4254/937
f 937/4255/937 941/4256/941 935/4257/935
f 935/4258/935 941/4259/941 936/4260/936
f 941/4261/941 942/4262/942 936/4263/936
f 936/4264/936 942/4265/942 938/4266/938
f 942/4267/942 943/4268/943 938/4269/938
f 937/4270/937 940/4271/940 941/4272/941
f 939/4273/939 944/4274/944 940/4275/940
f 939/4276/939 945/4277/945 944/4278/944
f 940/4279/940 944/4280/944 941/4281/941
f 944/4282/944 945/4283/945 946/4284/946
f 941/4285/941 944/4286/944 946/4287/946
f 941/4288/941 946/4289/946 942/4290/942
f 521/4291/521 947/4292/947 771/4293/771
f 948/4294/948 949/4295/949 950/4296/950
f 531/4297/531 858/4298/858 532/4299/532
f 857/4300/857 856/4301/856 951/4302/951
f 781/4303/781 952/4304/952 524/4305/524
f 859/4306/859 860/4307/860 953/4308/953
f 951/4309/951 954/4310/954 861/4311/861
f 857/4312/857 951/4313/951 861/4314/861
f 861/4315/861 954/4316/954 864/4317/864
f 863/4318/863 864/4319/864 866/4320/866
f 864/4321/864 955/4322/955 866/4323/866
f 866/4324/866 955/4325/955 869/4326/869
f 869/4327/869 955/4328/955 956/4329/956
f 956/4330/956 871/4331/871 869/4332/869
f 871/4333/871 956/4334/956 874/4335/874
f 874/4336/874 957/4337/957 875/4338/875
f 8/4339/8 958/4340/958 878/4341/878
f 9/4342/9 878/4343/878 959/4344/959
f 9/4345/9 959/4346/959 725/4347/725
f 875/4348/875 881/4349/881 877/4350/877
f 875/4351/875 957/4352/957 881/4353/881
f 725/4354/725 959/4355/959 798/4356/798
f 882/4357/882 960/4358/960 727/4359/727
f 727/4360/727 960/4361/960 880/4362/880
f 880/4363/880 961/4364/961 729/4365/729
f 961/4366/961 962/4367/962 729/4368/729
f 729/4369/729 962/4370/962 963/4371/963
f 964/4372/964 965/4373/965 802/4374/802
f 802/4375/802 965/4376/965 803/4377/803
f 803/4378/803 965/4379/965 887/4380/887
f 965/4381/965 966/4382/966 887/4383/887
f 887/4384/887 967/4385/967 888/4386/888
f 888/4387/888 967/4388/967 968/4389/968
f 968/4390/968 5/4391/5 969/4392/969
f 969/4393/969 970/4394/970 890/4395/890
f 892/4396/892 890/4397/890 971/4398/971
f 892/4399/892 971/4400/971 972/4401/972
f 893/4402/893 973/4403/973 809/4404/809
f 809/4405/809 973/4406/973 894/4407/894
f 974/4408/974 895/4409/895 810/4410/810
f 813/4411/813 897/4412/897 898/4413/898
f 814/4414/814 898/4415/898 975/4416/975
f 814/4417/814 975/4418/975 899/4419/899
f 900/4420/900 819/4421/819 818/4422/818
f 901/4423/901 976/4424/976 821/4425/821
f 820/4426/820 902/4427/902 893/4428/893
f 896/4429/896 897/4430/897 812/4431/812
f 974/4432/974 977/4433/977 909/4434/909
f 909/4435/909 977/4436/977 908/4437/908
f 978/4438/978 979/4439/979 903/4440/903
f 908/4441/908 977/4442/977 912/4443/912
f 916/4444/916 980/4445/980 914/4446/914
f 915/4447/915 981/4448/981 917/4449/917
f 915/4450/915 982/4451/982 981/4452/981
f 768/4453/768 983/4454/983 769/4455/769
f 981/4456/981 919/4457/919 918/4458/918
f 713/4459/713 769/4460/769 984/4461/984
f 919/4462/919 981/4463/981 923/4464/923
f 923/4465/923 985/4466/985 922/4467/922
f 924/4468/924 986/4469/986 925/4470/925
f 985/4471/985 987/4472/987 926/4473/926
f 987/4474/987 928/4475/928 926/4476/926
f 924/4477/924 927/4478/927 986/4479/986
f 928/4480/928 987/4481/987 931/4482/931
f 931/4483/931 988/4484/988 932/4485/932
f 988/4486/988 934/4487/934 932/4488/932
f 852/4489/852 989/4490/989 929/4491/929
f 852/4492/852 943/4493/943 989/4494/989
f 990/4495/990 991/4496/991 939/4497/939
f 990/4498/990 939/4499/939 934/4500/934
f 990/4501/990 992/4502/992 991/4503/991
f 991/4504/991 945/4505/945 939/4506/939
f 770/4507/770 993/4508/993 521/4509/521
f 942/4510/942 994/4511/994 943/4512/943
f 521/4513/521 993/4514/993 947/4515/947
f 771/4516/771 947/4517/947 714/4518/714
f 856/4519/856 995/4520/995 996/4521/996
f 856/4522/856 996/4523/996 951/4524/951
f 524/4525/524 952/4526/952 717/4527/717
f 864/4528/864 997/4529/997 955/4530/955
f 662/4531/662 998/4532/998 571/4533/571
f 571/4534/571 998/4535/998 572/4536/572
f 572/4537/572 999/4538/999 573/4539/573
f 573/4540/573 999/4541/999 1000/4542/1000
f 573/4543/573 1000/4544/1000 718/4545/718
f 718/4546/718 1000/4547/1000 719/4548/719
f 1001/4549/1001 1002/4550/1002 720/4551/720
f 720/4552/720 1002/4553/1002 721/4554/721
f 874/4555/874 1003/4556/1003 957/4557/957
f 960/4558/960 1004/4559/1004 880/4560/880
f 880/4561/880 1005/4562/1005 961/4563/961
f 957/4564/957 1006/4565/1006 881/4566/881
f 959/4567/959 1007/4568/1007 882/4569/882
f 798/4570/798 959/4571/959 882/4572/882
f 882/4573/882 1007/4574/1007 960/4575/960
f 962/4576/962 1008/4577/1008 963/4578/963
f 963/4579/963 1008/4580/1008 964/4581/964
f 964/4582/964 1009/4583/1009 965/4584/965
f 965/4585/965 1009/4586/1009 966/4587/966
f 1009/4588/1009 1010/4589/1010 966/4590/966
f 966/4591/966 1010/4592/1010 967/4593/967
f 967/4594/967 1/4595/1 968/4596/968
f 968/4597/968 1/4598/1 3/4599/3
f 970/4600/970 1011/4601/1011 890/4602/890
f 890/4603/890 1011/4604/1011 971/4605/971
f 971/4606/971 1012/4607/1012 972/4608/972
f 1013/4609/1013 973/4610/973 893/4611/893
f 973/4612/973 1014/4613/1014 894/4614/894
f 894/4615/894 1015/4616/1015 974/4617/974
f 1016/4618/1016 1017/4619/1017 898/4620/898
f 897/4621/897 1016/4622/1016 898/4623/898
f 1017/4624/1017 975/4625/975 898/4626/898
f 975/4627/975 1018/4628/1018 899/4629/899
f 899/4630/899 1018/4631/1018 1019/4632/1019
f 899/4633/899 1019/4634/1019 900/4635/900
f 1019/4636/1019 1020/4637/1020 900/4638/900
f 1020/4639/1020 1021/4640/1021 900/4641/900
f 900/4642/900 1021/4643/1021 819/4644/819
f 893/4645/893 902/4646/902 1022/4647/1022
f 904/4648/904 1023/4649/1023 823/4650/823
f 821/4651/821 907/4652/907 710/4653/710
f 824/4654/824 1023/4655/1023 904/4656/904
f 974/4657/974 1024/4658/1024 977/4659/977
f 825/4660/825 1025/4661/1025 824/4662/824
f 907/4663/907 1026/4664/1026 825/4665/825
f 1026/4666/1026 1025/4667/1025 825/4668/825
f 528/4669/528 767/4670/767 612/4671/612
f 912/4672/912 982/4673/982 915/4674/915
f 832/4675/832 1027/4676/1027 768/4677/768
f 768/4678/768 1027/4679/1027 983/4680/983
f 983/4681/983 1028/4682/1028 769/4683/769
f 769/4684/769 1028/4685/1028 984/4686/984
f 713/4687/713 984/4688/984 567/4689/567
f 567/4690/567 984/4691/984 845/4692/845
f 591/4693/591 845/4694/845 592/4695/592
f 992/4696/992 990/4697/990 1029/4698/1029
f 991/4699/991 1030/4700/1030 945/4701/945
f 945/4702/945 1031/4703/1031 946/4704/946
f 947/4705/947 1032/4706/1032 714/4707/714
f 714/4708/714 1032/4709/1032 715/4710/715
f 1032/4711/1032 1033/4712/1033 715/4713/715
f 715/4714/715 1033/4715/1033 716/4716/716
f 716/4717/716 1033/4718/1033 570/4719/570
f 570/4720/570 1033/4721/1033 1034/4722/1034
f 853/4723/853 1035/4724/1035 531/4725/531
f 1036/4726/1036 953/4727/953 1037/4728/1037
f 951/4729/951 996/4730/996 1038/4731/1038
f 951/4732/951 1038/4733/1038 954/4734/954
f 1039/4735/1039 1040/4736/1040 1041/4737/1041
f 954/4738/954 1038/4739/1038 864/4740/864
f 1038/4741/1038 1042/4742/1042 864/4743/864
f 1043/4744/1043 1044/4745/1044 1045/4746/1045
f 864/4747/864 1042/4748/1042 997/4749/997
f 1046/4750/1046 1047/4751/1047 1045/4752/1045
f 955/4753/955 997/4754/997 1048/4755/1048
f 572/4756/572 998/4757/998 999/4758/999
f 1049/4759/1049 1050/4760/1050 1047/4761/1047
f 955/4762/955 1048/4763/1048 956/4764/956
f 1048/4765/1048 1003/4766/1003 956/4767/956
f 719/4768/719 1000/4769/1000 1051/4770/1051
f 1003/4771/1003 874/4772/874 956/4773/956
f 957/4774/957 1003/4775/1003 1006/4776/1006
f 958/4777/958 1052/4778/1052 878/4779/878
f 1004/4780/1004 1005/4781/1005 880/4782/880
f 1005/4783/1005 1053/4784/1053 961/4785/961
f 1053/4786/1053 1008/4787/1008 961/4788/961
f 961/4789/961 1008/4790/1008 962/4791/962
f 1008/4792/1008 1054/4793/1054 964/4794/964
f 964/4795/964 1054/4796/1054 1055/4797/1055
f 964/4798/964 1055/4799/1055 1009/4800/1009
f 1009/4801/1009 1055/4802/1055 1056/4803/1056
f 1057/4804/1057 1058/4805/1058 1059/4806/1059
f 1059/4807/1059 1058/4808/1058 1060/4809/1060
f 1061/4810/1061 1062/4811/1062 1063/4812/1063
f 1062/4813/1062 1064/4814/1064 1063/4815/1063
f 1065/4816/1065 881/4817/881 1006/4818/1006
f 1056/4819/1056 1066/4820/1066 1009/4821/1009
f 1009/4822/1009 1066/4823/1066 1010/4824/1010
f 1010/4825/1010 1067/4826/1067 967/4827/967
f 1067/4828/1067 1068/4829/1068 1/4830/1
f 967/4831/967 1067/4832/1067 1/4833/1
f 1/4834/1 1068/4835/1068 6/4836/6
f 1069/4837/1069 1070/4838/1070 970/4839/970
f 970/4840/970 1070/4841/1070 1011/4842/1011
f 1013/4843/1013 1014/4844/1014 973/4845/973
f 1014/4846/1014 1015/4847/1015 894/4848/894
f 1017/4849/1017 1018/4850/1018 975/4851/975
f 823/4852/823 1071/4853/1071 902/4854/902
f 1071/4855/1071 1022/4856/1022 902/4857/902
f 1022/4858/1022 1013/4859/1013 893/4860/893
f 1015/4861/1015 1024/4862/1024 974/4863/974
f 1021/4864/1021 1072/4865/1072 819/4866/819
f 1073/4867/1073 1074/4868/1074 821/4869/821
f 976/4870/976 1073/4871/1073 821/4872/821
f 1023/4873/1023 1075/4874/1075 823/4875/823
f 823/4876/823 1075/4877/1075 1071/4878/1071
f 819/4879/819 1072/4880/1072 767/4881/767
f 821/4882/821 1074/4883/1074 907/4884/907
f 824/4885/824 1025/4886/1025 1023/4887/1023
f 977/4888/977 1024/4889/1024 1076/4890/1076
f 977/4891/977 1076/4892/1076 912/4893/912
f 982/4894/982 1076/4895/1076 1077/4896/1077
f 982/4897/982 1077/4898/1077 981/4899/981
f 981/4900/981 1077/4901/1077 1078/4902/1078
f 981/4903/981 1078/4904/1078 923/4905/923
f 923/4906/923 1078/4907/1078 1079/4908/1079
f 923/4909/923 1079/4910/1079 985/4911/985
f 985/4912/985 1079/4913/1079 987/4914/987
f 987/4915/987 1079/4916/1079 1080/4917/1080
f 987/4918/987 1080/4919/1080 1081/4920/1081
f 987/4921/987 1081/4922/1081 931/4923/931
f 845/4924/845 1082/4925/1082 592/4926/592
f 931/4927/931 1081/4928/1081 1029/4929/1029
f 931/4930/931 1029/4931/1029 988/4932/988
f 592/4933/592 1082/4934/1082 770/4935/770
f 988/4936/988 1029/4937/1029 990/4938/990
f 992/4939/992 1029/4940/1029 1083/4941/1083
f 992/4942/992 1083/4943/1083 991/4944/991
f 991/4945/991 1083/4946/1083 1030/4947/1030
f 945/4948/945 1030/4949/1030 1031/4950/1031
f 946/4951/946 1031/4952/1031 1084/4953/1084
f 946/4954/946 1084/4955/1084 994/4956/994
f 996/4957/996 1085/4958/1085 1038/4959/1038
f 1085/4960/1085 1042/4961/1042 1038/4962/1038
f 1048/4963/1048 1086/4964/1086 1003/4965/1003
f 958/4966/958 1087/4967/1087 1052/4968/1052
f 1003/4969/1003 1086/4970/1086 1006/4971/1006
f 1004/4972/1004 1007/4973/1007 1088/4974/1088
f 1004/4975/1004 1088/4976/1088 1005/4977/1005
f 1053/4978/1053 1054/4979/1054 1008/4980/1008
f 1066/4981/1066 1089/4982/1089 1010/4983/1010
f 1010/4984/1010 1089/4985/1089 1067/4986/1067
f 1067/4987/1067 1090/4988/1090 1068/4989/1068
f 1090/4990/1090 6/4991/6 1068/4992/1068
f 1091/4993/1091 1092/4994/1092 1069/4995/1069
f 1069/4996/1069 1092/4997/1092 1070/4998/1070
f 1011/4999/1011 1093/5000/1093 971/5001/971
f 971/5002/971 1093/5003/1093 1012/5004/1012
f 1015/5005/1015 1014/5006/1014 1094/5007/1094
f 1015/5008/1015 1094/5009/1094 1095/5010/1095
f 1096/5011/1096 1097/5012/1097 1016/5013/1016
f 1016/5014/1016 1097/5015/1097 1017/5016/1017
f 1017/5017/1017 1097/5018/1097 1098/5019/1098
f 1017/5020/1017 1098/5021/1098 1099/5022/1099
f 1017/5023/1017 1099/5024/1099 1018/5025/1018
f 1018/5026/1018 1099/5027/1099 1100/5028/1100
f 1018/5029/1018 1100/5030/1100 1019/5031/1019
f 1019/5032/1019 1100/5033/1100 1101/5034/1101
f 1019/5035/1019 1101/5036/1101 1020/5037/1020
f 1020/5038/1020 1101/5039/1101 1102/5040/1102
f 1020/5041/1020 1102/5042/1102 1021/5043/1021
f 1021/5044/1021 1102/5045/1102 1072/5046/1072
f 1022/5047/1022 1103/5048/1103 1013/5049/1013
f 1015/5050/1015 1095/5051/1095 1024/5052/1024
f 1024/5053/1024 1095/5054/1095 1104/5055/1104
f 1024/5056/1024 1104/5057/1104 1076/5058/1076
f 767/5059/767 832/5060/832 612/5061/612
f 1105/5062/1105 1106/5063/1106 1107/5064/1107
f 1078/5065/1078 1108/5066/1108 1079/5067/1079
f 1079/5068/1079 1108/5069/1108 1080/5070/1080
f 996/5071/996 1109/5072/1109 1085/5073/1085
f 1085/5074/1085 1110/5075/1110 1042/5076/1042
f 1042/5077/1042 1111/5078/1111 997/5079/997
f 1048/5080/1048 1112/5081/1112 1113/5082/1113
f 1048/5083/1048 1113/5084/1113 1086/5085/1086
f 1086/5086/1086 1114/5087/1114 1006/5088/1006
f 1052/5089/1052 1115/5090/1115 959/5091/959
f 878/5092/878 1052/5093/1052 959/5094/959
f 1007/5095/1007 1116/5096/1116 1088/5097/1088
f 1088/5098/1088 1117/5099/1117 1005/5100/1005
f 1005/5101/1005 1117/5102/1117 1053/5103/1053
f 1115/5104/1115 1118/5105/1118 959/5106/959
f 959/5107/959 1118/5108/1118 1119/5109/1119
f 959/5110/959 1119/5111/1119 1007/5112/1007
f 1119/5113/1119 1116/5114/1116 1007/5115/1007
f 1053/5116/1053 1120/5117/1120 1054/5118/1054
f 1054/5119/1054 1120/5120/1120 1055/5121/1055
f 1120/5122/1120 1121/5123/1121 1055/5124/1055
f 1055/5125/1055 1121/5126/1121 1056/5127/1056
f 1056/5128/1056 1122/5129/1122 1066/5130/1066
f 1066/5131/1066 1122/5132/1122 1123/5133/1123
f 1066/5134/1066 1123/5135/1123 1089/5136/1089
f 1123/5137/1123 1124/5138/1124 1089/5139/1089
f 1089/5140/1089 1124/5141/1124 1067/5142/1067
f 1067/5143/1067 1125/5144/1125 1090/5145/1090
f 1090/5146/1090 1092/5147/1092 1091/5148/1091
f 1090/5149/1090 1091/5150/1091 6/5151/6
f 1070/5152/1070 1126/5153/1126 1011/5154/1011
f 1011/5155/1011 1126/5156/1126 1093/5157/1093
f 1093/5158/1093 1127/5159/1127 1012/5160/1012
f 1012/5161/1012 1127/5162/1127 1128/5163/1128
f 1013/5164/1013 1129/5165/1129 1014/5166/1014
f 1130/5167/1130 1097/5168/1097 1096/5169/1096
f 1099/5170/1099 1131/5171/1131 1100/5172/1100
f 1132/5173/1132 1133/5174/1133 1075/5175/1075
f 1075/5176/1075 1133/5177/1133 1071/5178/1071
f 1072/5179/1072 1134/5180/1134 767/5181/767
f 1023/5182/1023 1135/5183/1135 1132/5184/1132
f 1023/5185/1023 1132/5186/1132 1075/5187/1075
f 1023/5188/1023 1025/5189/1025 1135/5190/1135
f 907/5191/907 1136/5192/1136 1026/5193/1026
f 1026/5194/1026 1135/5195/1135 1025/5196/1025
f 1104/5197/1104 1137/5198/1137 1076/5199/1076
f 1105/5200/1105 1138/5201/1138 1139/5202/1139
f 1137/5203/1137 1140/5204/1140 1076/5205/1076
f 832/5206/832 1141/5207/1141 1027/5208/1027
f 1076/5209/1076 1142/5210/1142 1077/5211/1077
f 1108/5212/1108 1143/5213/1143 1080/5214/1080
f 1144/5215/1144 1145/5216/1145 1146/5217/1146
f 1080/5218/1080 1147/5219/1147 1081/5220/1081
f 1148/5221/1148 1149/5222/1149 1029/5223/1029
f 1031/5224/1031 1150/5225/1150 1084/5226/1084
f 853/5227/853 1151/5228/1151 1035/5229/1035
f 1152/5230/1152 1153/5231/1153 996/5232/996
f 996/5233/996 1153/5234/1153 1109/5235/1109
f 781/5236/781 1154/5237/1154 952/5238/952
f 952/5239/952 1154/5240/1154 717/5241/717
f 1109/5242/1109 1110/5243/1110 1085/5244/1085
f 1000/5245/1000 1155/5246/1155 1051/5247/1051
f 1001/5248/1001 1155/5249/1155 1002/5250/1002
f 1088/5251/1088 1156/5252/1156 1117/5253/1117
f 1114/5254/1114 1157/5255/1157 1006/5256/1006
f 1053/5257/1053 1117/5258/1117 1120/5259/1120
f 797/5260/797 1158/5261/1158 1159/5262/1159
f 1121/5263/1121 1122/5264/1122 1056/5265/1056
f 1122/5266/1122 1160/5267/1160 1123/5268/1123
f 1123/5269/1123 1160/5270/1160 1124/5271/1124
f 1124/5272/1124 1161/5273/1161 1125/5274/1125
f 1124/5275/1124 1125/5276/1125 1067/5277/1067
f 1125/5278/1125 1092/5279/1092 1090/5280/1090
f 1162/5281/1162 1126/5282/1126 1070/5283/1070
f 1092/5284/1092 1162/5285/1162 1070/5286/1070
f 1163/5287/1163 1164/5288/1164 1165/5289/1165
f 1103/5290/1103 1166/5291/1166 1013/5292/1013
f 1013/5293/1013 1166/5294/1166 1129/5295/1129
f 1014/5296/1014 1129/5297/1129 1167/5298/1167
f 1014/5299/1014 1167/5300/1167 1094/5301/1094
f 1094/5302/1094 1167/5303/1167 1095/5304/1095
f 1097/5305/1097 1130/5306/1130 1168/5307/1168
f 1168/5308/1168 1169/5309/1169 1097/5310/1097
f 1097/5311/1097 1169/5312/1169 1098/5313/1098
f 1098/5314/1098 1169/5315/1169 1099/5316/1099
f 1169/5317/1169 1170/5318/1170 1099/5319/1099
f 1099/5320/1099 1170/5321/1170 1131/5322/1131
f 1100/5323/1100 1131/5324/1131 1171/5325/1171
f 1100/5326/1100 1171/5327/1171 1101/5328/1101
f 1171/5329/1171 1172/5330/1172 1101/5331/1101
f 1101/5332/1101 1172/5333/1172 1102/5334/1102
f 1102/5335/1102 1172/5336/1172 1173/5337/1173
f 1102/5338/1102 1173/5339/1173 1072/5340/1072
f 1173/5341/1173 1134/5342/1134 1072/5343/1072
f 1174/5344/1174 1175/5345/1175 1176/5346/1176
f 1071/5347/1071 1133/5348/1133 1022/5349/1022
f 1022/5350/1022 1133/5351/1133 1177/5352/1177
f 1177/5353/1177 1166/5354/1166 1103/5355/1103
f 1022/5356/1022 1177/5357/1177 1103/5358/1103
f 1095/5359/1095 1167/5360/1167 1178/5361/1178
f 1179/5362/1179 1180/5363/1180 1181/5364/1181
f 1095/5365/1095 1178/5366/1178 1104/5367/1104
f 1074/5368/1074 1136/5369/1136 907/5370/907
f 1178/5371/1178 1182/5372/1182 1104/5373/1104
f 1136/5374/1136 1183/5375/1183 1026/5376/1026
f 1026/5377/1026 1183/5378/1183 1135/5379/1135
f 1104/5380/1104 1182/5381/1182 1137/5382/1137
f 1027/5383/1027 1141/5384/1141 1184/5385/1184
f 1027/5386/1027 1184/5387/1184 983/5388/983
f 1142/5389/1142 1185/5390/1185 1077/5391/1077
f 983/5392/983 1186/5393/1186 1028/5394/1028
f 1077/5395/1077 1185/5396/1185 1187/5397/1187
f 1077/5398/1077 1187/5399/1187 1078/5400/1078
f 1028/5401/1028 1186/5402/1186 1188/5403/1188
f 1028/5404/1028 1188/5405/1188 984/5406/984
f 1078/5407/1078 1187/5408/1187 1108/5409/1108
f 1187/5410/1187 1189/5411/1189 1108/5412/1108
f 984/5413/984 1190/5414/1190 845/5415/845
f 1108/5416/1108 1189/5417/1189 1143/5418/1143
f 845/5419/845 1190/5420/1190 1082/5421/1082
f 1147/5422/1147 1191/5423/1191 1081/5424/1081
f 1191/5425/1191 1148/5426/1148 1081/5427/1081
f 1029/5428/1029 1149/5429/1149 1083/5430/1083
f 1083/5431/1083 1149/5432/1149 1192/5433/1192
f 1083/5434/1083 1192/5435/1192 1030/5436/1030
f 1030/5437/1030 1192/5438/1192 1193/5439/1193
f 1030/5440/1030 1193/5441/1193 1031/5442/1031
f 947/5443/947 1194/5444/1194 1032/5445/1032
f 1032/5446/1032 1195/5447/1195 1033/5448/1033
f 1195/5449/1195 1196/5450/1196 1033/5451/1033
f 1033/5452/1033 1196/5453/1196 1034/5454/1034
f 1153/5455/1153 1197/5456/1197 1109/5457/1109
f 1109/5458/1109 1197/5459/1197 1198/5460/1198
f 717/5461/717 1154/5462/1154 1199/5463/1199
f 1109/5464/1109 1198/5465/1198 1110/5466/1110
f 1110/5467/1110 1200/5468/1200 1201/5469/1201
f 998/5470/998 662/5471/662 1202/5472/1202
f 998/5473/998 1202/5474/1202 999/5475/999
f 1112/5476/1112 1203/5477/1203 1113/5478/1113
f 1204/5479/1204 1205/5480/1205 1000/5481/1000
f 999/5482/999 1204/5483/1204 1000/5484/1000
f 1000/5485/1000 1205/5486/1205 1155/5487/1155
f 1113/5488/1113 1206/5489/1206 1207/5490/1207
f 1207/5491/1207 1206/5492/1206 1208/5493/1208
f 1087/5494/1087 1209/5495/1209 1052/5496/1052
f 1116/5497/1116 1156/5498/1156 1088/5499/1088
f 797/5500/797 721/5501/721 1158/5502/1158
f 1119/5503/1119 1210/5504/1210 1116/5505/1116
f 1117/5506/1117 1156/5507/1156 1120/5508/1120
f 1157/5509/1157 1114/5510/1114 1211/5511/1211
f 1118/5512/1118 1212/5513/1212 1119/5514/1119
f 1156/5515/1156 1213/5516/1213 1120/5517/1120
f 1120/5518/1120 1213/5519/1213 1121/5520/1121
f 1158/5521/1158 1214/5522/1214 1159/5523/1159
f 1213/5524/1213 1215/5525/1215 1121/5526/1121
f 1121/5527/1121 1215/5528/1215 1216/5529/1216
f 1121/5530/1121 1216/5531/1216 1122/5532/1122
f 1122/5533/1122 1216/5534/1216 1217/5535/1217
f 1122/5536/1122 1217/5537/1217 1160/5538/1160
f 1160/5539/1160 1218/5540/1218 1124/5541/1124
f 1124/5542/1124 1218/5543/1218 1161/5544/1161
f 1161/5545/1161 1092/5546/1092 1125/5547/1125
f 1161/5548/1161 1162/5549/1162 1092/5550/1092
f 1162/5551/1162 1161/5552/1161 1219/5553/1219
f 1162/5554/1162 1219/5555/1219 1126/5556/1126
f 1126/5557/1126 1219/5558/1219 1220/5559/1220
f 1126/5560/1126 1220/5561/1220 1093/5562/1093
f 1093/5563/1093 1220/5564/1220 1221/5565/1221
f 1093/5566/1093 1221/5567/1221 1127/5568/1127
f 1166/5569/1166 1222/5570/1222 1223/5571/1223
f 1166/5572/1166 1223/5573/1223 1129/5574/1129
f 1223/5575/1223 1224/5576/1224 1129/5577/1129
f 1129/5578/1129 1224/5579/1224 1167/5580/1167
f 1130/5581/1130 1225/5582/1225 1168/5583/1168
f 1169/5584/1169 1168/5585/1168 1226/5586/1226
f 1226/5587/1226 1170/5588/1170 1169/5589/1169
f 1131/5590/1131 1170/5591/1170 1227/5592/1227
f 1131/5593/1131 1227/5594/1227 1171/5595/1171
f 1171/5596/1171 1227/5597/1227 1228/5598/1228
f 1228/5599/1228 1172/5600/1172 1171/5601/1171
f 1172/5602/1172 1134/5603/1134 1173/5604/1173
f 1073/5605/1073 1229/5606/1229 1074/5607/1074
f 1132/5608/1132 1230/5609/1230 1133/5610/1133
f 1167/5611/1167 1182/5612/1182 1178/5613/1178
f 1137/5614/1137 1231/5615/1231 1140/5616/1140
f 1184/5617/1184 1186/5618/1186 983/5619/983
f 1232/5620/1232 1233/5621/1233 1234/5622/1234
f 1188/5623/1188 1190/5624/1190 984/5625/984
f 1193/5626/1193 1235/5627/1235 1031/5628/1031
f 993/5629/993 1236/5630/1236 947/5631/947
f 1031/5632/1031 1235/5633/1235 1150/5634/1150
f 947/5635/947 1236/5636/1236 1194/5637/1194
f 853/5638/853 1237/5639/1237 1151/5640/1151
f 1152/5641/1152 1238/5642/1238 1153/5643/1153
f 1198/5644/1198 1200/5645/1200 1110/5646/1110
f 1201/5647/1201 1200/5648/1200 1239/5649/1239
f 717/5650/717 1240/5651/1240 662/5652/662
f 1239/5653/1239 1203/5654/1203 1111/5655/1111
f 662/5656/662 1240/5657/1240 1202/5658/1202
f 1202/5659/1202 1204/5660/1204 999/5661/999
f 1203/5662/1203 1206/5663/1206 1113/5664/1113
f 1208/5665/1208 1241/5666/1241 1242/5667/1242
f 1207/5668/1207 1208/5669/1208 1242/5670/1242
f 1242/5671/1242 1241/5672/1241 1243/5673/1243
f 1243/5674/1243 1244/5675/1244 1211/5676/1211
f 1114/5677/1114 1243/5678/1243 1211/5679/1211
f 1210/5680/1210 1245/5681/1245 1116/5682/1116
f 1116/5683/1116 1245/5684/1245 1156/5685/1156
f 1118/5686/1118 1246/5687/1246 1212/5688/1212
f 1212/5689/1212 1210/5690/1210 1119/5691/1119
f 1156/5692/1156 1247/5693/1247 1213/5694/1213
f 1211/5695/1211 1244/5696/1244 1248/5697/1248
f 1216/5698/1216 1249/5699/1249 1217/5700/1217
f 1217/5701/1217 1249/5702/1249 1218/5703/1218
f 1217/5704/1217 1218/5705/1218 1160/5706/1160
f 1218/5707/1218 1250/5708/1250 1161/5709/1161
f 1250/5710/1250 1251/5711/1251 1161/5712/1161
f 1251/5713/1251 1219/5714/1219 1161/5715/1161
f 1251/5716/1251 1252/5717/1252 1219/5718/1219
f 1252/5719/1252 1220/5720/1220 1219/5721/1219
f 1252/5722/1252 1253/5723/1253 1220/5724/1220
f 1252/5725/1252 1254/5726/1254 1253/5727/1253
f 1254/5728/1254 1255/5729/1255 1253/5730/1253
f 1253/5731/1253 1221/5732/1221 1220/5733/1220
f 1255/5734/1255 1221/5735/1221 1253/5736/1253
f 1224/5737/1224 1256/5738/1256 1257/5739/1257
f 1224/5740/1224 1257/5741/1257 1167/5742/1167
f 1167/5743/1167 1257/5744/1257 1258/5745/1258
f 1170/5746/1170 1226/5747/1226 1259/5748/1259
f 1259/5749/1259 1260/5750/1260 1170/5751/1170
f 1134/5752/1134 1261/5753/1261 1262/5754/1262
f 1263/5755/1263 1264/5756/1264 1265/5757/1265
f 1266/5758/1266 1222/5759/1222 1177/5760/1177
f 1222/5761/1222 1267/5762/1267 1223/5763/1223
f 1223/5764/1223 1267/5765/1267 1224/5766/1224
f 1227/5767/1227 1170/5768/1170 1260/5769/1260
f 1227/5770/1227 1260/5771/1260 1228/5772/1228
f 1228/5773/1228 1261/5774/1261 1172/5775/1172
f 1172/5776/1172 1261/5777/1261 1134/5778/1134
f 1229/5779/1229 1268/5780/1268 1074/5781/1074
f 1133/5782/1133 1230/5783/1230 1269/5784/1269
f 1133/5785/1133 1269/5786/1269 1177/5787/1177
f 1074/5788/1074 1268/5789/1268 1136/5790/1136
f 1132/5791/1132 1270/5792/1270 1230/5793/1230
f 1271/5794/1271 1272/5795/1272 1273/5796/1273
f 1135/5797/1135 1270/5798/1270 1132/5799/1132
f 1183/5800/1183 1274/5801/1274 1135/5802/1135
f 1136/5803/1136 1274/5804/1274 1183/5805/1183
f 767/5806/767 1275/5807/1275 832/5808/832
f 1233/5809/1233 1276/5810/1276 1234/5811/1234
f 770/5812/770 1236/5813/1236 993/5814/993
f 1192/5815/1192 1277/5816/1277 1193/5817/1193
f 1193/5818/1193 1278/5819/1278 1235/5820/1235
f 1035/5821/1035 1279/5822/1279 858/5823/858
f 1280/5824/1280 1281/5825/1281 1282/5826/1282
f 1199/5827/1199 1240/5828/1240 717/5829/717
f 1283/5830/1283 1284/5831/1284 1285/5832/1285
f 1284/5833/1284 1286/5834/1286 1285/5835/1285
f 1285/5836/1285 1286/5837/1286 1287/5838/1287
f 1241/5839/1241 1288/5840/1288 1289/5841/1289
f 1209/5842/1209 1290/5843/1290 1052/5844/1052
f 1052/5845/1052 1290/5846/1290 1115/5847/1115
f 1156/5848/1156 1245/5849/1245 1247/5850/1247
f 1118/5851/1118 1115/5852/1115 1246/5853/1246
f 1210/5854/1210 1291/5855/1291 1245/5856/1245
f 1246/5857/1246 1292/5858/1292 1212/5859/1212
f 1212/5860/1212 1292/5861/1292 1210/5862/1210
f 1247/5863/1247 1215/5864/1215 1213/5865/1213
f 1247/5866/1247 1293/5867/1293 1215/5868/1215
f 1214/5869/1214 1158/5870/1158 1294/5871/1294
f 1215/5872/1215 1249/5873/1249 1216/5874/1216
f 1249/5875/1249 1295/5876/1295 1218/5877/1218
f 1295/5878/1295 1296/5879/1296 1218/5880/1218
f 1296/5881/1296 1297/5882/1297 1218/5883/1218
f 1218/5884/1218 1297/5885/1297 1250/5886/1250
f 1250/5887/1250 1297/5888/1297 1251/5889/1251
f 1297/5890/1297 1298/5891/1298 1251/5892/1251
f 1297/5893/1297 1299/5894/1299 1298/5895/1298
f 1298/5896/1298 1252/5897/1252 1251/5898/1251
f 1299/5899/1299 1254/5900/1254 1298/5901/1298
f 1298/5902/1298 1254/5903/1254 1252/5904/1252
f 1299/5905/1299 1300/5906/1300 1254/5907/1254
f 1300/5908/1300 1301/5909/1301 1255/5910/1255
f 1300/5911/1300 1255/5912/1255 1254/5913/1254
f 1302/5914/1302 1303/5915/1303 1304/5916/1304
f 1302/5917/1302 1304/5918/1304 1305/5919/1305
f 1304/5920/1304 1306/5921/1306 1305/5922/1305
f 1303/5923/1303 1307/5924/1307 1264/5925/1264
f 1308/5926/1308 1309/5927/1309 1267/5928/1267
f 1309/5929/1309 1310/5930/1310 1267/5931/1267
f 1257/5932/1257 1311/5933/1311 1312/5934/1312
f 1313/5935/1313 1312/5936/1312 1314/5937/1314
f 1314/5938/1314 1315/5939/1315 1226/5940/1226
f 1226/5941/1226 1315/5942/1315 1259/5943/1259
f 1259/5944/1259 1316/5945/1316 1260/5946/1260
f 1260/5947/1260 1316/5948/1316 1317/5949/1317
f 1260/5950/1260 1317/5951/1317 1261/5952/1261
f 1317/5953/1317 1262/5954/1262 1261/5955/1261
f 1229/5956/1229 1318/5957/1318 1268/5958/1268
f 1222/5959/1222 1266/5960/1266 1308/5961/1308
f 1262/5962/1262 1319/5963/1319 1134/5964/1134
f 1230/5965/1230 1320/5966/1320 1269/5967/1269
f 1270/5968/1270 1320/5969/1320 1230/5970/1230
f 1275/5971/1275 1321/5972/1321 1141/5973/1141
f 832/5974/832 1275/5975/1275 1141/5976/1141
f 1141/5977/1141 1322/5978/1322 1184/5979/1184
f 1190/5980/1190 1323/5981/1323 1082/5982/1082
f 1082/5983/1082 1323/5984/1323 770/5985/770
f 770/5986/770 1323/5987/1323 1324/5988/1324
f 1194/5989/1194 1325/5990/1325 1032/5991/1032
f 1032/5992/1032 1325/5993/1325 1195/5994/1195
f 1279/5995/1279 1326/5996/1326 858/5997/858
f 858/5998/858 1326/5999/1326 781/6000/781
f 1326/6001/1326 1327/6002/1327 781/6003/781
f 781/6004/781 1327/6005/1327 1154/6006/1154
f 1205/6007/1205 1328/6008/1328 1155/6009/1155
f 1002/6010/1002 1329/6011/1329 1330/6012/1330
f 1330/6013/1330 1331/6014/1331 1002/6015/1002
f 1002/6016/1002 1331/6017/1331 721/6018/721
f 1115/6019/1115 1332/6020/1332 1246/6021/1246
f 1291/6022/1291 1333/6023/1333 1245/6024/1245
f 1245/6025/1245 1333/6026/1333 1247/6027/1247
f 1333/6028/1333 1293/6029/1293 1247/6030/1247
f 1332/6031/1332 1334/6032/1334 1246/6033/1246
f 1210/6034/1210 1292/6035/1292 1291/6036/1291
f 1246/6037/1246 1334/6038/1334 1292/6039/1292
f 1293/6040/1293 1335/6041/1335 1336/6042/1336
f 1293/6043/1293 1336/6044/1336 1215/6045/1215
f 1215/6046/1215 1336/6047/1336 1249/6048/1249
f 1336/6049/1336 1337/6050/1337 1249/6051/1249
f 1249/6052/1249 1337/6053/1337 1338/6054/1338
f 1249/6055/1249 1338/6056/1338 1295/6057/1295
f 1338/6058/1338 1296/6059/1296 1295/6060/1295
f 1296/6061/1296 1339/6062/1339 1297/6063/1297
f 1339/6064/1339 1299/6065/1299 1297/6066/1297
f 1339/6067/1339 1340/6068/1340 1299/6069/1299
f 1340/6070/1340 1300/6071/1300 1299/6072/1299
f 1341/6073/1341 1305/6074/1305 1342/6075/1342
f 1342/6076/1342 1343/6077/1343 1340/6078/1340
f 1340/6079/1340 1343/6080/1343 1300/6081/1300
f 1305/6082/1305 1343/6083/1343 1342/6084/1342
f 1344/6085/1344 1345/6086/1345 1309/6087/1309
f 1309/6088/1309 1345/6089/1345 1346/6090/1346
f 1311/6091/1311 1347/6092/1347 1312/6093/1312
f 1315/6094/1315 1347/6095/1347 1348/6096/1348
f 1348/6097/1348 1349/6098/1349 1316/6099/1316
f 1269/6100/1269 1350/6101/1350 1266/6102/1266
f 1266/6103/1266 1350/6104/1350 1344/6105/1344
f 1266/6106/1266 1344/6107/1344 1308/6108/1308
f 1309/6109/1309 1311/6110/1311 1310/6111/1310
f 1310/6112/1310 1311/6113/1311 1256/6114/1256
f 1351/6115/1351 1319/6116/1319 1262/6117/1262
f 1352/6118/1352 1265/6119/1265 1264/6120/1264
f 1270/6121/1270 1353/6122/1353 1320/6123/1320
f 1274/6124/1274 1353/6125/1353 1270/6126/1270
f 1134/6127/1134 1319/6128/1319 767/6129/767
f 1184/6130/1184 1354/6131/1354 1186/6132/1186
f 1186/6133/1186 1355/6134/1355 1188/6135/1188
f 770/6136/770 1324/6137/1324 1236/6138/1236
f 1195/6139/1195 1356/6140/1356 1196/6141/1196
f 1356/6142/1356 1357/6143/1357 1196/6144/1196
f 1196/6145/1196 1357/6146/1357 1034/6147/1034
f 1035/6148/1035 1151/6149/1151 1279/6150/1279
f 1240/6151/1240 1358/6152/1358 1202/6153/1202
f 1202/6154/1202 1358/6155/1358 1204/6156/1204
f 1205/6157/1205 1204/6158/1204 1328/6159/1328
f 1115/6160/1115 1290/6161/1290 1332/6162/1332
f 1333/6163/1333 1359/6164/1359 1293/6165/1293
f 1359/6166/1359 1335/6167/1335 1293/6168/1293
f 1334/6169/1334 1360/6170/1360 1292/6171/1292
f 1360/6172/1360 1361/6173/1361 1292/6174/1292
f 1294/6175/1294 1158/6176/1158 1362/6177/1362
f 1335/6178/1335 1363/6179/1363 1336/6180/1336
f 1336/6181/1336 1363/6182/1363 1337/6183/1337
f 1363/6184/1363 1364/6185/1364 1365/6186/1365
f 1363/6187/1363 1365/6188/1365 1337/6189/1337
f 1337/6190/1337 1365/6191/1365 1338/6192/1338
f 1364/6193/1364 1366/6194/1366 1365/6195/1365
f 1365/6196/1365 1366/6197/1366 1338/6198/1338
f 1366/6199/1366 1367/6200/1367 1338/6201/1338
f 1338/6202/1338 1367/6203/1367 1296/6204/1296
f 1367/6205/1367 1339/6206/1339 1296/6207/1296
f 1364/6208/1364 1368/6209/1368 1366/6210/1366
f 1366/6211/1366 1369/6212/1369 1367/6213/1367
f 1368/6214/1368 1370/6215/1370 1366/6216/1366
f 1366/6217/1366 1370/6218/1370 1369/6219/1369
f 1367/6220/1367 1369/6221/1369 1339/6222/1339
f 1370/6223/1370 1371/6224/1371 1372/6225/1372
f 1370/6226/1370 1372/6227/1372 1340/6228/1340
f 1370/6229/1370 1340/6230/1340 1369/6231/1369
f 1369/6232/1369 1340/6233/1340 1339/6234/1339
f 1371/6235/1371 1341/6236/1341 1372/6237/1372
f 1341/6238/1341 1342/6239/1342 1372/6240/1372
f 1372/6241/1372 1342/6242/1342 1340/6243/1340
f 1373/6244/1373 1307/6245/1307 1371/6246/1371
f 1371/6247/1371 1307/6248/1307 1302/6249/1302
f 1371/6250/1371 1302/6251/1302 1341/6252/1341
f 1345/6253/1345 1374/6254/1374 1375/6255/1375
f 1375/6256/1375 1376/6257/1376 1346/6258/1346
f 1377/6259/1377 1349/6260/1349 1348/6261/1348
f 1378/6262/1378 1318/6263/1318 1379/6264/1379
f 1378/6265/1378 1379/6266/1379 1380/6267/1380
f 1378/6268/1378 1381/6269/1381 1318/6270/1318
f 1379/6271/1379 1382/6272/1382 1380/6273/1380
f 1383/6274/1383 1264/6275/1264 1307/6276/1307
f 1384/6277/1384 1319/6278/1319 1351/6279/1351
f 1318/6280/1318 1381/6281/1381 1268/6282/1268
f 1385/6283/1385 1386/6284/1386 1352/6285/1352
f 1385/6286/1385 1352/6287/1352 1383/6288/1383
f 1383/6289/1383 1352/6290/1352 1264/6291/1264
f 1387/6292/1387 1350/6293/1350 1269/6294/1269
f 1388/6295/1388 1387/6296/1387 1320/6297/1320
f 1353/6298/1353 1388/6299/1388 1320/6300/1320
f 1268/6301/1268 1389/6302/1389 1136/6303/1136
f 1136/6304/1136 1389/6305/1389 1274/6306/1274
f 1274/6307/1274 1389/6308/1389 1353/6309/1353
f 1322/6310/1322 1354/6311/1354 1184/6312/1184
f 1354/6313/1354 1390/6314/1390 1186/6315/1186
f 1186/6316/1186 1390/6317/1390 1355/6318/1355
f 1188/6319/1188 1355/6320/1355 1190/6321/1190
f 1195/6322/1195 1325/6323/1325 1356/6324/1356
f 1290/6325/1290 1391/6326/1391 1332/6327/1332
f 1333/6328/1333 1361/6329/1361 1392/6330/1392
f 1333/6331/1333 1393/6332/1393 1359/6333/1359
f 1332/6334/1332 1394/6335/1394 1334/6336/1334
f 1333/6337/1333 1392/6338/1392 1393/6339/1393
f 1393/6340/1393 1335/6341/1335 1359/6342/1359
f 1334/6343/1334 1395/6344/1395 1360/6345/1360
f 1334/6346/1334 1394/6347/1394 1395/6348/1395
f 1393/6349/1393 1396/6350/1396 1335/6351/1335
f 1360/6352/1360 1395/6353/1395 1361/6354/1361
f 1396/6355/1396 1363/6356/1363 1335/6357/1335
f 1396/6358/1396 1397/6359/1397 1363/6360/1363
f 1397/6361/1397 1398/6362/1398 1363/6363/1363
f 1363/6364/1363 1398/6365/1398 1364/6366/1364
f 1398/6367/1398 1368/6368/1368 1364/6369/1364
f 1399/6370/1399 1400/6371/1400 1401/6372/1401
f 1397/6373/1397 1402/6374/1402 1403/6375/1403
f 1397/6376/1397 1403/6377/1403 1398/6378/1398
f 1398/6379/1398 1403/6380/1403 1368/6381/1368
f 1404/6382/1404 1405/6383/1405 1406/6384/1406
f 1402/6385/1402 1371/6386/1371 1403/6387/1403
f 1407/6388/1407 1381/6389/1381 1378/6390/1378
f 1402/6391/1402 1373/6392/1373 1371/6393/1371
f 1378/6394/1378 1380/6395/1380 1407/6396/1407
f 1380/6397/1380 1408/6398/1408 1407/6399/1407
f 1409/6400/1409 1410/6401/1410 1411/6402/1411
f 1409/6403/1409 1411/6404/1411 1412/6405/1412
f 1413/6406/1413 1414/6407/1414 1415/6408/1415
f 1404/6409/1404 1416/6410/1416 1417/6411/1417
f 1349/6412/1349 1418/6413/1418 1419/6414/1419
f 1420/6415/1420 1383/6416/1383 1373/6417/1373
f 1373/6418/1373 1383/6419/1383 1307/6420/1307
f 1345/6421/1345 1421/6422/1421 1374/6423/1374
f 1382/6424/1382 1385/6425/1385 1408/6426/1408
f 1408/6427/1408 1385/6428/1385 1420/6429/1420
f 1420/6430/1420 1385/6431/1385 1383/6432/1383
f 1381/6433/1381 1389/6434/1389 1268/6435/1268
f 1355/6436/1355 1422/6437/1422 1190/6438/1190
f 1190/6439/1190 1422/6440/1422 1423/6441/1423
f 1199/6442/1199 1424/6443/1424 1240/6444/1240
f 1425/6445/1425 1358/6446/1358 1240/6447/1240
f 1204/6448/1204 1426/6449/1426 1328/6450/1328
f 1290/6451/1290 1427/6452/1427 1391/6453/1391
f 1332/6454/1332 1391/6455/1391 1394/6456/1394
f 1428/6457/1428 1429/6458/1429 1430/6459/1430
f 1394/6460/1394 1391/6461/1391 1431/6462/1431
f 1361/6463/1361 1432/6464/1432 1392/6465/1392
f 1392/6466/1392 1432/6467/1432 1393/6468/1393
f 1393/6469/1393 1432/6470/1432 1396/6471/1396
f 1361/6472/1361 1433/6473/1433 1432/6474/1432
f 1394/6475/1394 1434/6476/1434 1395/6477/1395
f 1395/6478/1395 1434/6479/1434 1433/6480/1433
f 1395/6481/1395 1433/6482/1433 1361/6483/1361
f 1432/6484/1432 1435/6485/1435 1396/6486/1396
f 1435/6487/1435 1397/6488/1397 1396/6489/1396
f 1394/6490/1394 1407/6491/1407 1434/6492/1434
f 1394/6493/1394 1431/6494/1431 1407/6495/1407
f 1434/6496/1434 1436/6497/1436 1433/6498/1433
f 1435/6499/1435 1402/6500/1402 1397/6501/1397
f 1407/6502/1407 1431/6503/1431 1381/6504/1381
f 1434/6505/1434 1407/6506/1407 1436/6507/1436
f 1435/6508/1435 1437/6509/1437 1373/6510/1373
f 1435/6511/1435 1373/6512/1373 1402/6513/1402
f 1407/6514/1407 1408/6515/1408 1436/6516/1436
f 1406/6517/1406 1438/6518/1438 1416/6519/1416
f 1418/6520/1418 1439/6521/1439 1419/6522/1419
f 1408/6523/1408 1420/6524/1420 1437/6525/1437
f 1436/6526/1436 1408/6527/1408 1437/6528/1437
f 1437/6529/1437 1420/6530/1420 1373/6531/1373
f 1413/6532/1413 1440/6533/1440 1414/6534/1414
f 1374/6535/1374 1441/6536/1441 1442/6537/1442
f 1381/6538/1381 1431/6539/1431 1443/6540/1443
f 1444/6541/1444 1415/6542/1415 1414/6543/1414
f 1444/6544/1444 1445/6545/1445 1415/6546/1415
f 1415/6547/1415 1445/6548/1445 1345/6549/1345
f 1445/6550/1445 1421/6551/1421 1345/6552/1345
f 1421/6553/1421 1441/6554/1441 1374/6555/1374
f 1417/6556/1417 1446/6557/1446 1377/6558/1377
f 1446/6559/1446 1447/6560/1447 1377/6561/1377
f 1377/6562/1377 1447/6563/1447 1349/6564/1349
f 1381/6565/1381 1443/6566/1443 1389/6567/1389
f 1389/6568/1389 1443/6569/1443 1448/6570/1448
f 1384/6571/1384 767/6572/767 1319/6573/1319
f 767/6574/767 1449/6575/1449 1275/6576/1275
f 1275/6577/1275 1450/6578/1450 1321/6579/1321
f 1321/6580/1321 1450/6581/1450 1322/6582/1322
f 1327/6583/1327 1451/6584/1451 1154/6585/1154
f 1154/6586/1154 1424/6587/1424 1199/6588/1199
f 1358/6589/1358 1426/6590/1426 1204/6591/1204
f 1331/6592/1331 1452/6593/1452 721/6594/721
f 721/6595/721 1452/6596/1452 1158/6597/1158
f 1158/6598/1158 1452/6599/1452 1362/6600/1362
f 1453/6601/1453 1430/6602/1430 1429/6603/1429
f 1454/6604/1454 1455/6605/1455 1456/6606/1456
f 1457/6607/1457 1458/6608/1458 1430/6609/1430
f 1458/6610/1458 1457/6611/1457 1405/6612/1405
f 1431/6613/1431 1391/6614/1391 1459/6615/1459
f 1432/6616/1432 1433/6617/1433 1460/6618/1460
f 1432/6619/1432 1460/6620/1460 1435/6621/1435
f 1456/6622/1456 1461/6623/1461 1462/6624/1462
f 1436/6625/1436 1460/6626/1460 1433/6627/1433
f 1462/6628/1462 1461/6629/1461 1413/6630/1413
f 1436/6631/1436 1437/6632/1437 1460/6633/1460
f 1460/6634/1460 1437/6635/1437 1435/6636/1435
f 1459/6637/1459 1443/6638/1443 1431/6639/1431
f 1440/6640/1440 1444/6641/1444 1414/6642/1414
f 1463/6643/1463 1417/6644/1417 1416/6645/1416
f 1438/6646/1438 1463/6647/1463 1416/6648/1416
f 1463/6649/1463 1464/6650/1464 1417/6651/1417
f 1444/6652/1444 1465/6653/1465 1445/6654/1445
f 1417/6655/1417 1466/6656/1466 1446/6657/1446
f 1447/6658/1447 1467/6659/1467 1349/6660/1349
f 1448/6661/1448 1443/6662/1443 1468/6663/1468
f 767/6664/767 1384/6665/1384 1449/6666/1449
f 1322/6667/1322 1450/6668/1450 1469/6669/1469
f 1190/6670/1190 1423/6671/1423 1323/6672/1323
f 1323/6673/1323 1470/6674/1470 1324/6675/1324
f 1236/6676/1236 1471/6677/1471 1194/6678/1194
f 1194/6679/1194 1471/6680/1471 1325/6681/1325
f 1325/6682/1325 1472/6683/1472 1473/6684/1473
f 1325/6685/1325 1473/6686/1473 1356/6687/1356
f 1279/6688/1279 1474/6689/1474 1326/6690/1326
f 1424/6691/1424 1425/6692/1425 1240/6693/1240
f 1358/6694/1358 1475/6695/1475 1426/6696/1426
f 1328/6697/1328 1476/6698/1476 1329/6699/1329
f 1330/6700/1330 1477/6701/1477 1331/6702/1331
f 1391/6703/1391 1478/6704/1478 1479/6705/1479
f 1480/6706/1480 1455/6707/1455 1454/6708/1454
f 1455/6709/1455 1461/6710/1461 1456/6711/1456
f 1391/6712/1391 1479/6713/1479 1459/6714/1459
f 1406/6715/1406 1463/6716/1463 1438/6717/1438
f 1413/6718/1413 1481/6719/1481 1440/6720/1440
f 1459/6721/1459 1482/6722/1482 1443/6723/1443
f 1468/6724/1468 1483/6725/1483 1484/6726/1484
f 1464/6727/1464 1466/6728/1466 1417/6729/1417
f 1466/6730/1466 1485/6731/1485 1446/6732/1446
f 1446/6733/1446 1485/6734/1485 1447/6735/1447
f 1482/6736/1482 1468/6737/1468 1443/6738/1443
f 1322/6739/1322 1469/6740/1469 1354/6741/1354
f 1354/6742/1354 1486/6743/1486 1390/6744/1390
f 1471/6745/1471 1472/6746/1472 1325/6747/1325
f 1356/6748/1356 1487/6749/1487 1357/6750/1357
f 1237/6751/1237 1488/6752/1488 1151/6753/1151
f 1151/6754/1151 1474/6755/1474 1279/6756/1279
f 1362/6757/1362 1452/6758/1452 1489/6759/1489
f 1362/6760/1362 1489/6761/1489 1490/6762/1490
f 1457/6763/1457 1491/6764/1491 1406/6765/1406
f 1479/6766/1479 1492/6767/1492 1459/6768/1459
f 1413/6769/1413 1461/6770/1461 1481/6771/1481
f 1406/6772/1406 1491/6773/1491 1463/6774/1463
f 1492/6775/1492 1482/6776/1482 1459/6777/1459
f 1440/6778/1440 1481/6779/1481 1444/6780/1444
f 1441/6781/1441 1493/6782/1493 1442/6783/1442
f 1494/6784/1494 1449/6785/1449 1384/6786/1384
f 1445/6787/1445 1495/6788/1495 1421/6789/1421
f 1421/6790/1421 1495/6791/1495 1441/6792/1441
f 1485/6793/1485 1496/6794/1496 1447/6795/1447
f 1447/6796/1447 1496/6797/1496 1467/6798/1467
f 1390/6799/1390 1486/6800/1486 1355/6801/1355
f 1324/6802/1324 1497/6803/1497 1236/6804/1236
f 1236/6805/1236 1497/6806/1497 1471/6807/1471
f 1473/6808/1473 1487/6809/1487 1356/6810/1356
f 1151/6811/1151 1498/6812/1498 1474/6813/1474
f 1326/6814/1326 1499/6815/1499 1327/6816/1327
f 1154/6817/1154 1451/6818/1451 1424/6819/1424
f 1425/6820/1425 1500/6821/1500 1358/6822/1358
f 1500/6823/1500 1475/6824/1475 1358/6825/1358
f 1475/6826/1475 1501/6827/1501 1426/6828/1426
f 1426/6829/1426 1501/6830/1501 1328/6831/1328
f 1476/6832/1476 1328/6833/1328 1502/6834/1502
f 1455/6835/1455 1503/6836/1503 1461/6837/1461
f 1457/6838/1457 1504/6839/1504 1491/6840/1491
f 1467/6841/1467 1505/6842/1505 1418/6843/1418
f 1481/6844/1481 1506/6845/1506 1444/6846/1444
f 1506/6847/1506 1465/6848/1465 1444/6849/1444
f 1354/6850/1354 1469/6851/1469 1486/6852/1486
f 1486/6853/1486 1507/6854/1507 1355/6855/1355
f 1323/6856/1323 1423/6857/1423 1508/6858/1508
f 1323/6859/1323 1508/6860/1508 1470/6861/1470
f 1499/6862/1499 1451/6863/1451 1327/6864/1327
f 1424/6865/1424 1509/6866/1509 1425/6867/1425
f 1328/6868/1328 1501/6869/1501 1502/6870/1502
f 1510/6871/1510 1457/6872/1457 1453/6873/1453
f 1455/6874/1455 1511/6875/1511 1503/6876/1503
f 1461/6877/1461 1512/6878/1512 1481/6879/1481
f 1490/6880/1490 1489/6881/1489 1494/6882/1494
f 1463/6883/1463 1513/6884/1513 1514/6885/1514
f 1506/6886/1506 1515/6887/1515 1465/6888/1465
f 1515/6889/1515 1516/6890/1516 1445/6891/1445
f 1465/6892/1465 1515/6893/1515 1445/6894/1445
f 1445/6895/1445 1516/6896/1516 1495/6897/1495
f 1495/6898/1495 1517/6899/1517 1441/6900/1441
f 1463/6901/1463 1514/6902/1514 1464/6903/1464
f 1518/6904/1518 1485/6905/1485 1466/6906/1466
f 1464/6907/1464 1518/6908/1518 1466/6909/1466
f 1494/6910/1494 1489/6911/1489 1449/6912/1449
f 1519/6913/1519 1469/6914/1469 1450/6915/1450
f 1507/6916/1507 1520/6917/1520 1355/6918/1355
f 1355/6919/1355 1520/6920/1520 1422/6921/1422
f 1470/6922/1470 1497/6923/1497 1324/6924/1324
f 1472/6925/1472 1521/6926/1521 1473/6927/1473
f 1326/6928/1326 1474/6929/1474 1499/6930/1499
f 1509/6931/1509 1500/6932/1500 1425/6933/1425
f 1477/6934/1477 1522/6935/1522 1452/6936/1452
f 1491/6937/1491 1513/6938/1513 1463/6939/1463
f 1481/6940/1481 1523/6941/1523 1506/6942/1506
f 1523/6943/1523 1515/6944/1515 1506/6945/1506
f 1514/6946/1514 1518/6947/1518 1464/6948/1464
f 1518/6949/1518 1524/6950/1524 1485/6951/1485
f 1485/6952/1485 1524/6953/1524 1496/6954/1496
f 1469/6955/1469 1519/6956/1519 1525/6957/1525
f 1469/6958/1469 1525/6959/1525 1486/6960/1486
f 1473/6961/1473 1526/6962/1526 1487/6963/1487
f 1488/6964/1488 1527/6965/1527 1498/6966/1498
f 1475/6967/1475 1528/6968/1528 1501/6969/1501
f 1452/6970/1452 1529/6971/1529 1489/6972/1489
f 1503/6973/1503 1530/6974/1530 1531/6975/1531
f 1503/6976/1503 1531/6977/1531 1461/6978/1461
f 1461/6979/1461 1531/6980/1531 1512/6981/1512
f 1517/6982/1517 1532/6983/1532 1493/6984/1493
f 1489/6985/1489 1533/6986/1533 1449/6987/1449
f 1515/6988/1515 1534/6989/1534 1516/6990/1516
f 1524/6991/1524 1535/6992/1535 1496/6993/1496
f 1535/6994/1535 1536/6995/1536 1496/6996/1496
f 1496/6997/1496 1536/6998/1536 1467/6999/1467
f 1533/7000/1533 1537/7001/1537 1449/7002/1449
f 1497/7003/1497 1538/7004/1538 1471/7005/1471
f 1538/7006/1538 1539/7007/1539 1471/7008/1471
f 1471/7009/1471 1539/7010/1539 1472/7011/1472
f 1472/7012/1472 1539/7013/1539 1521/7014/1521
f 1521/7015/1521 1540/7016/1540 1473/7017/1473
f 1473/7018/1473 1540/7019/1540 1541/7020/1541
f 1473/7021/1473 1541/7022/1541 1526/7023/1526
f 1451/7024/1451 1509/7025/1509 1424/7026/1424
f 1509/7027/1509 1542/7028/1542 1500/7029/1500
f 1475/7030/1475 1500/7031/1500 1543/7032/1543
f 1475/7033/1475 1543/7034/1543 1528/7035/1528
f 1502/7036/1502 1544/7037/1544 1545/7038/1545
f 1452/7039/1452 1522/7040/1522 1529/7041/1529
f 1546/7042/1546 1503/7043/1503 1511/7044/1511
f 1547/7045/1547 1504/7046/1504 1510/7047/1510
f 1504/7048/1504 1548/7049/1548 1491/7050/1491
f 1549/7051/1549 1533/7052/1533 1489/7053/1489
f 1512/7054/1512 1550/7055/1550 1481/7056/1481
f 1550/7057/1550 1523/7058/1523 1481/7059/1481
f 1551/7060/1551 1534/7061/1534 1515/7062/1515
f 1523/7063/1523 1551/7064/1551 1515/7065/1515
f 1516/7066/1516 1552/7067/1552 1495/7068/1495
f 1495/7069/1495 1552/7070/1552 1517/7071/1517
f 1514/7072/1514 1553/7073/1553 1524/7074/1524
f 1514/7075/1514 1524/7076/1524 1518/7077/1518
f 1537/7078/1537 1554/7079/1554 1555/7080/1555
f 1555/7081/1555 1554/7082/1554 1519/7083/1519
f 1525/7084/1525 1556/7085/1556 1486/7086/1486
f 1486/7087/1486 1557/7088/1557 1507/7089/1507
f 1520/7090/1520 1558/7091/1558 1422/7092/1422
f 1422/7093/1422 1558/7094/1558 1423/7095/1423
f 1423/7096/1423 1558/7097/1558 1508/7098/1508
f 1508/7099/1508 1559/7100/1559 1470/7101/1470
f 1470/7102/1470 1559/7103/1559 1497/7104/1497
f 1560/7105/1560 1561/7106/1561 1499/7107/1499
f 1474/7108/1474 1560/7109/1560 1499/7110/1499
f 1562/7111/1562 1509/7112/1509 1451/7113/1451
f 1528/7114/1528 1563/7115/1563 1501/7116/1501
f 1502/7117/1502 1501/7118/1501 1544/7119/1544
f 1489/7120/1489 1529/7121/1529 1564/7122/1564
f 1489/7123/1489 1564/7124/1564 1549/7125/1549
f 1504/7126/1504 1547/7127/1547 1548/7128/1548
f 1548/7129/1548 1565/7130/1565 1491/7131/1491
f 1531/7132/1531 1566/7133/1566 1512/7134/1512
f 1565/7135/1565 1567/7136/1567 1491/7137/1491
f 1567/7138/1567 1513/7139/1513 1491/7140/1491
f 1512/7141/1512 1566/7142/1566 1550/7143/1550
f 1513/7144/1513 1568/7145/1568 1514/7146/1514
f 1569/7147/1569 1552/7148/1552 1516/7149/1516
f 1534/7150/1534 1569/7151/1569 1516/7152/1516
f 1537/7153/1537 1570/7154/1570 1554/7155/1554
f 1554/7156/1554 1571/7157/1571 1519/7158/1519
f 1519/7159/1519 1571/7160/1571 1525/7161/1525
f 1556/7162/1556 1557/7163/1557 1486/7164/1486
f 1559/7165/1559 1572/7166/1572 1497/7167/1497
f 1497/7168/1497 1572/7169/1572 1538/7170/1538
f 1521/7171/1521 1573/7172/1573 1540/7173/1540
f 1499/7174/1499 1561/7175/1561 1451/7176/1451
f 1528/7177/1528 1543/7178/1543 1563/7179/1563
f 1501/7180/1501 1574/7181/1574 1544/7182/1544
f 1545/7183/1545 1544/7184/1544 1575/7185/1575
f 1522/7186/1522 1575/7187/1575 1576/7188/1576
f 1529/7189/1529 1576/7190/1576 1564/7191/1564
f 1577/7192/1577 1578/7193/1578 1579/7194/1579
f 1546/7195/1546 1580/7196/1580 1530/7197/1530
f 1530/7198/1530 1581/7199/1581 1531/7200/1531
f 1567/7201/1567 1582/7202/1582 1513/7203/1513
f 1582/7204/1582 1568/7205/1568 1513/7206/1513
f 1523/7207/1523 1583/7208/1583 1551/7209/1551
f 1568/7210/1568 1584/7211/1584 1514/7212/1514
f 1514/7213/1514 1584/7214/1584 1553/7215/1553
f 1535/7216/1535 1585/7217/1585 1536/7218/1536
f 1553/7219/1553 1585/7220/1585 1524/7221/1524
f 1539/7222/1539 1573/7223/1573 1521/7224/1521
f 1498/7225/1498 1560/7226/1560 1474/7227/1474
f 1451/7228/1451 1561/7229/1561 1562/7230/1562
f 1542/7231/1542 1586/7232/1586 1500/7233/1500
f 1500/7234/1500 1586/7235/1586 1543/7236/1543
f 1543/7237/1543 1587/7238/1587 1563/7239/1563
f 1501/7240/1501 1563/7241/1563 1574/7242/1574
f 1564/7243/1564 1588/7244/1588 1549/7245/1549
f 1588/7246/1588 1589/7247/1589 1570/7248/1570
f 1550/7249/1550 1583/7250/1583 1523/7251/1523
f 1550/7252/1550 1590/7253/1590 1583/7254/1583
f 1552/7255/1552 1591/7256/1591 1517/7257/1517
f 1584/7258/1584 1592/7259/1592 1553/7260/1553
f 1570/7261/1570 1593/7262/1593 1554/7263/1554
f 1554/7264/1554 1593/7265/1593 1571/7266/1571
f 1571/7267/1571 1556/7268/1556 1525/7269/1525
f 1556/7270/1556 1594/7271/1594 1557/7272/1557
f 1507/7273/1507 1595/7274/1595 1520/7275/1520
f 1527/7276/1527 1560/7277/1560 1498/7278/1498
f 1562/7279/1562 1596/7280/1596 1509/7281/1509
f 1509/7282/1509 1596/7283/1596 1542/7284/1542
f 1574/7285/1574 1597/7286/1597 1544/7287/1544
f 1544/7288/1544 1597/7289/1597 1575/7290/1575
f 1597/7291/1597 1576/7292/1576 1575/7293/1575
f 1576/7294/1576 1598/7295/1598 1588/7296/1588
f 1548/7297/1548 1599/7298/1599 1565/7299/1565
f 1588/7300/1588 1598/7301/1598 1589/7302/1589
f 1583/7303/1583 1600/7304/1600 1551/7305/1551
f 1569/7306/1569 1591/7307/1591 1552/7308/1552
f 1584/7309/1584 1601/7310/1601 1592/7311/1592
f 1585/7312/1585 1602/7313/1602 1536/7314/1536
f 1551/7315/1551 1600/7316/1600 1534/7317/1534
f 1553/7318/1553 1592/7319/1592 1585/7320/1585
f 1589/7321/1589 1593/7322/1593 1570/7323/1570
f 1557/7324/1557 1595/7325/1595 1507/7326/1507
f 1595/7327/1595 1558/7328/1558 1520/7329/1520
f 1538/7330/1538 1603/7331/1603 1539/7332/1539
f 1539/7333/1539 1603/7334/1603 1573/7335/1573
f 1573/7336/1573 1604/7337/1604 1540/7338/1540
f 1604/7339/1604 1605/7340/1605 1540/7341/1540
f 1540/7342/1540 1605/7343/1605 1541/7344/1541
f 1541/7345/1541 1606/7346/1606 1526/7347/1526
f 1607/7348/1607 1608/7349/1608 1527/7350/1527
f 1527/7351/1527 1609/7352/1609 1560/7353/1560
f 1542/7354/1542 1610/7355/1610 1586/7356/1586
f 1597/7357/1597 1611/7358/1611 1576/7359/1576
f 1591/7360/1591 1612/7361/1612 1532/7362/1532
f 1568/7363/1568 1582/7364/1582 1584/7365/1584
f 1602/7366/1602 1613/7367/1613 1614/7368/1614
f 1590/7369/1590 1600/7370/1600 1583/7371/1583
f 1593/7372/1593 1615/7373/1615 1571/7374/1571
f 1571/7375/1571 1615/7376/1615 1556/7377/1556
f 1595/7378/1595 1616/7379/1616 1558/7380/1558
f 1508/7381/1508 1617/7382/1617 1559/7383/1559
f 1559/7384/1559 1618/7385/1618 1572/7386/1572
f 1572/7387/1572 1603/7388/1603 1538/7389/1538
f 1605/7390/1605 1606/7391/1606 1541/7392/1541
f 1560/7393/1560 1619/7394/1619 1561/7395/1561
f 1561/7396/1561 1619/7397/1619 1620/7398/1620
f 1561/7399/1561 1620/7400/1620 1562/7401/1562
f 1563/7402/1563 1621/7403/1621 1574/7404/1574
f 1574/7405/1574 1621/7406/1621 1597/7407/1597
f 1598/7408/1598 1611/7409/1611 1622/7410/1622
f 1622/7411/1622 1623/7412/1623 1589/7413/1589
f 1569/7414/1569 1624/7415/1624 1591/7416/1591
f 1582/7417/1582 1625/7418/1625 1584/7419/1584
f 1625/7420/1625 1601/7421/1601 1584/7422/1584
f 1626/7423/1626 1602/7424/1602 1585/7425/1585
f 1600/7426/1600 1627/7427/1627 1534/7428/1534
f 1534/7429/1534 1627/7430/1627 1569/7431/1569
f 1589/7432/1589 1623/7433/1623 1593/7434/1593
f 1593/7435/1593 1623/7436/1623 1615/7437/1615
f 1615/7438/1615 1628/7439/1628 1556/7440/1556
f 1556/7441/1556 1628/7442/1628 1594/7443/1594
f 1558/7444/1558 1617/7445/1617 1508/7446/1508
f 1618/7447/1618 1629/7448/1629 1572/7449/1572
f 1603/7450/1603 1630/7451/1630 1573/7452/1573
f 1620/7453/1620 1596/7454/1596 1562/7455/1562
f 1581/7456/1581 1631/7457/1631 1531/7458/1531
f 1566/7459/1566 1632/7460/1632 1550/7461/1550
f 1582/7462/1582 1633/7463/1633 1625/7464/1625
f 1601/7465/1601 1634/7466/1634 1592/7467/1592
f 1635/7468/1635 1626/7469/1626 1585/7470/1585
f 1592/7471/1592 1635/7472/1635 1585/7473/1585
f 1617/7474/1617 1636/7475/1636 1559/7476/1559
f 1572/7477/1572 1629/7478/1629 1603/7479/1603
f 1603/7480/1603 1637/7481/1637 1630/7482/1630
f 1573/7483/1573 1630/7484/1630 1604/7485/1604
f 1560/7486/1560 1609/7487/1609 1638/7488/1638
f 1560/7489/1560 1638/7490/1638 1619/7491/1619
f 1563/7492/1563 1639/7493/1639 1621/7494/1621
f 1621/7495/1621 1640/7496/1640 1597/7497/1597
f 1641/7498/1641 1599/7499/1599 1642/7500/1642
f 1581/7501/1581 1580/7502/1580 1631/7503/1631
f 1611/7504/1611 1643/7505/1643 1622/7506/1622
f 1599/7507/1599 1644/7508/1644 1565/7509/1565
f 1531/7510/1531 1645/7511/1645 1566/7512/1566
f 1566/7513/1566 1645/7514/1645 1632/7515/1632
f 1567/7516/1567 1633/7517/1633 1582/7518/1582
f 1622/7519/1622 1643/7520/1643 1623/7521/1623
f 1550/7522/1550 1632/7523/1632 1646/7524/1646
f 1550/7525/1550 1646/7526/1646 1590/7527/1590
f 1624/7528/1624 1647/7529/1647 1591/7530/1591
f 1625/7531/1625 1634/7532/1634 1601/7533/1601
f 1634/7534/1634 1635/7535/1635 1592/7536/1592
f 1623/7537/1623 1628/7538/1628 1615/7539/1615
f 1594/7540/1594 1628/7541/1628 1648/7542/1648
f 1557/7543/1557 1648/7544/1648 1595/7545/1595
f 1559/7546/1559 1636/7547/1636 1618/7548/1618
f 1609/7549/1609 1649/7550/1649 1638/7551/1638
f 1586/7552/1586 1650/7553/1650 1543/7554/1543
f 1587/7555/1587 1639/7556/1639 1563/7557/1563
f 1597/7558/1597 1640/7559/1640 1611/7560/1611
f 1640/7561/1640 1651/7562/1651 1611/7563/1611
f 1611/7564/1611 1651/7565/1651 1643/7566/1643
f 1643/7567/1643 1651/7568/1651 1652/7569/1652
f 1647/7570/1647 1653/7571/1653 1612/7572/1612
f 1643/7573/1643 1652/7574/1652 1623/7575/1623
f 1646/7576/1646 1654/7577/1654 1590/7578/1590
f 1590/7579/1590 1654/7580/1654 1600/7581/1600
f 1623/7582/1623 1652/7583/1652 1628/7584/1628
f 1616/7585/1616 1655/7586/1655 1558/7587/1558
f 1558/7588/1558 1655/7589/1655 1617/7590/1617
f 1629/7591/1629 1637/7592/1637 1603/7593/1603
f 1604/7594/1604 1630/7595/1630 1656/7596/1656
f 1604/7597/1604 1656/7598/1656 1605/7599/1605
f 1656/7600/1656 1657/7601/1657 1605/7602/1605
f 1605/7603/1605 1657/7604/1657 1606/7605/1606
f 1608/7606/1608 1649/7607/1649 1609/7608/1609
f 1610/7609/1610 1650/7610/1650 1586/7611/1586
f 1650/7612/1650 1658/7613/1658 1543/7614/1543
f 1543/7615/1543 1658/7616/1658 1587/7617/1587
f 1633/7618/1633 1659/7619/1659 1625/7620/1625
f 1660/7621/1660 1647/7622/1647 1624/7623/1624
f 1626/7624/1626 1661/7625/1661 1602/7626/1602
f 1595/7627/1595 1648/7628/1648 1616/7629/1616
f 1656/7630/1656 1662/7631/1662 1657/7632/1657
f 1620/7633/1620 1663/7634/1663 1596/7635/1596
f 1631/7636/1631 1664/7637/1664 1531/7638/1531
f 1659/7639/1659 1665/7640/1665 1625/7641/1625
f 1625/7642/1625 1665/7643/1665 1634/7644/1634
f 1600/7645/1600 1666/7646/1666 1627/7647/1627
f 1634/7648/1634 1665/7649/1665 1635/7650/1635
f 1636/7651/1636 1667/7652/1667 1618/7653/1618
f 1629/7654/1629 1668/7655/1668 1637/7656/1637
f 1637/7657/1637 1669/7658/1669 1630/7659/1630
f 1630/7660/1630 1669/7661/1669 1656/7662/1656
f 1658/7663/1658 1639/7664/1639 1587/7665/1587
f 1641/7666/1641 1670/7667/1670 1644/7668/1644
f 1631/7669/1631 1671/7670/1671 1672/7671/1672
f 1631/7672/1631 1672/7673/1672 1664/7674/1664
f 1644/7675/1644 1673/7676/1673 1565/7677/1565
f 1531/7678/1531 1664/7679/1664 1645/7680/1645
f 1567/7681/1567 1674/7682/1674 1633/7683/1633
f 1675/7684/1675 1676/7685/1676 1632/7686/1632
f 1632/7687/1632 1676/7688/1676 1646/7689/1646
f 1654/7690/1654 1666/7691/1666 1600/7692/1600
f 1677/7693/1677 1678/7694/1678 1627/7695/1627
f 1666/7696/1666 1677/7697/1677 1627/7698/1627
f 1627/7699/1627 1678/7700/1678 1660/7701/1660
f 1665/7702/1665 1679/7703/1679 1635/7704/1635
f 1628/7705/1628 1680/7706/1680 1648/7707/1648
f 1648/7708/1648 1681/7709/1681 1616/7710/1616
f 1667/7711/1667 1682/7712/1682 1618/7713/1618
f 1618/7714/1618 1682/7715/1682 1629/7716/1629
f 1637/7717/1637 1668/7718/1668 1669/7719/1669
f 1669/7720/1669 1683/7721/1683 1656/7722/1656
f 1683/7723/1683 1684/7724/1684 1656/7725/1656
f 1685/7726/1685 1686/7727/1686 1649/7728/1649
f 1649/7729/1649 1686/7730/1686 1638/7731/1638
f 1619/7732/1619 1663/7733/1663 1620/7734/1620
f 1639/7735/1639 1687/7736/1687 1621/7737/1621
f 1621/7738/1621 1687/7739/1687 1640/7740/1640
f 1673/7741/1673 1688/7742/1688 1565/7743/1565
f 1565/7744/1565 1688/7745/1688 1567/7746/1567
f 1567/7747/1567 1688/7748/1688 1674/7749/1674
f 1632/7750/1632 1645/7751/1645 1675/7752/1675
f 1651/7753/1651 1689/7754/1689 1652/7755/1652
f 1633/7756/1633 1674/7757/1674 1659/7758/1659
f 1646/7759/1646 1666/7760/1666 1654/7761/1654
f 1659/7762/1659 1690/7763/1690 1665/7764/1665
f 1652/7765/1652 1691/7766/1691 1680/7767/1680
f 1652/7768/1652 1680/7769/1680 1628/7770/1628
f 1648/7771/1648 1692/7772/1692 1681/7773/1681
f 1629/7774/1629 1682/7775/1682 1668/7776/1668
f 1656/7777/1656 1684/7778/1684 1662/7779/1662
f 1638/7780/1638 1693/7781/1693 1619/7782/1619
f 1663/7783/1663 1694/7784/1694 1596/7785/1596
f 1596/7786/1596 1694/7787/1694 1610/7788/1610
f 1610/7789/1610 1694/7790/1694 1650/7791/1650
f 1640/7792/1640 1695/7793/1695 1651/7794/1651
f 1661/7795/1661 1696/7796/1696 1697/7797/1697
f 1676/7798/1676 1666/7799/1666 1646/7800/1646
f 1678/7801/1678 1698/7802/1698 1660/7803/1660
f 1660/7804/1660 1698/7805/1698 1647/7806/1647
f 1674/7807/1674 1699/7808/1699 1659/7809/1659
f 1699/7810/1699 1690/7811/1690 1659/7812/1659
f 1679/7813/1679 1700/7814/1700 1661/7815/1661
f 1680/7816/1680 1692/7817/1692 1648/7818/1648
f 1617/7819/1617 1655/7820/1655 1701/7821/1701
f 1617/7822/1617 1701/7823/1701 1636/7824/1636
f 1668/7825/1668 1702/7826/1702 1703/7827/1703
f 1668/7828/1668 1703/7829/1703 1669/7830/1669
f 1619/7831/1619 1693/7832/1693 1663/7833/1663
f 1695/7834/1695 1689/7835/1689 1651/7836/1651
f 1664/7837/1664 1704/7838/1704 1645/7839/1645
f 1676/7840/1676 1705/7841/1705 1666/7842/1666
f 1700/7843/1700 1696/7844/1696 1661/7845/1661
f 1652/7846/1652 1689/7847/1689 1691/7848/1691
f 1706/7849/1706 1700/7850/1700 1679/7851/1679
f 1665/7852/1665 1706/7853/1706 1679/7854/1679
f 1681/7855/1681 1707/7856/1707 1616/7857/1616
f 1616/7858/1616 1707/7859/1707 1655/7860/1655
f 1636/7861/1636 1701/7862/1701 1667/7863/1667
f 1682/7864/1682 1708/7865/1708 1668/7866/1668
f 1669/7867/1669 1703/7868/1703 1683/7869/1683
f 1684/7870/1684 1709/7871/1709 1662/7872/1662
f 1694/7873/1694 1658/7874/1658 1650/7875/1650
f 1710/7876/1710 1711/7877/1711 1712/7878/1712
f 1672/7879/1672 1713/7880/1713 1714/7881/1714
f 1672/7882/1672 1714/7883/1714 1664/7884/1664
f 1673/7885/1673 1715/7886/1715 1688/7887/1688
f 1697/7888/1697 1716/7889/1716 1717/7890/1717
f 1675/7891/1675 1718/7892/1718 1676/7893/1676
f 1698/7894/1698 1719/7895/1719 1653/7896/1653
f 1690/7897/1690 1706/7898/1706 1665/7899/1665
f 1680/7900/1680 1720/7901/1720 1692/7902/1692
f 1692/7903/1692 1707/7904/1707 1681/7905/1681
f 1668/7906/1668 1708/7907/1708 1702/7908/1702
f 1658/7909/1658 1721/7910/1721 1639/7911/1639
f 1639/7912/1639 1721/7913/1721 1687/7914/1687
f 1645/7915/1645 1704/7916/1704 1675/7917/1675
f 1719/7918/1719 1722/7919/1722 1653/7920/1653
f 1723/7921/1723 1724/7922/1724 1674/7923/1674
f 1674/7924/1674 1724/7925/1724 1699/7926/1699
f 1718/7927/1718 1705/7928/1705 1676/7929/1676
f 1699/7930/1699 1725/7931/1725 1690/7932/1690
f 1680/7933/1680 1691/7934/1691 1720/7935/1720
f 1707/7936/1707 1701/7937/1701 1655/7938/1655
f 1708/7939/1708 1726/7940/1726 1703/7941/1703
f 1702/7942/1702 1708/7943/1708 1703/7944/1703
f 1703/7945/1703 1726/7946/1726 1727/7947/1727
f 1703/7948/1703 1727/7949/1727 1683/7950/1683
f 1727/7951/1727 1728/7952/1728 1683/7953/1683
f 1683/7954/1683 1728/7955/1728 1684/7956/1684
f 1693/7957/1693 1729/7958/1729 1663/7959/1663
f 1663/7960/1663 1730/7961/1730 1694/7962/1694
f 1694/7963/1694 1731/7964/1731 1658/7965/1658
f 1687/7966/1687 1732/7967/1732 1695/7968/1695
f 1714/7969/1714 1733/7970/1733 1664/7971/1664
f 1664/7972/1664 1733/7973/1733 1704/7974/1704
f 1723/7975/1723 1674/7976/1674 1688/7977/1688
f 1678/7978/1678 1734/7979/1734 1698/7980/1698
f 1666/7981/1666 1705/7982/1705 1677/7983/1677
f 1725/7984/1725 1735/7985/1735 1690/7986/1690
f 1690/7987/1690 1735/7988/1735 1706/7989/1706
f 1691/7990/1691 1736/7991/1736 1720/7992/1720
f 1692/7993/1692 1737/7994/1737 1707/7995/1707
f 1667/7996/1667 1738/7997/1738 1682/7998/1682
f 1682/7999/1682 1738/8000/1738 1708/8001/1708
f 1728/8002/1728 1709/8003/1709 1684/8004/1684
f 1729/8005/1729 1730/8006/1730 1663/8007/1663
f 1687/8008/1687 1739/8009/1739 1732/8010/1732
f 1670/8011/1670 1740/8012/1740 1715/8013/1715
f 1695/8014/1695 1732/8015/1732 1689/8016/1689
f 1689/8017/1689 1732/8018/1732 1736/8019/1736
f 1704/8020/1704 1741/8021/1741 1675/8022/1675
f 1689/8023/1689 1736/8024/1736 1691/8025/1691
f 1675/8026/1675 1742/8027/1742 1718/8028/1718
f 1742/8029/1742 1743/8030/1743 1718/8031/1718
f 1718/8032/1718 1743/8033/1743 1705/8034/1705
f 1744/8035/1744 1734/8036/1734 1678/8037/1678
f 1699/8038/1699 1724/8039/1724 1725/8040/1725
f 1705/8041/1705 1745/8042/1745 1677/8043/1677
f 1745/8044/1745 1744/8045/1744 1678/8046/1678
f 1677/8047/1677 1745/8048/1745 1678/8049/1678
f 1720/8050/1720 1736/8051/1736 1746/8052/1746
f 1707/8053/1707 1747/8054/1747 1701/8055/1701
f 1701/8056/1701 1747/8057/1747 1748/8058/1748
f 1701/8059/1701 1748/8060/1748 1667/8061/1667
f 1749/8062/1749 1726/8063/1726 1708/8064/1708
f 1693/8065/1693 1750/8066/1750 1729/8067/1729
f 1694/8068/1694 1730/8069/1730 1731/8070/1731
f 1731/8071/1731 1751/8072/1751 1658/8073/1658
f 1713/8074/1713 1752/8075/1752 1714/8076/1714
f 1688/8077/1688 1753/8078/1753 1723/8079/1723
f 1741/8080/1741 1742/8081/1742 1675/8082/1675
f 1696/8083/1696 1754/8084/1754 1716/8085/1716
f 1700/8086/1700 1755/8087/1755 1696/8088/1696
f 1720/8089/1720 1756/8090/1756 1692/8091/1692
f 1738/8092/1738 1757/8093/1757 1708/8094/1708
f 1658/8095/1658 1751/8096/1751 1721/8097/1721
f 1721/8098/1721 1739/8099/1739 1687/8100/1687
f 1752/8101/1752 1758/8102/1758 1714/8103/1714
f 1759/8104/1759 1753/8105/1753 1715/8106/1715
f 1715/8107/1715 1753/8108/1753 1688/8109/1688
f 1733/8110/1733 1760/8111/1760 1704/8112/1704
f 1753/8113/1753 1761/8114/1761 1723/8115/1723
f 1724/8116/1724 1762/8117/1762 1725/8118/1725
f 1755/8119/1755 1763/8120/1763 1696/8121/1696
f 1743/8122/1743 1745/8123/1745 1705/8124/1705
f 1746/8125/1746 1756/8126/1756 1720/8127/1720
f 1707/8128/1707 1737/8129/1737 1747/8130/1747
f 1757/8131/1757 1749/8132/1749 1708/8133/1708
f 1709/8134/1709 1728/8135/1728 1764/8136/1764
f 1730/8137/1730 1765/8138/1765 1731/8139/1731
f 1751/8140/1751 1766/8141/1766 1721/8142/1721
f 1714/8143/1714 1758/8144/1758 1733/8145/1733
f 1723/8146/1723 1761/8147/1761 1724/8148/1724
f 1744/8149/1744 1767/8150/1767 1734/8151/1734
f 1762/8152/1762 1735/8153/1735 1725/8154/1725
f 1768/8155/1768 1755/8156/1755 1706/8157/1706
f 1735/8158/1735 1768/8159/1768 1706/8160/1706
f 1692/8161/1692 1756/8162/1756 1737/8163/1737
f 1737/8164/1737 1769/8165/1769 1747/8166/1747
f 1693/8167/1693 1770/8168/1770 1750/8169/1750
f 1729/8170/1729 1750/8171/1750 1771/8172/1771
f 1729/8173/1729 1771/8174/1771 1730/8175/1730
f 1721/8176/1721 1772/8177/1772 1739/8178/1739
f 1732/8179/1732 1739/8180/1739 1773/8181/1773
f 1732/8182/1732 1773/8183/1773 1736/8184/1736
f 1760/8185/1760 1774/8186/1774 1704/8187/1704
f 1704/8188/1704 1774/8189/1774 1741/8190/1741
f 1763/8191/1763 1775/8192/1775 1754/8193/1754
f 1741/8194/1741 1776/8195/1776 1742/8196/1742
f 1761/8197/1761 1777/8198/1777 1724/8199/1724
f 1777/8200/1777 1762/8201/1762 1724/8202/1724
f 1778/8203/1778 1763/8204/1763 1755/8205/1755
f 1745/8206/1745 1779/8207/1779 1744/8208/1744
f 1768/8209/1768 1778/8210/1778 1755/8211/1755
f 1736/8212/1736 1773/8213/1773 1746/8214/1746
f 1756/8215/1756 1746/8216/1746 1780/8217/1780
f 1748/8218/1748 1738/8219/1738 1667/8220/1667
f 1781/8221/1781 1782/8222/1782 1727/8223/1727
f 1782/8224/1782 1783/8225/1783 1728/8226/1728
f 1727/8227/1727 1782/8228/1782 1728/8229/1728
f 1784/8230/1784 1785/8231/1785 1786/8232/1786
f 1730/8233/1730 1771/8234/1771 1765/8235/1765
f 1752/8236/1752 1787/8237/1787 1758/8238/1758
f 1774/8239/1774 1776/8240/1776 1741/8241/1741
f 1776/8242/1776 1788/8243/1788 1742/8244/1742
f 1742/8245/1742 1788/8246/1788 1743/8247/1743
f 1779/8248/1779 1767/8249/1767 1744/8250/1744
f 1762/8251/1762 1768/8252/1768 1735/8253/1735
f 1769/8254/1769 1789/8255/1789 1747/8256/1747
f 1747/8257/1747 1789/8258/1789 1748/8259/1748
f 1757/8260/1757 1790/8261/1790 1749/8262/1749
f 1749/8263/1749 1790/8264/1790 1781/8265/1781
f 1765/8266/1765 1791/8267/1791 1731/8268/1731
f 1731/8269/1731 1791/8270/1791 1751/8271/1751
f 1766/8272/1766 1772/8273/1772 1721/8274/1721
f 1739/8275/1739 1792/8276/1792 1773/8277/1773
f 1787/8278/1787 1793/8279/1793 1758/8280/1758
f 1740/8281/1740 1794/8282/1794 1759/8283/1759
f 1758/8284/1758 1760/8285/1760 1733/8286/1733
f 1795/8287/1795 1796/8288/1796 1761/8289/1761
f 1753/8290/1753 1795/8291/1795 1761/8292/1761
f 1767/8293/1767 1797/8294/1797 1798/8295/1798
f 1777/8296/1777 1799/8297/1799 1762/8298/1762
f 1778/8299/1778 1800/8300/1800 1763/8301/1763
f 1788/8302/1788 1801/8303/1801 1743/8304/1743
f 1743/8305/1743 1801/8306/1801 1745/8307/1745
f 1746/8308/1746 1773/8309/1773 1780/8310/1780
f 1737/8311/1737 1756/8312/1756 1769/8313/1769
f 1789/8314/1789 1802/8315/1802 1748/8316/1748
f 1748/8317/1748 1802/8318/1802 1738/8319/1738
f 1738/8320/1738 1803/8321/1803 1757/8322/1757
f 1757/8323/1757 1803/8324/1803 1790/8325/1790
f 1804/8326/1804 1771/8327/1771 1750/8328/1750
f 1759/8329/1759 1805/8330/1805 1806/8331/1806
f 1758/8332/1758 1793/8333/1793 1760/8334/1760
f 1759/8335/1759 1806/8336/1806 1753/8337/1753
f 1753/8338/1753 1806/8339/1806 1795/8340/1795
f 1796/8341/1796 1777/8342/1777 1761/8343/1761
f 1745/8344/1745 1807/8345/1807 1779/8346/1779
f 1799/8347/1799 1768/8348/1768 1762/8349/1762
f 1756/8350/1756 1808/8351/1808 1769/8352/1769
f 1802/8353/1802 1803/8354/1803 1738/8355/1738
f 1782/8356/1782 1809/8357/1809 1783/8358/1783
f 1771/8359/1771 1810/8360/1810 1765/8361/1765
f 1765/8362/1765 1810/8363/1810 1791/8364/1791
f 1793/8365/1793 1811/8366/1811 1760/8367/1760
f 1760/8368/1760 1811/8369/1811 1774/8370/1774
f 1800/8371/1800 1812/8372/1812 1775/8373/1775
f 1779/8374/1779 1807/8375/1807 1767/8376/1767
f 1778/8377/1778 1813/8378/1813 1800/8379/1800
f 1801/8380/1801 1807/8381/1807 1745/8382/1745
f 1799/8383/1799 1814/8384/1814 1768/8385/1768
f 1814/8386/1814 1778/8387/1778 1768/8388/1768
f 1770/8389/1770 1815/8390/1815 1804/8391/1804
f 1751/8392/1751 1791/8393/1791 1766/8394/1766
f 1816/8395/1816 1817/8396/1817 1818/8397/1818
f 1792/8398/1792 1819/8399/1819 1773/8400/1773
f 1811/8401/1811 1820/8402/1820 1774/8403/1774
f 1796/8404/1796 1821/8405/1821 1777/8406/1777
f 1777/8407/1777 1821/8408/1821 1799/8409/1799
f 1799/8410/1799 1822/8411/1822 1814/8412/1814
f 1814/8413/1814 1813/8414/1813 1778/8415/1778
f 1789/8416/1789 1823/8417/1823 1802/8418/1802
f 1802/8419/1802 1824/8420/1824 1803/8421/1803
f 1825/8422/1825 1810/8423/1810 1771/8424/1771
f 1793/8425/1793 1826/8426/1826 1811/8427/1811
f 1806/8428/1806 1827/8429/1827 1795/8430/1795
f 1795/8431/1795 1827/8432/1827 1796/8433/1796
f 1828/8434/1828 1829/8435/1829 1797/8436/1797
f 1774/8437/1774 1830/8438/1830 1776/8439/1776
f 1830/8440/1830 1831/8441/1831 1776/8442/1776
f 1776/8443/1776 1831/8444/1831 1788/8445/1788
f 1807/8446/1807 1828/8447/1828 1767/8448/1767
f 1788/8449/1788 1832/8450/1832 1801/8451/1801
f 1822/8452/1822 1833/8453/1833 1814/8454/1814
f 1833/8455/1833 1813/8456/1813 1814/8457/1814
f 1780/8458/1780 1834/8459/1834 1756/8460/1756
f 1808/8461/1808 1835/8462/1835 1769/8463/1769
f 1769/8464/1769 1835/8465/1835 1789/8466/1789
f 1836/8467/1836 1837/8468/1837 1838/8469/1838
f 1815/8470/1815 1825/8471/1825 1804/8472/1804
f 1825/8473/1825 1839/8474/1839 1810/8475/1810
f 1791/8476/1791 1840/8477/1840 1766/8478/1766
f 1787/8479/1787 1841/8480/1841 1793/8481/1793
f 1805/8482/1805 1842/8483/1842 1843/8484/1843
f 1805/8485/1805 1843/8486/1843 1806/8487/1806
f 1806/8488/1806 1843/8489/1843 1827/8490/1827
f 1827/8491/1827 1844/8492/1844 1796/8493/1796
f 1820/8494/1820 1830/8495/1830 1774/8496/1774
f 1796/8497/1796 1844/8498/1844 1821/8499/1821
f 1831/8500/1831 1832/8501/1832 1788/8502/1788
f 1834/8503/1834 1808/8504/1808 1756/8505/1756
f 1823/8506/1823 1824/8507/1824 1802/8508/1802
f 1825/8509/1825 1845/8510/1845 1839/8511/1839
f 1840/8512/1840 1846/8513/1846 1766/8514/1766
f 1766/8515/1766 1847/8516/1847 1772/8517/1772
f 1841/8518/1841 1826/8519/1826 1793/8520/1793
f 1826/8521/1826 1848/8522/1848 1811/8523/1811
f 1811/8524/1811 1848/8525/1848 1820/8526/1820
f 1844/8527/1844 1849/8528/1849 1821/8529/1821
f 1800/8530/1800 1850/8531/1850 1812/8532/1812
f 1821/8533/1821 1851/8534/1851 1799/8535/1799
f 1832/8536/1832 1852/8537/1852 1801/8538/1801
f 1801/8539/1801 1852/8540/1852 1807/8541/1807
f 1819/8542/1819 1834/8543/1834 1780/8544/1780
f 1835/8545/1835 1853/8546/1853 1789/8547/1789
f 1789/8548/1789 1853/8549/1853 1823/8550/1823
f 1839/8551/1839 1854/8552/1854 1810/8553/1810
f 1810/8554/1810 1855/8555/1855 1791/8556/1791
f 1791/8557/1791 1855/8558/1855 1840/8559/1840
f 1766/8560/1766 1846/8561/1846 1847/8562/1847
f 1856/8563/1856 1857/8564/1857 1841/8565/1841
f 1841/8566/1841 1858/8567/1858 1826/8568/1826
f 1826/8569/1826 1858/8570/1858 1848/8571/1848
f 1843/8572/1843 1859/8573/1859 1827/8574/1827
f 1848/8575/1848 1860/8576/1860 1820/8577/1820
f 1827/8578/1827 1859/8579/1859 1844/8580/1844
f 1820/8581/1820 1860/8582/1860 1861/8583/1861
f 1820/8584/1820 1861/8585/1861 1830/8586/1830
f 1830/8587/1830 1861/8588/1861 1831/8589/1831
f 1807/8590/1807 1862/8591/1862 1828/8592/1828
f 1849/8593/1849 1851/8594/1851 1821/8595/1821
f 1813/8596/1813 1863/8597/1863 1800/8598/1800
f 1851/8599/1851 1864/8600/1864 1799/8601/1799
f 1799/8602/1799 1864/8603/1864 1822/8604/1822
f 1822/8605/1822 1864/8606/1864 1833/8607/1833
f 1833/8608/1833 1864/8609/1864 1813/8610/1813
f 1834/8611/1834 1865/8612/1865 1808/8613/1808
f 1808/8614/1808 1865/8615/1865 1835/8616/1835
f 1866/8617/1866 1867/8618/1867 1868/8619/1868
f 1854/8620/1854 1855/8621/1855 1810/8622/1810
f 1772/8623/1772 1847/8624/1847 1792/8625/1792
f 1792/8626/1792 1869/8627/1869 1819/8628/1819
f 1842/8629/1842 1870/8630/1870 1843/8631/1843
f 1858/8632/1858 1871/8633/1871 1848/8634/1848
f 1848/8635/1848 1871/8636/1871 1860/8637/1860
f 1819/8638/1819 1872/8639/1872 1834/8640/1834
f 1831/8641/1831 1861/8642/1861 1873/8643/1873
f 1831/8644/1831 1873/8645/1873 1852/8646/1852
f 1831/8647/1831 1852/8648/1852 1832/8649/1832
f 1852/8650/1852 1862/8651/1862 1807/8652/1807
f 1864/8653/1864 1874/8654/1874 1813/8655/1813
f 1853/8656/1853 1875/8657/1875 1823/8658/1823
f 1823/8659/1823 1875/8660/1875 1824/8661/1824
f 1824/8662/1824 1875/8663/1875 1876/8664/1876
f 1876/8665/1876 1877/8666/1877 1878/8667/1878
f 1840/8668/1840 1855/8669/1855 1846/8670/1846
f 1792/8671/1792 1847/8672/1847 1869/8673/1869
f 1879/8674/1879 1870/8675/1870 1842/8676/1842
f 1880/8677/1880 1879/8678/1879 1842/8679/1842
f 1869/8680/1869 1881/8681/1881 1819/8682/1819
f 1828/8683/1828 1882/8684/1882 1829/8685/1829
f 1844/8686/1844 1883/8687/1883 1849/8688/1849
f 1819/8689/1819 1881/8690/1881 1872/8691/1872
f 1884/8692/1884 1873/8693/1873 1861/8694/1861
f 1862/8695/1862 1885/8696/1885 1828/8697/1828
f 1851/8698/1851 1886/8699/1886 1864/8700/1864
f 1864/8701/1864 1886/8702/1886 1874/8703/1874
f 1834/8704/1834 1872/8705/1872 1865/8706/1865
f 1865/8707/1865 1887/8708/1887 1835/8709/1835
f 1835/8710/1835 1887/8711/1887 1853/8712/1853
f 1853/8713/1853 1888/8714/1888 1875/8715/1875
f 1889/8716/1889 1890/8717/1890 1854/8718/1854
f 1855/8719/1855 1891/8720/1891 1846/8721/1846
f 1892/8722/1892 1893/8723/1893 1894/8724/1894
f 1872/8725/1872 1887/8726/1887 1865/8727/1865
f 1853/8728/1853 1887/8729/1887 1888/8730/1888
f 1888/8731/1888 1895/8732/1895 1875/8733/1875
f 1846/8734/1846 1891/8735/1891 1847/8736/1847
f 1896/8737/1896 1897/8738/1897 1898/8739/1898
f 1899/8740/1899 1900/8741/1900 1863/8742/1863
f 1881/8743/1881 1901/8744/1901 1872/8745/1872
f 1872/8746/1872 1901/8747/1901 1887/8748/1887
f 1887/8749/1887 1902/8750/1902 1888/8751/1888
f 1888/8752/1888 1903/8753/1903 1895/8754/1895
f 1891/8755/1891 1904/8756/1904 1847/8757/1847
f 1869/8758/1869 1905/8759/1905 1881/8760/1881
f 1881/8761/1881 1905/8762/1905 1901/8763/1901
f 1901/8764/1901 1906/8765/1906 1887/8766/1887
f 1887/8767/1887 1906/8768/1906 1902/8769/1902
f 1904/8770/1904 1907/8771/1907 1847/8772/1847
f 1847/8773/1847 1907/8774/1907 1869/8775/1869
f 1907/8776/1907 1908/8777/1908 1905/8778/1905
f 1869/8779/1869 1907/8780/1907 1905/8781/1905
f 1901/8782/1901 1909/8783/1909 1906/8784/1906
f 1910/8785/1910 1911/8786/1911 1902/8787/1902
f 1908/8788/1908 1912/8789/1912 1905/8790/1905
f 1905/8791/1905 1912/8792/1912 1901/8793/1901
f 1901/8794/1901 1912/8795/1912 1909/8796/1909
f 1913/8797/1913 1914/8798/1914 1915/8799/1915
f 1915/8800/1915 1914/8801/1914 1916/8802/1916
f 1917/8803/1917 14/8804/14 17/8805/17
f 1917/8806/1917 17/8807/17 1918/8808/1918
f 1918/8809/1918 17/8810/17 21/8811/21
f 26/8812/26 16/8813/16 1919/8814/1919
f 1919/8815/1919 16/8816/16 14/8817/14
f 1919/8818/1919 14/8819/14 1917/8820/1917
f 1917/8821/1917 1918/8822/1918 1920/8823/1920
f 1918/8824/1918 21/8825/21 1920/8826/1920
f 21/8827/21 24/8828/24 1920/8829/1920
f 38/8830/38 26/8831/26 1919/8832/1919
f 1920/8833/1920 24/8834/24 35/8835/35
f 1921/8836/1921 39/8837/39 38/8838/38
f 35/8839/35 45/8840/45 1922/8841/1922
f 1919/8842/1919 1917/8843/1917 1920/8844/1920
f 1922/8845/1922 1920/8846/1920 35/8847/35
f 55/8848/55 39/8849/39 1921/8850/1921
f 45/8851/45 59/8852/59 1922/8853/1922
f 84/8854/84 77/8855/77 65/8856/65
f 1923/8857/1923 71/8858/71 55/8859/55
f 1921/8860/1921 38/8861/38 1919/8862/1919
f 1924/8863/1924 72/8864/72 74/8865/74
f 75/8866/75 77/8867/77 1925/8868/1925
f 1925/8869/1925 77/8870/77 84/8871/84
f 59/8872/59 69/8873/69 1926/8874/1926
f 1923/8875/1923 55/8876/55 1921/8877/1921
f 102/8878/102 72/8879/72 1927/8880/1927
f 1927/8881/1927 72/8882/72 1924/8883/1924
f 103/8884/103 75/8885/75 1928/8886/1928
f 81/8887/81 87/8888/87 176/8889/176
f 111/8890/111 87/8891/87 89/8892/89
f 114/8893/114 88/8894/88 90/8895/90
f 119/8896/119 70/8897/70 133/8898/133
f 103/8899/103 1928/8900/1928 1929/8901/1929
f 1928/8902/1928 75/8903/75 1930/8904/1930
f 1930/8905/1930 75/8906/75 1925/8907/1925
f 105/8908/105 82/8909/82 121/8910/121
f 184/8911/184 1925/8912/1925 84/8913/84
f 1931/8914/1931 1919/8915/1919 1920/8916/1920
f 176/8917/176 87/8918/87 111/8919/111
f 1922/8920/1922 59/8921/59 1926/8922/1926
f 1926/8923/1926 69/8924/69 131/8925/131
f 135/8926/135 119/8927/119 133/8928/133
f 134/8929/134 71/8930/71 1923/8931/1923
f 1921/8932/1921 1919/8933/1919 1931/8934/1931
f 1932/8935/1932 102/8936/102 1927/8937/1927
f 1933/8938/1933 1927/8939/1927 1924/8940/1924
f 1934/8941/1934 1928/8942/1928 1930/8943/1930
f 138/8944/138 103/8945/103 1929/8946/1929
f 1930/8947/1930 1925/8948/1925 1935/8949/1935
f 1925/8950/1925 184/8951/184 1935/8952/1935
f 79/8953/79 81/8954/81 1936/8955/1936
f 184/8956/184 84/8957/84 85/8958/85
f 81/8959/81 176/8960/176 1937/8961/1937
f 85/8962/85 88/8963/88 127/8964/127
f 1932/8965/1932 1927/8966/1927 1933/8967/1933
f 1933/8968/1933 1924/8969/1924 1938/8970/1938
f 1929/8971/1929 1928/8972/1928 1934/8973/1934
f 157/8974/157 121/8975/121 102/8976/102
f 157/8977/157 102/8978/102 1932/8979/1932
f 158/8980/158 105/8981/105 121/8982/121
f 137/8983/137 79/8984/79 1939/8985/1939
f 1939/8986/1939 79/8987/79 1936/8988/1936
f 1936/8989/1936 81/8990/81 1940/8991/1940
f 184/8992/184 85/8993/85 212/8994/212
f 123/8995/123 150/8996/150 172/8997/172
f 1940/8998/1940 81/8999/81 1937/9000/1937
f 212/9001/212 85/9002/85 127/9003/127
f 126/9004/126 123/9005/123 172/9006/172
f 1920/9007/1920 1922/9008/1922 1926/9009/1926
f 1923/9010/1923 1921/9011/1921 1931/9012/1931
f 1924/9013/1924 74/9014/74 1938/9015/1938
f 1938/9016/1938 74/9017/74 137/9018/137
f 1941/9019/1941 138/9020/138 1929/9021/1929
f 1942/9022/1942 1930/9023/1930 1935/9024/1935
f 179/9025/179 135/9026/135 168/9027/168
f 189/9028/189 146/9029/146 134/9030/134
f 189/9031/189 134/9032/134 1923/9033/1923
f 1933/9034/1933 1938/9035/1938 226/9036/226
f 1929/9037/1929 1934/9038/1934 250/9039/250
f 1934/9040/1934 1930/9041/1930 1942/9042/1942
f 137/9043/137 1939/9044/1939 1943/9045/1943
f 1935/9046/1935 184/9047/184 183/9048/183
f 1931/9049/1931 1920/9050/1920 1944/9051/1944
f 1937/9052/1937 176/9053/176 175/9054/175
f 1944/9055/1944 1920/9056/1920 1926/9057/1926
f 228/9058/228 1932/9059/1932 1933/9060/1933
f 228/9061/228 1933/9062/1933 226/9063/226
f 1941/9064/1941 1929/9065/1929 250/9066/250
f 1942/9067/1942 1935/9068/1935 1945/9069/1945
f 159/9070/159 138/9071/138 1941/9072/1941
f 1939/9073/1939 1936/9074/1936 1940/9075/1940
f 185/9076/185 184/9077/184 212/9078/212
f 212/9079/212 127/9080/127 193/9081/193
f 250/9082/250 1934/9083/1934 1942/9084/1942
f 1938/9085/1938 137/9086/137 1943/9087/1943
f 1935/9088/1935 183/9089/183 1946/9090/1946
f 1946/9091/1946 183/9092/183 185/9093/185
f 1947/9094/1947 1939/9095/1939 1940/9096/1940
f 283/9097/283 1940/9098/1940 1937/9099/1937
f 1926/9100/1926 131/9101/131 1948/9102/1948
f 131/9103/131 167/9104/167 1948/9105/1948
f 250/9106/250 1942/9107/1942 1949/9108/1949
f 157/9109/157 1932/9110/1932 1950/9111/1950
f 1950/9112/1950 1932/9113/1932 228/9114/228
f 1941/9115/1941 250/9116/250 236/9117/236
f 1945/9118/1945 1935/9119/1935 1946/9120/1946
f 1943/9121/1943 1939/9122/1939 1947/9123/1947
f 160/9124/160 192/9125/192 200/9126/200
f 1948/9127/1948 167/9128/167 203/9129/203
f 204/9130/204 169/9131/169 189/9132/189
f 226/9133/226 1938/9134/1938 1951/9135/1951
f 1949/9136/1949 1942/9137/1942 1945/9138/1945
f 1951/9139/1951 1938/9140/1938 1943/9141/1943
f 266/9142/266 1940/9143/1940 283/9144/283
f 285/9145/285 212/9146/212 193/9147/193
f 210/9148/210 168/9149/168 263/9150/263
f 263/9151/263 168/9152/168 204/9153/204
f 1951/9154/1951 1943/9155/1943 280/9156/280
f 205/9157/205 157/9158/157 1950/9159/1950
f 280/9160/280 1943/9161/1943 1947/9162/1947
f 159/9163/159 1941/9164/1941 236/9165/236
f 1946/9166/1946 185/9167/185 213/9168/213
f 1947/9169/1947 1940/9170/1940 266/9171/266
f 283/9172/283 1937/9173/1937 1952/9174/1952
f 1952/9175/1952 1937/9176/1937 175/9177/175
f 1950/9178/1950 228/9179/228 235/9180/235
f 317/9181/317 1950/9182/1950 235/9183/235
f 1951/9184/1951 280/9185/280 1953/9186/1953
f 1945/9187/1945 1946/9188/1946 1954/9189/1954
f 285/9190/285 193/9191/193 240/9192/240
f 232/9193/232 193/9194/193 177/9195/177
f 263/9196/263 204/9197/204 261/9198/261
f 261/9199/261 204/9200/204 222/9201/222
f 189/9202/189 1923/9203/1923 1955/9204/1955
f 226/9205/226 1951/9206/1951 1956/9207/1956
f 227/9208/227 226/9209/226 1956/9210/1956
f 1949/9211/1949 1945/9212/1945 1954/9213/1954
f 236/9214/236 250/9215/250 249/9216/249
f 205/9217/205 1950/9218/1950 317/9219/317
f 237/9220/237 192/9221/192 159/9222/159
f 213/9223/213 212/9224/212 285/9225/285
f 186/9226/186 200/9227/200 230/9228/230
f 1948/9229/1948 203/9230/203 245/9231/245
f 264/9232/264 222/9233/222 189/9234/189
f 248/9235/248 250/9236/250 1949/9237/1949
f 1954/9238/1954 1946/9239/1946 1957/9240/1957
f 1946/9241/1946 213/9242/213 1957/9243/1957
f 1958/9244/1958 213/9245/213 285/9246/285
f 1951/9247/1951 1953/9248/1953 1956/9249/1956
f 280/9250/280 1947/9251/1947 268/9252/268
f 1957/9253/1957 213/9254/213 1958/9255/1958
f 268/9256/268 1947/9257/1947 266/9258/266
f 1952/9259/1952 175/9260/175 301/9261/301
f 301/9262/301 175/9263/175 239/9264/239
f 264/9265/264 189/9266/189 1955/9267/1955
f 248/9268/248 1949/9269/1949 1959/9270/1959
f 1959/9271/1959 1949/9272/1949 1954/9273/1954
f 317/9274/317 235/9275/235 227/9276/227
f 317/9277/317 227/9278/227 1960/9279/1960
f 237/9280/237 236/9281/236 249/9282/249
f 1961/9283/1961 1958/9284/1958 285/9285/285
f 285/9286/285 240/9287/240 286/9288/286
f 252/9289/252 194/9290/194 253/9291/253
f 1956/9292/1956 1953/9293/1953 280/9294/280
f 1956/9295/1956 280/9296/280 1962/9297/1962
f 1962/9298/1962 280/9299/280 281/9300/281
f 292/9301/292 249/9302/249 248/9303/248
f 319/9304/319 205/9305/205 317/9306/317
f 237/9307/237 249/9308/249 292/9309/292
f 251/9310/251 205/9311/205 319/9312/319
f 1961/9313/1961 285/9314/285 287/9315/287
f 282/9316/282 283/9317/283 1963/9318/1963
f 1963/9319/1963 283/9320/283 1952/9321/1952
f 1944/9322/1944 1926/9323/1926 1964/9324/1964
f 261/9325/261 309/9326/309 262/9327/262
f 261/9328/261 264/9329/264 309/9330/309
f 1959/9331/1959 1954/9332/1954 1965/9333/1965
f 1965/9334/1965 1954/9335/1954 1957/9336/1957
f 1965/9337/1965 1957/9338/1957 367/9339/367
f 1957/9340/1957 1958/9341/1958 1966/9342/1966
f 1966/9343/1966 1958/9344/1958 1961/9345/1961
f 1963/9346/1963 1952/9347/1952 301/9348/301
f 1967/9349/1967 1948/9350/1948 245/9351/245
f 245/9352/245 260/9353/260 1967/9354/1967
f 313/9355/313 227/9356/227 1956/9357/1956
f 1962/9358/1962 281/9359/281 1968/9360/1968
f 316/9361/316 319/9362/319 317/9363/317
f 281/9364/281 268/9365/268 326/9366/326
f 367/9367/367 1957/9368/1957 1966/9369/1966
f 326/9370/326 268/9371/268 267/9372/267
f 1961/9373/1961 287/9374/287 1969/9375/1969
f 1926/9376/1926 1948/9377/1948 1970/9378/1970
f 315/9379/315 317/9380/317 1960/9381/1960
f 1960/9382/1960 227/9383/227 314/9384/314
f 313/9385/313 1956/9386/1956 1962/9387/1962
f 248/9388/248 1959/9389/1959 1971/9390/1971
f 1965/9391/1965 367/9392/367 1972/9393/1972
f 284/9394/284 237/9395/237 293/9396/293
f 284/9397/284 293/9398/293 337/9399/337
f 1969/9400/1969 287/9401/287 1973/9402/1973
f 1973/9403/1973 287/9404/287 286/9405/286
f 1970/9406/1970 1948/9407/1948 1967/9408/1967
f 1974/9409/1974 264/9410/264 1955/9411/1955
f 1955/9412/1955 1923/9413/1923 1931/9414/1931
f 315/9415/315 1960/9416/1960 314/9417/314
f 1968/9418/1968 281/9419/281 327/9420/327
f 292/9421/292 248/9422/248 336/9423/336
f 336/9424/336 248/9425/248 1971/9426/1971
f 1959/9427/1959 1965/9428/1965 1975/9429/1975
f 1971/9430/1971 1959/9431/1959 1975/9432/1975
f 293/9433/293 292/9434/292 336/9435/336
f 1966/9436/1966 1961/9437/1961 368/9438/368
f 368/9439/368 1961/9440/1961 1969/9441/1969
f 1963/9442/1963 301/9443/301 1976/9444/1976
f 1977/9445/1977 286/9446/286 295/9447/295
f 1967/9448/1967 260/9449/260 332/9450/332
f 1978/9451/1978 308/9452/308 309/9453/309
f 309/9454/309 1974/9455/1974 1978/9456/1978
f 313/9457/313 1962/9458/1962 1979/9459/1979
f 1979/9460/1979 1962/9461/1962 1968/9462/1968
f 1975/9463/1975 1965/9464/1965 1972/9465/1972
f 1973/9466/1973 286/9467/286 1977/9468/1977
f 1976/9469/1976 301/9470/301 340/9471/340
f 1964/9472/1964 1926/9473/1926 1980/9474/1980
f 1980/9475/1980 1926/9476/1926 1970/9477/1970
f 355/9478/355 308/9479/308 1978/9480/1978
f 333/9481/333 265/9482/265 308/9483/308
f 1974/9484/1974 309/9485/309 264/9486/264
f 1979/9487/1979 1968/9488/1968 327/9489/327
f 1972/9490/1972 367/9491/367 369/9492/369
f 327/9493/327 326/9494/326 370/9495/370
f 367/9496/367 1966/9497/1966 368/9498/368
f 371/9499/371 326/9500/326 267/9501/267
f 1963/9502/1963 1976/9503/1976 1981/9504/1981
f 271/9505/271 328/9506/328 302/9507/302
f 349/9508/349 1977/9509/1977 295/9510/295
f 1970/9511/1970 1967/9512/1967 332/9513/332
f 1982/9514/1982 313/9515/313 1979/9516/1979
f 1983/9517/1983 1931/9518/1931 1944/9519/1944
f 315/9520/315 314/9521/314 1984/9522/1984
f 314/9523/314 313/9524/313 1982/9525/1982
f 1984/9526/1984 314/9527/314 1982/9528/1982
f 1971/9529/1971 1975/9530/1975 1985/9531/1985
f 1986/9532/1986 1971/9533/1971 1985/9534/1985
f 370/9535/370 326/9536/326 371/9537/371
f 371/9538/371 267/9539/267 282/9540/282
f 1987/9541/1987 368/9542/368 1969/9543/1969
f 282/9544/282 1963/9545/1963 1988/9546/1988
f 1988/9547/1988 1963/9548/1963 1981/9549/1981
f 1981/9550/1981 1976/9551/1976 340/9552/340
f 1978/9553/1978 1974/9554/1974 1989/9555/1989
f 1989/9556/1989 1974/9557/1974 1990/9558/1990
f 334/9559/334 310/9560/310 384/9561/384
f 1979/9562/1979 327/9563/327 370/9564/370
f 336/9565/336 1971/9566/1971 1986/9567/1986
f 1975/9568/1975 1972/9569/1972 1991/9570/1991
f 1985/9571/1985 1975/9572/1975 1991/9573/1991
f 1991/9574/1991 1972/9575/1972 369/9576/369
f 369/9577/369 368/9578/368 385/9579/385
f 385/9580/385 368/9581/368 1987/9582/1987
f 1970/9583/1970 332/9584/332 364/9585/364
f 355/9586/355 1978/9587/1978 1989/9588/1989
f 333/9589/333 355/9590/355 376/9591/376
f 1990/9592/1990 1974/9593/1974 1992/9594/1992
f 380/9595/380 315/9596/315 1984/9597/1984
f 371/9598/371 282/9599/282 1988/9600/1988
f 1983/9601/1983 1944/9602/1944 1964/9603/1964
f 1979/9604/1979 370/9605/370 1993/9606/1993
f 336/9607/336 1986/9608/1986 397/9609/397
f 1991/9610/1991 369/9611/369 1994/9612/1994
f 1994/9613/1994 369/9614/369 386/9615/386
f 337/9616/337 336/9617/336 397/9618/397
f 1987/9619/1987 1969/9620/1969 1995/9621/1995
f 1969/9622/1969 1973/9623/1973 1995/9624/1995
f 1988/9625/1988 1981/9626/1981 475/9627/475
f 1973/9628/1973 1977/9629/1977 411/9630/411
f 411/9631/411 1977/9632/1977 349/9633/349
f 355/9634/355 1989/9635/1989 375/9636/375
f 1984/9637/1984 1982/9638/1982 1996/9639/1996
f 380/9640/380 1984/9641/1984 1996/9642/1996
f 337/9643/337 397/9644/397 381/9645/381
f 385/9646/385 1987/9647/1987 1997/9648/1997
f 372/9649/372 371/9650/371 440/9651/440
f 440/9652/440 371/9653/371 1988/9654/1988
f 1997/9655/1997 1987/9656/1987 1995/9657/1995
f 441/9658/441 1988/9659/1988 475/9660/475
f 1995/9661/1995 1973/9662/1973 411/9663/411
f 1982/9664/1982 1979/9665/1979 1993/9666/1993
f 1998/9667/1998 1982/9668/1982 1993/9669/1993
f 1993/9670/1993 370/9671/370 1999/9672/1999
f 1999/9673/1999 370/9674/370 2000/9675/2000
f 397/9676/397 1986/9677/1986 2001/9678/2001
f 2001/9679/2001 1986/9680/1986 1985/9681/1985
f 2001/9682/2001 1985/9683/1985 2002/9684/2002
f 1985/9685/1985 1991/9686/1991 2003/9687/2003
f 2003/9688/2003 1991/9689/1991 1994/9690/1994
f 1994/9691/1994 386/9692/386 2004/9693/2004
f 2000/9694/2000 370/9695/370 372/9696/372
f 386/9697/386 385/9698/385 1997/9699/1997
f 440/9700/440 1988/9701/1988 441/9702/441
f 413/9703/413 1981/9704/1981 340/9705/340
f 1970/9706/1970 364/9707/364 416/9708/416
f 376/9709/376 375/9710/375 464/9711/464
f 1996/9712/1996 1982/9713/1982 1998/9714/1998
f 2002/9715/2002 1985/9716/1985 2003/9717/2003
f 2000/9718/2000 372/9719/372 440/9720/440
f 398/9721/398 397/9722/397 2001/9723/2001
f 475/9724/475 1981/9725/1981 413/9726/413
f 1980/9727/1980 1970/9728/1970 416/9729/416
f 1989/9730/1989 1990/9731/1990 2005/9732/2005
f 435/9733/435 1989/9734/1989 2005/9735/2005
f 435/9736/435 375/9737/375 1989/9738/1989
f 2005/9739/2005 1990/9740/1990 1992/9741/1992
f 425/9742/425 376/9743/376 464/9744/464
f 1996/9745/1996 1998/9746/1998 2006/9747/2006
f 1998/9748/1998 1993/9749/1993 1999/9750/1999
f 2002/9751/2002 2003/9752/2003 2007/9753/2007
f 2003/9754/2003 1994/9755/1994 2004/9756/2004
f 2000/9757/2000 440/9758/440 2008/9759/2008
f 441/9760/441 475/9761/475 474/9762/474
f 464/9763/464 375/9764/375 434/9765/434
f 380/9766/380 1996/9767/1996 2009/9768/2009
f 2009/9769/2009 1996/9770/1996 2006/9771/2006
f 2004/9772/2004 386/9773/386 450/9774/450
f 386/9775/386 1997/9776/1997 449/9777/449
f 2008/9778/2008 440/9779/440 442/9780/442
f 449/9781/449 1997/9782/1997 488/9783/488
f 442/9784/442 441/9785/441 2010/9786/2010
f 1997/9787/1997 1995/9788/1995 488/9789/488
f 2010/9790/2010 441/9791/441 474/9792/474
f 488/9793/488 1995/9794/1995 411/9795/411
f 445/9796/445 391/9797/391 393/9798/393
f 1998/9799/1998 1999/9800/1999 2011/9801/2011
f 1999/9802/1999 2000/9803/2000 2011/9804/2011
f 2011/9805/2011 2000/9806/2000 2008/9807/2008
f 2001/9808/2001 2002/9809/2002 486/9810/486
f 486/9811/486 2002/9812/2002 2007/9813/2007
f 2003/9814/2003 2004/9815/2004 2012/9816/2012
f 2012/9817/2012 2004/9818/2004 450/9819/450
f 428/9820/428 380/9821/380 2009/9822/2009
f 452/9823/452 398/9824/398 2001/9825/2001
f 435/9826/435 2005/9827/2005 2013/9828/2013
f 2014/9829/2014 435/9830/435 2013/9831/2013
f 465/9832/465 464/9833/464 434/9834/434
f 434/9835/434 435/9836/435 2014/9837/2014
f 1955/9838/1955 1992/9839/1992 1974/9840/1974
f 1998/9841/1998 2011/9842/2011 2015/9843/2015
f 2006/9844/2006 1998/9845/1998 2015/9846/2015
f 2007/9847/2007 2003/9848/2003 2012/9849/2012
f 2013/9850/2013 2005/9851/2005 2016/9852/2016
f 2007/9853/2007 2012/9854/2012 2017/9855/2017
f 514/9856/514 428/9857/428 2009/9858/2009
f 2018/9859/2018 2008/9860/2008 442/9861/442
f 452/9862/452 2001/9863/2001 486/9864/486
f 2019/9865/2019 442/9866/442 2010/9867/2010
f 490/9868/490 449/9869/449 488/9870/488
f 2010/9871/2010 474/9872/474 2020/9873/2020
f 488/9874/488 411/9875/411 2021/9876/2021
f 2021/9877/2021 411/9878/411 478/9879/478
f 457/9880/457 412/9881/412 446/9882/446
f 1980/9883/1980 416/9884/416 481/9885/481
f 465/9886/465 434/9887/434 2022/9888/2022
f 2022/9889/2022 434/9890/434 2014/9891/2014
f 2016/9892/2016 2005/9893/2005 1992/9894/1992
f 2006/9895/2006 2015/9896/2015 2023/9897/2023
f 2011/9898/2011 2008/9899/2008 2024/9900/2024
f 2015/9901/2015 2011/9902/2011 2024/9903/2024
f 2024/9904/2024 2008/9905/2008 2018/9906/2018
f 486/9907/486 2007/9908/2007 2025/9909/2025
f 2025/9910/2025 2007/9911/2007 2017/9912/2017
f 2012/9913/2012 450/9914/450 2026/9915/2026
f 2026/9916/2026 450/9917/450 2027/9918/2027
f 2009/9919/2009 2006/9920/2006 512/9921/512
f 514/9922/514 2009/9923/2009 512/9924/512
f 2018/9925/2018 442/9926/442 2019/9927/2019
f 2027/9928/2027 450/9929/450 449/9930/449
f 2027/9931/2027 449/9932/449 2028/9933/2028
f 449/9934/449 490/9935/490 2028/9936/2028
f 2019/9937/2019 2010/9938/2010 2029/9939/2029
f 2029/9940/2029 2010/9941/2010 2030/9942/2030
f 489/9943/489 488/9944/488 2021/9945/2021
f 2030/9946/2030 2010/9947/2010 2020/9948/2020
f 421/9949/421 455/9950/455 482/9951/482
f 499/9952/499 425/9953/425 465/9954/465
f 512/9955/512 2006/9956/2006 2023/9957/2023
f 487/9958/487 486/9959/486 2025/9960/2025
f 2020/9961/2020 474/9962/474 516/9963/516
f 561/9964/561 478/9965/478 477/9966/477
f 532/9967/532 437/9968/437 436/9969/436
f 2023/9970/2023 2015/9971/2015 2031/9972/2031
f 2017/9973/2017 2012/9974/2012 2032/9975/2032
f 2032/9976/2032 2012/9977/2012 2026/9978/2026
f 2019/9979/2019 2029/9980/2029 2033/9981/2033
f 2021/9982/2021 478/9983/478 561/9984/561
f 431/9985/431 506/9986/506 445/9987/445
f 499/9988/499 465/9989/465 2022/9990/2022
f 2031/9991/2031 2015/9992/2015 2024/9993/2024
f 2018/9994/2018 2019/9995/2019 2033/9996/2033
f 428/9997/428 514/9998/514 513/9999/513
f 472/10000/472 428/10001/428 513/10002/513
f 489/10003/489 2021/10004/2021 582/10005/582
f 582/10006/582 2021/10007/2021 561/10008/561
f 2034/10009/2034 481/10010/481 522/10011/522
f 2014/10012/2014 2013/10013/2013 2035/10014/2035
f 2022/10015/2022 2014/10016/2014 2035/10017/2035
f 1955/10018/1955 1931/10019/1931 2036/10020/2036
f 502/10021/502 511/10022/511 525/10023/525
f 512/10024/512 2023/10025/2023 623/10026/623
f 2031/10027/2031 2024/10028/2024 2037/10029/2037
f 2037/10030/2037 2024/10031/2024 2018/10032/2018
f 2025/10033/2025 2017/10034/2017 2032/10035/2032
f 2032/10036/2032 2026/10037/2026 2038/10038/2038
f 2038/10039/2038 2026/10040/2026 2027/10041/2027
f 513/10042/513 512/10043/512 623/10044/623
f 555/10045/555 513/10046/513 623/10047/623
f 2018/10048/2018 2033/10049/2033 2039/10050/2039
f 2028/10051/2028 490/10052/490 489/10053/489
f 2029/10054/2029 2030/10055/2030 634/10056/634
f 634/10057/634 2030/10058/2030 2020/10059/2020
f 2040/10060/2040 2022/10061/2022 2035/10062/2035
f 2035/10063/2035 2013/10064/2013 2016/10065/2016
f 2016/10066/2016 1992/10067/1992 1955/10068/1955
f 623/10069/623 2023/10070/2023 621/10071/621
f 621/10072/621 2023/10073/2023 2031/10074/2031
f 2037/10075/2037 2018/10076/2018 2039/10077/2039
f 2027/10078/2027 2028/10079/2028 625/10080/625
f 625/10081/625 2028/10082/2028 2041/10083/2041
f 575/10084/575 551/10085/551 552/10086/552
f 2033/10087/2033 2029/10088/2029 633/10089/633
f 2028/10090/2028 489/10091/489 2041/10092/2041
f 633/10093/633 2029/10094/2029 634/10095/634
f 2041/10096/2041 489/10097/489 626/10098/626
f 489/10099/489 582/10100/582 626/10101/626
f 634/10102/634 2020/10103/2020 2042/10104/2042
f 2042/10105/2042 2020/10106/2020 516/10107/516
f 499/10108/499 2022/10109/2022 948/10110/948
f 948/10111/948 2022/10112/2022 2040/10113/2040
f 574/10114/574 575/10115/575 597/10116/597
f 2038/10117/2038 2027/10118/2027 682/10119/682
f 674/10120/674 2039/10121/2039 2033/10122/2033
f 487/10123/487 2025/10124/2025 681/10125/681
f 2025/10126/2025 2032/10127/2032 748/10128/748
f 681/10129/681 2025/10130/2025 748/10131/748
f 674/10132/674 2033/10133/2033 633/10134/633
f 639/10135/639 634/10136/634 2042/10137/2042
f 2042/10138/2042 516/10139/516 586/10140/586
f 476/10141/476 557/10142/557 492/10143/492
f 526/10144/526 503/10145/503 584/10146/584
f 585/10147/585 516/10148/516 543/10149/543
f 560/10150/560 477/10151/477 544/10152/544
f 2034/10153/2034 522/10154/522 570/10155/570
f 950/10156/950 499/10157/499 948/10158/948
f 2043/10159/2043 2016/10160/2016 2044/10161/2044
f 572/10162/572 467/10163/467 571/10164/571
f 533/10165/533 525/10166/525 549/10167/549
f 1931/10168/1931 1983/10169/1983 2036/10170/2036
f 593/10171/593 594/10172/594 550/10173/550
f 593/10174/593 574/10175/574 722/10176/722
f 574/10177/574 597/10178/597 667/10179/667
f 621/10180/621 2031/10181/2031 733/10182/733
f 2031/10183/2031 2037/10184/2037 733/10185/733
f 2037/10186/2037 2039/10187/2039 673/10188/673
f 733/10189/733 2037/10190/2037 673/10191/673
f 748/10192/748 2032/10193/2032 2045/10194/2045
f 2032/10195/2032 2038/10196/2038 682/10197/682
f 2045/10198/2045 2032/10199/2032 682/10200/682
f 673/10201/673 2039/10202/2039 674/10203/674
f 682/10204/682 2027/10205/2027 625/10206/625
f 487/10207/487 681/10208/681 577/10209/577
f 2046/10210/2046 616/10211/616 2047/10212/2047
f 2048/10213/2048 616/10214/616 2049/10215/2049
f 625/10216/625 2041/10217/2041 626/10218/626
f 2050/10219/2050 2046/10220/2046 2051/10221/2051
f 2047/10222/2047 616/10223/616 2048/10224/2048
f 2048/10225/2048 2049/10226/2049 2052/10227/2052
f 2051/10228/2051 2046/10229/2046 2047/10230/2047
f 2053/10231/2053 2051/10232/2051 2047/10233/2047
f 2053/10234/2053 2047/10235/2047 2048/10236/2048
f 2053/10237/2053 2048/10238/2048 2054/10239/2054
f 2048/10240/2048 2052/10241/2052 2055/10242/2055
f 2054/10243/2054 2048/10244/2048 2055/10245/2055
f 645/10246/645 626/10247/626 582/10248/582
f 639/10249/639 2042/10250/2042 586/10251/586
f 645/10252/645 582/10253/582 604/10254/604
f 558/10255/558 565/10256/565 660/10257/660
f 1980/10258/1980 481/10259/481 2034/10260/2034
f 2035/10261/2035 2016/10262/2016 2043/10263/2043
f 547/10264/547 499/10265/499 950/10266/950
f 2016/10267/2016 1955/10268/1955 2056/10269/2056
f 722/10270/722 574/10271/574 667/10272/667
f 666/10273/666 597/10274/597 619/10275/619
f 672/10276/672 619/10277/619 620/10278/620
f 622/10279/622 621/10280/621 733/10281/733
f 671/10282/671 617/10283/617 616/10284/616
f 2050/10285/2050 671/10286/671 2046/10287/2046
f 2046/10288/2046 671/10289/671 616/10290/616
f 616/10291/616 618/10292/618 2049/10293/2049
f 2049/10294/2049 618/10295/618 2057/10296/2057
f 2049/10297/2049 2057/10298/2057 2058/10299/2058
f 635/10300/635 636/10301/636 641/10302/641
f 688/10303/688 643/10304/643 637/10305/637
f 601/10306/601 2050/10307/2050 2051/10308/2051
f 2052/10309/2052 2049/10310/2049 2058/10311/2058
f 602/10312/602 601/10313/601 2059/10314/2059
f 2059/10315/2059 601/10316/601 2051/10317/2051
f 2052/10318/2052 2058/10319/2058 2060/10320/2060
f 2059/10321/2059 2051/10322/2051 2053/10323/2053
f 2055/10324/2055 2052/10325/2052 2061/10326/2061
f 2052/10327/2052 2060/10328/2060 2061/10329/2061
f 2062/10330/2062 2059/10331/2059 2053/10332/2053
f 2059/10333/2059 2062/10334/2062 657/10335/657
f 2062/10336/2062 2053/10337/2053 2063/10338/2063
f 2063/10339/2063 2053/10340/2053 2054/10341/2054
f 2054/10342/2054 2055/10343/2055 2064/10344/2064
f 2055/10345/2055 2061/10346/2061 2064/10347/2064
f 2063/10348/2063 2054/10349/2054 2065/10350/2065
f 2054/10351/2054 2064/10352/2064 2065/10353/2065
f 948/10354/948 2040/10355/2040 2066/10356/2066
f 2040/10357/2040 2035/10358/2035 2066/10359/2066
f 2044/10360/2044 2016/10361/2016 2056/10362/2056
f 533/10363/533 549/10364/549 720/10365/720
f 722/10366/722 667/10367/667 723/10368/723
f 2067/10369/2067 667/10370/667 666/10371/666
f 734/10372/734 672/10373/672 622/10374/622
f 731/10375/731 671/10376/671 670/10377/670
f 671/10378/671 731/10379/731 617/10380/617
f 618/10381/618 617/10382/617 665/10383/665
f 737/10384/737 676/10385/676 677/10386/677
f 737/10387/737 677/10388/677 679/10389/679
f 680/10390/680 681/10391/681 748/10392/748
f 748/10393/748 2045/10394/2045 682/10395/682
f 618/10396/618 665/10397/665 2057/10398/2057
f 2057/10399/2057 665/10400/665 742/10401/742
f 669/10402/669 671/10403/671 2050/10404/2050
f 2057/10405/2057 742/10406/742 2068/10407/2068
f 615/10408/615 669/10409/669 601/10410/601
f 601/10411/601 669/10412/669 2050/10413/2050
f 2058/10414/2058 2057/10415/2057 2068/10416/2068
f 2058/10417/2058 2068/10418/2068 2069/10419/2069
f 2069/10420/2069 2068/10421/2068 2070/10422/2070
f 2060/10423/2060 2058/10424/2058 2069/10425/2069
f 2060/10426/2060 2069/10427/2069 2071/10428/2071
f 2071/10429/2071 2069/10430/2069 2072/10431/2072
f 2072/10432/2072 2069/10433/2069 2070/10434/2070
f 2072/10435/2072 2070/10436/2070 2073/10437/2073
f 2072/10438/2072 2073/10439/2073 2074/10440/2074
f 2075/10441/2075 2072/10442/2072 2074/10443/2074
f 2061/10444/2061 2060/10445/2060 2076/10446/2076
f 2060/10447/2060 2071/10448/2071 2076/10449/2076
f 2076/10450/2076 2071/10451/2071 2072/10452/2072
f 2076/10453/2076 2072/10454/2072 2075/10455/2075
f 2077/10456/2077 2076/10457/2076 2075/10458/2075
f 657/10459/657 602/10460/602 2059/10461/2059
f 2061/10462/2061 2076/10463/2076 2078/10464/2078
f 2078/10465/2078 2076/10466/2076 2077/10467/2077
f 2064/10468/2064 2061/10469/2061 2078/10470/2078
f 2064/10471/2064 2078/10472/2078 2079/10473/2079
f 2080/10474/2080 657/10475/657 2062/10476/2062
f 657/10477/657 2080/10478/2080 2081/10479/2081
f 2080/10480/2080 2062/10481/2062 2063/10482/2063
f 2080/10483/2080 2063/10484/2063 2082/10485/2082
f 2082/10486/2082 2063/10487/2063 2065/10488/2065
f 2065/10489/2065 2079/10490/2079 2083/10491/2083
f 2065/10492/2065 2064/10493/2064 2079/10494/2079
f 2082/10495/2082 2065/10496/2065 2083/10497/2083
f 708/10498/708 605/10499/605 660/10500/660
f 2084/10501/2084 2034/10502/2034 570/10503/570
f 2066/10504/2066 2035/10505/2035 2085/10506/2085
f 2085/10507/2085 2035/10508/2035 2043/10509/2043
f 730/10510/730 667/10511/667 2067/10512/2067
f 730/10513/730 2067/10514/2067 884/10515/884
f 731/10516/731 726/10517/726 617/10518/617
f 617/10519/617 726/10520/726 664/10521/664
f 2067/10522/2067 666/10523/666 672/10524/672
f 2067/10525/2067 672/10526/672 2086/10527/2086
f 2086/10528/2086 672/10529/672 734/10530/734
f 2086/10531/2086 734/10532/734 2087/10533/2087
f 734/10534/734 735/10535/735 2087/10536/2087
f 735/10537/735 736/10538/736 2087/10539/2087
f 2087/10540/2087 736/10541/736 2088/10542/2088
f 732/10543/732 731/10544/731 670/10545/670
f 665/10546/665 664/10547/664 743/10548/743
f 738/10549/738 737/10550/737 745/10551/745
f 746/10552/746 680/10553/680 804/10554/804
f 804/10555/804 680/10556/680 747/10557/747
f 684/10558/684 686/10559/686 739/10560/739
f 615/10561/615 663/10562/663 670/10563/670
f 615/10564/615 670/10565/670 669/10566/669
f 665/10567/665 743/10568/743 742/10569/742
f 742/10570/742 744/10571/744 2068/10572/2068
f 2068/10573/2068 744/10574/744 751/10575/751
f 2068/10576/2068 751/10577/751 2070/10578/2070
f 2070/10579/2070 751/10580/751 806/10581/806
f 2070/10582/2070 806/10583/806 2089/10584/2089
f 2089/10585/2089 806/10586/806 2090/10587/2090
f 2070/10588/2070 2089/10589/2089 2073/10590/2073
f 2073/10591/2073 2089/10592/2089 2091/10593/2091
f 2091/10594/2091 2089/10595/2089 2090/10596/2090
f 2091/10597/2091 2090/10598/2090 2092/10599/2092
f 2073/10600/2073 2091/10601/2091 2074/10602/2074
f 2074/10603/2074 2091/10604/2091 2093/10605/2093
f 2093/10606/2093 2091/10607/2091 2092/10608/2092
f 2093/10609/2093 2092/10610/2092 2094/10611/2094
f 2075/10612/2075 2074/10613/2074 2095/10614/2095
f 2074/10615/2074 2093/10616/2093 2095/10617/2095
f 2095/10618/2095 2093/10619/2093 2094/10620/2094
f 2077/10621/2077 2075/10622/2075 2096/10623/2096
f 2096/10624/2096 2075/10625/2075 2095/10626/2095
f 2078/10627/2078 2077/10628/2077 2097/10629/2097
f 2097/10630/2097 2077/10631/2077 2096/10632/2096
f 2079/10633/2079 2078/10634/2078 2098/10635/2098
f 2078/10636/2078 2097/10637/2097 2098/10638/2098
f 705/10639/705 657/10640/657 2081/10641/2081
f 2083/10642/2083 2079/10643/2079 2098/10644/2098
f 2081/10645/2081 2080/10646/2080 2099/10647/2099
f 2099/10648/2099 2080/10649/2080 2082/10650/2082
f 765/10651/765 706/10652/706 708/10653/708
f 547/10654/547 950/10655/950 853/10656/853
f 772/10657/772 774/10658/774 2100/10659/2100
f 854/10660/854 776/10661/776 779/10662/779
f 784/10663/784 787/10664/787 868/10665/868
f 868/10666/868 787/10667/787 790/10668/790
f 8/10669/8 7/10670/7 2101/10671/2101
f 2101/10672/2101 7/10673/7 723/10674/723
f 2101/10675/2101 723/10676/723 2102/10677/2102
f 2102/10678/2102 723/10679/723 2103/10680/2103
f 723/10681/723 730/10682/730 2103/10683/2103
f 2103/10684/2103 730/10685/730 884/10686/884
f 884/10687/884 2067/10688/2067 885/10689/885
f 885/10690/885 2067/10691/2067 2086/10692/2086
f 885/10693/885 2086/10694/2086 2104/10695/2104
f 2104/10696/2104 2086/10697/2086 2087/10698/2087
f 2088/10699/2088 736/10700/736 2105/10701/2105
f 2105/10702/2105 736/10703/736 738/10704/738
f 2105/10705/2105 738/10706/738 886/10707/886
f 886/10708/886 738/10709/738 799/10710/799
f 738/10711/738 800/10712/800 799/10713/799
f 800/10714/800 745/10715/745 2106/10716/2106
f 745/10717/745 746/10718/746 2106/10719/2106
f 2106/10720/2106 746/10721/746 2107/10722/2107
f 2107/10723/2107 746/10724/746 804/10725/804
f 2107/10726/2107 804/10727/804 2108/10728/2108
f 2108/10729/2108 804/10730/804 749/10731/749
f 2108/10732/2108 749/10733/749 2109/10734/2109
f 749/10735/749 739/10736/739 2109/10737/2109
f 2109/10738/2109 739/10739/739 2110/10740/2110
f 739/10741/739 740/10742/740 2111/10743/2111
f 2110/10744/2110 739/10745/739 2111/10746/2111
f 2111/10747/2111 740/10748/740 801/10749/801
f 801/10750/801 740/10751/740 741/10752/741
f 663/10753/663 732/10754/732 670/10755/670
f 751/10756/751 805/10757/805 806/10758/806
f 2090/10759/2090 806/10760/806 807/10761/807
f 2090/10762/2090 807/10763/807 2092/10764/2092
f 2092/10765/2092 807/10766/807 2112/10767/2112
f 2092/10768/2092 2112/10769/2112 2113/10770/2113
f 2094/10771/2094 2092/10772/2092 2114/10773/2114
f 2092/10774/2092 2113/10775/2113 2114/10776/2114
f 2115/10777/2115 2094/10778/2094 2114/10779/2114
f 2095/10780/2095 2094/10781/2094 2115/10782/2115
f 2116/10783/2116 2095/10784/2095 2115/10785/2115
f 2117/10786/2117 2097/10787/2097 2116/10788/2116
f 2118/10789/2118 2117/10790/2117 2116/10791/2116
f 2097/10792/2097 2096/10793/2096 2116/10794/2116
f 2096/10795/2096 2095/10796/2095 2116/10797/2116
f 2119/10798/2119 2098/10799/2098 2117/10800/2117
f 2119/10801/2119 2117/10802/2117 2120/10803/2120
f 2098/10804/2098 2097/10805/2097 2117/10806/2117
f 705/10807/705 2081/10808/2081 901/10809/901
f 2121/10810/2121 2083/10811/2083 2119/10812/2119
f 2083/10813/2083 2098/10814/2098 2119/10815/2119
f 2099/10816/2099 2082/10817/2082 2122/10818/2122
f 2122/10819/2122 2082/10820/2082 2083/10821/2083
f 2122/10822/2122 2083/10823/2083 2123/10824/2123
f 2123/10825/2123 2083/10826/2083 2121/10827/2121
f 822/10828/822 661/10829/661 711/10830/711
f 913/10831/913 829/10832/829 835/10833/835
f 841/10834/841 839/10835/839 844/10836/844
f 848/10837/848 843/10838/843 847/10839/847
f 846/10840/846 849/10841/849 933/10842/933
f 1964/10843/1964 1980/10844/1980 2124/10845/2124
f 2100/10846/2100 774/10847/774 855/10848/855
f 856/10849/856 772/10850/772 2100/10851/2100
f 855/10852/855 854/10853/854 2125/10854/2125
f 953/10855/953 860/10856/860 862/10857/862
f 867/10858/867 868/10859/868 1046/10860/1046
f 1044/10861/1044 867/10862/867 1046/10863/1046
f 1046/10864/1046 868/10865/868 870/10866/870
f 870/10867/870 872/10868/872 2126/10869/2126
f 872/10870/872 876/10871/876 2127/10872/2127
f 2127/10873/2127 876/10874/876 2128/10875/2128
f 8/10876/8 2101/10877/2101 2129/10878/2129
f 876/10879/876 800/10880/800 2130/10881/2130
f 2131/10882/2131 876/10883/876 2130/10884/2130
f 2103/10885/2103 884/10886/884 883/10887/883
f 727/10888/727 732/10889/732 882/10890/882
f 2104/10891/2104 2087/10892/2087 2132/10893/2132
f 2132/10894/2132 2087/10895/2087 2088/10896/2088
f 2132/10897/2132 2088/10898/2088 886/10899/886
f 886/10900/886 2088/10901/2088 2105/10902/2105
f 2130/10903/2130 800/10904/800 2106/10905/2106
f 2130/10906/2130 2106/10907/2106 2133/10908/2133
f 2133/10909/2133 2106/10910/2106 2134/10911/2134
f 2134/10912/2134 2106/10913/2106 2107/10914/2107
f 2135/10915/2135 2108/10916/2108 2109/10917/2109
f 2109/10918/2109 2110/10919/2110 2135/10920/2135
f 2135/10921/2135 2110/10922/2110 2136/10923/2136
f 2110/10924/2110 2111/10925/2111 2136/10926/2136
f 2136/10927/2136 2111/10928/2111 801/10929/801
f 663/10930/663 798/10931/798 732/10932/732
f 743/10933/743 729/10934/729 963/10935/963
f 2107/10936/2107 2108/10937/2108 2134/10938/2134
f 743/10939/743 963/10940/963 802/10941/802
f 750/10942/750 803/10943/803 805/10944/805
f 807/10945/807 805/10946/805 888/10947/888
f 807/10948/807 888/10949/888 2112/10950/2112
f 2112/10951/2112 888/10952/888 2137/10953/2137
f 2112/10954/2112 2137/10955/2137 889/10956/889
f 2113/10957/2113 2112/10958/2112 889/10959/889
f 2113/10960/2113 889/10961/889 891/10962/891
f 2114/10963/2114 2113/10964/2113 891/10965/891
f 2115/10966/2115 2114/10967/2114 2138/10968/2138
f 2115/10969/2115 2138/10970/2138 2139/10971/2139
f 2118/10972/2118 2116/10973/2116 2140/10974/2140
f 2116/10975/2116 2115/10976/2115 2139/10977/2139
f 2140/10978/2140 2116/10979/2116 2139/10980/2139
f 2120/10981/2120 2117/10982/2117 2118/10983/2118
f 2141/10984/2141 2118/10985/2118 2142/10986/2142
f 2121/10987/2121 2119/10988/2119 2143/10989/2143
f 2143/10990/2143 2119/10991/2119 2120/10992/2120
f 901/10993/901 2081/10994/2081 2099/10995/2099
f 974/10996/974 810/10997/810 894/10998/894
f 2144/10999/2144 2099/11000/2099 2122/11001/2122
f 974/11002/974 905/11003/905 895/11004/895
f 909/11005/909 905/11006/905 974/11007/974
f 2145/11008/2145 910/11009/910 914/11010/914
f 981/11011/981 918/11012/918 917/11013/917
f 916/11014/916 836/11015/836 921/11016/921
f 916/11017/916 921/11018/921 2146/11019/2146
f 921/11020/921 920/11021/920 925/11022/925
f 985/11023/985 926/11024/926 922/11025/922
f 852/11026/852 938/11027/938 943/11028/943
f 994/11029/994 942/11030/942 946/11031/946
f 949/11032/949 948/11033/948 2147/11034/2147
f 948/11035/948 2066/11036/2066 2147/11037/2147
f 2125/11038/2125 854/11039/854 1036/11040/1036
f 854/11041/854 859/11042/859 1036/11043/1036
f 1036/11044/1036 859/11045/859 953/11046/953
f 953/11047/953 862/11048/862 1039/11049/1039
f 1039/11050/1039 862/11051/862 1043/11052/1043
f 862/11053/862 865/11054/865 1043/11055/1043
f 1043/11056/1043 865/11057/865 867/11058/867
f 1043/11059/1043 867/11060/867 1044/11061/1044
f 1046/11062/1046 870/11063/870 1049/11064/1049
f 1049/11065/1049 870/11066/870 2126/11067/2126
f 2126/11068/2126 872/11069/872 2127/11070/2127
f 958/11071/958 8/11072/8 2129/11073/2129
f 2128/11074/2128 876/11075/876 2131/11076/2131
f 2129/11077/2129 2101/11078/2101 2102/11079/2102
f 2102/11080/2102 2103/11081/2103 883/11082/883
f 2131/11083/2131 2130/11084/2130 2148/11085/2148
f 2149/11086/2149 883/11087/883 885/11088/885
f 2149/11089/2149 885/11090/885 2104/11091/2104
f 1058/11092/1058 2104/11093/2104 2132/11094/2132
f 1058/11095/1058 2132/11096/2132 1062/11097/1062
f 2132/11098/2132 886/11099/886 1062/11100/1062
f 1062/11101/1062 886/11102/886 1064/11103/1064
f 1064/11104/1064 886/11105/886 881/11106/881
f 2130/11107/2130 2133/11108/2133 2150/11109/2150
f 2133/11110/2133 2134/11111/2134 2151/11112/2151
f 2151/11113/2151 2134/11114/2134 2108/11115/2108
f 2151/11116/2151 2108/11117/2108 2152/11118/2152
f 2108/11119/2108 2135/11120/2135 2152/11121/2152
f 2152/11122/2152 2135/11123/2135 2153/11124/2153
f 2153/11125/2153 2135/11126/2135 2154/11127/2154
f 2135/11128/2135 2136/11129/2136 2154/11130/2154
f 2154/11131/2154 2136/11132/2136 724/11133/724
f 724/11134/724 2136/11135/2136 801/11136/801
f 963/11137/963 964/11138/964 802/11139/802
f 2137/11140/2137 888/11141/888 968/11142/968
f 2137/11143/2137 968/11144/968 969/11145/969
f 889/11146/889 2137/11147/2137 969/11148/969
f 970/11149/970 969/11150/969 5/11151/5
f 890/11152/890 889/11153/889 969/11154/969
f 2138/11155/2138 2114/11156/2114 2155/11157/2155
f 2155/11158/2155 2114/11159/2114 891/11160/891
f 2155/11161/2155 891/11162/891 892/11163/892
f 2155/11164/2155 892/11165/892 972/11166/972
f 2138/11167/2138 2155/11168/2155 2156/11169/2156
f 2157/11170/2157 2156/11171/2156 1128/11172/1128
f 2156/11173/2156 2155/11174/2155 972/11175/972
f 1128/11176/1128 2156/11177/2156 972/11178/972
f 2140/11179/2140 2139/11180/2139 2158/11181/2158
f 2139/11182/2139 2138/11183/2138 2157/11184/2157
f 2158/11185/2158 2139/11186/2139 2157/11187/2157
f 2138/11188/2138 2156/11189/2156 2157/11190/2157
f 2118/11191/2118 2140/11192/2140 2142/11193/2142
f 2120/11194/2120 2118/11195/2118 2141/11196/2141
f 2143/11197/2143 2120/11198/2120 2141/11199/2141
f 901/11200/901 2099/11201/2099 976/11202/976
f 2123/11203/2123 2121/11204/2121 2159/11205/2159
f 2121/11206/2121 2143/11207/2143 2159/11208/2159
f 2160/11209/2160 2122/11210/2122 2123/11211/2123
f 2160/11212/2160 2123/11213/2123 2159/11214/2159
f 897/11215/897 903/11216/903 979/11217/979
f 978/11218/978 903/11219/903 910/11220/910
f 978/11221/978 910/11222/910 2145/11223/2145
f 2145/11224/2145 914/11225/914 980/11226/980
f 980/11227/980 916/11228/916 2146/11229/2146
f 2146/11230/2146 921/11231/921 925/11232/925
f 986/11233/986 927/11234/927 2161/11235/2161
f 2161/11236/2161 927/11237/927 929/11238/929
f 990/11239/990 934/11240/934 988/11241/988
f 2161/11242/2161 929/11243/929 989/11244/989
f 2066/11245/2066 2085/11246/2085 2162/11247/2162
f 2147/11248/2147 2066/11249/2066 2162/11250/2162
f 2162/11251/2162 2085/11252/2085 2043/11253/2043
f 2163/11254/2163 855/11255/855 2164/11256/2164
f 2165/11257/2165 2100/11258/2100 2163/11259/2163
f 855/11260/855 2125/11261/2125 2166/11262/2166
f 858/11263/858 531/11264/531 1035/11265/1035
f 995/11266/995 856/11267/856 2100/11268/2100
f 2166/11269/2166 2125/11270/2125 1037/11271/1037
f 1037/11272/1037 2125/11273/2125 1036/11274/1036
f 1039/11275/1039 1043/11276/1043 1040/11277/1040
f 1045/11278/1045 1044/11279/1044 1046/11280/1046
f 1047/11281/1047 1046/11282/1046 1049/11283/1049
f 1049/11284/1049 2126/11285/2126 1050/11286/1050
f 720/11287/720 719/11288/719 1051/11289/1051
f 958/11290/958 2129/11291/2129 2167/11292/2167
f 2168/11293/2168 2102/11294/2102 883/11295/883
f 2149/11296/2149 2104/11297/2104 1057/11298/1057
f 1057/11299/1057 2104/11300/2104 1058/11301/1058
f 1058/11302/1058 1062/11303/1062 1060/11304/1060
f 1065/11305/1065 1064/11306/1064 881/11307/881
f 2148/11308/2148 2130/11309/2130 2150/11310/2150
f 2150/11311/2150 2133/11312/2133 2169/11313/2169
f 2169/11314/2169 2133/11315/2133 2151/11316/2151
f 2170/11317/2170 2152/11318/2152 2153/11319/2153
f 2170/11320/2170 2153/11321/2153 2154/11322/2154
f 2154/11323/2154 724/11324/724 2171/11325/2171
f 887/11326/887 966/11327/966 967/11328/967
f 5/11329/5 968/11330/968 3/11331/3
f 970/11332/970 5/11333/5 2/11334/2
f 1128/11335/1128 972/11336/972 1012/11337/1012
f 2158/11338/2158 2157/11339/2157 1128/11340/1128
f 2142/11341/2142 2140/11342/2140 2172/11343/2172
f 2172/11344/2172 2140/11345/2140 2158/11346/2158
f 2173/11347/2173 2143/11348/2143 2174/11349/2174
f 2174/11350/2174 2143/11351/2143 2141/11352/2141
f 2141/11353/2141 2142/11354/2142 2175/11355/2175
f 2174/11356/2174 2141/11357/2141 2175/11358/2175
f 2173/11359/2173 2159/11360/2159 2143/11361/2143
f 976/11362/976 2099/11363/2099 2144/11364/2144
f 1175/11365/1175 2160/11366/2160 2159/11367/2159
f 2144/11368/2144 2122/11369/2122 2160/11370/2160
f 2176/11371/2176 2144/11372/2144 2160/11373/2160
f 2145/11374/2145 980/11375/980 1106/11376/1106
f 1106/11377/1106 980/11378/980 2146/11379/2146
f 2177/11380/2177 2161/11381/2161 989/11382/989
f 943/11383/943 994/11384/994 2178/11385/2178
f 2124/11386/2124 1980/11387/1980 2034/11388/2034
f 2084/11389/2084 570/11390/570 1034/11391/1034
f 853/11392/853 950/11393/950 949/11394/949
f 2163/11395/2163 2100/11396/2100 855/11397/855
f 2164/11398/2164 855/11399/855 2166/11400/2166
f 995/11401/995 2100/11402/2100 2165/11403/2165
f 1037/11404/1037 953/11405/953 1041/11406/1041
f 953/11407/953 1039/11408/1039 1041/11409/1041
f 1040/11410/1040 1043/11411/1043 1045/11412/1045
f 2126/11413/2126 2127/11414/2127 1050/11415/1050
f 1001/11416/1001 720/11417/720 1051/11418/1051
f 1050/11419/1050 2127/11420/2127 2179/11421/2179
f 2179/11422/2179 2127/11423/2127 2180/11424/2180
f 2127/11425/2127 2128/11426/2128 2180/11427/2180
f 2128/11428/2128 2131/11429/2131 2180/11430/2180
f 2167/11431/2167 2129/11432/2129 2181/11433/2181
f 2181/11434/2181 2129/11435/2129 2102/11436/2102
f 2181/11437/2181 2102/11438/2102 2168/11439/2168
f 2180/11440/2180 2131/11441/2131 2182/11442/2182
f 2182/11443/2182 2131/11444/2131 2148/11445/2148
f 2168/11446/2168 883/11447/883 2183/11448/2183
f 2183/11449/2183 883/11450/883 2149/11451/2149
f 1004/11452/1004 960/11453/960 1007/11454/1007
f 2183/11455/2183 2149/11456/2149 2184/11457/2184
f 2184/11458/2184 2149/11459/2149 1057/11460/1057
f 2182/11461/2182 2148/11462/2148 2185/11463/2185
f 2171/11464/2171 724/11465/724 797/11466/797
f 1060/11467/1060 1062/11468/1062 1061/11469/1061
f 1063/11470/1063 1064/11471/1064 1065/11472/1065
f 2148/11473/2148 2150/11474/2150 2185/11475/2185
f 2150/11476/2150 2169/11477/2169 2185/11478/2185
f 2186/11479/2186 2169/11480/2169 2151/11481/2151
f 2186/11482/2186 2151/11483/2151 2152/11484/2152
f 2186/11485/2186 2152/11486/2152 2187/11487/2187
f 2152/11488/2152 2170/11489/2170 2188/11490/2188
f 2187/11491/2187 2152/11492/2152 2188/11493/2188
f 2188/11494/2188 2170/11495/2170 2189/11496/2189
f 2170/11497/2170 2154/11498/2154 2189/11499/2189
f 2154/11500/2154 2171/11501/2171 2189/11502/2189
f 1069/11503/1069 2/11504/2 4/11505/4
f 1069/11506/1069 970/11507/970 2/11508/2
f 2190/11509/2190 2158/11510/2158 1128/11511/1128
f 2191/11512/2191 2172/11513/2172 2158/11514/2158
f 2191/11515/2191 2158/11516/2158 2190/11517/2190
f 1165/11518/1165 2174/11519/2174 2192/11520/2192
f 2192/11521/2192 2174/11522/2174 2175/11523/2175
f 2192/11524/2192 2175/11525/2175 2193/11526/2193
f 2175/11527/2175 2142/11528/2142 2172/11529/2172
f 2193/11530/2193 2175/11531/2175 2172/11532/2172
f 2193/11533/2193 2172/11534/2172 2191/11535/2191
f 2194/11536/2194 2159/11537/2159 2173/11538/2173
f 2194/11539/2194 2173/11540/2173 1164/11541/1164
f 2173/11542/2173 2174/11543/2174 1164/11544/1164
f 1073/11545/1073 976/11546/976 2195/11547/2195
f 976/11548/976 2144/11549/2144 1180/11550/1180
f 2195/11551/2195 976/11552/976 1180/11553/1180
f 1175/11554/1175 2159/11555/2159 2194/11556/2194
f 1180/11557/1180 2144/11558/2144 2176/11559/2176
f 2176/11560/2176 2160/11561/2160 1175/11562/1175
f 1016/11563/1016 897/11564/897 1096/11565/1096
f 1096/11566/1096 897/11567/897 979/11568/979
f 1096/11569/1096 979/11570/979 1139/11571/1139
f 1139/11572/1139 979/11573/979 978/11574/978
f 1139/11575/1139 978/11576/978 1105/11577/1105
f 982/11578/982 912/11579/912 1076/11580/1076
f 1105/11581/1105 978/11582/978 2145/11583/2145
f 1105/11584/1105 2145/11585/2145 1106/11586/1106
f 1106/11587/1106 2146/11588/2146 2196/11589/2196
f 2196/11590/2196 2146/11591/2146 925/11592/925
f 2196/11593/2196 925/11594/925 2197/11595/2197
f 2197/11596/2197 925/11597/925 1146/11598/1146
f 1146/11599/1146 925/11600/925 986/11601/986
f 1146/11602/1146 986/11603/986 2161/11604/2161
f 1146/11605/1146 2161/11606/2161 1144/11607/1144
f 1144/11608/1144 2161/11609/2161 2177/11610/2177
f 2177/11611/2177 989/11612/989 2198/11613/2198
f 2198/11614/2198 989/11615/989 943/11616/943
f 2198/11617/2198 943/11618/943 2178/11619/2178
f 2178/11620/2178 994/11621/994 1084/11622/1084
f 1087/11623/1087 958/11624/958 2167/11625/2167
f 1059/11626/1059 1060/11627/1060 1061/11628/1061
f 2189/11629/2189 2171/11630/2171 2199/11631/2199
f 2199/11632/2199 2171/11633/2171 797/11634/797
f 2185/11635/2185 2169/11636/2169 2200/11637/2200
f 2169/11638/2169 2186/11639/2186 2200/11640/2200
f 2187/11641/2187 2188/11642/2188 2201/11643/2201
f 2201/11644/2201 2188/11645/2188 2202/11646/2202
f 2202/11647/2202 2188/11648/2188 2189/11649/2189
f 1069/11650/1069 4/11651/4 6/11652/6
f 1091/11653/1091 1069/11654/1069 6/11655/6
f 1176/11656/1176 2194/11657/2194 1164/11658/1164
f 1164/11659/1164 2174/11660/2174 1165/11661/1165
f 1175/11662/1175 2194/11663/2194 1176/11664/1176
f 1107/11665/1107 1106/11666/1106 2196/11667/2196
f 1107/11668/1107 2196/11669/2196 2197/11670/2197
f 2162/11671/2162 2043/11672/2043 2044/11673/2044
f 2203/11674/2203 2163/11675/2163 2164/11676/2164
f 1152/11677/1152 995/11678/995 2165/11679/2165
f 1152/11680/1152 2165/11681/2165 2204/11682/2204
f 2205/11683/2205 1041/11684/1041 2206/11685/2206
f 1040/11686/1040 1045/11687/1045 2207/11688/2207
f 1045/11689/1045 1047/11690/1047 2208/11691/2208
f 1047/11692/1047 1050/11693/1050 2209/11694/2209
f 2210/11695/2210 2179/11696/2179 2180/11697/2180
f 1087/11698/1087 2167/11699/2167 2211/11700/2211
f 2167/11701/2167 2181/11702/2181 2212/11703/2212
f 2180/11704/2180 2182/11705/2182 2213/11706/2213
f 2181/11707/2181 2168/11708/2168 2214/11709/2214
f 2214/11710/2214 2168/11711/2168 2215/11712/2215
f 2168/11713/2168 2183/11714/2183 2215/11715/2215
f 2216/11716/2216 2183/11717/2183 2184/11718/2184
f 2216/11719/2216 2184/11720/2184 2217/11721/2217
f 2217/11722/2217 2184/11723/2184 1057/11724/1057
f 1057/11725/1057 1059/11726/1059 2218/11727/2218
f 1065/11728/1065 1006/11729/1006 1157/11730/1157
f 2219/11731/2219 2182/11732/2182 2185/11733/2185
f 2220/11734/2220 2200/11735/2200 2186/11736/2186
f 2186/11737/2186 2187/11738/2187 2221/11739/2221
f 2221/11740/2221 2187/11741/2187 2201/11742/2201
f 2222/11743/2222 2202/11744/2202 2189/11745/2189
f 2222/11746/2222 2189/11747/2189 2223/11748/2223
f 2224/11749/2224 2190/11750/2190 1127/11751/1127
f 2190/11752/2190 1128/11753/1128 1127/11754/1127
f 2225/11755/2225 2191/11756/2191 2224/11757/2224
f 2191/11758/2191 2190/11759/2190 2224/11760/2224
f 1163/11761/1163 1165/11762/1165 2226/11763/2226
f 1165/11764/1165 2192/11765/2192 2226/11766/2226
f 2226/11767/2226 2192/11768/2192 2227/11769/2227
f 2192/11770/2192 2193/11771/2193 2227/11772/2227
f 2227/11773/2227 2193/11774/2193 2225/11775/2225
f 2193/11776/2193 2191/11777/2191 2225/11778/2225
f 2195/11779/2195 1180/11780/1180 1179/11781/1179
f 1180/11782/1180 2176/11783/2176 1181/11784/1181
f 2176/11785/2176 1175/11786/1175 2228/11787/2228
f 1130/11788/1130 1096/11789/1096 1139/11790/1139
f 1142/11791/1142 1076/11792/1076 1140/11793/1140
f 1105/11794/1105 1107/11795/1107 2229/11796/2229
f 2230/11797/2230 1983/11798/1983 1964/11799/1964
f 1107/11800/1107 2197/11801/2197 2231/11802/2231
f 2231/11803/2231 2197/11804/2197 1232/11805/1232
f 1232/11806/1232 2197/11807/2197 1146/11808/1146
f 1145/11809/1145 1144/11810/1144 2232/11811/2232
f 1144/11812/1144 2177/11813/2177 2233/11814/2233
f 2232/11815/2232 1144/11816/1144 2233/11817/2233
f 1148/11818/1148 1029/11819/1029 1081/11820/1081
f 2233/11821/2233 2177/11822/2177 2234/11823/2234
f 2177/11824/2177 2198/11825/2198 2234/11826/2234
f 2234/11827/2234 2198/11828/2198 2235/11829/2235
f 2198/11830/2198 2178/11831/2178 2235/11832/2235
f 2178/11833/2178 1084/11834/1084 1150/11835/1150
f 2235/11836/2235 2178/11837/2178 1150/11838/1150
f 2236/11839/2236 949/11840/949 2147/11841/2147
f 2147/11842/2147 2162/11843/2162 2237/11844/2237
f 2204/11845/2204 2165/11846/2165 2163/11847/2163
f 2203/11848/2203 2164/11849/2164 2166/11850/2166
f 2238/11851/2238 2166/11852/2166 1037/11853/1037
f 996/11854/996 995/11855/995 1152/11856/1152
f 2238/11857/2238 1037/11858/1037 2239/11859/2239
f 2239/11860/2239 1037/11861/1037 1041/11862/1041
f 2239/11863/2239 1041/11864/1041 2205/11865/2205
f 2207/11866/2207 2206/11867/2206 1041/11868/1041
f 2207/11869/2207 1041/11870/1041 1040/11871/1040
f 1042/11872/1042 1110/11873/1110 1201/11874/1201
f 1042/11875/1042 1201/11876/1201 1111/11877/1111
f 2207/11878/2207 1045/11879/1045 2240/11880/2240
f 2240/11881/2240 1045/11882/1045 2208/11883/2208
f 997/11884/997 1111/11885/1111 1112/11886/1112
f 1048/11887/1048 997/11888/997 1112/11889/1112
f 2208/11890/2208 1047/11891/1047 2209/11892/2209
f 2209/11893/2209 1050/11894/1050 2210/11895/2210
f 1155/11896/1155 1001/11897/1001 1051/11898/1051
f 1086/11899/1086 1113/11900/1113 1207/11901/1207
f 2210/11902/2210 1050/11903/1050 2179/11904/2179
f 2210/11905/2210 2180/11906/2180 2213/11907/2213
f 1086/11908/1086 1207/11909/1207 1242/11910/1242
f 2211/11911/2211 2167/11912/2167 2212/11913/2212
f 1086/11914/1086 1242/11915/1242 1114/11916/1114
f 2212/11917/2212 2181/11918/2181 2214/11919/2214
f 2213/11920/2213 2182/11921/2182 2241/11922/2241
f 2241/11923/2241 2182/11924/2182 2219/11925/2219
f 2215/11926/2215 2183/11927/2183 2216/11928/2216
f 2217/11929/2217 1057/11930/1057 2218/11931/2218
f 2218/11932/2218 1059/11933/1059 2242/11934/2242
f 2242/11935/2242 1059/11936/1059 1061/11937/1061
f 1061/11938/1061 1063/11939/1063 2242/11940/2242
f 1063/11941/1063 2243/11942/2243 2242/11943/2242
f 2243/11944/2243 1063/11945/1063 1065/11946/1065
f 2243/11947/2243 1065/11948/1065 1157/11949/1157
f 2219/11950/2219 2185/11951/2185 2244/11952/2244
f 2244/11953/2244 2185/11954/2185 2245/11955/2245
f 2185/11956/2185 2200/11957/2200 2245/11958/2245
f 2200/11959/2200 2220/11960/2220 2245/11961/2245
f 2221/11962/2221 2220/11963/2220 2186/11964/2186
f 2246/11965/2246 2221/11966/2221 2201/11967/2201
f 2246/11968/2246 2201/11969/2201 2202/11970/2202
f 2246/11971/2246 2202/11972/2202 2222/11973/2222
f 2223/11974/2223 2189/11975/2189 1159/11976/1159
f 1159/11977/1159 2189/11978/2189 2199/11979/2199
f 2199/11980/2199 797/11981/797 1159/11982/1159
f 2224/11983/2224 1127/11984/1127 1221/11985/1221
f 2227/11986/2227 2225/11987/2225 2247/11988/2247
f 2225/11989/2225 2224/11990/2224 2247/11991/2247
f 1174/11992/1174 1176/11993/1176 1263/11994/1263
f 1176/11995/1176 1164/11996/1164 1263/11997/1263
f 1263/11998/1263 1164/11999/1164 1163/12000/1163
f 2228/12001/2228 1175/12002/1175 1174/12003/1174
f 1181/12004/1181 2176/12005/2176 2228/12006/2228
f 1130/12007/1130 1139/12008/1139 1273/12009/1273
f 1273/12010/1273 1139/12011/1139 1138/12012/1138
f 1105/12013/1105 2229/12014/2229 1138/12015/1138
f 2229/12016/2229 1107/12017/1107 2248/12018/2248
f 1107/12019/1107 2231/12020/2231 2248/12021/2248
f 1232/12022/1232 1146/12023/1146 2249/12024/2249
f 1146/12025/1146 1145/12026/1145 2249/12027/2249
f 1080/12028/1080 1143/12029/1143 1147/12030/1147
f 853/12031/853 949/12032/949 1237/12033/1237
f 1237/12034/1237 949/12035/949 2236/12036/2236
f 2204/12037/2204 2163/12038/2163 2203/12039/2203
f 2203/12040/2203 2166/12041/2166 2238/12042/2238
f 2238/12043/2238 2239/12044/2239 2250/12045/2250
f 2205/12046/2205 2206/12047/2206 2251/12048/2251
f 2252/12049/2252 2207/12050/2207 2240/12051/2240
f 2208/12052/2208 2209/12053/2209 2253/12054/2253
f 1209/12055/1209 1087/12056/1087 2211/12057/2211
f 2254/12058/2254 2214/12059/2214 2215/12060/2215
f 2215/12061/2215 2216/12062/2216 2255/12063/2255
f 2216/12064/2216 2217/12065/2217 2255/12066/2255
f 2255/12067/2255 2217/12068/2217 2256/12069/2256
f 2241/12070/2241 2219/12071/2219 2244/12072/2244
f 2218/12073/2218 2242/12074/2242 2257/12075/2257
f 2257/12076/2257 2242/12077/2242 2243/12078/2243
f 2243/12079/2243 1157/12080/1157 1211/12081/1211
f 2258/12082/2258 2245/12083/2245 2220/12084/2220
f 2220/12085/2220 2221/12086/2221 2258/12087/2258
f 2258/12088/2258 2221/12089/2221 2259/12090/2259
f 2259/12091/2259 2221/12092/2221 2260/12093/2260
f 2260/12094/2260 2221/12095/2221 2246/12096/2246
f 2260/12097/2260 2246/12098/2246 2261/12099/2261
f 2246/12100/2246 2222/12101/2222 2261/12102/2261
f 2261/12103/2261 2222/12104/2222 2223/12105/2223
f 1214/12106/1214 2223/12107/2223 1159/12108/1159
f 2247/12109/2247 2224/12110/2224 1255/12111/1255
f 1301/12112/1301 2247/12113/2247 1255/12114/1255
f 1255/12115/1255 2224/12116/2224 1221/12117/1221
f 1304/12118/1304 2226/12119/2226 1306/12120/1306
f 2226/12121/2226 2227/12122/2227 1306/12123/1306
f 1306/12124/1306 2227/12125/2227 2247/12126/2247
f 1263/12127/1263 1163/12128/1163 1303/12129/1303
f 1303/12130/1303 1163/12131/1163 1304/12132/1304
f 1304/12133/1304 1163/12134/1163 2226/12135/2226
f 1073/12136/1073 2195/12137/2195 1229/12138/1229
f 1229/12139/1229 2195/12140/2195 1179/12141/1179
f 1179/12142/1179 1181/12143/1181 2262/12144/2262
f 2262/12145/2262 1181/12146/1181 2228/12147/2228
f 2228/12148/2228 1174/12149/1174 1265/12150/1265
f 1130/12151/1130 1273/12152/1273 1225/12153/1225
f 1271/12154/1271 1273/12155/1273 1138/12156/1138
f 2263/12157/2263 1138/12158/1138 2229/12159/2229
f 2248/12160/2248 2231/12161/2231 1234/12162/1234
f 2231/12163/2231 1232/12164/1232 1234/12165/1234
f 1192/12166/1192 1149/12167/1149 1277/12168/1277
f 1235/12169/1235 2235/12170/2235 1150/12171/1150
f 2034/12172/2034 2084/12173/2084 2264/12174/2264
f 2264/12175/2264 2084/12176/2084 1034/12177/1034
f 2236/12178/2236 2147/12179/2147 2265/12180/2265
f 2147/12181/2147 2237/12182/2237 2265/12183/2265
f 1238/12184/1238 1152/12185/1152 2204/12186/2204
f 2250/12187/2250 2239/12188/2239 2266/12189/2266
f 2266/12190/2266 2239/12191/2239 2205/12192/2205
f 2266/12193/2266 2205/12194/2205 2251/12195/2251
f 1955/12196/1955 2036/12197/2036 2056/12198/2056
f 2251/12199/2251 2206/12200/2206 2267/12201/2267
f 2267/12202/2267 2206/12203/2206 2207/12204/2207
f 2267/12205/2267 2207/12206/2207 2252/12207/2252
f 1111/12208/1111 1201/12209/1201 1239/12210/1239
f 2252/12211/2252 2240/12212/2240 2253/12213/2253
f 1112/12214/1112 1111/12215/1111 1203/12216/1203
f 2253/12217/2253 2240/12218/2240 2208/12219/2208
f 2253/12220/2253 2209/12221/2209 2268/12222/2268
f 2268/12223/2268 2209/12224/2209 2210/12225/2210
f 2268/12226/2268 2210/12227/2210 2269/12228/2269
f 2269/12229/2269 2210/12230/2210 2213/12231/2213
f 1114/12232/1114 1242/12233/1242 1243/12234/1243
f 2269/12235/2269 2213/12236/2213 2270/12237/2270
f 2211/12238/2211 2212/12239/2212 1209/12240/1209
f 2270/12241/2270 2213/12242/2213 2241/12243/2241
f 2271/12244/2271 2212/12245/2212 2214/12246/2214
f 2271/12247/2271 2214/12248/2214 2254/12249/2254
f 2254/12250/2254 2215/12251/2215 2255/12252/2255
f 2272/12253/2272 2241/12254/2241 2244/12255/2244
f 2270/12256/2270 2241/12257/2241 2272/12258/2272
f 2256/12259/2256 2217/12260/2217 2273/12261/2273
f 2217/12262/2217 2218/12263/2218 2274/12264/2274
f 2273/12265/2273 2217/12266/2217 2274/12267/2274
f 2218/12268/2218 2257/12269/2257 2274/12270/2274
f 2274/12271/2274 2257/12272/2257 2275/12273/2275
f 2257/12274/2257 2243/12275/2243 2275/12276/2275
f 2275/12277/2275 2243/12278/2243 1248/12279/1248
f 1248/12280/1248 2243/12281/2243 1211/12282/1211
f 2244/12283/2244 2245/12284/2245 2276/12285/2276
f 2276/12286/2276 2245/12287/2245 2258/12288/2258
f 2277/12289/2277 2261/12290/2261 2223/12291/2223
f 2277/12292/2277 2223/12293/2223 1214/12294/1214
f 1306/12295/1306 2247/12296/2247 1343/12297/1343
f 1343/12298/1343 2247/12299/2247 1301/12300/1301
f 1264/12301/1264 1263/12302/1263 1303/12303/1303
f 1229/12304/1229 1179/12305/1179 2278/12306/2278
f 2278/12307/2278 1179/12308/1179 2262/12309/2262
f 1174/12310/1174 1263/12311/1263 1265/12312/1265
f 2262/12313/2262 2228/12314/2228 1265/12315/1265
f 1177/12316/1177 1222/12317/1222 1166/12318/1166
f 2279/12319/2279 1167/12320/1167 1258/12321/1258
f 1182/12322/1182 1167/12323/1167 2279/12324/2279
f 1273/12325/1273 1313/12326/1313 1225/12327/1225
f 1313/12328/1313 1273/12329/1273 1272/12330/1272
f 1182/12331/1182 2279/12332/2279 2280/12333/2280
f 1137/12334/1137 1182/12335/1182 2280/12336/2280
f 2263/12337/2263 1271/12338/1271 1138/12339/1138
f 1231/12340/1231 1137/12341/1137 2280/12342/2280
f 2263/12343/2263 2229/12344/2229 2281/12345/2281
f 1140/12346/1140 1231/12347/1231 2282/12348/2282
f 1142/12349/1142 1140/12350/1140 2282/12351/2282
f 2281/12352/2281 2229/12353/2229 2248/12354/2248
f 1276/12355/1276 2281/12356/2281 2248/12357/2248
f 1185/12358/1185 1142/12359/1142 2283/12360/2283
f 2283/12361/2283 1142/12362/1142 2282/12363/2282
f 1187/12364/1187 1185/12365/1185 2283/12366/2283
f 1276/12367/1276 2248/12368/2248 1234/12369/1234
f 2284/12370/2284 1187/12371/1187 2283/12372/2283
f 1189/12373/1189 1187/12374/1187 2284/12375/2284
f 1233/12376/1233 1232/12377/1232 2285/12378/2285
f 2285/12379/2285 1232/12380/1232 2249/12381/2249
f 1189/12382/1189 2284/12383/2284 2286/12384/2286
f 2285/12385/2285 2249/12386/2249 1145/12387/1145
f 1143/12388/1143 1189/12389/1189 2286/12390/2286
f 2285/12391/2285 1145/12392/1145 2287/12393/2287
f 1143/12394/1143 2286/12395/2286 2288/12396/2288
f 1147/12397/1147 1143/12398/1143 2288/12399/2288
f 2287/12400/2287 1145/12401/1145 2232/12402/2232
f 1147/12403/1147 2288/12404/2288 2289/12405/2289
f 2287/12406/2287 2232/12407/2232 2290/12408/2290
f 1191/12409/1191 1147/12410/1147 2291/12411/2291
f 2291/12412/2291 1147/12413/1147 2289/12414/2289
f 2290/12415/2290 2232/12416/2232 2233/12417/2233
f 2292/12418/2292 1191/12419/1191 2291/12420/2291
f 2290/12421/2290 2233/12422/2233 2234/12423/2234
f 1148/12424/1148 1191/12425/1191 2292/12426/2292
f 2293/12427/2293 2290/12428/2290 2234/12429/2234
f 1149/12430/1149 1148/12431/1148 2292/12432/2292
f 1149/12433/1149 2292/12434/2292 1277/12435/1277
f 2293/12436/2293 2234/12437/2234 2235/12438/2235
f 1235/12439/1235 2293/12440/2293 2235/12441/2235
f 2237/12442/2237 2162/12443/2162 2044/12444/2044
f 2204/12445/2204 2203/12446/2203 2294/12447/2294
f 1238/12448/1238 2204/12449/2204 2294/12450/2294
f 2294/12451/2294 2203/12452/2203 2238/12453/2238
f 2295/12454/2295 2294/12455/2294 2238/12456/2238
f 1153/12457/1153 1238/12458/1238 2296/12459/2296
f 2294/12460/2294 2295/12461/2295 2296/12462/2296
f 2296/12463/2296 2295/12464/2295 2297/12465/2297
f 2295/12466/2295 2238/12467/2238 2250/12468/2250
f 1197/12469/1197 1153/12470/1153 2296/12471/2296
f 1197/12472/1197 2296/12473/2296 2298/12474/2298
f 2297/12475/2297 2295/12476/2295 2250/12477/2250
f 2297/12478/2297 2250/12479/2250 2266/12480/2266
f 1197/12481/1197 2298/12482/2298 1198/12483/1198
f 1198/12484/1198 2298/12485/2298 1282/12486/1282
f 2297/12487/2297 2266/12488/2266 1280/12489/1280
f 1280/12490/1280 2266/12491/2266 2251/12492/2251
f 1200/12493/1200 1198/12494/1198 1282/12495/1282
f 1280/12496/1280 2251/12497/2251 2267/12498/2267
f 1200/12499/1200 1282/12500/1282 1281/12501/1281
f 1280/12502/1280 2267/12503/2267 2299/12504/2299
f 1200/12505/1200 1281/12506/1281 1239/12507/1239
f 1281/12508/1281 2299/12509/2299 1283/12510/1283
f 1239/12511/1239 1281/12512/1281 1283/12513/1283
f 2299/12514/2299 2267/12515/2267 1284/12516/1284
f 1284/12517/1284 2267/12518/2267 2252/12519/2252
f 1286/12520/1286 1284/12521/1284 2252/12522/2252
f 1203/12523/1203 1239/12524/1239 1283/12525/1283
f 1203/12526/1203 1283/12527/1283 1285/12528/1285
f 1286/12529/1286 2252/12530/2252 2253/12531/2253
f 1286/12532/1286 2253/12533/2253 2300/12534/2300
f 1203/12535/1203 1285/12536/1285 1287/12537/1287
f 1206/12538/1206 1203/12539/1203 1287/12540/1287
f 1206/12541/1206 1287/12542/1287 1208/12543/1208
f 1288/12544/1288 2300/12545/2300 2253/12546/2253
f 1288/12547/1288 2253/12548/2253 2268/12549/2268
f 1208/12550/1208 1287/12551/1287 1288/12552/1288
f 1208/12553/1208 1288/12554/1288 1241/12555/1241
f 1289/12556/1289 1288/12557/1288 2268/12558/2268
f 1289/12559/1289 2268/12560/2268 2269/12561/2269
f 1243/12562/1243 1241/12563/1241 1289/12564/1289
f 1289/12565/1289 2269/12566/2269 2301/12567/2301
f 1243/12568/1243 1289/12569/1289 2301/12570/2301
f 1243/12571/1243 2301/12572/2301 1244/12573/1244
f 2302/12574/2302 2301/12575/2301 2269/12576/2269
f 2302/12577/2302 2269/12578/2269 2270/12579/2270
f 1209/12580/1209 2212/12581/2212 2271/12582/2271
f 2302/12583/2302 2270/12584/2270 2272/12585/2272
f 1244/12586/1244 2301/12587/2301 1248/12588/1248
f 1248/12589/1248 2301/12590/2301 2302/12591/2302
f 1248/12592/1248 2302/12593/2302 2303/12594/2303
f 2254/12595/2254 2255/12596/2255 2304/12597/2304
f 2255/12598/2255 2256/12599/2256 2304/12600/2304
f 2304/12601/2304 2256/12602/2256 2273/12603/2273
f 2303/12604/2303 2302/12605/2302 2272/12606/2272
f 2305/12607/2305 2273/12608/2273 2274/12609/2274
f 2305/12610/2305 2274/12611/2274 2306/12612/2306
f 2306/12613/2306 2274/12614/2274 2307/12615/2307
f 2274/12616/2274 2275/12617/2275 2307/12618/2307
f 2275/12619/2275 1248/12620/1248 2303/12621/2303
f 2303/12622/2303 2272/12623/2272 2308/12624/2308
f 2272/12625/2272 2244/12626/2244 2276/12627/2276
f 2308/12628/2308 2272/12629/2272 2276/12630/2276
f 2276/12631/2276 2258/12632/2258 2309/12633/2309
f 2258/12634/2258 2259/12635/2259 2309/12636/2309
f 2309/12637/2309 2259/12638/2259 2310/12639/2310
f 2310/12640/2310 2259/12641/2259 2260/12642/2260
f 2310/12643/2310 2260/12644/2260 2311/12645/2311
f 2311/12646/2311 2260/12647/2260 2261/12648/2261
f 2311/12649/2311 2261/12650/2261 2277/12651/2277
f 2311/12652/2311 2277/12653/2277 2312/12654/2312
f 2277/12655/2277 1214/12656/1214 2312/12657/2312
f 2312/12658/2312 1214/12659/1214 1294/12660/1294
f 1343/12661/1343 1301/12662/1301 1300/12663/1300
f 1343/12664/1343 1305/12665/1305 1306/12666/1306
f 2036/12667/2036 1983/12668/1983 2313/12669/2313
f 1307/12670/1307 1303/12671/1303 1302/12672/1302
f 1318/12673/1318 1229/12674/1229 1379/12675/1379
f 1379/12676/1379 1229/12677/1229 2278/12678/2278
f 2278/12679/2278 2262/12680/2262 1386/12681/1386
f 2262/12682/2262 1265/12683/1265 1352/12684/1352
f 1386/12685/1386 2262/12686/2262 1352/12687/1352
f 1222/12688/1222 1308/12689/1308 1267/12690/1267
f 1267/12691/1267 1310/12692/1310 1224/12693/1224
f 1310/12694/1310 1256/12695/1256 1224/12696/1224
f 1258/12697/1258 1257/12698/1257 2314/12699/2314
f 2314/12700/2314 1257/12701/1257 1312/12702/1312
f 2314/12703/2314 1312/12704/1312 1272/12705/1272
f 1272/12706/1272 1312/12707/1312 1313/12708/1313
f 1225/12709/1225 1313/12710/1313 1314/12711/1314
f 1225/12712/1225 1314/12713/1314 1168/12714/1168
f 1314/12715/1314 1226/12716/1226 1168/12717/1168
f 1228/12718/1228 1260/12719/1260 1261/12720/1261
f 1269/12721/1269 1266/12722/1266 1177/12723/1177
f 2279/12724/2279 1258/12725/1258 2314/12726/2314
f 2315/12727/2315 2314/12728/2314 1272/12729/1272
f 2316/12730/2316 2314/12731/2314 2315/12732/2315
f 2315/12733/2315 1272/12734/1272 1271/12735/1271
f 1274/12736/1274 1270/12737/1270 1135/12738/1135
f 2317/12739/2317 2279/12740/2279 2314/12741/2314
f 2280/12742/2280 2279/12743/2279 2317/12744/2317
f 2317/12745/2317 2314/12746/2314 2316/12747/2316
f 2316/12748/2316 2315/12749/2315 1271/12750/1271
f 2263/12751/2263 2316/12752/2316 1271/12753/1271
f 2318/12754/2318 2317/12755/2317 2316/12756/2316
f 1231/12757/1231 2280/12758/2280 2319/12759/2319
f 2319/12760/2319 2280/12761/2280 2317/12762/2317
f 2316/12763/2316 2263/12764/2263 2281/12765/2281
f 2319/12766/2319 2317/12767/2317 2318/12768/2318
f 2318/12769/2318 2316/12770/2316 2281/12771/2281
f 2282/12772/2282 1231/12773/1231 2319/12774/2319
f 2320/12775/2320 2318/12776/2318 2281/12777/2281
f 2319/12778/2319 2318/12779/2318 2320/12780/2320
f 2320/12781/2320 2281/12782/2281 1276/12783/1276
f 2282/12784/2282 2319/12785/2319 2321/12786/2321
f 2321/12787/2321 2319/12788/2319 2320/12789/2320
f 2283/12790/2283 2282/12791/2282 2322/12792/2322
f 2322/12793/2322 2282/12794/2282 2321/12795/2321
f 1233/12796/1233 2320/12797/2320 1276/12798/1276
f 2322/12799/2322 2321/12800/2321 2323/12801/2323
f 2323/12802/2323 2321/12803/2321 2320/12804/2320
f 2323/12805/2323 2320/12806/2320 1233/12807/1233
f 2324/12808/2324 2283/12809/2283 2322/12810/2322
f 2324/12811/2324 2322/12812/2322 2323/12813/2323
f 2284/12814/2284 2283/12815/2283 2324/12816/2324
f 2325/12817/2325 2323/12818/2323 1233/12819/1233
f 2324/12820/2324 2323/12821/2323 2325/12822/2325
f 2285/12823/2285 2325/12824/2325 1233/12825/1233
f 2326/12826/2326 2284/12827/2284 2324/12828/2324
f 2327/12829/2327 2326/12830/2326 2324/12831/2324
f 2327/12832/2327 2324/12833/2324 2325/12834/2325
f 2328/12835/2328 2326/12836/2326 2327/12837/2327
f 2327/12838/2327 2325/12839/2325 2285/12840/2285
f 2286/12841/2286 2284/12842/2284 2329/12843/2329
f 2284/12844/2284 2326/12845/2326 2328/12846/2328
f 2329/12847/2329 2284/12848/2284 2328/12849/2328
f 2287/12850/2287 2327/12851/2327 2285/12852/2285
f 2328/12853/2328 2327/12854/2327 2287/12855/2287
f 2288/12856/2288 2286/12857/2286 2330/12858/2330
f 2330/12859/2330 2286/12860/2286 2329/12861/2329
f 2331/12862/2331 2328/12863/2328 2287/12864/2287
f 2329/12865/2329 2328/12866/2328 2331/12867/2331
f 2330/12868/2330 2329/12869/2329 2331/12870/2331
f 2289/12871/2289 2288/12872/2288 2330/12873/2330
f 2332/12874/2332 2330/12875/2330 2331/12876/2331
f 2331/12877/2331 2287/12878/2287 2290/12879/2290
f 2289/12880/2289 2330/12881/2330 2332/12882/2332
f 2332/12883/2332 2331/12884/2331 2290/12885/2290
f 2291/12886/2291 2289/12887/2289 2333/12888/2333
f 2333/12889/2333 2289/12890/2289 2332/12891/2332
f 2334/12892/2334 2332/12893/2332 2290/12894/2290
f 2333/12895/2333 2332/12896/2332 2334/12897/2334
f 2334/12898/2334 2290/12899/2290 2293/12900/2293
f 2335/12901/2335 2333/12902/2333 2334/12903/2334
f 2292/12904/2292 2291/12905/2291 2336/12906/2336
f 2336/12907/2336 2291/12908/2291 2333/12909/2333
f 2335/12910/2335 2334/12911/2334 2293/12912/2293
f 1277/12913/1277 2292/12914/2292 2336/12915/2336
f 2336/12916/2336 2333/12917/2333 2337/12918/2337
f 2337/12919/2337 2333/12920/2333 2335/12921/2335
f 2337/12922/2337 2335/12923/2335 2293/12924/2293
f 1277/12925/1277 2336/12926/2336 1278/12927/1278
f 1278/12928/1278 2336/12929/2336 2337/12930/2337
f 1235/12931/1235 2337/12932/2337 2293/12933/2293
f 1193/12934/1193 1277/12935/1277 1278/12936/1278
f 1278/12937/1278 2337/12938/2337 1235/12939/1235
f 1238/12940/1238 2294/12941/2294 2296/12942/2296
f 2298/12943/2298 2296/12944/2296 2297/12945/2297
f 1282/12946/1282 2298/12947/2298 2297/12948/2297
f 1282/12949/1282 2297/12950/2297 1280/12951/1280
f 1281/12952/1281 1280/12953/1280 2299/12954/2299
f 1283/12955/1283 2299/12956/2299 1284/12957/1284
f 1287/12958/1287 1286/12959/1286 2300/12960/2300
f 1287/12961/1287 2300/12962/2300 1288/12963/1288
f 1002/12964/1002 1155/12965/1155 1329/12966/1329
f 1209/12967/1209 2271/12968/2271 2338/12969/2338
f 2339/12970/2339 2271/12971/2271 2254/12972/2254
f 2339/12973/2339 2254/12974/2254 2340/12975/2340
f 2254/12976/2254 2304/12977/2304 2340/12978/2340
f 2341/12979/2341 2304/12980/2304 2273/12981/2273
f 2341/12982/2341 2273/12983/2273 2305/12984/2305
f 2307/12985/2307 2275/12986/2275 2303/12987/2303
f 2307/12988/2307 2303/12989/2303 2308/12990/2308
f 2342/12991/2342 2307/12992/2307 2308/12993/2308
f 2342/12994/2342 2308/12995/2308 2343/12996/2343
f 2308/12997/2308 2276/12998/2276 2344/12999/2344
f 2308/13000/2308 2344/13001/2344 2343/13002/2343
f 2344/13003/2344 2276/13004/2276 2309/13005/2309
f 2344/13006/2344 2309/13007/2309 2345/13008/2345
f 2345/13009/2345 2309/13010/2309 2346/13011/2346
f 2346/13012/2346 2309/13013/2309 2310/13014/2310
f 2346/13015/2346 2310/13016/2310 2347/13017/2347
f 2347/13018/2347 2310/13019/2310 2348/13020/2348
f 2348/13021/2348 2310/13022/2310 2311/13023/2311
f 2348/13024/2348 2311/13025/2311 2349/13026/2349
f 2349/13027/2349 2311/13028/2311 2312/13029/2312
f 1302/13030/1302 1305/13031/1305 1341/13032/1341
f 1382/13033/1382 1379/13034/1379 2278/13035/2278
f 1382/13036/1382 2278/13037/2278 1386/13038/1386
f 1382/13039/1382 1386/13040/1386 1385/13041/1385
f 1344/13042/1344 1309/13043/1309 1308/13044/1308
f 1311/13045/1311 1257/13046/1257 1256/13047/1256
f 1312/13048/1312 1347/13049/1347 1314/13050/1314
f 1347/13051/1347 1315/13052/1315 1314/13053/1314
f 1315/13054/1315 1348/13055/1348 1259/13056/1259
f 1259/13057/1259 1348/13058/1348 1316/13059/1316
f 1316/13060/1316 2350/13061/2350 1317/13062/1317
f 1317/13063/1317 1351/13064/1351 1262/13065/1262
f 1141/13066/1141 1321/13067/1321 1322/13068/1322
f 2351/13069/2351 2124/13070/2124 2034/13071/2034
f 2264/13072/2264 1034/13073/1034 1357/13074/1357
f 1155/13075/1155 1328/13076/1328 1329/13077/1329
f 1290/13078/1290 1209/13079/1209 2338/13080/2338
f 2338/13081/2338 2271/13082/2271 2339/13083/2339
f 1333/13084/1333 1291/13085/1291 1361/13086/1361
f 2340/13087/2340 2304/13088/2304 2341/13089/2341
f 2340/13090/2340 2341/13091/2341 2352/13092/2352
f 2352/13093/2352 2341/13094/2341 2305/13095/2305
f 1291/13096/1291 1292/13097/1292 1361/13098/1361
f 2353/13099/2353 2352/13100/2352 2305/13101/2305
f 2353/13102/2353 2305/13103/2305 2354/13104/2354
f 2354/13105/2354 2305/13106/2305 2355/13107/2355
f 2355/13108/2355 2305/13109/2305 2356/13110/2356
f 2355/13111/2355 2356/13112/2356 2357/13113/2357
f 2356/13114/2356 2305/13115/2305 2306/13116/2306
f 2356/13117/2356 2306/13118/2306 2307/13119/2307
f 2356/13120/2356 2307/13121/2307 2342/13122/2342
f 2356/13123/2356 2342/13124/2342 2358/13125/2358
f 2358/13126/2358 2342/13127/2342 1399/13128/1399
f 2342/13129/2342 2343/13130/2343 2359/13131/2359
f 2343/13132/2343 2344/13133/2344 2360/13134/2360
f 2343/13135/2343 2360/13136/2360 2359/13137/2359
f 2359/13138/2359 2360/13139/2360 2361/13140/2361
f 2360/13141/2360 2344/13142/2344 2345/13143/2345
f 2361/13144/2361 2360/13145/2360 1430/13146/1430
f 2360/13147/2360 2345/13148/2345 2346/13149/2346
f 2360/13150/2360 2346/13151/2346 1428/13152/1428
f 2360/13153/2360 1428/13154/1428 1430/13155/1430
f 1428/13156/1428 2346/13157/2346 2347/13158/2347
f 2362/13159/2362 2347/13160/2347 2363/13161/2363
f 2347/13162/2347 2348/13163/2348 2363/13164/2363
f 2363/13165/2363 2348/13166/2348 2364/13167/2364
f 2364/13168/2364 2348/13169/2348 2349/13170/2349
f 2364/13171/2364 2349/13172/2349 2365/13173/2365
f 2349/13174/2349 2312/13175/2312 2365/13176/2365
f 2365/13177/2365 2312/13178/2312 1294/13179/1294
f 2365/13180/2365 1294/13181/1294 1362/13182/1362
f 1371/13183/1371 1370/13184/1370 1368/13185/1368
f 1403/13186/1403 1371/13187/1371 1368/13188/1368
f 1408/13189/1408 1380/13190/1380 1382/13191/1382
f 1344/13192/1344 1412/13193/1412 1345/13194/1345
f 1412/13195/1412 1415/13196/1415 1345/13197/1345
f 1345/13198/1345 1375/13199/1375 1346/13200/1346
f 1346/13201/1346 2366/13202/2366 1309/13203/1309
f 1309/13204/1309 2366/13205/2366 1311/13206/1311
f 2366/13207/2366 2367/13208/2367 1311/13209/1311
f 1311/13210/1311 2367/13211/2367 1347/13212/1347
f 1347/13213/1347 2367/13214/2367 2368/13215/2368
f 2368/13216/2368 2369/13217/2369 1347/13218/1347
f 1347/13219/1347 2369/13220/2369 1348/13221/1348
f 1348/13222/1348 2369/13223/2369 2370/13224/2370
f 1348/13225/1348 2370/13226/2370 1417/13227/1417
f 1348/13228/1348 1417/13229/1417 1377/13230/1377
f 1349/13231/1349 2371/13232/2371 1316/13233/1316
f 1316/13234/1316 2371/13235/2371 2350/13236/2350
f 2350/13237/2350 2371/13238/2371 2372/13239/2372
f 2350/13240/2350 2372/13241/2372 1317/13242/1317
f 1317/13243/1317 2372/13244/2372 1351/13245/1351
f 2372/13246/2372 1384/13247/1384 1351/13248/1351
f 1350/13249/1350 1412/13250/1412 1344/13251/1344
f 1320/13252/1320 1387/13253/1387 1269/13254/1269
f 2313/13255/2313 1983/13256/1983 2230/13257/2230
f 2237/13258/2237 2044/13259/2044 2056/13260/2056
f 1427/13261/1427 1290/13262/1290 2338/13263/2338
f 1427/13264/1427 2338/13265/2338 2373/13266/2373
f 2373/13267/2373 2338/13268/2338 2374/13269/2374
f 2374/13270/2374 2338/13271/2338 2339/13272/2339
f 2374/13273/2374 2339/13274/2339 2375/13275/2375
f 2375/13276/2375 2339/13277/2339 2340/13278/2340
f 2376/13279/2376 2375/13280/2375 2340/13281/2340
f 2376/13282/2376 2340/13283/2340 2352/13284/2352
f 2376/13285/2376 2352/13286/2352 2377/13287/2377
f 2354/13288/2354 2355/13289/2355 2378/13290/2378
f 2377/13291/2377 2352/13292/2352 1454/13293/1454
f 1454/13294/1454 2352/13295/2352 2353/13296/2353
f 2355/13297/2355 2379/13298/2379 2380/13299/2380
f 2379/13300/2379 2355/13301/2355 2357/13302/2357
f 2381/13303/2381 2357/13304/2357 2356/13305/2356
f 2381/13306/2381 2356/13307/2356 2358/13308/2358
f 1399/13309/1399 2342/13310/2342 2359/13311/2359
f 2382/13312/2382 2362/13313/2362 2363/13314/2363
f 2382/13315/2382 2363/13316/2363 2383/13317/2383
f 2363/13318/2363 2364/13319/2364 2383/13320/2383
f 2383/13321/2383 2364/13322/2364 2384/13323/2384
f 2384/13324/2384 2364/13325/2364 2365/13326/2365
f 2384/13327/2384 2365/13328/2365 1362/13329/1362
f 2377/13330/2377 1454/13331/1454 1456/13332/1456
f 2385/13333/2385 2359/13334/2359 2361/13335/2361
f 2361/13336/2361 1430/13337/1430 1458/13338/1458
f 2385/13339/2385 2361/13340/2361 1458/13341/1458
f 2382/13342/2382 2383/13343/2383 2386/13344/2386
f 2386/13345/2386 2383/13346/2383 2384/13347/2384
f 2384/13348/2384 1362/13349/1362 2387/13350/2387
f 2387/13351/2387 1362/13352/1362 1490/13353/1490
f 2380/13354/2380 2379/13355/2379 2388/13356/2388
f 2388/13357/2388 2379/13358/2379 2357/13359/2357
f 2388/13360/2388 2357/13361/2357 2389/13362/2389
f 2357/13363/2357 2381/13364/2381 2389/13365/2389
f 2389/13366/2389 2381/13367/2381 1401/13368/1401
f 2381/13369/2381 2358/13370/2358 1401/13371/1401
f 1399/13372/1399 2359/13373/2359 1400/13374/1400
f 2359/13375/2359 2385/13376/2385 2390/13377/2390
f 2391/13378/2391 2385/13379/2385 1458/13380/1458
f 2391/13381/2391 1458/13382/1458 1405/13383/1405
f 2386/13384/2386 2384/13385/2384 2392/13386/2392
f 2384/13387/2384 2393/13388/2393 2392/13389/2392
f 2393/13390/2393 2384/13391/2384 2394/13392/2394
f 2384/13393/2384 2387/13394/2387 2394/13395/2394
f 2395/13396/2395 2387/13397/2387 1490/13398/1490
f 2358/13399/2358 1399/13400/1399 1401/13401/1401
f 1400/13402/1400 2359/13403/2359 2396/13404/2396
f 2396/13405/2396 2359/13406/2359 2390/13407/2390
f 2390/13408/2390 2385/13409/2385 2391/13410/2391
f 1376/13411/1376 2397/13412/2397 2389/13413/2389
f 1376/13414/1376 2389/13415/2389 2398/13416/2398
f 2389/13417/2389 1401/13418/1401 2398/13419/2398
f 2398/13420/2398 1401/13421/1401 2399/13422/2399
f 2399/13423/2399 1401/13424/1401 1400/13425/1400
f 2399/13426/2399 1400/13427/1400 2400/13428/2400
f 2400/13429/2400 1400/13430/1400 2396/13431/2396
f 2400/13432/2400 2396/13433/2396 2401/13434/2401
f 2396/13435/2396 2390/13436/2390 2401/13437/2401
f 2390/13438/2390 2391/13439/2391 2401/13440/2401
f 2401/13441/2401 2391/13442/2391 2402/13443/2402
f 2391/13444/2391 1405/13445/1405 1404/13446/1404
f 2402/13447/2402 2391/13448/2391 1404/13449/1404
f 2397/13450/2397 1376/13451/1376 1442/13452/1442
f 1404/13453/1404 1406/13454/1406 1416/13455/1416
f 1411/13456/1411 1413/13457/1413 1415/13458/1415
f 1412/13459/1412 1411/13460/1411 1415/13461/1415
f 1374/13462/1374 1376/13463/1376 1375/13464/1375
f 1442/13465/1442 1376/13466/1376 1374/13467/1374
f 2398/13468/2398 2399/13469/2399 2366/13470/2366
f 2366/13471/2366 2399/13472/2399 2367/13473/2367
f 2367/13474/2367 2399/13475/2399 2400/13476/2400
f 2367/13477/2367 2400/13478/2400 2368/13479/2368
f 2368/13480/2368 2400/13481/2400 2401/13482/2401
f 2370/13483/2370 2401/13484/2401 2402/13485/2402
f 1419/13486/1419 2403/13487/2403 2404/13488/2404
f 2403/13489/2403 2405/13490/2405 2404/13491/2404
f 2404/13492/2404 2405/13493/2405 2406/13494/2406
f 2406/13495/2406 2405/13496/2405 2407/13497/2407
f 2406/13498/2406 2407/13499/2407 1384/13500/1384
f 2407/13501/2407 1494/13502/1494 1384/13503/1384
f 1346/13504/1346 1376/13505/1376 2398/13506/2398
f 1346/13507/1346 2398/13508/2398 2366/13509/2366
f 2368/13510/2368 2401/13511/2401 2369/13512/2369
f 2369/13513/2369 2401/13514/2401 2370/13515/2370
f 2402/13516/2402 1404/13517/1404 2370/13518/2370
f 2370/13519/2370 1404/13520/1404 1417/13521/1417
f 1349/13522/1349 1419/13523/1419 2371/13524/2371
f 1419/13525/1419 2404/13526/2404 2371/13527/2371
f 2371/13528/2371 2404/13529/2404 2406/13530/2406
f 2371/13531/2371 2406/13532/2406 2372/13533/2372
f 2372/13534/2372 2406/13535/2406 1384/13536/1384
f 2408/13537/2408 1409/13538/1409 1350/13539/1350
f 1350/13540/1350 1409/13541/1409 1412/13542/1412
f 2409/13543/2409 2408/13544/2408 1387/13545/1387
f 1387/13546/1387 2408/13547/2408 1350/13548/1350
f 1388/13549/1388 2409/13550/2409 1387/13551/1387
f 1353/13552/1353 1448/13553/1448 1388/13554/1388
f 1448/13555/1448 1353/13556/1353 1389/13557/1389
f 2351/13558/2351 2034/13559/2034 2264/13560/2264
f 1487/13561/1487 2264/13562/2264 1357/13563/1357
f 1488/13564/1488 1237/13565/1237 2236/13566/2236
f 1488/13567/1488 2236/13568/2236 2410/13569/2410
f 2410/13570/2410 2236/13571/2236 2265/13572/2265
f 2374/13573/2374 2375/13574/2375 2411/13575/2411
f 2374/13576/2374 2411/13577/2411 2412/13578/2412
f 2353/13579/2353 2354/13580/2354 2413/13581/2413
f 2414/13582/2414 2353/13583/2353 2413/13584/2413
f 2413/13585/2413 2354/13586/2354 2378/13587/2378
f 1429/13588/1429 1428/13589/1428 2415/13590/2415
f 1428/13591/1428 2347/13592/2347 2415/13593/2415
f 2415/13594/2415 2347/13595/2347 2416/13596/2416
f 2416/13597/2416 2347/13598/2347 2362/13599/2362
f 2417/13600/2417 2411/13601/2411 2375/13602/2375
f 2417/13603/2417 2375/13604/2375 2376/13605/2376
f 1454/13606/1454 2353/13607/2353 1480/13608/1480
f 2417/13609/2417 2376/13610/2376 2418/13611/2418
f 2418/13612/2418 2376/13613/2376 2377/13614/2377
f 2417/13615/2417 2418/13616/2418 2419/13617/2419
f 2420/13618/2420 2417/13619/2417 2419/13620/2419
f 2418/13621/2418 2377/13622/2377 2421/13623/2421
f 2421/13624/2421 2377/13625/2377 1462/13626/1462
f 1462/13627/1462 2377/13628/2377 1456/13629/1456
f 2422/13630/2422 2382/13631/2382 2386/13632/2386
f 2419/13633/2419 2418/13634/2418 2421/13635/2421
f 2422/13636/2422 2386/13637/2386 2423/13638/2423
f 2386/13639/2386 2392/13640/2392 2423/13641/2423
f 2394/13642/2394 2387/13643/2387 2395/13644/2395
f 2419/13645/2419 2421/13646/2421 1462/13647/1462
f 2397/13648/2397 2388/13649/2388 2389/13650/2389
f 1439/13651/1439 2422/13652/2422 2424/13653/2424
f 2422/13654/2422 2423/13655/2423 2424/13656/2424
f 2423/13657/2423 2392/13658/2392 2424/13659/2424
f 2424/13660/2424 2392/13661/2392 2425/13662/2425
f 2425/13663/2425 2392/13664/2392 2393/13665/2393
f 2425/13666/2425 2393/13667/2393 2394/13668/2394
f 2395/13669/2395 1490/13670/1490 1494/13671/1494
f 2426/13672/2426 2420/13673/2420 1410/13674/1410
f 1410/13675/1410 2420/13676/2420 2419/13677/2419
f 1410/13678/1410 2419/13679/2419 1462/13680/1462
f 1410/13681/1410 1462/13682/1462 1411/13683/1411
f 1462/13684/1462 1413/13685/1413 1411/13686/1411
f 2388/13687/2388 2397/13688/2397 1442/13689/1442
f 1439/13690/1439 2424/13691/2424 2403/13692/2403
f 2403/13693/2403 2424/13694/2424 2425/13695/2425
f 2403/13696/2403 2425/13697/2425 2405/13698/2405
f 2405/13699/2405 2425/13700/2425 2407/13701/2407
f 2425/13702/2425 2394/13703/2394 2407/13704/2407
f 2407/13705/2407 2394/13706/2394 1494/13707/1494
f 1494/13708/1494 2394/13709/2394 2395/13710/2395
f 1419/13711/1419 1439/13712/1439 2403/13713/2403
f 2426/13714/2426 1410/13715/1410 1409/13716/1409
f 2409/13717/2409 2426/13718/2426 2408/13719/2408
f 2408/13720/2408 2426/13721/2426 1409/13722/1409
f 1484/13723/1484 2409/13724/2409 1388/13725/1388
f 1448/13726/1448 1484/13727/1484 1388/13728/1388
f 1427/13729/1427 2373/13730/2373 1391/13731/1391
f 1391/13732/1391 2373/13733/2373 2374/13734/2374
f 2427/13735/2427 1391/13736/1391 2374/13737/2374
f 2427/13738/2427 2374/13739/2374 2412/13740/2412
f 1480/13741/1480 2353/13742/2353 2414/13743/2414
f 2428/13744/2428 1480/13745/1480 2414/13746/2414
f 2429/13747/2429 2415/13748/2415 2416/13749/2416
f 2416/13750/2416 2362/13751/2362 2430/13752/2430
f 2378/13753/2378 2355/13754/2355 2431/13755/2431
f 1457/13756/1457 1430/13757/1430 1453/13758/1453
f 2412/13759/2412 2411/13760/2411 2417/13761/2417
f 2431/13762/2431 2355/13763/2355 2380/13764/2380
f 2362/13765/2362 2382/13766/2382 2432/13767/2432
f 2433/13768/2433 2362/13769/2362 2432/13770/2432
f 2434/13771/2434 2412/13772/2412 2420/13773/2420
f 2420/13774/2420 2412/13775/2412 2417/13776/2417
f 1406/13777/1406 1405/13778/1405 1457/13779/1457
f 2382/13780/2382 2422/13781/2422 2432/13782/2432
f 2435/13783/2435 2434/13784/2434 2420/13785/2420
f 2388/13786/2388 1442/13787/1442 2436/13788/2436
f 2435/13789/2435 2420/13790/2420 2426/13791/2426
f 2409/13792/2409 2435/13793/2435 2426/13794/2426
f 2437/13795/2437 2435/13796/2435 2409/13797/2409
f 1484/13798/1484 2437/13799/2437 2409/13800/2409
f 1418/13801/1418 1349/13802/1349 1467/13803/1467
f 1448/13804/1448 1468/13805/1468 1484/13806/1484
f 2230/13807/2230 1964/13808/1964 2124/13809/2124
f 2438/13810/2438 2265/13811/2265 2237/13812/2237
f 2438/13813/2438 2237/13814/2237 2056/13815/2056
f 1329/13816/1329 1476/13817/1476 1477/13818/1477
f 1330/13819/1330 1329/13820/1329 1477/13821/1477
f 1478/13822/1478 1391/13823/1391 2427/13824/2427
f 1478/13825/1478 2427/13826/2427 2439/13827/2439
f 2428/13828/2428 2414/13829/2414 2440/13830/2440
f 2440/13831/2440 2414/13832/2414 2413/13833/2413
f 2441/13834/2441 2413/13835/2413 2378/13836/2378
f 1429/13837/1429 2415/13838/2415 2429/13839/2429
f 2439/13840/2439 2427/13841/2427 2412/13842/2412
f 2430/13843/2430 2362/13844/2362 2433/13845/2433
f 2036/13846/2036 2313/13847/2313 2230/13848/2230
f 2434/13849/2434 2439/13850/2439 2412/13851/2412
f 2380/13852/2380 2388/13853/2388 2442/13854/2442
f 2432/13855/2432 2422/13856/2422 2443/13857/2443
f 2443/13858/2443 2422/13859/2422 2444/13860/2444
f 2437/13861/2437 2434/13862/2434 2435/13863/2435
f 2442/13864/2442 2388/13865/2388 2436/13866/2436
f 2444/13867/2444 2422/13868/2422 1439/13869/1439
f 1505/13870/1505 1439/13871/1439 1418/13872/1418
f 2437/13873/2437 1484/13874/1484 1483/13875/1483
f 2410/13876/2410 2265/13877/2265 2438/13878/2438
f 2445/13879/2445 2036/13880/2036 2446/13881/2446
f 1511/13882/1511 1480/13883/1480 2428/13884/2428
f 2440/13885/2440 2413/13886/2413 2447/13887/2447
f 2447/13888/2447 2413/13889/2413 2441/13890/2441
f 2448/13891/2448 1453/13892/1453 1429/13893/1429
f 2429/13894/2429 2416/13895/2416 2430/13896/2430
f 2449/13897/2449 2429/13898/2429 2430/13899/2430
f 1479/13900/1479 1478/13901/1478 2439/13902/2439
f 1455/13903/1455 1480/13904/1480 1511/13905/1511
f 2441/13906/2441 2378/13907/2378 2450/13908/2450
f 2378/13909/2378 2431/13910/2431 2450/13911/2450
f 1479/13912/1479 2439/13913/2439 2451/13914/2451
f 2451/13915/2451 2439/13916/2439 2434/13917/2434
f 2431/13918/2431 2380/13919/2380 2452/13920/2452
f 2433/13921/2433 2432/13922/2432 2443/13923/2443
f 2452/13924/2452 2380/13925/2380 2442/13926/2442
f 2451/13927/2451 2434/13928/2434 2437/13929/2437
f 1483/13930/1483 2451/13931/2451 2437/13932/2437
f 2436/13933/2436 1442/13934/1442 1493/13935/1493
f 1482/13936/1482 1483/13937/1483 1468/13938/1468
f 1275/13939/1275 1449/13940/1449 1450/13941/1450
f 2351/13942/2351 2264/13943/2264 1487/13944/1487
f 2438/13945/2438 2056/13946/2056 2453/13947/2453
f 1429/13948/1429 2429/13949/2429 2449/13950/2449
f 2450/13951/2450 2431/13952/2431 2452/13953/2452
f 1492/13954/1492 1479/13955/1479 2451/13956/2451
f 1492/13957/1492 2451/13958/2451 1483/13959/1483
f 2442/13960/2442 2436/13961/2436 2454/13962/2454
f 2454/13963/2454 2436/13964/2436 1493/13965/1493
f 2444/13966/2444 1439/13967/1439 1505/13968/1505
f 1482/13969/1482 1492/13970/1492 1483/13971/1483
f 1151/13972/1151 1488/13973/1488 1498/13974/1498
f 2056/13975/2056 2036/13976/2036 2445/13977/2445
f 1331/13978/1331 1477/13979/1477 1452/13980/1452
f 2455/13981/2455 1511/13982/1511 2428/13983/2428
f 2455/13984/2455 2428/13985/2428 1577/13986/1577
f 1577/13987/1577 2428/13988/2428 2440/13989/2440
f 1577/13990/1577 2440/13991/2440 2447/13992/2447
f 1510/13993/1510 1453/13994/1453 2448/13995/2448
f 2456/13996/2456 1429/13997/1429 2449/13998/2449
f 1504/13999/1504 1457/14000/1457 1510/14001/1510
f 2430/14002/2430 2433/14003/2433 2457/14004/2457
f 2457/14005/2457 2433/14006/2433 2443/14007/2443
f 2452/14008/2452 2442/14009/2442 2454/14010/2454
f 1527/14011/1527 1488/14012/1488 2410/14013/2410
f 2453/14014/2453 2056/14015/2056 2458/14016/2458
f 1477/14017/1477 1476/14018/1476 1502/14019/1502
f 1545/14020/1545 1477/14021/1477 1502/14022/1502
f 2448/14023/2448 1429/14024/1429 2456/14025/2456
f 2456/14026/2456 2449/14027/2449 2459/14028/2459
f 2459/14029/2459 2449/14030/2449 2430/14031/2430
f 1517/14032/1517 1493/14033/1493 1441/14034/1441
f 1450/14035/1450 1449/14036/1449 1555/14037/1555
f 1450/14038/1450 1555/14039/1555 1519/14040/1519
f 1607/14041/1607 2410/14042/2410 2438/14043/2438
f 1607/14044/1607 2438/14045/2438 2460/14046/2460
f 2460/14047/2460 2438/14048/2438 2453/14049/2453
f 1477/14050/1477 1545/14051/1545 1522/14052/1522
f 1546/14053/1546 1511/14054/1511 2455/14055/2455
f 1577/14056/1577 2447/14057/2447 2461/14058/2461
f 2461/14059/2461 2447/14060/2447 2462/14061/2462
f 2462/14062/2462 2447/14063/2447 2441/14064/2441
f 1510/14065/1510 2448/14066/2448 2456/14067/2456
f 2459/14068/2459 2430/14069/2430 2463/14070/2463
f 2441/14071/2441 2450/14072/2450 2464/14073/2464
f 2463/14074/2463 2430/14075/2430 2457/14076/2457
f 2457/14077/2457 2443/14078/2443 2465/14079/2465
f 2465/14080/2465 2443/14081/2443 2444/14082/2444
f 2444/14083/2444 1505/14084/1505 1614/14085/1614
f 2351/14086/2351 1487/14087/1487 1526/14088/1526
f 1527/14089/1527 2410/14090/2410 1607/14091/1607
f 1546/14092/1546 2455/14093/2455 1579/14094/1579
f 1579/14095/1579 2455/14096/2455 1577/14097/1577
f 2466/14098/2466 1510/14099/1510 2456/14100/2456
f 2467/14101/2467 2456/14102/2456 2459/14103/2459
f 2467/14104/2467 2459/14105/2459 2468/14106/2468
f 2468/14107/2468 2459/14108/2459 2463/14109/2463
f 1530/14110/1530 1503/14111/1503 1546/14112/1546
f 2464/14113/2464 2450/14114/2450 2452/14115/2452
f 2454/14116/2454 1493/14117/1493 1532/14118/1532
f 2469/14119/2469 2444/14120/2444 1614/14121/1614
f 1614/14122/1614 1505/14123/1505 1536/14124/1536
f 1505/14125/1505 1467/14126/1467 1536/14127/1536
f 1449/14128/1449 1537/14129/1537 1555/14130/1555
f 2470/14131/2470 2453/14132/2453 2458/14133/2458
f 2458/14134/2458 2056/14135/2056 2471/14136/2471
f 2036/14137/2036 2230/14138/2230 2446/14139/2446
f 1522/14140/1522 1545/14141/1545 1575/14142/1575
f 2472/14143/2472 1546/14144/1546 1579/14145/1579
f 1577/14146/1577 2461/14147/2461 2473/14148/2473
f 1547/14149/1547 1510/14150/1510 2466/14151/2466
f 2462/14152/2462 2441/14153/2441 2464/14154/2464
f 2462/14155/2462 2464/14156/2464 2474/14157/2474
f 2464/14158/2464 2452/14159/2452 2475/14160/2475
f 2452/14161/2452 2454/14162/2454 2476/14163/2476
f 2465/14164/2465 2444/14165/2444 2469/14166/2469
f 2476/14167/2476 2454/14168/2454 1532/14169/1532
f 2460/14170/2460 2453/14171/2453 2470/14172/2470
f 2477/14173/2477 1607/14174/1607 2460/14175/2460
f 1529/14176/1529 1522/14177/1522 1576/14178/1576
f 2473/14179/2473 2461/14180/2461 2462/14181/2462
f 2466/14182/2466 2456/14183/2456 2478/14184/2478
f 2478/14185/2478 2456/14186/2456 2467/14187/2467
f 2478/14188/2478 2467/14189/2467 2479/14190/2479
f 2479/14191/2479 2467/14192/2467 2468/14193/2468
f 1581/14194/1581 1530/14195/1530 1580/14196/1580
f 1548/14197/1548 1547/14198/1547 1642/14199/1642
f 2474/14200/2474 2464/14201/2464 2475/14202/2475
f 2480/14203/2480 2457/14204/2457 2465/14205/2465
f 1535/14206/1535 1524/14207/1524 1585/14208/1585
f 1537/14209/1537 1533/14210/1533 1570/14211/1570
f 2477/14212/2477 2460/14213/2460 2470/14214/2470
f 1580/14215/1580 1546/14216/1546 2472/14217/2472
f 1578/14218/1578 1577/14219/1577 2473/14220/2473
f 2481/14221/2481 1578/14222/1578 2473/14223/2473
f 2482/14224/2482 2478/14225/2478 2479/14226/2479
f 2483/14227/2483 2468/14228/2468 2463/14229/2463
f 1588/14230/1588 1564/14231/1564 1576/14232/1576
f 2480/14233/2480 2463/14234/2463 2457/14235/2457
f 2475/14236/2475 2452/14237/2452 2484/14238/2484
f 2484/14239/2484 2452/14240/2452 2476/14241/2476
f 1533/14242/1533 1549/14243/1549 1588/14244/1588
f 1533/14245/1533 1588/14246/1588 1570/14247/1570
f 1606/14248/1606 2351/14249/2351 1526/14250/1526
f 2472/14251/2472 1579/14252/1579 1578/14253/1578
f 1642/14254/1642 1547/14255/1547 2466/14256/2466
f 2479/14257/2479 2468/14258/2468 2483/14259/2483
f 2483/14260/2483 2463/14261/2463 2480/14262/2480
f 2474/14263/2474 2475/14264/2475 2485/14265/2485
f 1532/14266/1532 1517/14267/1517 1591/14268/1591
f 2486/14269/2486 2351/14270/2351 1606/14271/1606
f 1608/14272/1608 1607/14273/1607 2477/14274/2477
f 2470/14275/2470 2458/14276/2458 2471/14277/2471
f 2487/14278/2487 1580/14279/1580 2472/14280/2472
f 2487/14281/2487 2472/14282/2472 2488/14283/2488
f 2488/14284/2488 2472/14285/2472 1578/14286/1578
f 2473/14287/2473 2462/14288/2462 2489/14289/2489
f 2490/14290/2490 2482/14291/2482 2479/14292/2479
f 1599/14293/1599 1548/14294/1548 1642/14295/1642
f 2485/14296/2485 2475/14297/2475 2484/14298/2484
f 2476/14299/2476 1532/14300/1532 1612/14301/1612
f 1598/14302/1598 1622/14303/1622 1589/14304/1589
f 1602/14305/1602 1614/14306/1614 1536/14307/1536
f 2477/14308/2477 2470/14309/2470 2491/14310/2491
f 2491/14311/2491 2470/14312/2470 2492/14313/2492
f 1609/14314/1609 1527/14315/1527 1608/14316/1608
f 2492/14317/2492 2470/14318/2470 2471/14319/2471
f 2488/14320/2488 1578/14321/1578 2481/14322/2481
f 2481/14323/2481 2473/14324/2473 2489/14325/2489
f 2493/14326/2493 1642/14327/1642 2466/14328/2466
f 2493/14329/2493 2466/14330/2466 2478/14331/2478
f 2490/14332/2490 2479/14333/2479 2483/14334/2483
f 2489/14335/2489 2462/14336/2462 2474/14337/2474
f 2483/14338/2483 2480/14339/2480 2494/14340/2494
f 1576/14341/1576 1611/14342/1611 1598/14343/1598
f 2494/14344/2494 2480/14345/2480 2465/14346/2465
f 2469/14347/2469 1614/14348/1614 1613/14349/1613
f 2495/14350/2495 2230/14351/2230 2124/14352/2124
f 1608/14353/1608 2477/14354/2477 2491/14355/2491
f 2487/14356/2487 2488/14357/2488 2496/14358/2496
f 2497/14359/2497 2488/14360/2488 2481/14361/2481
f 2493/14362/2493 2478/14363/2478 2482/14364/2482
f 2485/14365/2485 2489/14366/2489 2474/14367/2474
f 2498/14368/2498 2489/14369/2489 2485/14370/2485
f 2499/14371/2499 2485/14372/2485 2484/14373/2484
f 2465/14374/2465 2469/14375/2469 2500/14376/2500
f 2484/14377/2484 2476/14378/2476 2501/14379/2501
f 2501/14380/2501 2476/14381/2476 1612/14382/1612
f 2500/14383/2500 2469/14384/2469 1613/14385/1613
f 1557/14386/1557 1594/14387/1594 1648/14388/1648
f 2124/14389/2124 2351/14390/2351 2486/14391/2486
f 2502/14392/2502 2471/14393/2471 2056/14394/2056
f 1542/14395/1542 1596/14396/1596 1610/14397/1610
f 2496/14398/2496 2488/14399/2488 2497/14400/2497
f 2497/14401/2497 2481/14402/2481 2503/14403/2503
f 2503/14404/2503 2481/14405/2481 2489/14406/2489
f 1641/14407/1641 1642/14408/1642 2493/14409/2493
f 2504/14410/2504 2493/14411/2493 2482/14412/2482
f 2505/14413/2505 2482/14414/2482 2490/14415/2490
f 2498/14416/2498 2485/14417/2485 2499/14418/2499
f 2494/14419/2494 2465/14420/2465 2506/14421/2506
f 2506/14422/2506 2465/14423/2465 2500/14424/2500
f 1612/14425/1612 1591/14426/1591 1647/14427/1647
f 1660/14428/1660 1624/14429/1624 1569/14430/1569
f 1627/14431/1627 1660/14432/1660 1569/14433/1569
f 1685/14434/1685 1608/14435/1608 2491/14436/2491
f 2504/14437/2504 2482/14438/2482 2505/14439/2505
f 2507/14440/2507 2490/14441/2490 2483/14442/2483
f 1631/14443/1631 1580/14444/1580 1671/14445/1671
f 1644/14446/1644 1599/14447/1599 1641/14448/1641
f 2483/14449/2483 2494/14450/2494 2507/14451/2507
f 2507/14452/2507 2494/14453/2494 2508/14454/2508
f 2508/14455/2508 2494/14456/2494 2506/14457/2506
f 2499/14458/2499 2484/14459/2484 2509/14460/2509
f 2509/14461/2509 2484/14462/2484 2501/14463/2501
f 1657/14464/1657 2486/14465/2486 1606/14466/1606
f 2510/14467/2510 2491/14468/2491 2492/14469/2492
f 2492/14470/2492 2471/14471/2471 2511/14472/2511
f 1710/14473/1710 2496/14474/2496 2497/14475/2497
f 1710/14476/1710 2497/14477/2497 2512/14478/2512
f 2512/14479/2512 2497/14480/2497 2513/14481/2513
f 2513/14482/2513 2497/14483/2497 2503/14484/2503
f 2514/14485/2514 1641/14486/1641 2493/14487/2493
f 2514/14488/2514 2493/14489/2493 2504/14490/2504
f 2505/14491/2505 2490/14492/2490 2507/14493/2507
f 2515/14494/2515 2505/14495/2505 2507/14496/2507
f 2503/14497/2503 2489/14498/2489 2498/14499/2498
f 2501/14500/2501 1612/14501/1612 1653/14502/1653
f 2500/14503/2500 1613/14504/1613 1697/14505/1697
f 1613/14506/1613 1602/14507/1602 1697/14508/1697
f 1697/14509/1697 1602/14510/1602 1661/14511/1661
f 1649/14512/1649 1608/14513/1608 1685/14514/1685
f 1685/14515/1685 2491/14516/2491 2510/14517/2510
f 2492/14518/2492 2511/14519/2511 2510/14520/2510
f 2502/14521/2502 2056/14522/2056 2445/14523/2445
f 1671/14524/1671 1580/14525/1580 2487/14526/2487
f 1712/14527/1712 2487/14528/2487 2496/14529/2496
f 1712/14530/1712 2496/14531/2496 1710/14532/1710
f 2498/14533/2498 2499/14534/2499 2516/14535/2516
f 1717/14536/1717 2500/14537/2500 1697/14538/1697
f 2517/14539/2517 2124/14540/2124 2486/14541/2486
f 2511/14542/2511 2471/14543/2471 2502/14544/2502
f 1671/14545/1671 2487/14546/2487 1712/14547/1712
f 2504/14548/2504 2505/14549/2505 2515/14550/2515
f 2518/14551/2518 2504/14552/2504 2515/14553/2515
f 2513/14554/2513 2503/14555/2503 2498/14556/2498
f 1626/14557/1626 1635/14558/1635 1679/14559/1679
f 1661/14560/1661 1626/14561/1626 1679/14562/1679
f 2495/14563/2495 2124/14564/2124 2517/14565/2517
f 2517/14566/2517 2486/14567/2486 2519/14568/2519
f 2510/14569/2510 2511/14570/2511 2520/14571/2520
f 2521/14572/2521 1710/14573/1710 2512/14574/2512
f 2514/14575/2514 2504/14576/2504 2522/14577/2522
f 2522/14578/2522 2504/14579/2504 2518/14580/2518
f 2518/14581/2518 2515/14582/2515 2523/14583/2523
f 2523/14584/2523 2515/14585/2515 2507/14586/2507
f 1673/14587/1673 1644/14588/1644 1670/14589/1670
f 2516/14590/2516 2513/14591/2513 2498/14592/2498
f 2507/14593/2507 2508/14594/2508 2524/14595/2524
f 2516/14596/2516 2499/14597/2499 2509/14598/2509
f 2524/14599/2524 2508/14600/2508 2506/14601/2506
f 1662/14602/1662 2486/14603/2486 1657/14604/1657
f 2525/14605/2525 1685/14606/1685 2510/14607/2510
f 2512/14608/2512 2513/14609/2513 2526/14610/2526
f 1670/14611/1670 1641/14612/1641 2514/14613/2514
f 2523/14614/2523 2507/14615/2507 2527/14616/2527
f 1672/14617/1672 1671/14618/1671 1713/14619/1713
f 2528/14620/2528 2516/14621/2516 2509/14622/2509
f 1653/14623/1653 1647/14624/1647 1698/14625/1698
f 2519/14626/2519 2486/14627/2486 1662/14628/1662
f 1686/14629/1686 1685/14630/1685 2529/14631/2529
f 2529/14632/2529 1685/14633/1685 2525/14634/2525
f 2525/14635/2525 2510/14636/2510 2520/14637/2520
f 1693/14638/1693 1638/14639/1638 1686/14640/1686
f 1640/14641/1640 1687/14642/1687 1695/14643/1695
f 1713/14644/1713 1671/14645/1671 1712/14646/1712
f 2521/14647/2521 2512/14648/2512 2526/14649/2526
f 2526/14650/2526 2513/14651/2513 2516/14652/2516
f 1715/14653/1715 1673/14654/1673 1670/14655/1670
f 2527/14656/2527 2507/14657/2507 2524/14658/2524
f 2509/14659/2509 2501/14660/2501 1722/14661/1722
f 1722/14662/1722 2501/14663/2501 1653/14664/1653
f 2520/14665/2520 2511/14666/2511 2530/14667/2530
f 2530/14668/2530 2511/14669/2511 2502/14670/2502
f 2531/14671/2531 2522/14672/2522 2518/14673/2518
f 2532/14674/2532 2521/14675/2521 2526/14676/2526
f 2533/14677/2533 1670/14678/1670 2514/14679/2514
f 2533/14680/2533 2514/14681/2514 2522/14682/2522
f 2533/14683/2533 2522/14684/2522 2531/14685/2531
f 2534/14686/2534 2518/14687/2518 2523/14688/2523
f 2526/14689/2526 2516/14690/2516 2535/14691/2535
f 2535/14692/2535 2516/14693/2516 2528/14694/2528
f 2528/14695/2528 2509/14696/2509 2536/14697/2536
f 2506/14698/2506 2500/14699/2500 2537/14700/2537
f 2536/14701/2536 2509/14702/2509 1722/14703/1722
f 2537/14704/2537 2500/14705/2500 1717/14706/1717
f 1697/14707/1697 1696/14708/1696 1716/14709/1716
f 2525/14710/2525 2520/14711/2520 1784/14712/1784
f 1711/14713/1711 1710/14714/1710 2521/14715/2521
f 2538/14716/2538 1713/14717/1713 1712/14718/1712
f 2538/14719/2538 1712/14720/1712 1711/14721/1711
f 2534/14722/2534 2523/14723/2523 2527/14724/2527
f 2539/14725/2539 2528/14726/2528 2536/14727/2536
f 2537/14728/2537 2524/14729/2524 2506/14730/2506
f 2519/14731/2519 1662/14732/1662 1709/14733/1709
f 2540/14734/2540 1686/14735/1686 2529/14736/2529
f 2540/14737/2540 2529/14738/2529 2525/14739/2525
f 1784/14740/1784 2520/14741/2520 2530/14742/2530
f 2502/14743/2502 2445/14744/2445 2541/14745/2541
f 2531/14746/2531 2518/14747/2518 2534/14748/2534
f 2542/14749/2542 2532/14750/2532 2543/14751/2543
f 2543/14752/2543 2532/14753/2532 2526/14754/2526
f 2534/14755/2534 2527/14756/2527 2544/14757/2544
f 2545/14758/2545 2527/14759/2527 2524/14760/2524
f 2535/14761/2535 2528/14762/2528 2539/14763/2539
f 2537/14764/2537 1717/14765/1717 1754/14766/1754
f 1754/14767/1754 1717/14768/1717 1716/14769/1716
f 1719/14770/1719 1698/14771/1698 1734/14772/1734
f 2540/14773/2540 2525/14774/2525 2546/14775/2546
f 1693/14776/1693 1686/14777/1686 2540/14778/2540
f 1711/14779/1711 2521/14780/2521 2532/14781/2532
f 2547/14782/2547 2531/14783/2531 2534/14784/2534
f 1740/14785/1740 1670/14786/1670 2533/14787/2533
f 2543/14788/2543 2526/14789/2526 2535/14790/2535
f 2544/14791/2544 2527/14792/2527 2545/14793/2545
f 2545/14794/2545 2524/14795/2524 2537/14796/2537
f 2546/14797/2546 2525/14798/2525 1784/14799/1784
f 1711/14800/1711 2532/14801/2532 2548/14802/2548
f 2549/14803/2549 2533/14804/2533 2531/14805/2531
f 2548/14806/2548 2532/14807/2532 2542/14808/2542
f 2547/14809/2547 2534/14810/2534 2544/14811/2544
f 2543/14812/2543 2535/14813/2535 2539/14814/2539
f 1759/14815/1759 1715/14816/1715 1740/14817/1740
f 2550/14818/2550 2537/14819/2537 1754/14820/1754
f 1706/14821/1706 1755/14822/1755 1700/14823/1700
f 1764/14824/1764 2519/14825/2519 1709/14826/1709
f 2551/14827/2551 1711/14828/1711 2552/14829/2552
f 2552/14830/2552 1711/14831/1711 2548/14832/2548
f 2553/14833/2553 2533/14834/2533 2549/14835/2549
f 2549/14836/2549 2531/14837/2531 2547/14838/2547
f 1752/14839/1752 1713/14840/1713 2551/14841/2551
f 2551/14842/2551 1713/14843/1713 2538/14844/2538
f 2551/14845/2551 2538/14846/2538 1711/14847/1711
f 2553/14848/2553 1740/14849/1740 2533/14850/2533
f 2554/14851/2554 2545/14852/2545 2537/14853/2537
f 1754/14854/1754 1696/14855/1696 1763/14856/1763
f 1749/14857/1749 1781/14858/1781 1726/14859/1726
f 2555/14860/2555 2540/14861/2540 2546/14862/2546
f 2556/14863/2556 2546/14864/2546 1786/14865/1786
f 1786/14866/1786 2546/14867/2546 1784/14868/1784
f 1784/14869/1784 2530/14870/2530 2502/14871/2502
f 2557/14872/2557 2544/14873/2544 2545/14874/2545
f 2558/14875/2558 2543/14876/2543 2539/14877/2539
f 2554/14878/2554 2537/14879/2537 2550/14880/2550
f 2559/14881/2559 2536/14882/2536 1722/14883/1722
f 1722/14884/1722 1719/14885/1719 1798/14886/1798
f 1719/14887/1719 1734/14888/1734 1798/14889/1798
f 1781/14890/1781 1727/14891/1727 1726/14892/1726
f 2560/14893/2560 2519/14894/2519 1764/14895/1764
f 1770/14896/1770 1693/14897/1693 2540/14898/2540
f 1770/14899/1770 2540/14900/2540 2555/14901/2555
f 2555/14902/2555 2546/14903/2546 2556/14904/2556
f 1784/14905/1784 2502/14906/2502 1785/14907/1785
f 2561/14908/2561 2552/14909/2552 2548/14910/2548
f 2548/14911/2548 2542/14912/2542 2562/14913/2562
f 2562/14914/2562 2542/14915/2542 2543/14916/2543
f 1740/14917/1740 2553/14918/2553 1816/14919/1816
f 2547/14920/2547 2544/14921/2544 2557/14922/2557
f 2558/14923/2558 2539/14924/2539 2563/14925/2563
f 2563/14926/2563 2539/14927/2539 2536/14928/2536
f 2559/14929/2559 1722/14930/1722 2564/14931/2564
f 2564/14932/2564 1722/14933/1722 1798/14934/1798
f 1798/14935/1798 1734/14936/1734 1767/14937/1767
f 1728/14938/1728 2560/14939/2560 1764/14940/1764
f 1816/14941/1816 2553/14942/2553 2549/14943/2549
f 2549/14944/2549 2547/14945/2547 2565/14946/2565
f 2565/14947/2565 2547/14948/2547 2557/14949/2557
f 2562/14950/2562 2543/14951/2543 2558/14952/2558
f 2554/14953/2554 2557/14954/2557 2545/14955/2545
f 2550/14956/2550 1754/14957/1754 1775/14958/1775
f 2446/14959/2446 2230/14960/2230 2495/14961/2495
f 2502/14962/2502 2541/14963/2541 2566/14964/2566
f 2567/14965/2567 2551/14966/2551 2552/14967/2552
f 1787/14968/1787 1752/14969/1752 2551/14970/2551
f 2561/14971/2561 2548/14972/2548 2562/14973/2562
f 2563/14974/2563 2536/14975/2536 2559/14976/2559
f 2564/14977/2564 1798/14978/1798 1797/14979/1797
f 1728/14980/1728 1783/14981/1783 2560/14982/2560
f 1786/14983/1786 1785/14984/1785 2568/14985/2568
f 1804/14986/1804 1750/14987/1750 1770/14988/1770
f 1785/14989/1785 2502/14990/2502 2566/14991/2566
f 2541/14992/2541 2445/14993/2445 2446/14994/2446
f 2567/14995/2567 1787/14996/1787 2551/14997/2551
f 1794/14998/1794 1740/14999/1740 1816/15000/1816
f 1805/15001/1805 1759/15002/1759 1794/15003/1794
f 2569/15004/2569 2554/15005/2554 2550/15006/2550
f 2569/15007/2569 2550/15008/2550 2570/15009/2570
f 2570/15010/2570 2550/15011/2550 1775/15012/1775
f 1775/15013/1775 1763/15014/1763 1800/15015/1800
f 1770/15016/1770 2555/15017/2555 1815/15018/1815
f 2555/15019/2555 2556/15020/2556 2571/15021/2571
f 1815/15022/1815 2555/15023/2555 2571/15024/2571
f 2556/15025/2556 1786/15026/1786 1836/15027/1836
f 2571/15028/2571 2556/15029/2556 1836/15030/1836
f 1836/15031/1836 1786/15032/1786 2568/15033/2568
f 1785/15034/1785 2566/15035/2566 2568/15036/2568
f 2566/15037/2566 2541/15038/2541 2572/15039/2572
f 2567/15040/2567 2552/15041/2552 2573/15042/2573
f 2573/15043/2573 2552/15044/2552 2561/15045/2561
f 2573/15046/2573 2561/15047/2561 2574/15048/2574
f 1817/15049/1817 1816/15050/1816 2549/15051/2549
f 1817/15052/1817 2549/15053/2549 2565/15054/2565
f 2575/15055/2575 2561/15056/2561 2562/15057/2562
f 1794/15058/1794 1816/15059/1816 1818/15060/1818
f 2576/15061/2576 2565/15062/2565 2557/15063/2557
f 2575/15064/2575 2562/15065/2562 2558/15066/2558
f 2576/15067/2576 2557/15068/2557 2554/15069/2554
f 2576/15070/2576 2554/15071/2554 2569/15072/2569
f 2577/15073/2577 2559/15074/2559 2564/15075/2564
f 1790/15076/1790 2578/15077/2578 1781/15078/1781
f 1781/15079/1781 2578/15080/2578 1782/15081/1782
f 1783/15082/1783 1809/15083/1809 2560/15084/2560
f 1868/15085/1868 2519/15086/2519 2560/15087/2560
f 1825/15088/1825 1771/15089/1771 1804/15090/1804
f 1817/15091/1817 2565/15092/2565 2579/15093/2579
f 2574/15094/2574 2561/15095/2561 2575/15096/2575
f 2580/15097/2580 2558/15098/2558 2563/15099/2563
f 2580/15100/2580 2563/15101/2563 2559/15102/2559
f 1828/15103/1828 1797/15104/1797 1767/15105/1767
f 1867/15106/1867 2517/15107/2517 2519/15108/2519
f 1867/15109/1867 2519/15110/2519 1868/15111/1868
f 2578/15112/2578 2581/15113/2581 1782/15114/1782
f 1782/15115/1782 2581/15116/2581 1809/15117/1809
f 1809/15118/1809 1868/15119/1868 2560/15120/2560
f 1836/15121/1836 2568/15122/2568 2566/15123/2566
f 1739/15124/1739 1772/15125/1772 1792/15126/1792
f 1856/15127/1856 1787/15128/1787 2567/15129/2567
f 1805/15130/1805 1794/15131/1794 1818/15132/1818
f 2579/15133/2579 2565/15134/2565 2576/15135/2576
f 2575/15136/2575 2558/15137/2558 2582/15138/2582
f 2582/15139/2582 2558/15140/2558 2580/15141/2580
f 2580/15142/2580 2559/15143/2559 2577/15144/2577
f 2578/15145/2578 1790/15146/1790 1803/15147/1803
f 1837/15148/1837 1836/15149/1836 2566/15150/2566
f 1815/15151/1815 2571/15152/2571 1838/15153/1838
f 1838/15154/1838 2571/15155/2571 1836/15156/1836
f 2583/15157/2583 2572/15158/2572 2541/15159/2541
f 2583/15160/2583 2541/15161/2541 2584/15162/2584
f 2584/15163/2584 2541/15164/2541 2446/15165/2446
f 2585/15166/2585 2567/15167/2567 2573/15168/2573
f 1818/15169/1818 1817/15170/1817 2586/15171/2586
f 2586/15172/2586 1817/15173/1817 2579/15174/2579
f 2577/15175/2577 2564/15176/2564 2587/15177/2587
f 2570/15178/2570 1775/15179/1775 1812/15180/1812
f 2564/15181/2564 1797/15182/1797 1829/15183/1829
f 2587/15184/2587 2564/15185/2564 1829/15186/1829
f 1780/15187/1780 1773/15188/1773 1819/15189/1819
f 2578/15190/2578 1878/15191/1878 2581/15192/2581
f 2581/15193/2581 1878/15194/1878 1809/15195/1809
f 1878/15196/1878 1866/15197/1866 1809/15198/1809
f 1809/15199/1809 1866/15200/1866 1868/15201/1868
f 1825/15202/1825 1815/15203/1815 1845/15204/1845
f 1845/15205/1845 1815/15206/1815 1838/15207/1838
f 2566/15208/2566 2572/15209/2572 1837/15210/1837
f 1856/15211/1856 2567/15212/2567 2585/15213/2585
f 2585/15214/2585 2573/15215/2573 2574/15216/2574
f 1841/15217/1841 1787/15218/1787 1856/15219/1856
f 1880/15220/1880 1805/15221/1805 1818/15222/1818
f 2576/15223/2576 2569/15224/2569 2588/15225/2588
f 2495/15226/2495 2517/15227/2517 2589/15228/2589
f 2589/15229/2589 2517/15230/2517 1867/15231/1867
f 1803/15232/1803 1824/15233/1824 2590/15234/2590
f 1803/15235/1803 2590/15236/2590 2578/15237/2578
f 2578/15238/2578 2590/15239/2590 1878/15240/1878
f 1845/15241/1845 1838/15242/1838 1889/15243/1889
f 2583/15244/2583 2584/15245/2584 2591/15246/2591
f 1857/15247/1857 1856/15248/1856 2585/15249/2585
f 1880/15250/1880 1818/15251/1818 2586/15252/2586
f 2592/15253/2592 2586/15254/2586 2579/15255/2579
f 2593/15256/2593 2585/15257/2585 2574/15258/2574
f 2593/15259/2593 2574/15260/2574 2594/15261/2594
f 2594/15262/2594 2574/15263/2574 2575/15264/2575
f 1842/15265/1842 1805/15266/1805 1880/15267/1880
f 2595/15268/2595 2579/15269/2579 2576/15270/2576
f 2588/15271/2588 2569/15272/2569 2570/15273/2570
f 2570/15274/2570 1812/15275/1812 1850/15276/1850
f 2584/15277/2584 2446/15278/2446 2495/15279/2495
f 1850/15280/1850 1800/15281/1800 1863/15282/1863
f 1839/15283/1839 1845/15284/1845 1889/15285/1889
f 1889/15286/1889 1838/15287/1838 2596/15288/2596
f 2596/15289/2596 1838/15290/1838 1837/15291/1837
f 2572/15292/2572 2583/15293/2583 2597/15294/2597
f 1837/15295/1837 2572/15296/2572 2597/15297/2597
f 1857/15298/1857 2585/15299/2585 2593/15300/2593
f 2592/15301/2592 2579/15302/2579 2595/15303/2595
f 2594/15304/2594 2575/15305/2575 2582/15306/2582
f 2588/15307/2588 2595/15308/2595 2576/15309/2576
f 2598/15310/2598 2582/15311/2582 2580/15312/2580
f 1859/15313/1859 1843/15314/1843 1870/15315/1870
f 1863/15316/1863 1813/15317/1813 1874/15318/1874
f 2590/15319/2590 1824/15320/1824 1876/15321/1876
f 2599/15322/2599 2589/15323/2589 1867/15324/1867
f 2590/15325/2590 1876/15326/1876 1878/15327/1878
f 1878/15328/1878 1877/15329/1877 1866/15330/1866
f 2596/15331/2596 1837/15332/1837 2597/15333/2597
f 1854/15334/1854 1839/15335/1839 1889/15336/1889
f 2597/15337/2597 2583/15338/2583 2600/15339/2600
f 2600/15340/2600 2583/15341/2583 2591/15342/2591
f 2591/15343/2591 2584/15344/2584 2601/15345/2601
f 1879/15346/1879 1880/15347/1880 2586/15348/2586
f 1879/15349/1879 2586/15350/2586 2592/15351/2592
f 1892/15352/1892 1857/15353/1857 2593/15354/2593
f 1841/15355/1841 1857/15356/1857 1892/15357/1892
f 1858/15358/1858 1841/15359/1841 1892/15360/1892
f 2594/15361/2594 2582/15362/2582 2598/15363/2598
f 1871/15364/1871 1858/15365/1858 1892/15366/1892
f 2598/15367/2598 2580/15368/2580 2577/15369/2577
f 2598/15370/2598 2577/15371/2577 2602/15372/2602
f 1859/15373/1859 1870/15374/1870 1883/15375/1883
f 2603/15376/2603 2588/15377/2588 2570/15378/2570
f 1860/15379/1860 1871/15380/1871 1884/15381/1884
f 2602/15382/2602 2577/15383/2577 2587/15384/2587
f 1844/15385/1844 1859/15386/1859 1883/15387/1883
f 2603/15388/2603 2570/15389/2570 1850/15390/1850
f 2587/15391/2587 1829/15392/1829 1882/15393/1882
f 1861/15394/1861 1860/15395/1860 1884/15396/1884
f 1882/15397/1882 1828/15398/1828 1885/15399/1885
f 1866/15400/1866 1877/15401/1877 2599/15402/2599
f 1866/15403/1866 2599/15404/2599 1867/15405/1867
f 2596/15406/2596 2597/15407/2597 2604/15408/2604
f 1890/15409/1890 1889/15410/1889 2605/15411/2605
f 2605/15412/2605 1889/15413/1889 2596/15414/2596
f 2605/15415/2605 2596/15416/2596 2604/15417/2604
f 1855/15418/1855 1854/15419/1854 1890/15420/1890
f 2593/15421/2593 2594/15422/2594 1893/15423/1893
f 1879/15424/1879 2592/15425/2592 1897/15426/1897
f 1897/15427/1897 2592/15428/2592 2595/15429/2595
f 1870/15430/1870 1879/15431/1879 1896/15432/1896
f 2595/15433/2595 2588/15434/2588 2606/15435/2606
f 1870/15436/1870 1896/15437/1896 1883/15438/1883
f 2606/15439/2606 2588/15440/2588 2603/15441/2603
f 2607/15442/2607 2598/15443/2598 2602/15444/2602
f 1883/15445/1883 1896/15446/1896 1899/15447/1899
f 1871/15448/1871 1892/15449/1892 1894/15450/1894
f 1884/15451/1884 1871/15452/1871 1894/15453/1894
f 2602/15454/2602 2587/15455/2587 1882/15456/1882
f 1849/15457/1849 1883/15458/1883 1899/15459/1899
f 1850/15460/1850 1863/15461/1863 1900/15462/1900
f 1873/15463/1873 1884/15464/1884 1894/15465/1894
f 1851/15466/1851 1849/15467/1849 1899/15468/1899
f 1851/15469/1851 1899/15470/1899 1886/15471/1886
f 1873/15472/1873 1894/15473/1894 1852/15474/1852
f 1852/15475/1852 1894/15476/1894 1862/15477/1862
f 2495/15478/2495 2589/15479/2589 2608/15480/2608
f 2608/15481/2608 2589/15482/2589 2609/15483/2609
f 2609/15484/2609 2589/15485/2589 2610/15486/2610
f 1875/15487/1875 1895/15488/1895 1876/15489/1876
f 1895/15490/1895 2611/15491/2611 1876/15492/1876
f 1876/15493/1876 2611/15494/2611 1877/15495/1877
f 1877/15496/1877 2611/15497/2611 2612/15498/2612
f 2610/15499/2610 2589/15500/2589 2599/15501/2599
f 2612/15502/2612 2599/15503/2599 1877/15504/1877
f 2600/15505/2600 2604/15506/2604 2597/15507/2597
f 1892/15508/1892 2593/15509/2593 1893/15510/1893
f 1893/15511/1893 2594/15512/2594 2598/15513/2598
f 1896/15514/1896 1879/15515/1879 1897/15516/1897
f 1897/15517/1897 2595/15518/2595 2606/15519/2606
f 1899/15520/1899 1896/15521/1896 1898/15522/1898
f 2606/15523/2606 2603/15524/2603 1900/15525/1900
f 1894/15526/1894 1893/15527/1893 2613/15528/2613
f 2607/15529/2607 2602/15530/2602 1882/15531/1882
f 2603/15532/2603 1850/15533/1850 1900/15534/1900
f 2607/15535/2607 1882/15536/1882 1885/15537/1885
f 1894/15538/1894 2613/15539/2613 1885/15540/1885
f 1862/15541/1862 1894/15542/1894 1885/15543/1885
f 1886/15544/1886 1899/15545/1899 1874/15546/1874
f 1874/15547/1874 1899/15548/1899 1863/15549/1863
f 2584/15550/2584 2495/15551/2495 2608/15552/2608
f 2612/15553/2612 2610/15554/2610 2599/15555/2599
f 2614/15556/2614 1890/15557/1890 2605/15558/2605
f 1855/15559/1855 1890/15560/1890 2614/15561/2614
f 2614/15562/2614 2605/15563/2605 2615/15564/2615
f 2615/15565/2615 2605/15566/2605 2616/15567/2616
f 2605/15568/2605 2604/15569/2604 2617/15570/2617
f 2616/15571/2616 2605/15572/2605 2617/15573/2617
f 1855/15574/1855 2614/15575/2614 1891/15576/1891
f 2600/15577/2600 2591/15578/2591 2617/15579/2617
f 2601/15580/2601 2584/15581/2584 2618/15582/2618
f 1893/15583/1893 2598/15584/2598 2607/15585/2607
f 2613/15586/2613 1893/15587/1893 2607/15588/2607
f 1897/15589/1897 2606/15590/2606 1898/15591/1898
f 1898/15592/1898 2606/15593/2606 1900/15594/1900
f 1885/15595/1885 2613/15596/2613 2607/15597/2607
f 1899/15598/1899 1898/15599/1898 1900/15600/1900
f 1888/15601/1888 1902/15602/1902 1903/15603/1903
f 2619/15604/2619 2620/15605/2620 2612/15606/2612
f 2611/15607/2611 2619/15608/2619 2612/15609/2612
f 2621/15610/2621 2609/15611/2609 2610/15612/2610
f 1903/15613/1903 2619/15614/2619 2611/15615/2611
f 1895/15616/1895 1903/15617/1903 2611/15618/2611
f 2612/15619/2612 2620/15620/2620 2610/15621/2610
f 2617/15622/2617 2604/15623/2604 2600/15624/2600
f 2617/15625/2617 2591/15626/2591 2622/15627/2622
f 2591/15628/2591 2601/15629/2601 2622/15630/2622
f 2618/15631/2618 2584/15632/2584 2623/15633/2623
f 2623/15634/2623 2584/15635/2584 2608/15636/2608
f 1902/15637/1902 1906/15638/1906 1910/15639/1910
f 2608/15640/2608 2609/15641/2609 2621/15642/2621
f 1903/15643/1903 1902/15644/1902 1911/15645/1911
f 1903/15646/1903 2624/15647/2624 2619/15648/2619
f 2610/15649/2610 2620/15650/2620 2621/15651/2621
f 2616/15652/2616 2617/15653/2617 2622/15654/2622
f 1891/15655/1891 2614/15656/2614 2625/15657/2625
f 1904/15658/1904 1891/15659/1891 2625/15660/2625
f 2623/15661/2623 2608/15662/2608 2626/15663/2626
f 2627/15664/2627 2608/15665/2608 2621/15666/2621
f 1903/15667/1903 1911/15668/1911 2624/15669/2624
f 2619/15670/2619 2624/15671/2624 2620/15672/2620
f 2616/15673/2616 2622/15674/2622 2628/15675/2628
f 2625/15676/2625 2614/15677/2614 2615/15678/2615
f 2625/15679/2625 2615/15680/2615 2628/15681/2628
f 2615/15682/2615 2616/15683/2616 2628/15684/2628
f 2622/15685/2622 2601/15686/2601 2629/15687/2629
f 1907/15688/1907 1904/15689/1904 2625/15690/2625
f 2601/15691/2601 2618/15692/2618 2629/15693/2629
f 1907/15694/1907 2625/15695/2625 2630/15696/2630
f 1906/15697/1906 1909/15698/1909 2631/15699/2631
f 1906/15700/1906 2631/15701/2631 2632/15702/2632
f 2626/15703/2626 2608/15704/2608 2633/15705/2633
f 1910/15706/1910 1906/15707/1906 2632/15708/2632
f 1910/15709/1910 2632/15710/2632 1911/15711/1911
f 2624/15712/2624 2634/15713/2634 2620/15714/2620
f 1911/15715/1911 2632/15716/2632 2624/15717/2624
f 2632/15718/2632 2634/15719/2634 2624/15720/2624
f 2620/15721/2620 2634/15722/2634 2627/15723/2627
f 2633/15724/2633 2608/15725/2608 2627/15726/2627
f 2620/15727/2620 2627/15728/2627 2621/15729/2621
f 2628/15730/2628 2622/15731/2622 2629/15732/2629
f 2630/15733/2630 2625/15734/2625 2635/15735/2635
f 2635/15736/2635 2625/15737/2625 2628/15738/2628
f 2629/15739/2629 2618/15740/2618 2636/15741/2636
f 1908/15742/1908 1907/15743/1907 2630/15744/2630
f 1913/15745/1913 2630/15746/2630 2635/15747/2635
f 1908/15748/1908 2630/15749/2630 1913/15750/1913
f 2636/15751/2636 2618/15752/2618 2623/15753/2623
f 1912/15754/1912 1908/15755/1908 1915/15756/1915
f 1915/15757/1915 1908/15758/1908 1913/15759/1913
f 1909/15760/1909 1912/15761/1912 1915/15762/1915
f 2623/15763/2623 2626/15764/2626 2637/15765/2637
f 1909/15766/1909 1915/15767/1915 1916/15768/1916
f 2638/15769/2638 1916/15770/1916 2639/15771/2639
f 2637/15772/2637 2626/15773/2626 2640/15774/2640
f 2631/15775/2631 1909/15776/1909 1916/15777/1916
f 2631/15778/2631 1916/15779/1916 2638/15780/2638
f 2634/15781/2634 2639/15782/2639 2640/15783/2640
f 2632/15784/2632 2631/15785/2631 2638/15786/2638
f 2634/15787/2634 2640/15788/2640 2633/15789/2633
f 2640/15790/2640 2626/15791/2626 2633/15792/2633
f 2638/15793/2638 2639/15794/2639 2632/15795/2632
f 2632/15796/2632 2639/15797/2639 2634/15798/2634
f 2634/15799/2634 2633/15800/2633 2627/15801/2627
f 2635/15802/2635 2628/15803/2628 2629/15804/2629
f 2635/15805/2635 2629/15806/2629 2636/15807/2636
f 2641/15808/2641 2635/15809/2635 2636/15810/2636
f 1914/15811/1914 1913/15812/1913 2642/15813/2642
f 1913/15814/1913 2635/15815/2635 2642/15816/2642
f 2642/15817/2642 2635/15818/2635 2641/15819/2641
f 2641/15820/2641 2636/15821/2636 2643/15822/2643
f 2644/15823/2644 2641/15824/2641 2643/15825/2643
f 2636/15826/2636 2623/15827/2623 2643/15828/2643
f 2642/15829/2642 2641/15830/2641 2644/15831/2644
f 1916/15832/1916 1914/15833/1914 2642/15834/2642
f 2642/15835/2642 2644/15836/2644 2645/15837/2645
f 2645/15838/2645 2644/15839/2644 2637/15840/2637
f 2643/15841/2643 2623/15842/2623 2637/15843/2637
f 1916/15844/1916 2642/15845/2642 2639/15846/2639
f 2639/15847/2639 2642/15848/2642 2645/15849/2645
f 2645/15850/2645 2637/15851/2637 2640/15852/2640
f 2639/15853/2639 2645/15854/2645 2640/15855/2640
f 2637/15856/2637 2644/15857/2644 2643/15858/2643
