####
#
# OBJ File Generated by Meshlab
#
####
# Object mug_tree.obj
#
# Vertices: 3497
# Faces: 5286
#
####
mtllib ./mug_tree.obj.mtl

vn 0.0003707 -6.2831845 0.0011640
v -0.0179636 -0.4998889 -0.0850704 1.000000 1.000000 1.000000
vn -0.0008076 -6.2831793 0.0030182
v -0.0369238 -0.4999111 0.0289734 1.000000 1.000000 1.000000
vn 0.0008375 -6.2831850 0.0005629
v -0.0756552 -0.4998811 0.0585954 1.000000 1.000000 1.000000
vn 0.0002993 -6.2831845 -0.0002764
v -0.1304105 -0.4999031 -0.0519750 1.000000 1.000000 1.000000
vn 0.0001498 -6.2831855 0.0009814
v 0.0439184 -0.4998785 0.0260312 1.000000 1.000000 1.000000
vn -0.0012238 -6.2831845 -0.0008897
v 0.0634667 -0.4998639 0.1108388 1.000000 1.000000 1.000000
vn 0.0179924 -3.1923544 0.0114673
v 0.1984044 -0.4999329 0.1142403 1.000000 1.000000 1.000000
vn 0.4912269 -5.9896150 1.2299839
v 0.0814339 -0.4999133 0.2133407 1.000000 1.000000 1.000000
vn 0.0000787 -3.1415107 0.0141907
v 0.0970754 -0.4999551 0.2069402 1.000000 1.000000 1.000000
vn 0.0381130 -3.1350880 0.0377872
v 0.1617384 -0.4998788 0.1612734 1.000000 1.000000 1.000000
vn 0.0327208 -3.1138763 0.0410783
v 0.1276204 -0.4998794 0.1896321 1.000000 1.000000 1.000000
vn -0.0052394 -6.2831783 0.0013990
v -0.1588156 -0.4999077 0.0796744 1.000000 1.000000 1.000000
vn 0.0008749 -6.2831850 -0.0001460
v -0.0497310 -0.4998796 0.1629004 1.000000 1.000000 1.000000
vn -1.6857946 -5.6345878 -0.9399194
v -0.1977551 -0.4997612 -0.1117707 1.000000 1.000000 1.000000
vn -0.1176696 -6.2799950 -0.0781206
v -0.1664657 -0.4998729 -0.1418584 1.000000 1.000000 1.000000
vn -0.0210066 -6.2831087 -0.0025428
v -0.2017465 -0.4999093 -0.0314223 1.000000 1.000000 1.000000
vn -1.7311027 -4.9595346 -1.8955531
v -0.1547520 -0.4998281 -0.1672434 1.000000 1.000000 1.000000
vn -0.8642182 -5.4901662 -1.9353383
v -0.0963181 -0.4998056 -0.2074662 1.000000 1.000000 1.000000
vn -0.4862761 -5.0218172 -2.4670589
v -0.0440699 -0.4999584 -0.2247657 1.000000 1.000000 1.000000
vn -0.0030002 -6.2831831 -0.0008810
v -0.1096176 -0.4999078 -0.1311567 1.000000 1.000000 1.000000
vn -0.0031693 -6.2831831 0.0017106
v 0.1273312 -0.4998967 -0.0488264 1.000000 1.000000 1.000000
vn 0.0089043 -3.0259397 -0.0129407
v 0.1666417 -0.4999426 -0.1557499 1.000000 1.000000 1.000000
vn 0.0120785 -3.1450157 -0.0087738
v 0.1991667 -0.4999890 -0.1118783 1.000000 1.000000 1.000000
vn -0.0010012 -6.2831845 0.0021051
v 0.0640852 -0.4998986 -0.1463732 1.000000 1.000000 1.000000
vn 2.5260818 -4.9346962 -0.5203218
v 0.2249029 -0.4999527 -0.0446746 1.000000 1.000000 1.000000
vn 2.3042307 -5.2282367 0.4386459
v 0.2253778 -0.4999669 0.0406374 1.000000 1.000000 1.000000
vn 0.0056188 -3.1513553 -0.0005958
v 0.2154598 -0.5000079 -0.0772206 1.000000 1.000000 1.000000
vn 0.0097788 -3.1071887 -0.0600676
v 0.0508377 -0.4999159 -0.2234313 1.000000 1.000000 1.000000
vn -0.0019023 -3.1181338 -0.0038977
v 0.0884621 -0.4999680 -0.2108261 1.000000 1.000000 1.000000
vn 0.0060864 -3.0309694 -0.0011570
v 0.1104956 -0.4999799 -0.2004659 1.000000 1.000000 1.000000
vn 0.0188009 -3.0719082 -0.0215711
v 0.1361526 -0.4998933 -0.1834974 1.000000 1.000000 1.000000
vn -2.2728417 -5.2283192 0.6133645
v -0.2198274 -0.4997992 0.0624120 1.000000 1.000000 1.000000
vn -2.5485473 -5.0058947 -0.1390684
v -0.2293292 -0.4997028 -0.0043978 1.000000 1.000000 1.000000
vn -2.2790389 -5.2735128 -0.4371065
v -0.2252631 -0.4997736 -0.0375211 1.000000 1.000000 1.000000
vn -2.1836281 -5.3381796 -0.6131622
v -0.2190727 -0.4997310 -0.0639967 1.000000 1.000000 1.000000
vn -2.1193883 -5.3198624 -0.8406119
v -0.2111496 -0.4997510 -0.0855333 1.000000 1.000000 1.000000
vn -1.7059983 -5.6352220 0.8793366
v -0.2006669 -0.4997951 0.1081987 1.000000 1.000000 1.000000
vn -0.1146797 -6.2798724 0.0859081
v -0.1653903 -0.4999045 0.1483772 1.000000 1.000000 1.000000
vn -0.3938783 -6.1666179 0.7519114
v -0.1013176 -0.4998756 0.2049794 1.000000 1.000000 1.000000
vn -0.0057663 -3.1414466 0.0209594
v -0.0680760 -0.4999055 0.2187589 1.000000 1.000000 1.000000
vn 0.0109711 -3.2101107 0.1002551
v 0.0421742 -0.4998244 0.2249114 1.000000 1.000000 1.000000
vn -0.0185924 -3.2627766 0.2044686
v -0.0229675 -0.4998059 0.2283289 1.000000 1.000000 1.000000
vn 0.0088829 -3.1892715 0.2111692
v 0.0119466 -0.4997479 0.2294183 1.000000 1.000000 1.000000
vn -0.0036394 -6.2831841 0.0006442
v 0.1452525 -0.4998968 0.0253175 1.000000 1.000000 1.000000
vn 0.0327040 -3.1808569 0.0140337
v 0.2144544 -0.4999382 0.0811800 1.000000 1.000000 1.000000
vn -0.0583093 -3.4146030 -0.4339275
v -0.0235445 -0.4998882 -0.2284642 1.000000 1.000000 1.000000
vn 0.0145675 -3.1752481 -0.1467286
v 0.0202776 -0.4999010 -0.2286391 1.000000 1.000000 1.000000
vn 0.1417518 -3.0520484 -0.0292402
v 0.2205539 -0.4999649 -0.0644887 1.000000 1.000000 1.000000
vn -0.1924750 -3.2878444 0.2100163
v -0.1547096 -0.4997554 0.1682578 1.000000 1.000000 1.000000
vn 2.5781116 -4.9975777 -0.2541022
v 0.2285379 -0.4998913 -0.0223583 1.000000 1.000000 1.000000
vn 0.1863099 -3.2056499 0.0061421
v 0.2294201 -0.4999104 0.0130396 1.000000 1.000000 1.000000
vn -2.2294366 -4.9338837 -1.4194765
v -0.1894499 -0.4996952 -0.1269967 1.000000 1.000000 1.000000
vn -2.2119327 -5.3950877 0.4580120
v -0.2255967 -0.4997114 0.0380887 1.000000 1.000000 1.000000
vn -0.2064406 -3.0711427 0.1526588
v -0.1922624 -0.4995596 0.1247078 1.000000 1.000000 1.000000
vn -0.9585901 -5.1405249 -2.3741934
v -0.0774751 -0.4997828 -0.2155943 1.000000 1.000000 1.000000
vn -1.3119736 -5.1310625 -2.2101536
v -0.1163313 -0.4996844 -0.1971301 1.000000 1.000000 1.000000
vn 0.1215770 -2.9994805 0.0996061
v 0.1914030 -0.4998126 0.1270577 1.000000 1.000000 1.000000
vn -0.2886986 -3.0894198 -0.2700644
v -0.1816697 -0.4992917 -0.1392251 1.000000 1.000000 1.000000
vn 0.0510981 -3.0204515 0.1852669
v 0.0650032 -0.4997717 0.2201822 1.000000 1.000000 1.000000
vn -2.2253425 -5.3617315 0.9276159
v -0.2113049 -0.4997057 0.0865964 1.000000 1.000000 1.000000
vn 0.0579482 -2.9877725 -0.1853068
v 0.0750052 -0.4998602 -0.2167723 1.000000 1.000000 1.000000
vn 0.1603590 -2.9618919 -0.1220221
v 0.1907365 -0.4998374 -0.1266386 1.000000 1.000000 1.000000
vn -0.1769959 -3.0601919 0.2480567
v -0.1166630 -0.4996000 0.1981056 1.000000 1.000000 1.000000
vn 0.3548584 -3.0024946 0.0907647
v 0.2208019 -0.4997543 0.0655617 1.000000 1.000000 1.000000
vn 0.1447563 -2.9749002 0.2424518
v 0.1132760 -0.4997893 0.1993027 1.000000 1.000000 1.000000
vn -0.1330941 -3.0579352 -0.4189394
v -0.0656499 -0.4996949 -0.2204130 1.000000 1.000000 1.000000
vn 0.2997800 -2.9706209 -0.1425505
v 0.2078471 -0.4998366 -0.0968005 1.000000 1.000000 1.000000
vn -0.1417601 -2.9843202 0.3304218
v -0.0907118 -0.4996800 0.2112967 1.000000 1.000000 1.000000
vn -0.0744062 -2.9947615 0.4011801
v -0.0493621 -0.4996060 0.2249254 1.000000 1.000000 1.000000
vn -0.4996949 -3.3285265 -0.6111171
v -0.1414439 -0.4995853 -0.1795577 1.000000 1.000000 1.000000
vn 0.2426496 -2.9493811 0.2918600
v 0.1479945 -0.4996446 0.1750665 1.000000 1.000000 1.000000
vn 0.3862580 -2.9037929 0.1879822
v 0.2083755 -0.4996577 0.0980035 1.000000 1.000000 1.000000
vn 0.4063726 -2.9762666 -0.5992511
v 0.1249797 -0.4997908 -0.1915829 1.000000 1.000000 1.000000
vn -0.5978610 -2.9494612 0.5041437
v -0.1786615 -0.4991054 0.1436561 1.000000 1.000000 1.000000
vn -0.3878177 -2.9747491 0.7464124
v -0.1084821 -0.4995369 0.2026071 1.000000 1.000000 1.000000
vn -0.8969592 -2.9967964 -0.4509228
v -0.2073534 -0.4993244 -0.0961679 1.000000 1.000000 1.000000
vn 0.6949379 -2.8527853 0.5969880
v 0.1790966 -0.4993429 0.1436277 1.000000 1.000000 1.000000
vn -1.1305698 -2.8830643 0.0995682
v -0.2292668 -0.4989327 0.0200962 1.000000 1.000000 1.000000
vn -0.7115625 -2.7359874 -1.0117269
v -0.1277703 -0.4989655 -0.1910291 1.000000 1.000000 1.000000
vn 0.8291553 -2.8078582 -0.9160663
v 0.1480375 -0.4996239 -0.1735657 1.000000 1.000000 1.000000
vn 0.4617510 -2.7381656 1.1640368
v 0.0785090 -0.4994062 0.2156938 1.000000 1.000000 1.000000
vn -0.0060930 -2.5967114 -1.3367543
v -0.0014230 -0.4987821 -0.2307138 1.000000 1.000000 1.000000
vn -0.8823084 -2.6660562 1.1370864
v -0.1322557 -0.4987580 0.1880189 1.000000 1.000000 1.000000
vn -0.0412979 -2.4823864 1.4556246
v -0.0010039 -0.4986766 0.2308778 1.000000 1.000000 1.000000
vn -1.6081283 -2.5677485 -0.1956188
v -0.2288515 -0.4985161 -0.0250728 1.000000 1.000000 1.000000
vn -1.5076377 -2.5557623 0.7276500
v -0.2081259 -0.4986342 0.0970033 1.000000 1.000000 1.000000
vn 1.6198924 -2.4708979 -0.0435125
v 0.2307743 -0.4988307 0.0006667 1.000000 1.000000 1.000000
vn -1.2068561 -2.4343791 1.1106623
v -0.1634927 -0.4986657 0.1611023 1.000000 1.000000 1.000000
vn 0.2376414 -2.3672485 1.6340615
v 0.0302217 -0.4987129 0.2282599 1.000000 1.000000 1.000000
vn -1.7599651 -2.4717152 0.6369140
v -0.2148702 -0.4987085 0.0806583 1.000000 1.000000 1.000000
vn -1.6151953 -2.4527957 0.8531852
v -0.2002956 -0.4987766 0.1118300 1.000000 1.000000 1.000000
vn 1.7768948 -2.3816936 0.2601121
v 0.2287112 -0.4987485 0.0290230 1.000000 1.000000 1.000000
vn -1.8677815 -2.4252806 0.2908142
v -0.2275439 -0.4986810 0.0341751 1.000000 1.000000 1.000000
vn -1.6591079 -2.4049926 -0.9435689
v -0.1998866 -0.4984137 -0.1115355 1.000000 1.000000 1.000000
vn -1.8709875 -2.4027390 -0.4381877
v -0.2243087 -0.4985063 -0.0486376 1.000000 1.000000 1.000000
vn -0.8557012 -2.3504732 -1.7344766
v -0.0983409 -0.4986155 -0.2080930 1.000000 1.000000 1.000000
vn -1.4434041 -2.2763734 -1.3643010
v -0.1621421 -0.4981883 -0.1621609 1.000000 1.000000 1.000000
vn -1.9555746 -2.3101435 -0.6690862
v -0.2195720 -0.4986967 -0.0661238 1.000000 1.000000 1.000000
vn 0.3207773 -2.1931961 -1.8886384
v 0.0320687 -0.4987993 -0.2279158 1.000000 1.000000 1.000000
vn -0.2585952 -2.1625419 1.8784713
v -0.0317247 -0.4987084 0.2283867 1.000000 1.000000 1.000000
vn -2.0034359 -2.3040943 0.4670204
v -0.2247202 -0.4984924 0.0479474 1.000000 1.000000 1.000000
vn -0.8906982 -2.0687387 -2.0869446
v -0.0810843 -0.4987536 -0.2150650 1.000000 1.000000 1.000000
vn -2.0861425 -2.2014167 0.0499866
v -0.2304971 -0.4985000 -0.0001715 1.000000 1.000000 1.000000
vn -1.2507440 -2.1721606 1.5307988
v -0.1491066 -0.4986492 0.1744052 1.000000 1.000000 1.000000
vn -2.0647795 -2.1959300 0.6614847
v -0.2202634 -0.4986028 0.0650226 1.000000 1.000000 1.000000
vn -1.9834923 -2.1523998 -0.7489202
v -0.2137548 -0.4984214 -0.0824548 1.000000 1.000000 1.000000
vn -0.3258853 -1.8768020 -1.8369703
v -0.0267963 -0.4987391 -0.2290757 1.000000 1.000000 1.000000
vn -1.1073961 -2.0807967 -2.0026720
v -0.1141585 -0.4986377 -0.1994191 1.000000 1.000000 1.000000
vn 2.2349946 -2.0039251 0.4274950
v 0.2240441 -0.4987266 0.0534247 1.000000 1.000000 1.000000
vn -0.4840800 -1.9283186 -2.2970810
v -0.0509140 -0.4986469 -0.2244243 1.000000 1.000000 1.000000
vn 2.3956170 -1.9087074 -0.2878761
v 0.2293630 -0.4987529 -0.0229281 1.000000 1.000000 1.000000
vn 1.7727884 -2.5360913 -0.2284510
v 0.2275927 -0.4989129 -0.0353454 1.000000 1.000000 1.000000
vn 2.3341658 -1.8202661 -0.5099797
v 0.2239282 -0.4988001 -0.0532498 1.000000 1.000000 1.000000
vn -2.0190010 -1.7163253 -1.2952917
v -0.1901066 -0.4978323 -0.1284415 1.000000 1.000000 1.000000
vn -1.5024482 -1.4976723 -1.6539990
v -0.1448466 -0.4981011 -0.1778050 1.000000 1.000000 1.000000
vn 0.0512800 6.2825928 -0.0254294
v 0.0509945 -0.3887254 -0.0267852 1.000000 1.000000 1.000000
vn 0.4999643 6.2333202 -0.2430775
v 0.0315708 -0.3887137 -0.0168536 1.000000 1.000000 1.000000
vn 0.0131619 3.5473912 -0.0013947
v 0.0352214 -0.3887653 -0.0015361 1.000000 1.000000 1.000000
vn 0.2190859 6.2551670 -0.3292041
v 0.0216904 -0.3886512 -0.0282256 1.000000 1.000000 1.000000
vn 0.0168433 3.3436499 -0.0472755
v 0.0098606 -0.3885953 -0.0319791 1.000000 1.000000 1.000000
vn -0.0104504 3.4990351 0.0026843
v 0.0337542 -0.3887703 0.0088138 1.000000 1.000000 1.000000
vn 0.0198658 6.2821450 0.0702914
v 0.0282474 -0.3888211 0.0499174 1.000000 1.000000 1.000000
vn 2.0240071 4.7696095 1.7632269
v 0.0544377 -0.3889401 0.0468797 1.000000 1.000000 1.000000
vn 2.4015443 5.0507221 0.7188503
v 0.0696159 -0.3889686 0.0183835 1.000000 1.000000 1.000000
vn 2.3802919 5.1730695 -0.4701113
v 0.0715522 -0.3890054 -0.0152321 1.000000 1.000000 1.000000
vn 2.1783409 4.9868670 -1.3337201
v 0.0637609 -0.3889741 -0.0373314 1.000000 1.000000 1.000000
vn 1.1720303 5.0901456 -2.1985326
v 0.0367058 -0.3890107 -0.0613142 1.000000 1.000000 1.000000
vn -0.0242617 6.2806568 -0.1364213
v -0.0158113 -0.3887360 -0.0568739 1.000000 1.000000 1.000000
vn -0.0037227 3.5889492 -0.0124322
v -0.0006140 -0.3886419 -0.0342636 1.000000 1.000000 1.000000
vn -0.0192168 3.8839455 -0.0283145
v -0.0201919 -0.3885078 -0.0296247 1.000000 1.000000 1.000000
vn -1.9467001 4.7577710 -1.9018487
v -0.0566385 -0.3889668 -0.0463319 1.000000 1.000000 1.000000
vn -0.0336863 3.3411510 -0.0104102
v -0.0305862 -0.3885413 -0.0142813 1.000000 1.000000 1.000000
vn -1.4147601 5.9031239 -0.5523196
v -0.0669782 -0.3889291 -0.0277496 1.000000 1.000000 1.000000
vn -0.0437889 3.5862131 0.0079598
v -0.0338601 -0.3885720 -0.0064428 1.000000 1.000000 1.000000
vn -0.0309986 3.5520952 0.0109969
v -0.0331130 -0.3886215 0.0087017 1.000000 1.000000 1.000000
vn -1.8187933 4.8248796 1.9323038
v -0.0549886 -0.3889008 0.0477369 1.000000 1.000000 1.000000
vn -0.0354648 3.3820434 0.0391011
v -0.0290079 -0.3886628 0.0169875 1.000000 1.000000 1.000000
vn -0.0144453 6.2817583 0.1081648
v -0.0145976 -0.3888539 0.0543665 1.000000 1.000000 1.000000
vn -2.5056779 5.0342908 0.5563888
v -0.0721287 -0.3891729 0.0160984 1.000000 1.000000 1.000000
vn -2.3024278 4.8940196 1.3219941
v -0.0649893 -0.3890859 0.0358046 1.000000 1.000000 1.000000
vn -2.5734243 5.0481367 0.0047141
v -0.0743077 -0.3891941 -0.0015455 1.000000 1.000000 1.000000
vn -1.4638658 4.8951473 -2.2425032
v -0.0450416 -0.3890619 -0.0562851 1.000000 1.000000 1.000000
vn -0.5459768 5.1398177 -2.4527447
v -0.0146885 -0.3891795 -0.0697972 1.000000 1.000000 1.000000
vn 0.5702177 5.1294541 -2.4424984
v 0.0152089 -0.3891828 -0.0697565 1.000000 1.000000 1.000000
vn -0.2229805 6.2448931 0.3519047
v -0.0233910 -0.3887596 0.0263718 1.000000 1.000000 1.000000
vn -0.0443666 3.4022493 0.0586099
v -0.0138473 -0.3887576 0.0296749 1.000000 1.000000 1.000000
vn 0.0262974 3.5694847 0.0637055
v -0.0026828 -0.3885564 0.0327796 1.000000 1.000000 1.000000
vn -0.0748027 3.3735385 -0.0073662
v 0.0289218 -0.3888765 0.0176958 1.000000 1.000000 1.000000
vn -0.0154180 3.4195538 -0.0043820
v 0.0245979 -0.3888991 0.0225149 1.000000 1.000000 1.000000
vn 0.0694499 3.5427372 0.0801544
v 0.0120265 -0.3888341 0.0304220 1.000000 1.000000 1.000000
vn 0.8205143 4.9067698 2.5147126
v 0.0265276 -0.3891517 0.0658721 1.000000 1.000000 1.000000
vn 1.5042505 4.8520794 2.2578614
v 0.0413119 -0.3891569 0.0583995 1.000000 1.000000 1.000000
vn 0.2687724 5.0730677 2.5105472
v 0.0078007 -0.3891927 0.0699076 1.000000 1.000000 1.000000
vn -1.2016420 4.9625983 2.3475051
v -0.0354770 -0.3891602 0.0614443 1.000000 1.000000 1.000000
vn -0.4549018 5.1109304 2.6567016
v -0.0135515 -0.3894749 0.0692921 1.000000 1.000000 1.000000
vn 1.9662988 4.7873898 -2.3650656
v 0.0498971 -0.3893954 -0.0535104 1.000000 1.000000 1.000000
vn 2.8693590 5.1312356 0.1743149
v 0.0729984 -0.3893533 0.0001416 1.000000 1.000000 1.000000
vn -0.0227133 5.0868297 -3.0603149
v -0.0004299 -0.3896487 -0.0719489 1.000000 1.000000 1.000000
vn 0.2233779 3.2663295 -0.6235162
v 0.0175344 -0.3884346 -0.0285797 1.000000 1.000000 1.000000
vn 0.6746255 3.1910527 -0.6227986
v 0.0236336 -0.3882946 -0.0242937 1.000000 1.000000 1.000000
vn -1.3093357 5.0375285 -2.8436809
v -0.0299086 -0.3895316 -0.0649923 1.000000 1.000000 1.000000
vn -0.6064525 3.2206678 0.4196543
v -0.0241104 -0.3884290 0.0227955 1.000000 1.000000 1.000000
vn -0.2993172 3.2106435 0.6400881
v -0.0208007 -0.3883602 0.0255801 1.000000 1.000000 1.000000
vn -3.2813621 4.8813286 -0.7603861
v -0.0734576 -0.3899331 -0.0162044 1.000000 1.000000 1.000000
vn 0.8621492 3.1258657 -0.7159490
v 0.0280587 -0.3883815 -0.0196452 1.000000 1.000000 1.000000
vn 1.5353826 3.0141082 -0.3776892
v 0.0319671 -0.3884988 -0.0135276 1.000000 1.000000 1.000000
vn -3.1047826 4.8102779 -1.6930265
v -0.0658099 -0.3898710 -0.0355526 1.000000 1.000000 1.000000
vn 3.0961373 4.9407954 1.6528792
v 0.0646467 -0.3897759 0.0323954 1.000000 1.000000 1.000000
vn -1.2511089 4.8137054 3.4455955
v -0.0273374 -0.3898810 0.0659320 1.000000 1.000000 1.000000
vn 4.1019759 4.6227169 -1.0291450
v 0.0785196 -0.3970184 -0.0191590 1.000000 1.000000 1.000000
vn 4.1893020 4.6583343 0.1722311
v 0.0813988 -0.3980693 -0.0010077 1.000000 1.000000 1.000000
vn -0.0134925 4.4495420 4.4254613
v 0.0013321 -0.3942628 0.0745583 1.000000 1.000000 1.000000
vn 4.3820758 4.3244433 1.2018992
v 0.0749904 -0.3949587 0.0183213 1.000000 1.000000 1.000000
vn 3.7514973 4.6045160 2.0136387
v 0.0741417 -0.4008901 0.0366854 1.000000 1.000000 1.000000
vn 3.2817445 4.5413847 2.8276844
v 0.0648756 -0.4009176 0.0500656 1.000000 1.000000 1.000000
vn 3.5139594 3.9863608 3.3268220
v 0.0574993 -0.3949893 0.0499387 1.000000 1.000000 1.000000
vn -2.5197594 4.4011674 3.6900852
v -0.0455546 -0.3958470 0.0619781 1.000000 1.000000 1.000000
vn -0.7937118 4.6446657 4.1326146
v -0.0158888 -0.3974891 0.0763012 1.000000 1.000000 1.000000
vn -1.6786138 4.5244079 3.9983783
v -0.0305604 -0.3964776 0.0707330 1.000000 1.000000 1.000000
vn 2.7953274 4.1993818 3.7182505
v 0.0463432 -0.3960890 0.0611263 1.000000 1.000000 1.000000
vn 1.6986705 4.2417870 4.2848282
v 0.0298049 -0.3948927 0.0695242 1.000000 1.000000 1.000000
vn 0.8337511 4.5174713 4.2735071
v 0.0124400 -0.3968221 0.0759359 1.000000 1.000000 1.000000
vn -4.3108940 4.3944106 1.2013001
v -0.0774485 -0.3964458 0.0202576 1.000000 1.000000 1.000000
vn -4.5967402 4.2559476 0.0370808
v -0.0785421 -0.3941407 -0.0008198 1.000000 1.000000 1.000000
vn -3.8943439 4.1594396 -2.5724146
v -0.0680322 -0.3951053 -0.0402881 1.000000 1.000000 1.000000
vn -4.1517367 4.5508404 -1.1250757
v -0.0801345 -0.3986973 -0.0201083 1.000000 1.000000 1.000000
vn -3.4971700 4.0550652 3.2697854
v -0.0612222 -0.3954326 0.0480881 1.000000 1.000000 1.000000
vn -3.7750304 4.3901381 2.3727832
v -0.0702775 -0.3973199 0.0398555 1.000000 1.000000 1.000000
vn 5.0158052 3.5622172 0.0471046
v 0.2288581 -0.4548867 0.0014544 1.000000 1.000000 1.000000
vn 2.7364502 1.3280095 0.0323530
v 0.2305315 -0.4583419 0.0017434 1.000000 1.000000 1.000000
vn 1.2535797 0.9295136 -0.1038956
v 0.2290650 -0.4578976 -0.0229862 1.000000 1.000000 1.000000
vn 2.2853231 1.8467810 0.3078566
v 0.2283435 -0.4577651 0.0292957 1.000000 1.000000 1.000000
vn 2.6028135 3.6883540 -0.2595097
v 0.2234872 -0.4506362 -0.0224604 1.000000 1.000000 1.000000
vn 3.7499156 4.7981205 0.5146220
v 0.2227464 -0.4506725 0.0273932 1.000000 1.000000 1.000000
vn 3.6003454 5.0171366 0.0343257
v 0.2240328 -0.4501112 0.0008882 1.000000 1.000000 1.000000
vn 2.1187887 2.2105751 0.5201656
v 0.2216399 -0.4548152 0.0543934 1.000000 1.000000 1.000000
vn 3.4185753 5.0795660 0.8267239
v 0.2174625 -0.4504136 0.0522687 1.000000 1.000000 1.000000
vn 1.8735389 2.2150390 0.6658465
v 0.2149346 -0.4535844 0.0724494 1.000000 1.000000 1.000000
vn 3.2643425 5.1259251 1.2565737
v 0.2112515 -0.4505079 0.0724795 1.000000 1.000000 1.000000
vn 1.8501899 3.5032105 0.9563478
v 0.2016667 -0.4506882 0.0949503 1.000000 1.000000 1.000000
vn 2.5315940 5.7320914 0.0442864
v 0.2144919 -0.4453620 0.0009943 1.000000 1.000000 1.000000
vn 2.4375412 5.7241774 0.7784653
v 0.2068303 -0.4466871 0.0620841 1.000000 1.000000 1.000000
vn 2.3771765 5.7889647 0.3932423
v 0.2085773 -0.4439909 0.0274009 1.000000 1.000000 1.000000
vn 2.4780855 5.7446232 -0.3176801
v 0.2118876 -0.4448245 -0.0227915 1.000000 1.000000 1.000000
vn 2.3952107 5.6880460 1.1318055
v 0.1961129 -0.4465497 0.0878869 1.000000 1.000000 1.000000
vn 2.1060042 5.8866158 0.5910594
v 0.1992152 -0.4427016 0.0517895 1.000000 1.000000 1.000000
vn 2.0585263 5.8605218 0.8875726
v 0.1888283 -0.4425278 0.0809879 1.000000 1.000000 1.000000
vn 1.7599705 6.0006437 0.0136177
v 0.1932458 -0.4372940 0.0003735 1.000000 1.000000 1.000000
vn 1.6483845 6.0308080 0.3238796
v 0.1888199 -0.4369204 0.0258812 1.000000 1.000000 1.000000
vn 1.5532823 6.0449324 0.5345190
v 0.1799040 -0.4369783 0.0583427 1.000000 1.000000 1.000000
vn 1.6413200 6.0332150 -0.2956146
v 0.1891715 -0.4370422 -0.0285088 1.000000 1.000000 1.000000
vn 1.4795007 6.0334797 0.7851508
v 0.1700477 -0.4374845 0.0869446 1.000000 1.000000 1.000000
vn 2.2703874 5.6502090 1.4628496
v 0.1812671 -0.4462950 0.1146642 1.000000 1.000000 1.000000
vn 1.8453989 5.8914833 1.1211946
v 0.1750267 -0.4417313 0.1030518 1.000000 1.000000 1.000000
vn 2.1271334 5.8719864 -0.6103811
v 0.1990479 -0.4423271 -0.0537920 1.000000 1.000000 1.000000
vn 2.5896649 5.6630359 -0.7118154
v 0.2092383 -0.4463314 -0.0533075 1.000000 1.000000 1.000000
vn 1.3479130 2.6720724 -0.3108078
v 0.2183468 -0.4505137 -0.0498914 1.000000 1.000000 1.000000
vn 1.9156413 5.7618194 1.5218298
v 0.1652683 -0.4441372 0.1287057 1.000000 1.000000 1.000000
vn 1.3530369 6.0210209 1.1127661
v 0.1424505 -0.4376451 0.1267895 1.000000 1.000000 1.000000
vn 1.6209571 5.8476863 1.6017215
v 0.1459373 -0.4427945 0.1448289 1.000000 1.000000 1.000000
vn 1.1226556 6.0209370 1.3167418
v 0.1278521 -0.4375355 0.1414872 1.000000 1.000000 1.000000
vn 1.6377702 5.6812525 2.0300810
v 0.1328898 -0.4449415 0.1642041 1.000000 1.000000 1.000000
vn 1.2156476 5.8513322 1.9154799
v 0.1076453 -0.4430048 0.1761052 1.000000 1.000000 1.000000
vn 0.9954368 5.9947882 1.5499361
v 0.0971595 -0.4375506 0.1645498 1.000000 1.000000 1.000000
vn 1.9341879 5.6373644 1.9604301
v 0.1512273 -0.4464731 0.1514850 1.000000 1.000000 1.000000
vn 2.5591874 5.6003275 -1.1072981
v 0.1997485 -0.4462630 -0.0806232 1.000000 1.000000 1.000000
vn 2.0159609 5.8705440 -0.9131311
v 0.1888415 -0.4420635 -0.0800890 1.000000 1.000000 1.000000
vn 1.1373854 5.6394057 2.4349918
v 0.0868876 -0.4455864 0.1952758 1.000000 1.000000 1.000000
vn 0.7666355 5.9887428 1.6681989
v 0.0784126 -0.4375651 0.1754215 1.000000 1.000000 1.000000
vn 0.6582761 5.8780541 2.1051648
v 0.0605527 -0.4425583 0.1968951 1.000000 1.000000 1.000000
vn 0.4894105 6.0295620 1.6625791
v 0.0536111 -0.4375222 0.1835625 1.000000 1.000000 1.000000
vn 0.3158329 6.0115519 1.7440414
v 0.0322637 -0.4377807 0.1901823 1.000000 1.000000 1.000000
vn 0.4132109 5.8188128 2.3015015
v 0.0359694 -0.4426744 0.2036026 1.000000 1.000000 1.000000
vn 1.5746291 5.5781188 2.3737419
v 0.1150262 -0.4463728 0.1807061 1.000000 1.000000 1.000000
vn 0.8949448 5.5959044 2.6490495
v 0.0647457 -0.4465967 0.2060394 1.000000 1.000000 1.000000
vn 2.3578515 5.6127572 -1.4554019
v 0.1843224 -0.4462343 -0.1092358 1.000000 1.000000 1.000000
vn 1.8666751 5.8893747 -1.0991783
v 0.1758846 -0.4408427 -0.0976817 1.000000 1.000000 1.000000
vn 1.7493590 5.8520069 -1.4280907
v 0.1566282 -0.4421287 -0.1313466 1.000000 1.000000 1.000000
vn 2.2589176 5.5787182 -1.6986156
v 0.1712738 -0.4462964 -0.1285958 1.000000 1.000000 1.000000
vn 2.0447981 5.4879284 -2.1298430
v 0.1468022 -0.4461996 -0.1566124 1.000000 1.000000 1.000000
vn 2.7701232 5.0300937 2.3388181
v 0.1719689 -0.4507026 0.1406399 1.000000 1.000000 1.000000
vn 2.5165308 5.0645342 2.5633514
v 0.1568163 -0.4506443 0.1570889 1.000000 1.000000 1.000000
vn 1.4008168 2.7055433 -0.5041782
v 0.2106330 -0.4503202 -0.0723258 1.000000 1.000000 1.000000
vn 3.1426063 4.9720798 1.9789236
v 0.1888096 -0.4505485 0.1171761 1.000000 1.000000 1.000000
vn 1.0833958 2.8564169 1.3374414
v 0.1414218 -0.4518343 0.1729184 1.000000 1.000000 1.000000
vn 1.2929807 2.6313343 -0.6808427
v 0.2006589 -0.4505385 -0.0958737 1.000000 1.000000 1.000000
vn 1.2575765 2.6178093 -0.8497058
v 0.1853161 -0.4504649 -0.1212272 1.000000 1.000000 1.000000
vn 1.2499998 2.8050771 -1.0988444
v 0.1658119 -0.4501756 -0.1456996 1.000000 1.000000 1.000000
vn 1.9045460 5.0503011 3.1288314
v 0.1155090 -0.4506148 0.1890122 1.000000 1.000000 1.000000
vn 1.6974932 4.8919892 3.3996956
v 0.0941682 -0.4502715 0.2007841 1.000000 1.000000 1.000000
vn 0.5020021 2.6670260 1.5184953
v 0.0617795 -0.4511938 0.2153119 1.000000 1.000000 1.000000
vn 1.0266063 2.2379091 1.5550586
v 0.1232031 -0.4541661 0.1890734 1.000000 1.000000 1.000000
vn 1.2723621 1.6867037 0.7310959
v 0.2029985 -0.4540454 0.1005501 1.000000 1.000000 1.000000
vn 1.6679327 2.3392098 1.2919157
v 0.1768944 -0.4537532 0.1397635 1.000000 1.000000 1.000000
vn 1.5729467 2.3158398 1.1366351
v 0.1864792 -0.4541704 0.1277806 1.000000 1.000000 1.000000
vn 1.3908947 2.0966337 1.3808053
v 0.1597735 -0.4543756 0.1597998 1.000000 1.000000 1.000000
vn 0.9096410 2.0456161 1.9031165
v 0.0950180 -0.4542626 0.2046679 1.000000 1.000000 1.000000
vn 0.3854352 1.4610759 -2.7377725
v 0.0247310 -0.4602520 -0.2286467 1.000000 1.000000 1.000000
vn 0.4935968 1.1864512 -2.3661156
v 0.0513892 -0.4613145 -0.2241936 1.000000 1.000000 1.000000
vn 0.4874894 0.7644872 -2.7359159
v 0.0349564 -0.4622669 -0.2273877 1.000000 1.000000 1.000000
vn 0.9770626 3.8070309 -4.7016387
v 0.0477220 -0.4535258 -0.2209857 1.000000 1.000000 1.000000
vn 0.5247872 3.8287077 -4.8011723
v 0.0221932 -0.4543805 -0.2257228 1.000000 1.000000 1.000000
vn 0.8116331 1.8306011 -2.9255114
v 0.0585252 -0.4576796 -0.2206647 1.000000 1.000000 1.000000
vn -0.1374326 2.5963497 -4.0327296
v -0.0006244 -0.4565808 -0.2288089 1.000000 1.000000 1.000000
vn 1.5220826 3.8764822 -4.5358868
v 0.0714492 -0.4536181 -0.2141565 1.000000 1.000000 1.000000
vn 0.8794929 1.5408669 -2.2986708
v 0.0793344 -0.4571230 -0.2134890 1.000000 1.000000 1.000000
vn 0.9274466 2.4082050 -2.0376942
v 0.0935902 -0.4538722 -0.2055996 1.000000 1.000000 1.000000
vn -0.0467971 4.6547465 -4.0875492
v -0.0008875 -0.4513772 -0.2242600 1.000000 1.000000 1.000000
vn 0.5296585 4.9430552 -3.7912250
v 0.0294905 -0.4496973 -0.2195906 1.000000 1.000000 1.000000
vn 0.9356341 4.9701262 -3.6498497
v 0.0529799 -0.4501068 -0.2157385 1.000000 1.000000 1.000000
vn 1.3994895 4.9365797 -3.5542579
v 0.0800519 -0.4497715 -0.2064566 1.000000 1.000000 1.000000
vn 1.7719388 4.9481826 -3.3680792
v 0.0982279 -0.4498495 -0.1983668 1.000000 1.000000 1.000000
vn 1.0498936 2.3011012 -1.7821629
v 0.1078515 -0.4539394 -0.1980628 1.000000 1.000000 1.000000
vn 0.8370593 5.5319271 -2.7159605
v 0.0626837 -0.4458238 -0.2062037 1.000000 1.000000 1.000000
vn 0.3444493 5.5165319 -2.8868308
v 0.0271955 -0.4463741 -0.2148140 1.000000 1.000000 1.000000
vn 2.1350017 4.9133387 -3.1982255
v 0.1208000 -0.4503663 -0.1855395 1.000000 1.000000 1.000000
vn 1.1353031 5.5900908 -2.5117524
v 0.0854318 -0.4455846 -0.1970288 1.000000 1.000000 1.000000
vn -0.0786812 5.4982128 -2.9272823
v -0.0027679 -0.4464391 -0.2168021 1.000000 1.000000 1.000000
vn 1.4025850 5.5698323 -2.4333820
v 0.1003843 -0.4460931 -0.1903841 1.000000 1.000000 1.000000
vn 1.6787329 5.5582290 -2.3021212
v 0.1208826 -0.4461227 -0.1773162 1.000000 1.000000 1.000000
vn 0.3806055 5.8778362 -2.1618111
v 0.0334223 -0.4420079 -0.2030417 1.000000 1.000000 1.000000
vn -0.0326410 5.8811679 -2.1886346
v -0.0022469 -0.4413091 -0.2040118 1.000000 1.000000 1.000000
vn 0.5782661 6.0216351 -1.6141129
v 0.0670115 -0.4378295 -0.1814036 1.000000 1.000000 1.000000
vn 0.2702823 6.0503850 -1.5882853
v 0.0305682 -0.4376212 -0.1903415 1.000000 1.000000 1.000000
vn -0.0158014 6.0448303 -1.6131623
v -0.0012455 -0.4376682 -0.1934394 1.000000 1.000000 1.000000
vn 1.2302322 5.8857741 -1.7995917
v 0.1114768 -0.4423242 -0.1724223 1.000000 1.000000 1.000000
vn 0.8145553 6.0203304 -1.5181961
v 0.0880151 -0.4374087 -0.1703440 1.000000 1.000000 1.000000
vn -0.4416209 5.5754757 -2.8047740
v -0.0362564 -0.4459479 -0.2121590 1.000000 1.000000 1.000000
vn -0.3976633 5.8737416 -2.1594038
v -0.0375351 -0.4421059 -0.2027382 1.000000 1.000000 1.000000
vn -0.2948147 6.0672526 -1.5381333
v -0.0328622 -0.4379515 -0.1904983 1.000000 1.000000 1.000000
vn 0.9975227 6.0426044 -1.3596543
v 0.1092508 -0.4370982 -0.1545447 1.000000 1.000000 1.000000
vn 1.4674857 5.8732662 -1.6517868
v 0.1381380 -0.4419005 -0.1502361 1.000000 1.000000 1.000000
vn 1.2102439 6.0243835 -1.2101626
v 0.1340574 -0.4372286 -0.1356669 1.000000 1.000000 1.000000
vn 0.4411760 6.1362214 -1.2738281
v 0.0639994 -0.4339592 -0.1626205 1.000000 1.000000 1.000000
vn 0.2123948 6.1476026 -1.2768352
v 0.0308362 -0.4339115 -0.1705098 1.000000 1.000000 1.000000
vn 0.2960097 6.0878563 -1.5224484
v 0.0336524 -0.4281221 -0.1446907 1.000000 1.000000 1.000000
vn 0.5310239 6.0881729 -1.4548898
v 0.0529924 -0.4266452 -0.1338687 1.000000 1.000000 1.000000
vn 0.3612524 6.0133543 -1.7818692
v 0.0274531 -0.4220013 -0.1236385 1.000000 1.000000 1.000000
vn 0.6178507 6.0287981 -1.6540946
v 0.0465427 -0.4226095 -0.1204016 1.000000 1.000000 1.000000
vn 0.4348461 5.8487892 -2.2340999
v 0.0203800 -0.4153965 -0.1044146 1.000000 1.000000 1.000000
vn 0.9488008 5.8548470 -2.0477853
v 0.0463930 -0.4156991 -0.0970854 1.000000 1.000000 1.000000
vn -0.0085953 5.8716502 -2.2225642
v -0.0014976 -0.4152964 -0.1069210 1.000000 1.000000 1.000000
vn 0.0037352 6.0122085 -1.8162258
v -0.0002996 -0.4223609 -0.1284586 1.000000 1.000000 1.000000
vn -0.0035702 6.0877032 -1.5491970
v -0.0002386 -0.4287764 -0.1513723 1.000000 1.000000 1.000000
vn -0.0090799 6.1484017 -1.2882924
v -0.0001925 -0.4338592 -0.1727327 1.000000 1.000000 1.000000
vn -0.2337226 6.1528034 -1.2485403
v -0.0231344 -0.4339506 -0.1709491 1.000000 1.000000 1.000000
vn 0.8976659 6.0221753 -1.5474180
v 0.0642703 -0.4211846 -0.1067031 1.000000 1.000000 1.000000
vn 0.7665933 6.0946503 -1.3179398
v 0.0779096 -0.4266569 -0.1218770 1.000000 1.000000 1.000000
vn 0.6895369 6.1261420 -1.2094399
v 0.0873182 -0.4336109 -0.1507147 1.000000 1.000000 1.000000
vn 0.8832337 6.1173325 -1.1280627
v 0.1083992 -0.4337723 -0.1369262 1.000000 1.000000 1.000000
vn 1.5377270 5.8191190 -1.7821945
v 0.0729304 -0.4158723 -0.0805055 1.000000 1.000000 1.000000
vn 0.9985694 6.0784597 -1.2349522
v 0.0902196 -0.4248535 -0.1048904 1.000000 1.000000 1.000000
vn 1.1940806 5.9825916 -1.4969542
v 0.0728706 -0.4188362 -0.0914592 1.000000 1.000000 1.000000
vn -0.3603293 6.0239639 -1.7452577
v -0.0288577 -0.4234762 -0.1285277 1.000000 1.000000 1.000000
vn -0.4226825 5.8660011 -2.1968184
v -0.0209409 -0.4153862 -0.1046378 1.000000 1.000000 1.000000
vn -0.3224565 6.1038342 -1.4516757
v -0.0258903 -0.4320410 -0.1616175 1.000000 1.000000 1.000000
vn -0.0172978 5.6054473 -2.8227932
v -0.0012752 -0.4114189 -0.0980660 1.000000 1.000000 1.000000
vn 0.6624206 5.6104589 -2.7416551
v 0.0224881 -0.4116788 -0.0959199 1.000000 1.000000 1.000000
vn 1.0326848 6.1205359 -0.9701258
v 0.1256930 -0.4340490 -0.1228376 1.000000 1.000000 1.000000
vn 1.1648775 6.0892286 -1.0111111
v 0.1084980 -0.4263613 -0.0960850 1.000000 1.000000 1.000000
vn 1.3450872 6.0214067 -1.1821085
v 0.0899147 -0.4195044 -0.0784227 1.000000 1.000000 1.000000
vn 1.6491884 5.2839041 -2.9148142
v 0.0430013 -0.4076232 -0.0797762 1.000000 1.000000 1.000000
vn 1.2877741 6.0803599 -0.8941656
v 0.1319868 -0.4312472 -0.0986082 1.000000 1.000000 1.000000
vn -0.4143850 6.1146173 -1.3646036
v -0.0533448 -0.4324348 -0.1552272 1.000000 1.000000 1.000000
vn -0.5690767 6.0247574 -1.6878154
v -0.0477130 -0.4234956 -0.1234271 1.000000 1.000000 1.000000
vn -0.7232821 5.8788385 -2.0785573
v -0.0378575 -0.4155899 -0.1003444 1.000000 1.000000 1.000000
vn -0.4824871 6.0776758 -1.4595001
v -0.0664419 -0.4378300 -0.1810288 1.000000 1.000000 1.000000
vn -0.5702312 6.1122980 -1.3237519
v -0.0714627 -0.4321665 -0.1477786 1.000000 1.000000 1.000000
vn -0.6976812 6.0548072 -1.4469421
v -0.0824827 -0.4380468 -0.1758295 1.000000 1.000000 1.000000
vn -0.6476861 5.9291916 -1.9555110
v -0.0658084 -0.4405295 -0.1903252 1.000000 1.000000 1.000000
vn -0.8395329 6.0293961 -1.5491560
v -0.0686254 -0.4233380 -0.1144421 1.000000 1.000000 1.000000
vn -1.0148520 5.9043708 -1.8730183
v -0.0501253 -0.4156386 -0.0954133 1.000000 1.000000 1.000000
vn -0.9547232 5.8373251 -2.0674996
v -0.0849717 -0.4417241 -0.1869509 1.000000 1.000000 1.000000
vn -0.8841110 5.5054164 -2.7617238
v -0.0656395 -0.4458980 -0.2053520 1.000000 1.000000 1.000000
vn -0.6706945 5.6422472 -2.6743536
v -0.0237283 -0.4117894 -0.0958520 1.000000 1.000000 1.000000
vn 1.3171887 6.0549145 -0.8734282
v 0.1593570 -0.4368529 -0.1016829 1.000000 1.000000 1.000000
vn -0.8504053 6.0804491 -1.2916915
v -0.0984933 -0.4378740 -0.1653042 1.000000 1.000000 1.000000
vn -0.7576473 6.0933924 -1.3183389
v -0.0817312 -0.4315049 -0.1396042 1.000000 1.000000 1.000000
vn -0.8557131 6.1065402 -1.1987185
v -0.1015225 -0.4324468 -0.1317446 1.000000 1.000000 1.000000
vn -1.0288327 6.0390205 -1.3943579
v -0.0960011 -0.4268709 -0.1109702 1.000000 1.000000 1.000000
vn -1.0832975 6.0370941 -1.3506137
v -0.0800266 -0.4205845 -0.0959323 1.000000 1.000000 1.000000
vn -1.3257161 5.9217958 -1.5959504
v -0.0685580 -0.4155148 -0.0821220 1.000000 1.000000 1.000000
vn -1.2472374 5.8197012 -1.9288752
v -0.1084785 -0.4416159 -0.1735074 1.000000 1.000000 1.000000
vn -1.1697818 6.0359702 -1.2188860
v -0.1334908 -0.4377910 -0.1377608 1.000000 1.000000 1.000000
vn -1.0484592 6.0955267 -1.0978544
v -0.1154113 -0.4316509 -0.1165656 1.000000 1.000000 1.000000
vn -1.5382499 5.7124825 -1.9478908
v -0.1238080 -0.4422840 -0.1650088 1.000000 1.000000 1.000000
vn -1.3130219 5.3370886 -2.8875487
v -0.0870713 -0.4466310 -0.1983436 1.000000 1.000000 1.000000
vn -1.2546445 5.6697574 -2.3836653
v -0.0435405 -0.4114998 -0.0881646 1.000000 1.000000 1.000000
vn 1.1236742 6.1329069 -0.7283460
v 0.1460733 -0.4348992 -0.1012948 1.000000 1.000000 1.000000
vn 1.1833929 6.1456494 -0.5428630
v 0.1601743 -0.4345004 -0.0738851 1.000000 1.000000 1.000000
vn 1.3744425 6.0871577 -0.7239688
v 0.1245882 -0.4269097 -0.0755903 1.000000 1.000000 1.000000
vn 1.5260108 6.0289412 -0.8843234
v 0.1114127 -0.4227511 -0.0680025 1.000000 1.000000 1.000000
vn 1.9272491 5.8161383 -1.3210330
v 0.0937328 -0.4165359 -0.0588127 1.000000 1.000000 1.000000
vn 1.4463784 6.0599995 -0.6655329
v 0.1741130 -0.4371220 -0.0765489 1.000000 1.000000 1.000000
vn 1.4847522 6.0637479 -0.4875866
v 0.1816904 -0.4368237 -0.0544283 1.000000 1.000000 1.000000
vn 1.1768990 6.1585469 -0.3839173
v 0.1662336 -0.4341582 -0.0529285 1.000000 1.000000 1.000000
vn 1.2586342 6.1497002 -0.2594985
v 0.1671211 -0.4326962 -0.0229917 1.000000 1.000000 1.000000
vn 1.4704534 6.0860524 -0.5109727
v 0.1373872 -0.4279248 -0.0546712 1.000000 1.000000 1.000000
vn 1.5170059 6.0887499 -0.3012953
v 0.1446494 -0.4277143 -0.0248717 1.000000 1.000000 1.000000
vn 2.2770641 5.7657051 -0.9300898
v 0.1018007 -0.4158518 -0.0399722 1.000000 1.000000 1.000000
vn 1.7569814 6.0014553 -0.5975189
v 0.1234242 -0.4232199 -0.0449864 1.000000 1.000000 1.000000
vn 1.8220527 6.0050869 -0.2798849
v 0.1282195 -0.4230807 -0.0231753 1.000000 1.000000 1.000000
vn 1.2901256 6.1472626 -0.0059112
v 0.1714063 -0.4327787 0.0006627 1.000000 1.000000 1.000000
vn 1.4721922 6.1059289 0.0110657
v 0.1460364 -0.4271556 0.0015931 1.000000 1.000000 1.000000
vn -1.2005087 6.0940514 -0.9379771
v -0.1253335 -0.4312702 -0.1033078 1.000000 1.000000 1.000000
vn -1.3037986 6.0368299 -1.0876622
v -0.1471503 -0.4378862 -0.1232701 1.000000 1.000000 1.000000
vn -1.4017516 6.0453377 -0.9001243
v -0.1652489 -0.4377232 -0.0973760 1.000000 1.000000 1.000000
vn -1.2938106 6.1144452 -0.6322413
v -0.1456047 -0.4312675 -0.0718407 1.000000 1.000000 1.000000
vn -1.5727807 6.0200844 -0.6973363
v -0.1756844 -0.4375518 -0.0778487 1.000000 1.000000 1.000000
vn -1.7265935 5.8980503 -1.2652342
v -0.0885949 -0.4151905 -0.0605392 1.000000 1.000000 1.000000
vn -1.3332970 6.0321651 -1.1322937
v -0.0979143 -0.4212479 -0.0816322 1.000000 1.000000 1.000000
vn -1.5265665 6.0363860 -0.8347470
v -0.1212540 -0.4254722 -0.0719534 1.000000 1.000000 1.000000
vn 1.2865479 6.1430278 0.2823177
v 0.1665645 -0.4324829 0.0237214 1.000000 1.000000 1.000000
vn 1.8396401 6.0045938 0.0724259
v 0.1251077 -0.4216077 0.0017572 1.000000 1.000000 1.000000
vn -1.6053586 6.0367928 -0.4896530
v -0.1833382 -0.4371982 -0.0523694 1.000000 1.000000 1.000000
vn -1.3369162 6.1281195 -0.3584318
v -0.1535562 -0.4306143 -0.0420161 1.000000 1.000000 1.000000
vn -1.5881586 6.0536852 -0.5430375
v -0.1322517 -0.4264943 -0.0549186 1.000000 1.000000 1.000000
vn 1.5991261 6.0651302 0.3316545
v 0.1347666 -0.4252775 0.0241472 1.000000 1.000000 1.000000
vn 1.2881675 6.1323075 0.4517627
v 0.1551176 -0.4317605 0.0500092 1.000000 1.000000 1.000000
vn 1.5580248 6.0650849 0.4996915
v 0.1331591 -0.4259904 0.0414031 1.000000 1.000000 1.000000
vn 1.2021201 6.1304421 0.6608084
v 0.1543294 -0.4345545 0.0862686 1.000000 1.000000 1.000000
vn -1.7052679 6.0178018 -0.2938961
v -0.1899493 -0.4374810 -0.0298585 1.000000 1.000000 1.000000
vn -1.7090648 6.0213776 -0.0259413
v -0.1929539 -0.4373494 0.0000309 1.000000 1.000000 1.000000
vn -1.3103355 6.1421223 0.0002260
v -0.1640109 -0.4312190 0.0004004 1.000000 1.000000 1.000000
vn -1.5593315 6.0786591 -0.2911162
v -0.1380429 -0.4263882 -0.0308281 1.000000 1.000000 1.000000
vn -1.4694247 6.1057448 0.0865542
v -0.1462903 -0.4273405 0.0050434 1.000000 1.000000 1.000000
vn 1.3497744 6.1010456 0.6508197
v 0.1283208 -0.4277058 0.0723349 1.000000 1.000000 1.000000
vn -1.2601428 6.1503878 0.2267104
v -0.1754346 -0.4343765 0.0288652 1.000000 1.000000 1.000000
vn -1.6647005 6.0371037 0.2943738
v -0.1918556 -0.4379343 0.0294986 1.000000 1.000000 1.000000
vn -1.2821066 6.1449046 0.2544500
v -0.1553227 -0.4307986 0.0355824 1.000000 1.000000 1.000000
vn -1.3498487 6.1095715 0.4959068
v -0.1634639 -0.4337778 0.0704373 1.000000 1.000000 1.000000
vn -1.3921053 6.1120095 0.4102751
v -0.1355208 -0.4273386 0.0564346 1.000000 1.000000 1.000000
vn -1.2618984 6.1205893 0.6419142
v -0.1296112 -0.4277953 0.0769935 1.000000 1.000000 1.000000
vn -1.2680485 6.0988836 0.7732364
v -0.1482815 -0.4327790 0.0918133 1.000000 1.000000 1.000000
vn 1.1413983 6.0872717 1.0490258
v 0.1298442 -0.4350719 0.1253839 1.000000 1.000000 1.000000
vn 1.3106438 6.0758152 0.8849092
v 0.1322659 -0.4321683 0.1046225 1.000000 1.000000 1.000000
vn 1.2479972 6.0850835 0.9355645
v 0.1044265 -0.4249995 0.0904597 1.000000 1.000000 1.000000
vn -1.1937095 6.0840998 0.9693578
v -0.1328878 -0.4327504 0.1139277 1.000000 1.000000 1.000000
vn 1.0981596 6.0880270 1.0738988
v 0.1176180 -0.4315653 0.1192266 1.000000 1.000000 1.000000
vn 1.0126427 6.0927272 1.1452658
v 0.0903741 -0.4247158 0.1044115 1.000000 1.000000 1.000000
vn 0.8730883 6.0953784 1.2225369
v 0.0945445 -0.4307765 0.1351120 1.000000 1.000000 1.000000
vn 0.7295287 6.1205440 1.2158155
v 0.0799205 -0.4265354 0.1214528 1.000000 1.000000 1.000000
vn 0.5669578 6.0933137 1.4187604
v 0.0552143 -0.4250392 0.1267137 1.000000 1.000000 1.000000
vn 0.5961643 6.1155844 1.3003907
v 0.0730832 -0.4311113 0.1485926 1.000000 1.000000 1.000000
vn 1.5189662 6.0408297 0.8156075
v 0.1133916 -0.4233565 0.0655426 1.000000 1.000000 1.000000
vn -1.1973915 6.1080046 0.8539658
v -0.1182331 -0.4266300 0.0862683 1.000000 1.000000 1.000000
vn -0.9612548 6.1278353 0.9964492
v -0.1051341 -0.4275793 0.1085047 1.000000 1.000000 1.000000
vn -1.0371336 6.0832424 1.1448187
v -0.1196448 -0.4327277 0.1275978 1.000000 1.000000 1.000000
vn -0.7477450 6.1176786 1.2157040
v -0.0792953 -0.4258740 0.1193398 1.000000 1.000000 1.000000
vn -0.8867671 6.0787282 1.2852376
v -0.1011092 -0.4330119 0.1437368 1.000000 1.000000 1.000000
vn -0.5801200 6.1065550 1.3374488
v -0.0749369 -0.4325111 0.1558756 1.000000 1.000000 1.000000
vn -0.4233598 6.1139631 1.3814483
v -0.0472205 -0.4260492 0.1343433 1.000000 1.000000 1.000000
vn 0.3923506 6.1173697 1.3769332
v 0.0481452 -0.4307867 0.1554600 1.000000 1.000000 1.000000
vn 0.3301481 6.0588098 1.6246479
v 0.0272627 -0.4222623 0.1238531 1.000000 1.000000 1.000000
vn 0.8129481 6.0552254 1.4635952
v 0.0639551 -0.4223108 0.1114927 1.000000 1.000000 1.000000
vn 0.2092792 6.1207414 1.3983707
v 0.0223993 -0.4318663 0.1662023 1.000000 1.000000 1.000000
vn 0.2342583 6.1175566 1.4130461
v 0.0246440 -0.4271834 0.1446342 1.000000 1.000000 1.000000
vn 0.0597326 6.0745811 1.5959685
v 0.0033712 -0.4236445 0.1320159 1.000000 1.000000 1.000000
vn -0.0478238 6.1218634 1.4086040
v -0.0033808 -0.4315923 0.1665179 1.000000 1.000000 1.000000
vn -0.0121916 5.9937301 1.8097080
v -0.0019448 -0.4378844 0.1940103 1.000000 1.000000 1.000000
vn -0.2365224 6.0760565 1.5730500
v -0.0196363 -0.4243710 0.1332863 1.000000 1.000000 1.000000
vn -0.2696086 6.1228585 1.3806465
v -0.0337570 -0.4317110 0.1633849 1.000000 1.000000 1.000000
vn -0.3141381 6.0184469 1.7227417
v -0.0330890 -0.4376113 0.1895891 1.000000 1.000000 1.000000
vn -0.5113395 6.0178595 1.6880596
v -0.0575257 -0.4373845 0.1825444 1.000000 1.000000 1.000000
vn -1.7145425 5.9936466 0.6815757
v -0.1789202 -0.4378008 0.0731506 1.000000 1.000000 1.000000
vn -1.0942475 6.0767837 1.1545067
v -0.0907825 -0.4227054 0.0946371 1.000000 1.000000 1.000000
vn -0.8643734 6.0548158 1.4338632
v -0.0684429 -0.4215931 0.1059028 1.000000 1.000000 1.000000
vn -1.4247181 6.0518870 0.8871812
v -0.1081406 -0.4220630 0.0699364 1.000000 1.000000 1.000000
vn -1.6759605 6.0314417 0.5201206
v -0.1235773 -0.4236410 0.0474841 1.000000 1.000000 1.000000
vn -1.7843816 6.0137315 0.3322919
v -0.1287501 -0.4235899 0.0233329 1.000000 1.000000 1.000000
vn -1.7902386 6.0198741 0.0009466
v -0.1298564 -0.4230177 0.0012293 1.000000 1.000000 1.000000
vn -1.8341767 5.9994798 -0.3357590
v -0.1268495 -0.4233234 -0.0329160 1.000000 1.000000 1.000000
vn -0.5933991 6.0477352 1.5911710
v -0.0482637 -0.4227104 0.1203914 1.000000 1.000000 1.000000
vn 2.1830940 5.7984276 0.9220934
v 0.0984659 -0.4159023 0.0406443 1.000000 1.000000 1.000000
vn -1.6243109 5.9779334 0.9851393
v -0.1676013 -0.4377202 0.0949344 1.000000 1.000000 1.000000
vn 0.7131559 5.8548422 2.1172545
v 0.0380136 -0.4158323 0.0986208 1.000000 1.000000 1.000000
vn -2.1554003 5.8086457 -0.9197472
v -0.0964535 -0.4152121 -0.0450712 1.000000 1.000000 1.000000
vn 1.3992083 5.8713565 1.6923777
v 0.0673769 -0.4153657 0.0804563 1.000000 1.000000 1.000000
vn 1.7376437 5.8476553 1.4270303
v 0.0809309 -0.4156132 0.0672940 1.000000 1.000000 1.000000
vn 1.0564413 5.8307915 2.0497894
v 0.0473057 -0.4149679 0.0926020 1.000000 1.000000 1.000000
vn 2.0408759 5.7917261 1.2125931
v 0.0935003 -0.4156727 0.0488369 1.000000 1.000000 1.000000
vn -0.8079482 5.9763021 1.7171621
v -0.0810166 -0.4380262 0.1761013 1.000000 1.000000 1.000000
vn 2.3786161 5.7596703 0.6068545
v 0.1043792 -0.4159355 0.0227865 1.000000 1.000000 1.000000
vn -2.3998010 5.7551327 -0.5551972
v -0.1037352 -0.4154641 -0.0253266 1.000000 1.000000 1.000000
vn -2.4455721 5.7730341 -0.0189526
v -0.1062157 -0.4151523 -0.0014705 1.000000 1.000000 1.000000
vn 2.3999817 5.7794085 -0.4020833
v 0.1088586 -0.4165085 -0.0219317 1.000000 1.000000 1.000000
vn -1.5290757 5.9504614 1.2663580
v -0.1467664 -0.4378244 0.1247210 1.000000 1.000000 1.000000
vn -1.5008622 5.8870087 1.5511228
v -0.0747973 -0.4154128 0.0738631 1.000000 1.000000 1.000000
vn -1.1660985 5.9027052 1.7819505
v -0.0586531 -0.4156060 0.0884001 1.000000 1.000000 1.000000
vn -2.0500140 5.7724133 -1.2793543
v -0.1764581 -0.4420658 -0.1041815 1.000000 1.000000 1.000000
vn -1.8870131 5.7770882 -1.4774321
v -0.1610355 -0.4418888 -0.1254844 1.000000 1.000000 1.000000
vn -1.7490907 5.7786684 -1.6811461
v -0.1443244 -0.4423301 -0.1454100 1.000000 1.000000 1.000000
vn -0.7763922 5.8970366 2.0044932
v -0.0385729 -0.4157620 0.0996989 1.000000 1.000000 1.000000
vn -0.3145328 5.8747482 2.1815286
v -0.0168350 -0.4156424 0.1047571 1.000000 1.000000 1.000000
vn 0.0350352 5.8646860 2.2269664
v -0.0003758 -0.4155231 0.1052724 1.000000 1.000000 1.000000
vn 0.4072582 5.8441091 2.2418017
v 0.0176443 -0.4155957 0.1037915 1.000000 1.000000 1.000000
vn -1.8465085 5.8628812 1.2530820
v -0.0888836 -0.4150743 0.0574386 1.000000 1.000000 1.000000
vn -2.1599369 5.8257017 0.8598487
v -0.0984192 -0.4150228 0.0386702 1.000000 1.000000 1.000000
vn -2.4535861 5.7457275 0.4430357
v -0.1034311 -0.4150591 0.0197812 1.000000 1.000000 1.000000
vn 2.5369725 5.7323637 0.1527186
v 0.1080444 -0.4155816 0.0001274 1.000000 1.000000 1.000000
vn -1.8017939 5.6369677 -2.0973904
v -0.0641224 -0.4112716 -0.0730044 1.000000 1.000000 1.000000
vn -2.4564071 5.5345349 -1.6397902
v -0.0846853 -0.4117097 -0.0528568 1.000000 1.000000 1.000000
vn -3.0990820 5.2786117 -1.3509115
v -0.0885655 -0.4100985 -0.0387343 1.000000 1.000000 1.000000
vn -1.6190400 5.4674678 -2.5983372
v -0.1072479 -0.4465762 -0.1861915 1.000000 1.000000 1.000000
vn 1.9941027 5.3226366 -2.5999517
v 0.0577656 -0.4076719 -0.0699601 1.000000 1.000000 1.000000
vn 2.4067290 5.2275028 -2.4192066
v 0.0697941 -0.4071479 -0.0582150 1.000000 1.000000 1.000000
vn 2.7447667 5.3004532 -1.9081652
v 0.0797492 -0.4073989 -0.0482475 1.000000 1.000000 1.000000
vn 3.0787032 5.3049488 -1.3025600
v 0.0871083 -0.4075056 -0.0341445 1.000000 1.000000 1.000000
vn -2.0815184 5.5420604 -2.0821836
v -0.1498884 -0.4464887 -0.1518682 1.000000 1.000000 1.000000
vn -2.4970684 5.3539724 -2.0658627
v -0.1695049 -0.4498846 -0.1398842 1.000000 1.000000 1.000000
vn -1.7658035 5.5463834 2.3472261
v -0.0566553 -0.4113192 0.0781424 1.000000 1.000000 1.000000
vn -2.4284039 5.4420719 1.9549159
v -0.0806499 -0.4115107 0.0562788 1.000000 1.000000 1.000000
vn -2.8447616 5.2262778 -1.8718307
v -0.1868581 -0.4504630 -0.1184073 1.000000 1.000000 1.000000
vn -1.5067266 5.2537637 -3.0661008
v -0.0387104 -0.4076190 -0.0824410 1.000000 1.000000 1.000000
vn -0.7448188 5.2429523 -3.3565762
v -0.0189563 -0.4077967 -0.0894004 1.000000 1.000000 1.000000
vn -0.0418768 5.1771088 -3.5369103
v -0.0011177 -0.4075576 -0.0914119 1.000000 1.000000 1.000000
vn 0.6017365 5.2121711 -3.4322572
v 0.0154734 -0.4077693 -0.0899446 1.000000 1.000000 1.000000
vn 1.7362636 4.7940302 -3.6188831
v 0.0349689 -0.4077028 -0.0843525 1.000000 1.000000 1.000000
vn -1.1138159 5.5460362 2.7063169
v -0.0366017 -0.4117247 0.0905208 1.000000 1.000000 1.000000
vn -0.4911949 5.4376707 3.0698922
v -0.0172214 -0.4109830 0.0944398 1.000000 1.000000 1.000000
vn 0.0474514 5.5629406 2.9044085
v 0.0012231 -0.4114792 0.0964337 1.000000 1.000000 1.000000
vn 3.3096554 5.2761698 -0.7032999
v 0.0914530 -0.4072465 -0.0207565 1.000000 1.000000 1.000000
vn 0.6049281 5.2751608 3.3016069
v 0.0142330 -0.4088898 0.0902647 1.000000 1.000000 1.000000
vn 2.7534971 5.2161283 2.0906937
v 0.0746463 -0.4079256 0.0510348 1.000000 1.000000 1.000000
vn 2.0715225 5.2038035 2.7284288
v 0.0547934 -0.4082164 0.0709915 1.000000 1.000000 1.000000
vn 2.5009277 5.1169271 2.5316999
v 0.0629809 -0.4072956 0.0619495 1.000000 1.000000 1.000000
vn -2.8943577 5.4211693 1.2489816
v -0.0919243 -0.4117145 0.0365321 1.000000 1.000000 1.000000
vn -3.2849817 5.2899284 0.7693622
v -0.0954402 -0.4109382 0.0221475 1.000000 1.000000 1.000000
vn -3.2000356 5.3979897 0.1206856
v -0.0997175 -0.4117312 0.0012113 1.000000 1.000000 1.000000
vn -3.4063706 5.2011080 -0.8187060
v -0.0932942 -0.4092599 -0.0226197 1.000000 1.000000 1.000000
vn 1.2013789 5.2719760 3.1413236
v 0.0330942 -0.4084095 0.0843432 1.000000 1.000000 1.000000
vn 1.8758496 5.1545324 2.9874721
v 0.0452744 -0.4075974 0.0765980 1.000000 1.000000 1.000000
vn 2.5019062 4.8181381 -3.0059874
v 0.1419134 -0.4502181 -0.1693906 1.000000 1.000000 1.000000
vn -1.0057877 2.7160251 -1.2356141
v -0.1418395 -0.4531125 -0.1745363 1.000000 1.000000 1.000000
vn -1.1101557 2.6886437 -1.1222135
v -0.1586743 -0.4529262 -0.1589772 1.000000 1.000000 1.000000
vn -0.6525938 4.9722648 -3.7004347
v -0.0387751 -0.4498030 -0.2182332 1.000000 1.000000 1.000000
vn -2.2513335 5.0652113 -2.8971980
v -0.0564797 -0.4069425 -0.0691771 1.000000 1.000000 1.000000
vn -2.9017792 5.1139789 -2.1740191
v -0.0787354 -0.4073355 -0.0491269 1.000000 1.000000 1.000000
vn 3.4172244 5.2523460 0.2115638
v 0.0934504 -0.4075241 0.0001760 1.000000 1.000000 1.000000
vn 3.0645661 5.2485528 1.5146054
v 0.0837661 -0.4081235 0.0371966 1.000000 1.000000 1.000000
vn 3.2800694 5.2613378 0.9321326
v 0.0905063 -0.4082358 0.0203173 1.000000 1.000000 1.000000
vn -1.9099156 5.1590967 -3.0113165
v -0.1131388 -0.4500724 -0.1889387 1.000000 1.000000 1.000000
vn -0.9529432 2.4737344 -1.4232296
v -0.1267435 -0.4546052 -0.1877080 1.000000 1.000000 1.000000
vn -1.2366166 4.9335527 -3.6503844
v -0.0679820 -0.4494964 -0.2100940 1.000000 1.000000 1.000000
vn -1.3472929 2.9183593 -2.9393284
v -0.0984803 -0.4550048 -0.2051029 1.000000 1.000000 1.000000
vn -0.9683018 2.3957560 -1.6152093
v -0.1107219 -0.4553581 -0.1982276 1.000000 1.000000 1.000000
vn -1.4553245 2.5415084 -1.0953124
v -0.1824563 -0.4537608 -0.1319321 1.000000 1.000000 1.000000
vn -1.3603554 2.4458766 -1.0976608
v -0.1744414 -0.4538886 -0.1426881 1.000000 1.000000 1.000000
vn -3.8061779 4.9866405 0.0770349
v -0.0919530 -0.4064652 0.0004110 1.000000 1.000000 1.000000
vn 1.5926032 4.6336741 -3.9118872
v 0.0299562 -0.3993652 -0.0746653 1.000000 1.000000 1.000000
vn 0.1300363 5.0544558 3.7134428
v 0.0013817 -0.4067485 0.0888246 1.000000 1.000000 1.000000
vn 0.8461055 4.5696850 -4.2112408
v 0.0140755 -0.3986454 -0.0786910 1.000000 1.000000 1.000000
vn -1.5413865 5.0880804 3.3287215
v -0.0364353 -0.4065959 0.0820972 1.000000 1.000000 1.000000
vn -2.1257458 5.1064911 2.9521224
v -0.0516480 -0.4074428 0.0738599 1.000000 1.000000 1.000000
vn -2.5765696 5.0720706 2.6595857
v -0.0699760 -0.4075044 0.0583072 1.000000 1.000000 1.000000
vn -3.1924095 4.9466190 2.1511803
v -0.0777146 -0.4057926 0.0465319 1.000000 1.000000 1.000000
vn 2.2686992 4.4520140 -3.7715290
v 0.0410590 -0.3989146 -0.0682802 1.000000 1.000000 1.000000
vn 2.4872928 4.6733999 -3.3732026
v 0.0518076 -0.4004926 -0.0633077 1.000000 1.000000 1.000000
vn -1.1439513 3.6560507 -4.7087317
v -0.0521470 -0.4545846 -0.2209612 1.000000 1.000000 1.000000
vn 3.4631314 5.0173426 -1.5152719
v 0.0781600 -0.4007398 -0.0320848 1.000000 1.000000 1.000000
vn -3.5535035 4.9550371 1.4969084
v -0.0830143 -0.4055823 0.0349809 1.000000 1.000000 1.000000
vn -0.9544134 4.5999928 -4.1543880
v -0.0162949 -0.3989162 -0.0785292 1.000000 1.000000 1.000000
vn 3.5809729 4.5975757 -2.2904351
v 0.0712812 -0.3992189 -0.0420965 1.000000 1.000000 1.000000
vn 3.9256501 4.7642264 1.1258004
v 0.0814317 -0.4011407 0.0191977 1.000000 1.000000 1.000000
vn -1.7048948 3.3138885 -4.7237873
v -0.0735601 -0.4552957 -0.2151024 1.000000 1.000000 1.000000
vn -1.7579894 4.5668035 -3.9185488
v -0.0319732 -0.3984340 -0.0728690 1.000000 1.000000 1.000000
vn -2.1624320 4.6121674 -3.6688139
v -0.0496853 -0.4015679 -0.0664810 1.000000 1.000000 1.000000
vn -0.0243113 4.5670581 -4.2919874
v -0.0002760 -0.3977714 -0.0795974 1.000000 1.000000 1.000000
vn -1.5853144 2.3568513 -1.0571709
v -0.1890003 -0.4537991 -0.1226325 1.000000 1.000000 1.000000
vn -0.6400523 3.8028300 -4.8036208
v -0.0294861 -0.4543508 -0.2245840 1.000000 1.000000 1.000000
vn -3.5513501 4.6799126 -2.1748180
v -0.0726909 -0.4000720 -0.0418343 1.000000 1.000000 1.000000
vn -3.0036194 4.6468253 -2.9724369
v -0.0667048 -0.4017094 -0.0515722 1.000000 1.000000 1.000000
vn -3.9618838 4.7798872 0.9174877
v -0.0833569 -0.4015012 0.0193676 1.000000 1.000000 1.000000
vn -1.7111801 2.2889948 -1.0819159
v -0.1978650 -0.4531032 -0.1065846 1.000000 1.000000 1.000000
vn -4.1909900 4.6593041 -0.0065790
v -0.0851371 -0.4006099 -0.0010124 1.000000 1.000000 1.000000
vn 1.3241105 2.1181002 -1.3901014
v 0.1512517 -0.4538444 -0.1660210 1.000000 1.000000 1.000000
vn 1.2108712 2.2082834 -1.6777918
v 0.1265240 -0.4541641 -0.1864952 1.000000 1.000000 1.000000
vn 3.2829423 4.3028846 -3.1706085
v 0.0608803 -0.3966348 -0.0504878 1.000000 1.000000 1.000000
vn -1.3011768 2.7929313 -0.6589822
v -0.2042794 -0.4515626 -0.0932452 1.000000 1.000000 1.000000
vn -2.8728523 4.6884346 3.0322711
v -0.0623644 -0.4017645 0.0558456 1.000000 1.000000 1.000000
vn -2.8139811 4.1600156 -3.7476695
v -0.0491485 -0.3944957 -0.0584771 1.000000 1.000000 1.000000
vn 3.2318785 3.7623541 -3.8446424
v 0.0537077 -0.3946306 -0.0548931 1.000000 1.000000 1.000000
vn 1.5434617 4.6633692 3.9046178
v 0.0320210 -0.4021577 0.0767410 1.000000 1.000000 1.000000
vn -0.5189301 1.7172930 -3.7942169
v -0.0267476 -0.4602100 -0.2280952 1.000000 1.000000 1.000000
vn -0.6770983 1.2543981 -2.8827169
v -0.0523293 -0.4612850 -0.2239677 1.000000 1.000000 1.000000
vn -0.5760201 0.5372692 -1.4574826
v -0.0988041 -0.4627520 -0.2078742 1.000000 1.000000 1.000000
vn -0.0967510 0.4408494 -1.2995814
v -0.0000830 -0.4622834 -0.2307836 1.000000 1.000000 1.000000
vn -0.9724885 0.9309953 -2.7406712
v -0.0741747 -0.4627741 -0.2174248 1.000000 1.000000 1.000000
vn -0.3338954 0.4982128 -1.9397336
v -0.0284541 -0.4628951 -0.2284911 1.000000 1.000000 1.000000
vn -3.0565901 4.0758810 3.4198956
v -0.1500333 -0.4532913 0.1671292 1.000000 1.000000 1.000000
vn -1.6303337 1.5166631 2.0851543
v -0.1385731 -0.4613886 0.1826322 1.000000 1.000000 1.000000
vn -2.6179457 4.3141713 3.2714736
v -0.1356336 -0.4520724 0.1781482 1.000000 1.000000 1.000000
vn -1.8955630 1.6692998 1.9629261
v -0.1585561 -0.4605882 0.1654383 1.000000 1.000000 1.000000
vn -1.5877624 1.4893878 2.2488067
v -0.1283669 -0.4610935 0.1899682 1.000000 1.000000 1.000000
vn -2.8860354 3.7159653 4.0069838
v -0.1253088 -0.4527738 0.1866987 1.000000 1.000000 1.000000
vn -2.2832232 4.2493248 3.5282483
v -0.1173427 -0.4517876 0.1912426 1.000000 1.000000 1.000000
vn -1.4436736 1.4360770 2.3193989
v -0.1189435 -0.4610315 0.1959922 1.000000 1.000000 1.000000
vn -2.0901802 4.2042928 3.7066121
v -0.1048350 -0.4518812 0.1988967 1.000000 1.000000 1.000000
vn -1.0014030 1.1532075 1.8567599
v -0.1025618 -0.4602615 0.2053277 1.000000 1.000000 1.000000
vn -0.9221003 3.1703348 1.8844557
v -0.0901070 -0.4512324 0.2057033 1.000000 1.000000 1.000000
vn -3.4588106 3.9475350 3.1062403
v -0.1685856 -0.4534052 0.1487805 1.000000 1.000000 1.000000
vn -2.1904101 1.5151925 1.7372738
v -0.1802975 -0.4607447 0.1411500 1.000000 1.000000 1.000000
vn -1.9276409 1.5183452 1.7157274
v -0.1659305 -0.4615437 0.1579987 1.000000 1.000000 1.000000
vn -3.4467969 4.1655674 2.5729139
v -0.1810392 -0.4522854 0.1325767 1.000000 1.000000 1.000000
vn -2.4735401 5.1725717 2.4670618
v -0.1579811 -0.4504792 0.1545291 1.000000 1.000000 1.000000
vn -2.2593026 1.3731258 1.5101397
v -0.1895027 -0.4615262 0.1286351 1.000000 1.000000 1.000000
vn -3.5941257 4.1514921 2.3086112
v -0.1897406 -0.4519331 0.1194667 1.000000 1.000000 1.000000
vn -1.5974132 0.9316310 0.9727322
v -0.1981073 -0.4612630 0.1146628 1.000000 1.000000 1.000000
vn -2.1097105 3.1727428 1.2227869
v -0.1970474 -0.4519549 0.1072201 1.000000 1.000000 1.000000
vn -1.9962204 5.6155977 1.9424593
v -0.1537892 -0.4464028 0.1482278 1.000000 1.000000 1.000000
vn -2.1811488 5.6329093 1.6728498
v -0.1713620 -0.4462591 0.1273607 1.000000 1.000000 1.000000
vn -1.6483690 5.6764808 2.0954051
v -0.1285984 -0.4458959 0.1688761 1.000000 1.000000 1.000000
vn -1.4428691 5.6670723 2.2666173
v -0.1072083 -0.4462161 0.1851875 1.000000 1.000000 1.000000
vn -2.4011142 5.6240830 1.3948826
v -0.1883454 -0.4461634 0.1014749 1.000000 1.000000 1.000000
vn -1.5582639 5.8195372 1.7466135
v -0.1367916 -0.4408457 0.1471294 1.000000 1.000000 1.000000
vn -1.8250816 5.8152661 1.5011512
v -0.1565176 -0.4417886 0.1294035 1.000000 1.000000 1.000000
vn -2.5752258 5.5923729 1.1650000
v -0.1979711 -0.4464847 0.0847957 1.000000 1.000000 1.000000
vn -1.3175877 2.6961610 0.6682974
v -0.2037334 -0.4516985 0.0942641 1.000000 1.000000 1.000000
vn -1.9941487 5.8249497 1.2103175
v -0.1784127 -0.4417906 0.0987933 1.000000 1.000000 1.000000
vn -0.9939364 5.7418795 2.2947712
v -0.0800766 -0.4444907 0.1958103 1.000000 1.000000 1.000000
vn -1.1957709 5.8495121 1.9338853
v -0.0988273 -0.4417762 0.1780957 1.000000 1.000000 1.000000
vn -1.3480573 5.9559345 1.4408816
v -0.1333943 -0.4379610 0.1394876 1.000000 1.000000 1.000000
vn -1.1177528 5.9604344 1.6148248
v -0.1052672 -0.4373642 0.1589906 1.000000 1.000000 1.000000
vn -2.0978093 5.8359962 0.9598839
v -0.1883852 -0.4420678 0.0813007 1.000000 1.000000 1.000000
vn -1.2643807 5.0254941 3.3925149
v -0.0777447 -0.4507687 0.2100065 1.000000 1.000000 1.000000
vn -2.6546907 5.6041670 0.8364253
v -0.2068123 -0.4462924 0.0617157 1.000000 1.000000 1.000000
vn -1.4541937 2.8330462 0.5758311
v -0.2118432 -0.4514853 0.0749085 1.000000 1.000000 1.000000
vn -2.0901265 5.8848982 0.6026246
v -0.1980989 -0.4418397 0.0531126 1.000000 1.000000 1.000000
vn -0.7094308 5.7687120 2.3398807
v -0.0612028 -0.4442462 0.2018951 1.000000 1.000000 1.000000
vn -2.2450078 5.8420534 0.3670663
v -0.2036326 -0.4419224 0.0313255 1.000000 1.000000 1.000000
vn -0.3688112 5.8240991 2.2975748
v -0.0322227 -0.4428685 0.2049882 1.000000 1.000000 1.000000
vn -2.7461057 5.6205544 0.4035901
v -0.2132486 -0.4460213 0.0300413 1.000000 1.000000 1.000000
vn -2.2781408 5.8429914 -0.0466815
v -0.2060548 -0.4419690 -0.0000751 1.000000 1.000000 1.000000
vn 0.0235312 5.8202839 2.3440604
v -0.0000636 -0.4428899 0.2074800 1.000000 1.000000 1.000000
vn -0.3158790 2.8435807 1.3194425
v -0.0495115 -0.4503027 0.2181507 1.000000 1.000000 1.000000
vn -0.1446236 2.7866766 1.2208285
v -0.0264144 -0.4501356 0.2222642 1.000000 1.000000 1.000000
vn 0.0141300 2.7782159 1.1989832
v 0.0006434 -0.4500956 0.2241608 1.000000 1.000000 1.000000
vn 0.1279513 2.8291087 1.2305305
v 0.0189442 -0.4503597 0.2230422 1.000000 1.000000 1.000000
vn -2.4385724 5.7631226 -0.3956026
v -0.2057873 -0.4433999 -0.0331225 1.000000 1.000000 1.000000
vn -2.7138970 5.6464691 -0.0552544
v -0.2166131 -0.4464765 -0.0008771 1.000000 1.000000 1.000000
vn -2.3898120 5.7531428 -0.6365879
v -0.2028058 -0.4437789 -0.0529914 1.000000 1.000000 1.000000
vn -2.3105111 5.7650518 -0.8425722
v -0.1978040 -0.4438834 -0.0688957 1.000000 1.000000 1.000000
vn -2.2488205 5.7512231 -1.0707738
v -0.1889217 -0.4433028 -0.0869007 1.000000 1.000000 1.000000
vn 0.2140425 2.8095055 1.2707694
v 0.0331451 -0.4504494 0.2213854 1.000000 1.000000 1.000000
vn -1.3653929 2.7901449 -0.2359201
v -0.2224535 -0.4518705 -0.0366807 1.000000 1.000000 1.000000
vn -1.3295662 2.6871190 -0.3327002
v -0.2188166 -0.4519449 -0.0549619 1.000000 1.000000 1.000000
vn -1.2781171 2.7102871 -0.1957443
v -0.2244317 -0.4518885 -0.0247606 1.000000 1.000000 1.000000
vn -1.4648136 2.7399635 -0.0053731
v -0.2251341 -0.4510153 -0.0003484 1.000000 1.000000 1.000000
vn -1.4354888 2.6263504 0.2031572
v -0.2239268 -0.4518052 0.0293632 1.000000 1.000000 1.000000
vn -1.4867972 2.6967669 0.3514392
v -0.2197298 -0.4519543 0.0511626 1.000000 1.000000 1.000000
vn -1.2843425 2.7514355 -0.4811887
v -0.2116537 -0.4515722 -0.0761759 1.000000 1.000000 1.000000
vn 0.3320486 2.7531500 1.3626156
v 0.0475004 -0.4508197 0.2187743 1.000000 1.000000 1.000000
vn -1.7272342 2.2745569 0.5287388
v -0.2157035 -0.4525094 0.0667030 1.000000 1.000000 1.000000
vn -0.5771478 2.1470649 1.7999974
v -0.0744336 -0.4524468 0.2130697 1.000000 1.000000 1.000000
vn 6.1020060 -0.0116557 -1.4293529
v 0.0320938 0.2208801 -0.0096347 1.000000 1.000000 1.000000
vn 6.2029161 0.0036109 0.0981329
v 0.0333593 0.1453913 -0.0003531 1.000000 1.000000 1.000000
vn 6.0575142 0.0059543 -1.5895461
v 0.0318818 0.0835365 -0.0101587 1.000000 1.000000 1.000000
vn 6.2298765 -0.0149490 -0.3773222
v 0.0334327 0.1954034 -0.0013730 1.000000 1.000000 1.000000
vn 3.3351395 -0.0086244 -0.0753985
v 0.0334047 0.2838723 -0.0012062 1.000000 1.000000 1.000000
vn 3.2485781 -0.0091154 -0.5370275
v 0.0329315 0.2847633 -0.0056515 1.000000 1.000000 1.000000
vn 3.2683825 -0.0061750 -1.4275613
v 0.0315059 0.2873066 -0.0124227 1.000000 1.000000 1.000000
vn 6.2220159 -0.0027441 -0.4067692
v 0.0335739 0.0600719 -0.0011944 1.000000 1.000000 1.000000
vn 6.0522294 0.0324259 -1.5984125
v 0.0318567 -0.0366041 -0.0097469 1.000000 1.000000 1.000000
vn 6.2127295 0.0804943 -0.0260361
v 0.0334192 -0.0432600 -0.0005513 1.000000 1.000000 1.000000
vn 3.3216989 0.0518135 -1.2846774
v 0.0328208 -0.0823353 -0.0089350 1.000000 1.000000 1.000000
vn 3.5031662 0.1116846 -0.4234344
v 0.0343464 -0.0794265 -0.0024200 1.000000 1.000000 1.000000
vn 5.7605114 -0.0039067 -2.4568582
v 0.0310127 0.2021816 -0.0128592 1.000000 1.000000 1.000000
vn 5.6904001 0.0044148 -2.5999911
v 0.0309247 0.0874360 -0.0129058 1.000000 1.000000 1.000000
vn 5.6865368 0.0088899 -2.6260235
v 0.0307027 -0.0363306 -0.0129129 1.000000 1.000000 1.000000
vn 3.6060238 0.1373275 0.5384917
v 0.0340908 -0.0795669 0.0032796 1.000000 1.000000 1.000000
vn 6.2204247 0.0144205 0.7691088
v 0.0334003 0.0649878 0.0018831 1.000000 1.000000 1.000000
vn 6.2232752 -0.0096482 0.7551214
v 0.0332633 0.2041904 0.0017596 1.000000 1.000000 1.000000
vn 3.4160993 -0.0017182 0.5452248
v 0.0330593 0.2839276 0.0032891 1.000000 1.000000 1.000000
vn 2.8628659 0.0004918 -1.7211812
v 0.0308459 -0.0876720 -0.0131782 1.000000 1.000000 1.000000
vn 5.2307897 -0.0122032 -3.4212534
v 0.0279132 0.0540056 -0.0186198 1.000000 1.000000 1.000000
vn 5.2144704 -0.0044412 -3.4499781
v 0.0279859 0.1696020 -0.0185613 1.000000 1.000000 1.000000
vn 2.9902341 -0.0173006 -2.0906610
v 0.0286008 0.2936042 -0.0175937 1.000000 1.000000 1.000000
vn 5.1101866 0.0178193 -3.6144977
v 0.0269310 0.0892258 -0.0197967 1.000000 1.000000 1.000000
vn 5.0082078 -0.0130677 -3.7315941
v 0.0275729 -0.0498319 -0.0183777 1.000000 1.000000 1.000000
vn 2.8755040 0.0271852 -2.2113373
v 0.0289850 -0.0937173 -0.0160574 1.000000 1.000000 1.000000
vn 4.4962521 -0.0050626 -4.3290067
v 0.0242020 0.2758711 -0.0233894 1.000000 1.000000 1.000000
vn 4.3461442 -0.0438254 -4.4721560
v 0.0243838 0.3232584 -0.0236457 1.000000 1.000000 1.000000
vn 4.7388821 0.0396769 -4.1205807
v 0.0250815 -0.0954545 -0.0209948 1.000000 1.000000 1.000000
vn 4.3885999 -0.0388731 -4.4323730
v 0.0237340 0.0704910 -0.0238616 1.000000 1.000000 1.000000
vn 2.5601215 -0.0140333 -2.1387286
v 0.0237113 0.0197163 -0.0236144 1.000000 1.000000 1.000000
vn 2.9833500 0.0110830 -2.5370052
v 0.0291075 -0.1085882 -0.0166734 1.000000 1.000000 1.000000
vn 2.4725447 -0.0023222 -2.0314777
v 0.0237669 0.1669746 -0.0237362 1.000000 1.000000 1.000000
vn 2.6503167 0.0128456 -2.3656628
v 0.0232660 0.0907692 -0.0240763 1.000000 1.000000 1.000000
vn 2.3142793 0.0050882 -2.1419876
v 0.0233300 -0.1329794 -0.0229342 1.000000 1.000000 1.000000
vn 2.2720180 -0.0108297 -2.1397586
v 0.0226714 -0.0546554 -0.0235546 1.000000 1.000000 1.000000
vn 2.3328986 0.0195929 -2.1052017
v 0.0237205 -0.2427466 -0.0233409 1.000000 1.000000 1.000000
vn 5.0434594 -0.0206219 -3.6831987
v 0.0279164 -0.1453566 -0.0180090 1.000000 1.000000 1.000000
vn 5.0816383 0.0290780 -3.6276221
v 0.0281079 -0.2359528 -0.0184147 1.000000 1.000000 1.000000
vn 5.0962090 0.0346074 -3.5999057
v 0.0284546 -0.3353613 -0.0190328 1.000000 1.000000 1.000000
vn 2.3565636 0.0011960 -2.0961308
v 0.0241461 -0.3403941 -0.0238795 1.000000 1.000000 1.000000
vn 1.1406498 0.0034320 -1.0798048
v 0.0236336 -0.3882946 -0.0242937 1.000000 1.000000 1.000000
vn 5.7225828 0.0315920 -2.5567131
v 0.0315062 -0.2964199 -0.0128159 1.000000 1.000000 1.000000
vn 5.7712255 0.0228148 -2.3039136
v 0.0325835 -0.3679358 -0.0119192 1.000000 1.000000 1.000000
vn 6.0322876 0.0475104 -1.7146521
v 0.0328562 -0.3026914 -0.0091690 1.000000 1.000000 1.000000
vn 6.0736618 0.0093287 -1.5744454
v 0.0327789 -0.2110060 -0.0086335 1.000000 1.000000 1.000000
vn 5.8161659 -0.0573656 -2.2108076
v 0.0322155 -0.1483353 -0.0102960 1.000000 1.000000 1.000000
vn 3.2009072 -0.0408867 -1.5766088
v 0.0324792 -0.1151934 -0.0113946 1.000000 1.000000 1.000000
vn 2.4721560 0.0235254 -1.9161345
v 0.0280587 -0.3883815 -0.0196452 1.000000 1.000000 1.000000
vn 3.4408627 -0.0627195 -0.2764581
v 0.0348405 -0.1187984 -0.0012524 1.000000 1.000000 1.000000
vn 6.2155457 -0.0268788 -0.7318711
v 0.0341389 -0.1536655 -0.0012876 1.000000 1.000000 1.000000
vn 6.1634674 0.0484175 -0.2066686
v 0.0349285 -0.3492957 -0.0012781 1.000000 1.000000 1.000000
vn 3.0518157 0.0051822 -0.1722842
v 0.0352214 -0.3887653 -0.0015361 1.000000 1.000000 1.000000
vn 6.2115536 0.0162953 -0.4318357
v 0.0344184 -0.2846598 -0.0014327 1.000000 1.000000 1.000000
vn 2.8354125 0.0148156 -1.2760465
v 0.0319671 -0.3884988 -0.0135276 1.000000 1.000000 1.000000
vn 6.2196870 0.0180380 0.8076220
v 0.0340299 -0.2085047 0.0019088 1.000000 1.000000 1.000000
vn 6.2131381 0.0318668 0.9083000
v 0.0342381 -0.3136206 0.0023413 1.000000 1.000000 1.000000
vn 3.3425918 -0.0521366 0.5604718
v 0.0343965 -0.1186549 0.0031950 1.000000 1.000000 1.000000
vn 1.7254564 -0.0070739 -2.1176744
v 0.0185779 0.0770662 -0.0280848 1.000000 1.000000 1.000000
vn 1.9183978 -0.0163838 -2.3582666
v 0.0190780 0.2842094 -0.0276091 1.000000 1.000000 1.000000
vn 2.0962303 0.0097794 -2.3910744
v 0.0210479 0.3289388 -0.0265054 1.000000 1.000000 1.000000
vn 4.8725476 -0.0078587 -3.8734143
v 0.0268234 0.3491855 -0.0211945 1.000000 1.000000 1.000000
vn 3.1443160 -0.0120403 -2.6095042
v 0.0289088 0.3134098 -0.0184562 1.000000 1.000000 1.000000
vn 5.8309765 0.0120912 -2.0553463
v 0.0325398 0.3553089 -0.0113512 1.000000 1.000000 1.000000
vn 3.3180165 0.0682784 -1.3671470
v 0.0334070 0.3221473 -0.0100163 1.000000 1.000000 1.000000
vn 5.4547796 -0.3629912 -3.0695348
v 0.0303170 0.4212939 -0.0165902 1.000000 1.000000 1.000000
vn 6.0008507 -0.2839828 -1.6957862
v 0.0332793 0.4180645 -0.0095976 1.000000 1.000000 1.000000
vn 5.8778286 -0.7909846 -1.9335628
v 0.0343886 0.4369955 -0.0116476 1.000000 1.000000 1.000000
vn 5.3068590 -0.9752946 -3.1957672
v 0.0319713 0.4423856 -0.0180746 1.000000 1.000000 1.000000
vn 5.8332915 -1.2389287 -1.8266355
v 0.0374286 0.4525037 -0.0112324 1.000000 1.000000 1.000000
vn 4.8572536 -0.3901096 -3.9455857
v 0.0267923 0.4216535 -0.0217969 1.000000 1.000000 1.000000
vn 5.0982223 -1.2391051 -3.3322387
v 0.0361873 0.4708345 -0.0231487 1.000000 1.000000 1.000000
vn 5.8298111 -1.2312472 -1.7970859
v 0.0417446 0.4728295 -0.0121230 1.000000 1.000000 1.000000
vn 4.8215575 1.2568911 -2.5737622
v 0.0433021 0.4994105 -0.0211184 1.000000 1.000000 1.000000
vn 5.4098129 1.2224773 -1.1400846
v 0.0464401 0.4991310 -0.0121363 1.000000 1.000000 1.000000
vn 2.7593501 -0.4166944 -1.9453425
v 0.0400408 0.4990975 -0.0265115 1.000000 1.000000 1.000000
vn 6.2251697 0.0510381 -0.0457019
v 0.0340727 0.3563483 -0.0012528 1.000000 1.000000 1.000000
vn 3.6881723 0.1178904 -0.0207139
v 0.0350450 0.3257300 -0.0006387 1.000000 1.000000 1.000000
vn 6.1905336 -0.8217270 -0.1835670
v 0.0361031 0.4361815 -0.0007483 1.000000 1.000000 1.000000
vn 6.2472043 -0.1943721 0.0016100
v 0.0341908 0.4121540 -0.0009791 1.000000 1.000000 1.000000
vn 6.0943761 -1.1470597 -0.1691983
v 0.0447425 0.4781925 -0.0010827 1.000000 1.000000 1.000000
vn 4.5472760 -0.9919308 -4.1872663
v 0.0271715 0.4427933 -0.0247656 1.000000 1.000000 1.000000
vn 6.0991631 -1.2659543 -0.2082774
v 0.0397494 0.4551614 -0.0010274 1.000000 1.000000 1.000000
vn 3.1860731 -0.3582647 -0.0507429
v 0.0480823 0.4991443 -0.0008960 1.000000 1.000000 1.000000
vn 2.8106916 -0.5722835 -1.0409985
v 0.0448886 0.5001227 -0.0174103 1.000000 1.000000 1.000000
vn 3.1666558 -0.3182518 -3.1709957
v 0.0320940 0.4962307 -0.0354089 1.000000 1.000000 1.000000
vn 2.5068521 -0.7214922 -2.3958871
v 0.0277293 0.4726408 -0.0331877 1.000000 1.000000 1.000000
vn 2.1010060 -0.1006266 -2.0606267
v 0.0338267 0.5002105 -0.0338366 1.000000 1.000000 1.000000
vn 0.2580115 -0.0093998 -0.2428098
v 0.0280239 0.3019315 -0.0189521 1.000000 1.000000 1.000000
vn 2.3352628 -0.1520896 -2.3571296
v 0.0222042 0.4192514 -0.0263160 1.000000 1.000000 1.000000
vn 2.0794315 0.6283627 -1.7587811
v 0.0310412 0.3156925 -0.0151194 1.000000 1.000000 1.000000
vn 5.5593462 1.0981084 1.0303689
v 0.0468565 0.4988778 0.0100796 1.000000 1.000000 1.000000
vn 2.0045123 -0.3754876 -2.3520062
v 0.0207155 0.4385364 -0.0295881 1.000000 1.000000 1.000000
vn 1.5091023 -0.5555531 -1.9232149
v 0.0209566 0.4612036 -0.0349603 1.000000 1.000000 1.000000
vn 0.1757692 0.0119090 -0.2238433
v 0.0215597 0.4992398 -0.0435208 1.000000 1.000000 1.000000
vn 6.0377049 0.0176030 1.5816194
v 0.0326152 0.3648202 0.0092750 1.000000 1.000000 1.000000
vn 6.0310740 -0.2949660 1.5914775
v 0.0330542 0.4157400 0.0094150 1.000000 1.000000 1.000000
vn 5.9679775 -1.0113901 1.5148423
v 0.0358328 0.4407214 0.0084504 1.000000 1.000000 1.000000
vn 5.8824973 0.1061836 1.9978950
v 0.0329554 0.3361267 0.0088989 1.000000 1.000000 1.000000
vn 3.3411903 0.1176681 1.3835396
v 0.0334403 0.3231692 0.0088298 1.000000 1.000000 1.000000
vn 5.9487042 -1.2029788 1.4103639
v 0.0430737 0.4760586 0.0095805 1.000000 1.000000 1.000000
vn 2.9444032 0.0130238 0.9701396
v 0.0337542 -0.3887703 0.0088138 1.000000 1.000000 1.000000
vn 5.9748263 0.0151056 1.8028959
v 0.0330354 -0.3305351 0.0091899 1.000000 1.000000 1.000000
vn 5.8914089 0.0182533 1.9703293
v 0.0327949 -0.2517686 0.0095613 1.000000 1.000000 1.000000
vn 5.9532948 -0.0187686 1.8370672
v 0.0319274 0.0389620 0.0099271 1.000000 1.000000 1.000000
vn 5.9657803 0.0102170 1.7986016
v 0.0317607 -0.0340326 0.0097163 1.000000 1.000000 1.000000
vn 5.8883762 0.2091483 2.0590680
v 0.0324046 -0.0719804 0.0093349 1.000000 1.000000 1.000000
vn 3.1506627 0.1602762 1.5325150
v 0.0327591 -0.0840960 0.0105638 1.000000 1.000000 1.000000
vn 5.7857990 0.0275146 2.1882401
v 0.0314674 0.1018411 0.0110676 1.000000 1.000000 1.000000
vn 5.8526659 -0.0210762 2.0944121
v 0.0312858 0.1715993 0.0109161 1.000000 1.000000 1.000000
vn 5.8305559 0.0010723 2.0975349
v 0.0316060 0.2131592 0.0107388 1.000000 1.000000 1.000000
vn 3.1965997 -0.0115973 1.2475739
v 0.0313989 0.2865804 0.0106204 1.000000 1.000000 1.000000
vn 6.2143517 0.0109240 0.4443725
v 0.0325609 -0.1946544 0.0091988 1.000000 1.000000 1.000000
vn 5.8225899 -0.0276964 2.2384546
v 0.0324359 -0.1468703 0.0101043 1.000000 1.000000 1.000000
vn 3.2611241 -0.0121743 1.4604685
v 0.0328462 -0.1165490 0.0101126 1.000000 1.000000 1.000000
vn 3.0230968 -0.4722129 1.2971450
v 0.0441930 0.4990496 0.0195531 1.000000 1.000000 1.000000
vn 1.7211101 -0.0213306 -2.3775606
v 0.0180371 0.0562315 -0.0278577 1.000000 1.000000 1.000000
vn 5.5886898 -0.0604629 2.8608589
v 0.0299250 0.3939540 0.0156752 1.000000 1.000000 1.000000
vn 5.3083572 -0.6323070 3.2457016
v 0.0302203 0.4305880 0.0180404 1.000000 1.000000 1.000000
vn 5.4421492 -1.3123337 2.7605386
v 0.0381105 0.4694492 0.0189741 1.000000 1.000000 1.000000
vn 5.5065808 -1.0667379 2.7871399
v 0.0329148 0.4430795 0.0169327 1.000000 1.000000 1.000000
vn 5.6054020 0.0272663 2.8285549
v 0.0311828 -0.3430973 0.0134912 1.000000 1.000000 1.000000
vn 5.5940838 0.0086525 2.8396754
v 0.0304927 0.0586005 0.0132175 1.000000 1.000000 1.000000
vn 5.5598803 0.0491324 2.9111741
v 0.0296872 -0.0378574 0.0142941 1.000000 1.000000 1.000000
vn 2.4742320 1.4936161 0.5625371
v 0.0458363 0.5002347 0.0109641 1.000000 1.000000 1.000000
vn 5.2294431 0.1420869 3.4494748
v 0.0289805 -0.0785342 0.0164271 1.000000 1.000000 1.000000
vn 5.1045947 0.0185434 3.5638092
v 0.0282450 -0.2757185 0.0186372 1.000000 1.000000 1.000000
vn 5.1114178 0.0094546 3.5750275
v 0.0279552 -0.1959753 0.0185702 1.000000 1.000000 1.000000
vn 5.0943565 -0.0024995 3.6243730
v 0.0283412 -0.1212384 0.0178360 1.000000 1.000000 1.000000
vn 5.1047649 0.0744626 3.6163092
v 0.0274342 0.3228570 0.0193483 1.000000 1.000000 1.000000
vn 2.9167933 -0.0075948 1.9370911
v 0.0298105 0.3151875 0.0157572 1.000000 1.000000 1.000000
vn 5.2437158 0.0052653 3.4219890
v 0.0274116 0.1698905 0.0181335 1.000000 1.000000 1.000000
vn 2.5508804 -0.0162941 1.7871811
v 0.0289218 -0.3888765 0.0176958 1.000000 1.000000 1.000000
vn 5.2093906 0.0068418 3.4712558
v 0.0272598 0.2344071 0.0185156 1.000000 1.000000 1.000000
vn 3.0459085 -0.0486544 1.9327888
v 0.0287594 0.2912094 0.0160991 1.000000 1.000000 1.000000
vn 4.8567181 -0.2400633 3.9733346
v 0.0276354 0.4111476 0.0199486 1.000000 1.000000 1.000000
vn 4.9513764 0.0114207 3.7764204
v 0.0270112 0.0590143 0.0192741 1.000000 1.000000 1.000000
vn 3.0349605 -0.0000624 1.9629128
v 0.0256264 0.1098611 0.0207434 1.000000 1.000000 1.000000
vn 5.0203781 -1.1986141 3.5174582
v 0.0371392 0.4826916 0.0259477 1.000000 1.000000 1.000000
vn 2.8190937 -0.0038673 1.7959934
v 0.0262411 -0.0272400 0.0199328 1.000000 1.000000 1.000000
vn 2.7902310 0.0218568 1.6184638
v 0.0311999 -0.1135341 0.0128035 1.000000 1.000000 1.000000
vn 2.7061038 0.0346983 1.9529080
v 0.0289112 -0.1083036 0.0168163 1.000000 1.000000 1.000000
vn 2.3956752 -0.4718470 1.6971176
v 0.0402098 0.5001214 0.0267150 1.000000 1.000000 1.000000
vn 2.1906047 0.0674916 1.8270401
v 0.0293819 -0.0941639 0.0165231 1.000000 1.000000 1.000000
vn 2.7272117 -0.6609088 1.9653432
v 0.0292469 0.4535510 0.0256916 1.000000 1.000000 1.000000
vn 2.8996797 -0.0611168 2.0232735
v 0.0274873 0.3066154 0.0186561 1.000000 1.000000 1.000000
vn 2.5362527 -0.0487161 1.8046918
v 0.0242583 0.3091132 0.0233776 1.000000 1.000000 1.000000
vn 0.4025216 -0.0066789 0.2788106
v 0.0273307 0.2982470 0.0186816 1.000000 1.000000 1.000000
vn 2.5354145 -0.0017155 1.8637763
v 0.0237245 0.2776178 0.0229613 1.000000 1.000000 1.000000
vn 1.0766617 0.0193188 0.9058222
v 0.0255524 -0.0990652 0.0209437 1.000000 1.000000 1.000000
vn 2.5114892 -0.0017897 1.9803261
v 0.0237870 0.1756594 0.0227581 1.000000 1.000000 1.000000
vn 2.4473972 -0.0036126 1.9471128
v 0.0235554 0.2236978 0.0231518 1.000000 1.000000 1.000000
vn 2.5010128 -0.0054170 2.0474436
v 0.0258222 -0.3679738 0.0215483 1.000000 1.000000 1.000000
vn 2.3426008 -0.3165909 1.9136550
v 0.0237805 0.4302960 0.0259857 1.000000 1.000000 1.000000
vn 2.4623985 -0.5310036 2.0904472
v 0.0319744 0.4894871 0.0340529 1.000000 1.000000 1.000000
vn 2.3061128 -0.0133442 2.1918690
v 0.0238305 0.3377514 0.0232203 1.000000 1.000000 1.000000
vn 2.2994771 0.0095362 2.0719543
v 0.0236360 -0.2101494 0.0234326 1.000000 1.000000 1.000000
vn 2.1799040 -0.3758324 1.9229522
v 0.0332962 0.5001837 0.0346451 1.000000 1.000000 1.000000
vn 1.1230568 -0.1943032 1.0029508
v 0.0311759 0.4995522 0.0368969 1.000000 1.000000 1.000000
vn 2.2508955 -0.0957574 2.0274765
v 0.0220178 0.4099483 0.0261286 1.000000 1.000000 1.000000
vn 1.1119535 -0.0189739 0.9976039
v 0.0245979 -0.3888991 0.0225149 1.000000 1.000000 1.000000
vn 2.0135534 -0.0004492 1.8531291
v 0.0221111 0.1237592 0.0245664 1.000000 1.000000 1.000000
vn 1.8474805 1.7524006 -1.1660426
v 0.0426537 0.5004321 -0.0206105 1.000000 1.000000 1.000000
vn 2.1019514 -0.0028531 2.0749271
v 0.0225642 0.0003900 0.0236984 1.000000 1.000000 1.000000
vn 2.1287491 -0.0034824 2.1375229
v 0.0225697 0.0757940 0.0237247 1.000000 1.000000 1.000000
vn -6.2417903 0.0171642 0.5992349
v -0.0334063 -0.3043811 0.0022111 1.000000 1.000000 1.000000
vn -6.2295156 -0.0151313 -0.5213100
v -0.0336190 -0.2287204 -0.0019034 1.000000 1.000000 1.000000
vn -6.2267461 0.0017933 -0.5301644
v -0.0335059 -0.2976014 -0.0023288 1.000000 1.000000 1.000000
vn -6.2420740 -0.0714687 0.5770074
v -0.0336943 -0.1528816 0.0019413 1.000000 1.000000 1.000000
vn -6.2407923 -0.1034362 -0.4922545
v -0.0337797 -0.1510787 -0.0018096 1.000000 1.000000 1.000000
vn -3.5254767 -0.0636332 -0.2030058
v -0.0347252 -0.1188564 -0.0016651 1.000000 1.000000 1.000000
vn -6.2054987 0.0475468 -0.0695980
v -0.0338617 -0.3581154 -0.0007511 1.000000 1.000000 1.000000
vn -5.9550776 0.0509185 1.8201300
v -0.0322576 -0.3623309 0.0098996 1.000000 1.000000 1.000000
vn -6.0088439 0.0004292 1.6936449
v -0.0322250 -0.3002402 0.0095141 1.000000 1.000000 1.000000
vn -6.0623932 -0.0568855 1.5670682
v -0.0325366 -0.1532138 0.0088835 1.000000 1.000000 1.000000
vn -3.4153547 -0.1012328 0.7997209
v -0.0338666 -0.1178326 0.0053389 1.000000 1.000000 1.000000
vn -2.9658368 -0.0351965 0.8731517
v -0.0331130 -0.3886215 0.0087017 1.000000 1.000000 1.000000
vn -6.0855975 -0.6154324 0.0390553
v -0.0343694 -0.3862299 -0.0014060 1.000000 1.000000 1.000000
vn -5.6135931 -0.6940284 2.6463087
v -0.0322476 -0.1164965 0.0106096 1.000000 1.000000 1.000000
vn -5.6449251 -0.0026887 2.7435102
v -0.0306428 -0.1964891 0.0132659 1.000000 1.000000 1.000000
vn -5.6692510 0.0183550 2.6964545
v -0.0306223 -0.3258479 0.0134656 1.000000 1.000000 1.000000
vn -2.5858107 0.0087881 1.6789659
v -0.0290079 -0.3886628 0.0169875 1.000000 1.000000 1.000000
vn -1.3671809 -1.4115533 2.2797711
v -0.0322756 -0.1136596 0.0123493 1.000000 1.000000 1.000000
vn -2.8023627 0.0025266 1.5386745
v -0.0276917 -0.2977415 0.0188200 1.000000 1.000000 1.000000
vn -2.7465932 -0.0018827 1.5019178
v -0.0277234 -0.1954254 0.0186118 1.000000 1.000000 1.000000
vn -0.7116186 -0.0686485 0.4875857
v -0.0282831 -0.1078716 0.0176100 1.000000 1.000000 1.000000
vn -3.0111341 -0.0416426 -0.6800535
v -0.0338601 -0.3885720 -0.0064428 1.000000 1.000000 1.000000
vn -6.0204115 0.0762576 -1.7265421
v -0.0324577 -0.3719911 -0.0092502 1.000000 1.000000 1.000000
vn -6.0612135 -0.1107393 -1.5809391
v -0.0326386 -0.1496514 -0.0085521 1.000000 1.000000 1.000000
vn -5.9092817 0.0030851 -1.9775618
v -0.0318787 -0.2611056 -0.0106709 1.000000 1.000000 1.000000
vn -3.1944678 -0.0426162 -1.3986604
v -0.0327014 -0.1159057 -0.0107779 1.000000 1.000000 1.000000
vn -5.6769342 -0.0281514 -2.6634917
v -0.0309176 -0.1583306 -0.0129331 1.000000 1.000000 1.000000
vn -2.7192240 -0.0067436 -1.4990318
v -0.0305862 -0.3885413 -0.0142813 1.000000 1.000000 1.000000
vn -5.2054491 0.0067468 -3.4368527
v -0.0282355 -0.2303980 -0.0180676 1.000000 1.000000 1.000000
vn -5.2323236 0.0036954 -3.4170914
v -0.0282160 -0.3510587 -0.0185702 1.000000 1.000000 1.000000
vn -5.1333065 -0.0249305 -3.5713902
v -0.0279436 -0.1594708 -0.0182884 1.000000 1.000000 1.000000
vn -3.0776033 -0.0228518 -1.9139199
v -0.0300647 -0.1114599 -0.0154508 1.000000 1.000000 1.000000
vn -0.3990079 -0.0025225 -0.2681136
v -0.0283713 -0.1037652 -0.0181759 1.000000 1.000000 1.000000
vn -1.2724265 -0.0244454 -0.9432824
v -0.0232059 -0.3883078 -0.0243632 1.000000 1.000000 1.000000
vn -2.4301686 -0.0056712 -1.9595304
v -0.0235420 -0.3516494 -0.0243651 1.000000 1.000000 1.000000
vn -2.4330492 0.0083662 -2.0301571
v -0.0242966 -0.2922762 -0.0230302 1.000000 1.000000 1.000000
vn -2.2940171 0.0021960 -2.0139246
v -0.0238687 -0.1788148 -0.0229412 1.000000 1.000000 1.000000
vn -1.1792837 -0.0029721 0.9945284
v -0.0241104 -0.3884290 0.0227955 1.000000 1.000000 1.000000
vn -5.9166260 -0.0373030 -1.8988322
v -0.0310911 0.1591816 -0.0112087 1.000000 1.000000 1.000000
vn -5.8417749 0.0066559 -2.0509324
v -0.0309767 0.1058737 -0.0115972 1.000000 1.000000 1.000000
vn -6.2166576 -0.0087670 -0.0251171
v -0.0326630 0.1422101 -0.0006825 1.000000 1.000000 1.000000
vn -5.9113483 -0.0297656 -1.8562677
v -0.0314611 0.2001420 -0.0110936 1.000000 1.000000 1.000000
vn -6.1946268 -0.0252176 -0.0698183
v -0.0328450 0.0897398 -0.0008923 1.000000 1.000000 1.000000
vn -6.2046676 -0.0144931 0.0338927
v -0.0331054 0.2384596 -0.0003588 1.000000 1.000000 1.000000
vn -5.9367647 -0.0320905 -1.8510578
v -0.0313917 0.2428286 -0.0113757 1.000000 1.000000 1.000000
vn -4.2679195 -1.6188614 -0.4717224
v -0.0333816 0.2835676 -0.0009368 1.000000 1.000000 1.000000
vn -5.7169347 -0.4847401 -2.4652121
v -0.0314027 0.2851672 -0.0120720 1.000000 1.000000 1.000000
vn -5.8869328 -0.0218282 -1.9607923
v -0.0309091 0.0590318 -0.0109535 1.000000 1.000000 1.000000
vn -6.2195377 -0.0240021 -0.0914265
v -0.0325678 0.0624277 -0.0007878 1.000000 1.000000 1.000000
vn -6.2273164 0.0190319 -0.1384722
v -0.0325335 -0.0029741 -0.0009141 1.000000 1.000000 1.000000
vn -6.0073357 0.0568016 -1.7076812
v -0.0312117 -0.0426769 -0.0097227 1.000000 1.000000 1.000000
vn -6.2187047 0.0867341 -0.0532368
v -0.0327570 -0.0482575 -0.0005917 1.000000 1.000000 1.000000
vn -3.2407055 0.0859188 -1.1412852
v -0.0321761 -0.0858823 -0.0102278 1.000000 1.000000 1.000000
vn -3.6324363 0.0921780 -0.1040027
v -0.0335825 -0.0817983 -0.0014888 1.000000 1.000000 1.000000
vn -5.6033835 0.0819866 -2.8165059
v -0.0296964 -0.0445118 -0.0133989 1.000000 1.000000 1.000000
vn -3.0068178 0.0896999 -1.5341305
v -0.0309485 -0.0888690 -0.0131358 1.000000 1.000000 1.000000
vn -3.1233695 -0.0002581 0.3899193
v -0.0312477 0.0216900 0.0095059 1.000000 1.000000 1.000000
vn -3.0955675 -0.0054835 0.4652044
v -0.0312365 0.0934256 0.0096735 1.000000 1.000000 1.000000
vn -3.1281402 -0.0001595 0.4547980
v -0.0312220 0.1395019 0.0092563 1.000000 1.000000 1.000000
vn -3.0930045 -0.0141151 0.4700644
v -0.0313832 0.2072349 0.0100008 1.000000 1.000000 1.000000
vn -5.9694934 -1.3056922 0.9177454
v -0.0327545 0.2830844 0.0038914 1.000000 1.000000 1.000000
vn -3.1202345 0.0296699 0.4359804
v -0.0313076 -0.0481311 0.0097728 1.000000 1.000000 1.000000
vn -1.4266396 0.0285716 0.2099984
v -0.0318527 -0.0831845 0.0103042 1.000000 1.000000 1.000000
vn -2.5992165 -0.8211563 0.6337396
v -0.0314436 0.2835974 0.0098147 1.000000 1.000000 1.000000
vn -1.1397187 -0.7209229 0.2661983
v -0.0338643 0.2869062 0.0094904 1.000000 1.000000 1.000000
vn -4.0778913 -1.2279732 -4.2360063
v -0.0290333 0.2907445 -0.0169988 1.000000 1.000000 1.000000
vn -5.3078818 -0.0228325 -3.3109636
v -0.0277246 0.2095024 -0.0185761 1.000000 1.000000 1.000000
vn -5.2480564 -0.0253676 -3.4143243
v -0.0268191 0.0918654 -0.0191044 1.000000 1.000000 1.000000
vn -5.2292490 -0.0271038 -3.4270902
v -0.0263380 0.0592271 -0.0197305 1.000000 1.000000 1.000000
vn -5.2529173 0.0426516 -3.4368026
v -0.0269813 -0.0452084 -0.0180362 1.000000 1.000000 1.000000
vn -2.7774887 0.0953756 -2.1001186
v -0.0294307 -0.0943308 -0.0163363 1.000000 1.000000 1.000000
vn -3.2402382 -4.7695799 -2.2672522
v -0.0334802 0.2856815 -0.0083887 1.000000 1.000000 1.000000
vn -2.4822028 -0.0887702 -1.9165964
v -0.0242322 0.2935674 -0.0237065 1.000000 1.000000 1.000000
vn -2.5001688 -0.0128463 -1.9023614
v -0.0238931 0.2144675 -0.0236451 1.000000 1.000000 1.000000
vn -2.4826992 -0.0101951 -1.9552149
v -0.0234592 0.1258011 -0.0235422 1.000000 1.000000 1.000000
vn -2.3966911 -0.0044365 -1.9035130
v -0.0226041 0.0662380 -0.0244391 1.000000 1.000000 1.000000
vn -2.4546514 -0.0179979 -2.0412366
v -0.0239972 0.0229277 -0.0222105 1.000000 1.000000 1.000000
vn -2.4420712 0.0483417 -1.9785708
v -0.0244450 -0.0620129 -0.0215772 1.000000 1.000000 1.000000
vn -2.5257025 0.0549118 -2.1391444
v -0.0249836 -0.0925390 -0.0217283 1.000000 1.000000 1.000000
vn -3.1587682 -0.6372966 -4.0341916
v -0.0284818 0.2982177 -0.0187884 1.000000 1.000000 1.000000
vn -2.0105774 -0.0071653 -1.9400365
v -0.0283713 -0.1037652 -0.0181759 1.000000 1.000000 1.000000
vn -2.7614632 0.0098978 -2.1640646
v -0.0297692 0.3094349 -0.0173979 1.000000 1.000000 1.000000
vn -5.1595912 -0.0323184 -3.5492375
v -0.0276512 0.3428878 -0.0199196 1.000000 1.000000 1.000000
vn -2.3181257 0.0550997 -1.1143690
v -0.0319807 0.3185961 -0.0121144 1.000000 1.000000 1.000000
vn -2.7209446 -0.0254191 -1.5554862
v -0.0319580 0.3444585 -0.0124114 1.000000 1.000000 1.000000
vn -3.1384113 -0.0875952 -1.8836520
v -0.0319923 0.4153283 -0.0138763 1.000000 1.000000 1.000000
vn -2.6859577 -0.1879718 -1.8324225
v -0.0257575 0.4210382 -0.0236266 1.000000 1.000000 1.000000
vn -5.2641001 -0.7434161 -3.3349135
v -0.0296318 0.4332585 -0.0198896 1.000000 1.000000 1.000000
vn -2.5041680 -0.5212718 -1.9912727
v -0.0259606 0.4395163 -0.0261951 1.000000 1.000000 1.000000
vn -2.3790481 -0.1175916 -1.1253448
v -0.0336763 0.4225630 -0.0102331 1.000000 1.000000 1.000000
vn -5.4718485 -0.8728187 -2.9570296
v -0.0341104 0.4377244 -0.0131696 1.000000 1.000000 1.000000
vn -2.8632598 -0.5141274 -1.3067557
v -0.0363174 0.4465018 -0.0113866 1.000000 1.000000 1.000000
vn -5.0677042 -1.2331703 -3.4381576
v -0.0332441 0.4582475 -0.0228663 1.000000 1.000000 1.000000
vn -5.4084477 -1.2814853 -2.8787193
v -0.0385656 0.4760945 -0.0212844 1.000000 1.000000 1.000000
vn -2.8224492 -0.6185772 -1.1359776
v -0.0412018 0.4712019 -0.0122014 1.000000 1.000000 1.000000
vn -5.1685295 0.7406079 -2.4310513
v -0.0442459 0.4988252 -0.0207671 1.000000 1.000000 1.000000
vn -1.4818736 -0.1854400 -0.5128087
v -0.0466402 0.4998344 -0.0142131 1.000000 1.000000 1.000000
vn -2.4805169 -0.3526055 -1.7541904
v -0.0400221 0.5001829 -0.0279395 1.000000 1.000000 1.000000
vn -4.5279751 -1.1845284 -4.1144748
v -0.0342363 0.4892214 -0.0323541 1.000000 1.000000 1.000000
vn -2.3659799 -0.0389701 -2.0580089
v -0.0247730 0.3640849 -0.0236298 1.000000 1.000000 1.000000
vn -3.2438221 0.6486316 -3.1081445
v -0.0338763 0.4984832 -0.0349362 1.000000 1.000000 1.000000
vn -1.9397562 -0.5901836 -1.8494025
v -0.0261187 0.4728345 -0.0352374 1.000000 1.000000 1.000000
vn -0.2791527 -0.0054008 -0.2832826
v -0.0217053 -0.1183388 -0.0244669 1.000000 1.000000 1.000000
vn -0.1362386 0.0715956 -0.1370619
v -0.0271550 0.5002458 -0.0406964 1.000000 1.000000 1.000000
vn -1.3099331 -2.6724379 -0.8514000
v -0.0457264 0.2893820 -0.0011624 1.000000 1.000000 1.000000
vn -1.2576540 -2.4712880 -0.9307047
v -0.0626641 0.2981120 -0.0021919 1.000000 1.000000 1.000000
vn -2.3354878 -4.6993022 -3.1562800
v -0.0450185 0.2921408 -0.0101555 1.000000 1.000000 1.000000
vn -2.3816874 -4.6271534 -3.2590942
v -0.0685328 0.3041379 -0.0099953 1.000000 1.000000 1.000000
vn -2.3607080 -4.5625191 -3.2688532
v -0.0563946 0.2980091 -0.0104791 1.000000 1.000000 1.000000
vn -1.8044432 -2.7848806 -5.2466617
v -0.0367765 0.2939497 -0.0155390 1.000000 1.000000 1.000000
vn -1.1172763 -2.1052532 -2.7105653
v -0.0546371 0.3021708 -0.0147769 1.000000 1.000000 1.000000
vn -0.5125765 -0.9066190 -2.4633214
v -0.0371958 0.3022299 -0.0184993 1.000000 1.000000 1.000000
vn -0.7421733 -1.4336274 -1.5835620
v -0.0763938 0.3129030 -0.0142462 1.000000 1.000000 1.000000
vn -0.6201746 -1.1589787 -1.0095966
v -0.0810590 0.3116842 -0.0109635 1.000000 1.000000 1.000000
vn -1.1361259 -2.0977459 -1.1358558
v -0.0777331 0.3074146 -0.0068442 1.000000 1.000000 1.000000
vn 4.7025652 0.8315291 -3.9418981
v 0.1742137 -0.4621496 -0.1478586 1.000000 1.000000 1.000000
vn 4.0379362 -2.2854328 -3.3160529
v 0.1791633 -0.4992793 -0.1417009 1.000000 1.000000 1.000000
vn 2.2557340 -0.0760951 -2.1623821
v 0.1666417 -0.4999426 -0.1557499 1.000000 1.000000 1.000000
vn 4.2593880 0.9663150 -4.3501492
v 0.1588695 -0.4625340 -0.1641866 1.000000 1.000000 1.000000
vn 2.1075540 -0.0408889 -2.3682687
v 0.1480375 -0.4996239 -0.1735657 1.000000 1.000000 1.000000
vn 3.8502798 0.9923883 -4.7135077
v 0.1435919 -0.4622608 -0.1777843 1.000000 1.000000 1.000000
vn 1.8994763 -0.0006990 -2.4687529
v 0.1361526 -0.4998933 -0.1834974 1.000000 1.000000 1.000000
vn 5.0284619 0.8658419 -3.5006356
v 0.1910056 -0.4615620 -0.1260916 1.000000 1.000000 1.000000
vn 2.5805917 -0.0763973 -1.8059663
v 0.1907365 -0.4998374 -0.1266386 1.000000 1.000000 1.000000
vn 4.9989939 -1.6038129 -2.8922138
v 0.1983763 -0.4989161 -0.1146304 1.000000 1.000000 1.000000
vn 1.7537168 0.0051878 -2.6256413
v 0.1249797 -0.4997908 -0.1915829 1.000000 1.000000 1.000000
vn 3.4675832 1.3825037 -4.8018055
v 0.1300220 -0.4610603 -0.1881160 1.000000 1.000000 1.000000
vn 3.1171603 1.3226845 -5.0680542
v 0.1178520 -0.4615600 -0.1962502 1.000000 1.000000 1.000000
vn 3.8158958 2.2219627 -4.3237543
v 0.1504952 -0.4593239 -0.1708539 1.000000 1.000000 1.000000
vn 2.4467387 0.8340487 -2.2330053
v 0.1713308 -0.4589266 -0.1499544 1.000000 1.000000 1.000000
vn 2.2918425 0.5954936 -1.7994969
v 0.1862056 -0.4580490 -0.1310423 1.000000 1.000000 1.000000
vn 5.4879198 0.0474097 -3.0571337
v 0.1996314 -0.4820100 -0.1119009 1.000000 1.000000 1.000000
vn 2.8475850 0.0900883 -1.7427065
v 0.1954837 -0.4601621 -0.1188469 1.000000 1.000000 1.000000
vn 2.7017336 -0.0026034 -1.4703594
v 0.2024534 -0.4593273 -0.1069707 1.000000 1.000000 1.000000
vn 2.8376777 -0.0535088 -1.3802484
v 0.2078471 -0.4998366 -0.0968005 1.000000 1.000000 1.000000
vn 5.6585355 -0.0058845 -2.7237134
v 0.2083465 -0.4792340 -0.0953862 1.000000 1.000000 1.000000
vn 2.9039617 -0.0130533 -1.2744513
v 0.2114373 -0.4594005 -0.0892256 1.000000 1.000000 1.000000
vn 5.3334665 -1.6531897 -2.0856616
v 0.2149889 -0.4988450 -0.0805854 1.000000 1.000000 1.000000
vn 5.8399115 0.0039867 -2.3138709
v 0.2142603 -0.4805511 -0.0816888 1.000000 1.000000 1.000000
vn 1.5447497 -0.0038092 -0.5789377
v 0.2191409 -0.4587280 -0.0688095 1.000000 1.000000 1.000000
vn 1.3781886 -0.0369782 -0.4942417
v 0.2205539 -0.4999649 -0.0644887 1.000000 1.000000 1.000000
vn 3.0582447 -0.0469577 -5.4867878
v 0.1101931 -0.4798014 -0.2004975 1.000000 1.000000 1.000000
vn 2.8154554 1.1836991 -5.3029485
v 0.1044501 -0.4620335 -0.2039520 1.000000 1.000000 1.000000
vn 1.5364134 -0.0188641 -2.7239261
v 0.1104956 -0.4999799 -0.2004659 1.000000 1.000000 1.000000
vn 2.6237221 -0.0257031 -5.7034826
v 0.0931656 -0.4830911 -0.2093158 1.000000 1.000000 1.000000
vn 2.2420492 -2.1285048 -4.8403945
v 0.0932741 -0.4992370 -0.2093916 1.000000 1.000000 1.000000
vn 2.4018388 1.2109681 -5.4833469
v 0.0893986 -0.4614966 -0.2112467 1.000000 1.000000 1.000000
vn 2.1576390 -0.0133603 -5.8986063
v 0.0761438 -0.4838101 -0.2161896 1.000000 1.000000 1.000000
vn 1.0668106 -0.0440910 -2.9618211
v 0.0750052 -0.4998602 -0.2167723 1.000000 1.000000 1.000000
vn 1.9808329 0.9024912 -5.7930059
v 0.0716206 -0.4626739 -0.2180072 1.000000 1.000000 1.000000
vn 1.6148057 -0.0255421 -6.0627232
v 0.0541641 -0.4810193 -0.2234441 1.000000 1.000000 1.000000
vn 1.4672487 -1.7422242 -5.4751348
v 0.0548354 -0.4986763 -0.2232656 1.000000 1.000000 1.000000
vn 0.8777682 0.1540435 -3.3977265
v 0.0513892 -0.4613145 -0.2241936 1.000000 1.000000 1.000000
vn 2.2973402 -1.6652389 -1.3090144
v 0.1991667 -0.4999890 -0.1118783 1.000000 1.000000 1.000000
vn 0.5121836 -0.0963620 -3.2492638
v 0.0320687 -0.4987993 -0.2279158 1.000000 1.000000 1.000000
vn 0.5536244 0.0216396 -3.3447230
v 0.0349564 -0.4622669 -0.2273877 1.000000 1.000000 1.000000
vn 1.1056842 1.0575984 -2.9870374
v 0.0793344 -0.4571230 -0.2134890 1.000000 1.000000 1.000000
vn 1.4166424 1.2983549 -2.5122137
v 0.1078515 -0.4539394 -0.1980628 1.000000 1.000000 1.000000
vn 1.1961825 1.1716316 -2.4268582
v 0.0935902 -0.4538722 -0.2055996 1.000000 1.000000 1.000000
vn 0.8109692 0.8144761 -2.4655352
v 0.0585252 -0.4576796 -0.2206647 1.000000 1.000000 1.000000
vn 1.6557186 1.4260706 -2.3597853
v 0.1265240 -0.4541641 -0.1864952 1.000000 1.000000 1.000000
vn 0.6495909 0.0645808 -6.2430983
v 0.0224401 -0.4713720 -0.2292224 1.000000 1.000000 1.000000
vn 0.3207147 0.1632015 -3.0746226
v 0.0247310 -0.4602520 -0.2286467 1.000000 1.000000 1.000000
vn 0.4240249 -1.5220206 -5.8387842
v 0.0142494 -0.4984539 -0.2298790 1.000000 1.000000 1.000000
vn 0.5720504 -1.4888347 -2.6634779
v 0.0508377 -0.4999159 -0.2234313 1.000000 1.000000 1.000000
vn 0.9675311 -2.0216033 -2.2153120
v 0.0884621 -0.4999680 -0.2108261 1.000000 1.000000 1.000000
vn 0.0925577 0.5376376 -4.6575413
v -0.0000830 -0.4622834 -0.2307836 1.000000 1.000000 1.000000
vn -0.0120828 -0.0743621 -3.2365341
v -0.0014230 -0.4987821 -0.2307138 1.000000 1.000000 1.000000
vn 0.2711218 -1.2078733 -2.7279439
v 0.0202776 -0.4999010 -0.2286391 1.000000 1.000000 1.000000
vn 1.7555144 1.4287972 -1.8947723
v 0.1512517 -0.4538444 -0.1660210 1.000000 1.000000 1.000000
vn 2.3895104 -1.7792023 -0.9493204
v 0.2154598 -0.5000079 -0.0772206 1.000000 1.000000 1.000000
vn -0.1375532 -0.2318854 -1.9508083
v -0.0267963 -0.4987391 -0.2290757 1.000000 1.000000 1.000000
vn -0.1248377 0.0193426 -1.5397328
v -0.0284541 -0.4628951 -0.2284911 1.000000 1.000000 1.000000
vn -0.1421603 -1.5525093 -2.1613491
v -0.0235445 -0.4998882 -0.2284642 1.000000 1.000000 1.000000
vn 0.0727715 0.4465318 -1.2695134
v -0.0006244 -0.4565808 -0.2288089 1.000000 1.000000 1.000000
vn -4.2591457 0.9732147 -4.1489286
v -0.1629058 -0.4620734 -0.1616448 1.000000 1.000000 1.000000
vn -4.4770346 -0.2901398 -4.3911424
v -0.1611222 -0.4736265 -0.1619430 1.000000 1.000000 1.000000
vn -4.8494272 -0.3259505 -3.9768879
v -0.1763411 -0.4735045 -0.1448339 1.000000 1.000000 1.000000
vn -4.6757517 0.9660661 -3.7345934
v -0.1779555 -0.4626237 -0.1443153 1.000000 1.000000 1.000000
vn -4.8534937 0.1796658 -3.9813695
v -0.1757994 -0.4825577 -0.1453401 1.000000 1.000000 1.000000
vn -4.4639516 0.2171075 -4.4090052
v -0.1612124 -0.4846632 -0.1619520 1.000000 1.000000 1.000000
vn -5.2001114 0.0325537 -3.5128520
v -0.1886084 -0.4785855 -0.1282195 1.000000 1.000000 1.000000
vn -5.0054121 0.9831418 -3.3334177
v -0.1890347 -0.4627461 -0.1290873 1.000000 1.000000 1.000000
vn -2.6937242 0.2050986 -1.8252846
v -0.1901066 -0.4978323 -0.1284415 1.000000 1.000000 1.000000
vn -2.3536868 0.1059979 -1.8524864
v -0.1816697 -0.4992917 -0.1392251 1.000000 1.000000 1.000000
vn -4.5271945 -1.0773296 -3.8840761
v -0.1741507 -0.4977891 -0.1488313 1.000000 1.000000 1.000000
vn -2.2392094 0.1567122 -2.2281554
v -0.1621421 -0.4981883 -0.1621609 1.000000 1.000000 1.000000
vn -4.0767612 -0.0503898 -4.7757902
v -0.1444723 -0.4775759 -0.1771361 1.000000 1.000000 1.000000
vn -2.2659302 -0.0587707 -2.6809504
v -0.1448466 -0.4981011 -0.1778050 1.000000 1.000000 1.000000
vn -3.8419094 1.2246709 -4.5063925
v -0.1470421 -0.4620172 -0.1759781 1.000000 1.000000 1.000000
vn -3.6409802 -0.0357516 -5.1147380
v -0.1291089 -0.4772832 -0.1893892 1.000000 1.000000 1.000000
vn -3.4317350 1.0148104 -4.9075136
v -0.1302038 -0.4628743 -0.1894255 1.000000 1.000000 1.000000
vn -1.7871630 0.0450380 -2.5906966
v -0.1277703 -0.4989655 -0.1910291 1.000000 1.000000 1.000000
vn -5.2562685 0.9965246 -3.0080757
v -0.1971089 -0.4626858 -0.1155176 1.000000 1.000000 1.000000
vn -5.4573832 0.1227787 -3.1025965
v -0.1972079 -0.4810576 -0.1141222 1.000000 1.000000 1.000000
vn -2.7705376 0.1602033 -1.5112528
v -0.1998866 -0.4984137 -0.1115355 1.000000 1.000000 1.000000
vn -5.6318612 -0.0198744 -2.7749350
v -0.2051963 -0.4773442 -0.0992906 1.000000 1.000000 1.000000
vn -5.6391149 0.1053701 -2.7396424
v -0.2062592 -0.4936959 -0.0989095 1.000000 1.000000 1.000000
vn -5.4129829 0.9367224 -2.6639845
v -0.2064951 -0.4626915 -0.0984169 1.000000 1.000000 1.000000
vn -2.7370973 -0.0982440 -1.2940370
v -0.2073534 -0.4993244 -0.0961679 1.000000 1.000000 1.000000
vn -2.9800234 0.1722145 -1.1776245
v -0.2137548 -0.4984214 -0.0824548 1.000000 1.000000 1.000000
vn -5.6452541 0.8300458 -2.1724167
v -0.2140517 -0.4626535 -0.0810975 1.000000 1.000000 1.000000
vn -5.8498611 -0.2120727 -2.2720017
v -0.2129397 -0.4722812 -0.0821667 1.000000 1.000000 1.000000
vn -5.8543243 0.2634910 -2.2580163
v -0.2130302 -0.4860843 -0.0820699 1.000000 1.000000 1.000000
vn -2.9516478 0.1945926 -0.9553422
v -0.2195720 -0.4986967 -0.0661238 1.000000 1.000000 1.000000
vn -6.0599661 0.1199799 -1.6301104
v -0.2220942 -0.4826459 -0.0548414 1.000000 1.000000 1.000000
vn -5.8073254 1.0226775 -1.5649517
v -0.2224648 -0.4613618 -0.0554483 1.000000 1.000000 1.000000
vn -3.0649045 0.1283391 -0.7050034
v -0.2243087 -0.4985063 -0.0486376 1.000000 1.000000 1.000000
vn -2.5397370 1.1777120 -1.5852987
v -0.1890003 -0.4537991 -0.1226325 1.000000 1.000000 1.000000
vn -2.6328545 1.1639431 -1.4495876
v -0.1978650 -0.4531032 -0.1065846 1.000000 1.000000 1.000000
vn -6.2136545 -0.0005659 -0.8884264
v -0.2272744 -0.4746924 -0.0287634 1.000000 1.000000 1.000000
vn -5.8814321 1.0189625 -1.1136848
v -0.2267077 -0.4612786 -0.0362349 1.000000 1.000000 1.000000
vn -2.5843499 1.0856117 -1.2184818
v -0.2042794 -0.4515626 -0.0932452 1.000000 1.000000 1.000000
vn -2.7699044 1.0797987 -1.0479429
v -0.2116537 -0.4515722 -0.0761759 1.000000 1.000000 1.000000
vn -3.1021988 0.1325021 -0.3892145
v -0.2288515 -0.4985161 -0.0250728 1.000000 1.000000 1.000000
vn -2.3503184 1.2061564 -1.6970612
v -0.1824563 -0.4537608 -0.1319321 1.000000 1.000000 1.000000
vn -5.9441667 1.1326913 -0.5958969
v -0.2284943 -0.4604931 -0.0226944 1.000000 1.000000 1.000000
vn -2.3009784 1.3194579 -1.8588195
v -0.1744414 -0.4538886 -0.1426881 1.000000 1.000000 1.000000
vn -3.9902215 2.8373244 -3.8768778
v -0.1620479 -0.4580586 -0.1600351 1.000000 1.000000 1.000000
vn -2.8850780 1.1574461 -0.7694535
v -0.2188166 -0.4519449 -0.0549619 1.000000 1.000000 1.000000
vn -6.2554841 0.2868254 -0.5095056
v -0.2283143 -0.4814120 -0.0211439 1.000000 1.000000 1.000000
vn -2.7894902 -0.0954395 -0.2041232
v -0.2297430 -0.4679037 0.0016111 1.000000 1.000000 1.000000
vn -3.3328424 0.4576132 -0.2443859
v -0.2301840 -0.4609458 -0.0004986 1.000000 1.000000 1.000000
vn -1.6269162 0.0807766 -0.1035175
v -0.2304971 -0.4985000 -0.0001715 1.000000 1.000000 1.000000
vn -3.1240921 0.0859962 -0.1976252
v -0.2297404 -0.4826939 0.0008436 1.000000 1.000000 1.000000
vn -2.8423655 1.2387964 -0.5472001
v -0.2224535 -0.4518705 -0.0366807 1.000000 1.000000 1.000000
vn -2.7696121 1.2313141 -0.3516647
v -0.2244317 -0.4518885 -0.0247606 1.000000 1.000000 1.000000
vn -1.5151756 0.6519502 -0.1051352
v -0.2275964 -0.4547483 -0.0000113 1.000000 1.000000 1.000000
vn -1.5951869 0.0578491 -2.7254384
v -0.1141585 -0.4986377 -0.1994191 1.000000 1.000000 1.000000
vn -3.1336036 0.9659101 -5.2398639
v -0.1142660 -0.4631020 -0.1990988 1.000000 1.000000 1.000000
vn -1.6843517 1.2167916 -2.4607036
v -0.1267435 -0.4546052 -0.1877080 1.000000 1.000000 1.000000
vn -1.7783929 1.3977484 -2.1117811
v -0.1418395 -0.4531125 -0.1745363 1.000000 1.000000 1.000000
vn -1.8715237 1.6229463 -1.9053130
v -0.1586743 -0.4529262 -0.1589772 1.000000 1.000000 1.000000
vn -1.5739473 1.0183170 -2.6227260
v -0.1107219 -0.4553581 -0.1982276 1.000000 1.000000 1.000000
vn -2.0230122 0.3664395 -4.0069914
v -0.0988041 -0.4627520 -0.2078742 1.000000 1.000000 1.000000
vn -0.7914882 0.5274976 -1.3821470
v -0.0984803 -0.4550048 -0.2051029 1.000000 1.000000 1.000000
vn -2.6859436 0.0055238 -5.6743512
v -0.0989981 -0.4794491 -0.2072009 1.000000 1.000000 1.000000
vn -1.3394995 0.0862742 -2.8403635
v -0.0983409 -0.4986155 -0.2080930 1.000000 1.000000 1.000000
vn -1.1282799 0.0709450 -2.9825032
v -0.0810843 -0.4987536 -0.2150650 1.000000 1.000000 1.000000
vn -2.3123217 -0.0359162 -5.8409495
v -0.0860311 -0.4753390 -0.2125251 1.000000 1.000000 1.000000
vn -1.4942027 -1.2431406 -1.8482125
v -0.1414439 -0.4995853 -0.1795577 1.000000 1.000000 1.000000
vn -0.6206200 -0.0317050 -1.5831103
v -0.0741747 -0.4627741 -0.2174248 1.000000 1.000000 1.000000
vn -1.1750760 0.0386182 -3.1639481
v -0.0716475 -0.4827818 -0.2180910 1.000000 1.000000 1.000000
vn -0.3756420 0.0160123 -1.0869136
v -0.0656499 -0.4996949 -0.2204130 1.000000 1.000000 1.000000
vn 2.7136807 5.5364809 -0.7591253
v -0.0915172 -0.0533426 -0.0012081 1.000000 1.000000 1.000000
vn 2.5863028 5.5637083 -0.0843544
v -0.1299662 -0.0349697 -0.0000845 1.000000 1.000000 1.000000
vn 2.7412927 5.5651340 0.7010215
v -0.0873788 -0.0554156 0.0018677 1.000000 1.000000 1.000000
vn 2.6822445 5.5162630 -0.3036436
v -0.0573168 -0.0704560 -0.0004889 1.000000 1.000000 1.000000
vn 1.4224284 2.8220561 0.6060201
v -0.0633206 -0.0693109 0.0087466 1.000000 1.000000 1.000000
vn 1.2936338 2.7647388 0.6133279
v -0.1227421 -0.0403345 0.0089769 1.000000 1.000000 1.000000
vn 2.5489783 5.5564408 -0.2443668
v -0.1564350 -0.0227317 -0.0009425 1.000000 1.000000 1.000000
vn 2.5292358 5.6252589 -0.0842333
v -0.1718761 -0.0158538 -0.0004948 1.000000 1.000000 1.000000
vn 1.2823603 2.7934451 0.5752301
v -0.1558491 -0.0250450 0.0089008 1.000000 1.000000 1.000000
vn 1.2819674 2.8277214 0.5404999
v -0.1762671 -0.0156866 0.0089134 1.000000 1.000000 1.000000
vn 2.3396270 5.6754251 -0.2093470
v -0.1854958 -0.0096939 -0.0008457 1.000000 1.000000 1.000000
vn 0.5692768 1.5023103 0.1662413
v -0.1949919 -0.0071978 0.0091160 1.000000 1.000000 1.000000
vn 1.2942132 2.8288774 0.6192497
v -0.1419464 -0.0314390 0.0086629 1.000000 1.000000 1.000000
vn 1.2796965 2.9014022 0.7071270
v -0.0468527 -0.0772856 0.0091350 1.000000 1.000000 1.000000
vn 1.4028597 2.8421192 0.7191823
v -0.0864653 -0.0574844 0.0085158 1.000000 1.000000 1.000000
vn 1.3231238 2.7663236 0.7188815
v -0.1035416 -0.0494457 0.0086431 1.000000 1.000000 1.000000
vn 1.4955730 3.1614966 -0.0000214
v -0.0337259 -0.0811661 0.0009956 1.000000 1.000000 1.000000
vn 2.4837155 5.2354646 1.9720573
v -0.0377177 -0.0806515 0.0080052 1.000000 1.000000 1.000000
vn 0.5544289 0.9299712 0.3763908
v -0.0321138 -0.0852783 0.0111824 1.000000 1.000000 1.000000
vn 0.7490182 3.0979095 -0.2563561
v -0.1953351 -0.0066258 -0.0013561 1.000000 1.000000 1.000000
vn 1.1687273 2.3158245 1.4647028
v -0.0764498 -0.0631794 0.0095283 1.000000 1.000000 1.000000
vn 0.8874429 5.3639092 -2.0845025
v -0.1931968 -0.0086608 -0.0100445 1.000000 1.000000 1.000000
vn 2.3838048 5.2077222 -2.3471854
v -0.1759864 -0.0159354 -0.0086897 1.000000 1.000000 1.000000
vn 2.3444445 5.0346384 -2.6142273
v -0.1194109 -0.0421357 -0.0087851 1.000000 1.000000 1.000000
vn 2.3733737 4.9681578 -2.6450286
v -0.1061770 -0.0483511 -0.0089658 1.000000 1.000000 1.000000
vn 2.3289061 4.9812579 -2.7029624
v -0.1338723 -0.0354867 -0.0090703 1.000000 1.000000 1.000000
vn 2.4539185 4.8381433 -2.8404009
v -0.0745876 -0.0640897 -0.0085857 1.000000 1.000000 1.000000
vn 2.4697704 4.8373899 -2.8735414
v -0.0908960 -0.0560659 -0.0088733 1.000000 1.000000 1.000000
vn 2.2386448 4.8138790 -2.9805822
v -0.0433130 -0.0797452 -0.0094494 1.000000 1.000000 1.000000
vn 2.3638873 4.7908297 -2.9980333
v -0.0595411 -0.0720210 -0.0089585 1.000000 1.000000 1.000000
vn 1.2885160 2.9129090 -0.8237416
v -0.0335825 -0.0817983 -0.0014888 1.000000 1.000000 1.000000
vn 2.3015513 5.0036263 -2.7893927
v -0.1518245 -0.0274268 -0.0092116 1.000000 1.000000 1.000000
vn 1.3169847 2.6058817 -1.7026995
v -0.0321761 -0.0858823 -0.0102278 1.000000 1.000000 1.000000
vn 1.9170474 3.9990315 -4.2829638
v -0.1822403 -0.0167923 -0.0140732 1.000000 1.000000 1.000000
vn 0.6039812 3.0952015 -2.3294644
v -0.1954232 -0.0103714 -0.0137665 1.000000 1.000000 1.000000
vn 0.7806205 1.8211445 -2.4174311
v -0.0309485 -0.0888690 -0.0131358 1.000000 1.000000 1.000000
vn 1.7220485 3.6663628 -4.6670065
v -0.1314574 -0.0414567 -0.0145066 1.000000 1.000000 1.000000
vn 1.6921601 3.6762590 -4.6548433
v -0.1551066 -0.0305260 -0.0146175 1.000000 1.000000 1.000000
vn 1.8222836 3.5655580 -4.7402725
v -0.1705927 -0.0232172 -0.0146466 1.000000 1.000000 1.000000
vn 1.7914524 3.6005459 -4.6717911
v -0.1063844 -0.0531435 -0.0144600 1.000000 1.000000 1.000000
vn 1.8761199 3.5916586 -4.7088404
v -0.0877079 -0.0628501 -0.0142374 1.000000 1.000000 1.000000
vn 1.8071861 3.5661659 -4.7428379
v -0.0720993 -0.0707162 -0.0141604 1.000000 1.000000 1.000000
vn 1.4713248 3.1139677 -5.0923376
v -0.0605667 -0.0777159 -0.0148977 1.000000 1.000000 1.000000
vn 1.5689936 3.2594433 -5.0145974
v -0.0433221 -0.0855454 -0.0149912 1.000000 1.000000 1.000000
vn -0.3378917 1.8847958 -0.6119899
v -0.1978417 -0.0100857 -0.0118683 1.000000 1.000000 1.000000
vn 0.4569435 1.4119699 -3.1426702
v -0.1969663 -0.0158900 -0.0181303 1.000000 1.000000 1.000000
vn 1.1205375 2.2061927 -5.6551385
v -0.1824831 -0.0239614 -0.0185901 1.000000 1.000000 1.000000
vn 1.2227707 2.1854098 -5.6938672
v -0.0974688 -0.0628428 -0.0171160 1.000000 1.000000 1.000000
vn 1.1824644 2.1231272 -5.7326179
v -0.0754580 -0.0747568 -0.0172079 1.000000 1.000000 1.000000
vn 1.0165433 1.9429010 -5.8242812
v -0.1654540 -0.0332326 -0.0183844 1.000000 1.000000 1.000000
vn 1.0988331 2.2963605 -5.6959352
v -0.1169791 -0.0534572 -0.0173200 1.000000 1.000000 1.000000
vn 0.9176593 1.9106646 -5.8058357
v -0.1388629 -0.0445382 -0.0179974 1.000000 1.000000 1.000000
vn 0.8860116 1.7848184 -5.8023534
v -0.1525789 -0.0387796 -0.0184634 1.000000 1.000000 1.000000
vn 0.7857985 2.1338243 -5.8001475
v -0.0539965 -0.0855687 -0.0173512 1.000000 1.000000 1.000000
vn 0.5818762 1.3747804 -5.9358768
v -0.0456655 -0.0915503 -0.0181836 1.000000 1.000000 1.000000
vn 0.5307298 1.0687799 -2.7851691
v -0.0294307 -0.0943308 -0.0163363 1.000000 1.000000 1.000000
vn 0.3176340 0.5112474 -6.1272001
v -0.0647276 -0.0867887 -0.0184497 1.000000 1.000000 1.000000
vn 0.3278432 0.5984086 -6.0884724
v -0.1078584 -0.0634772 -0.0189537 1.000000 1.000000 1.000000
vn 0.5454792 0.8396640 -6.1254778
v -0.0849452 -0.0737789 -0.0183663 1.000000 1.000000 1.000000
vn 0.4208734 0.8527734 -6.1529946
v -0.1228084 -0.0563126 -0.0188809 1.000000 1.000000 1.000000
vn 0.5145414 0.5576835 -6.1352029
v -0.0379033 -0.0976560 -0.0185383 1.000000 1.000000 1.000000
vn -0.4649808 0.3912454 -5.9621902
v -0.1975158 -0.0231117 -0.0200215 1.000000 1.000000 1.000000
vn 0.1264077 0.0575828 -6.1877637
v -0.0928715 -0.0735370 -0.0188107 1.000000 1.000000 1.000000
vn 0.1414748 0.1287110 -1.5516937
v -0.0283713 -0.1037652 -0.0181759 1.000000 1.000000 1.000000
vn 0.2892448 0.3064395 -6.1606836
v -0.1780287 -0.0306807 -0.0194816 1.000000 1.000000 1.000000
vn -0.0379905 -0.1374800 -6.1896286
v -0.1592115 -0.0419477 -0.0192539 1.000000 1.000000 1.000000
vn -0.0307977 -0.0799728 -6.2017989
v -0.1376319 -0.0516363 -0.0189475 1.000000 1.000000 1.000000
vn -0.5419780 0.2873609 -2.3265972
v -0.2020233 -0.0217308 -0.0188009 1.000000 1.000000 1.000000
vn -0.0894548 0.1114173 -3.8346150
v -0.0444880 -0.0986092 -0.0186741 1.000000 1.000000 1.000000
vn -0.0495926 -0.1223856 -3.7416751
v -0.1220749 -0.0612153 -0.0189493 1.000000 1.000000 1.000000
vn -0.1193570 -0.0969063 -2.8454931
v -0.0524702 -0.0985317 -0.0178925 1.000000 1.000000 1.000000
vn -0.1311104 -0.2032920 -2.9913654
v -0.0812027 -0.0850347 -0.0178819 1.000000 1.000000 1.000000
vn -0.1711476 -0.2411748 -3.9242184
v -0.1028279 -0.0714611 -0.0188247 1.000000 1.000000 1.000000
vn -0.0372288 -0.1931552 -3.6309135
v -0.0699368 -0.0883394 -0.0183566 1.000000 1.000000 1.000000
vn -0.0022861 -0.2029040 -2.2982316
v -0.0375925 -0.1047207 -0.0179149 1.000000 1.000000 1.000000
vn -0.1892253 -0.3761933 -2.6093302
v -0.0628553 -0.0953308 -0.0173539 1.000000 1.000000 1.000000
vn -0.1910467 -0.2852790 -2.2946062
v -0.1106499 -0.0718332 -0.0176824 1.000000 1.000000 1.000000
vn -0.1175119 -0.4505990 -3.1247184
v -0.1868327 -0.0339894 -0.0187641 1.000000 1.000000 1.000000
vn -0.2334970 -0.4827466 -3.1266160
v -0.1681131 -0.0425115 -0.0184429 1.000000 1.000000 1.000000
vn -0.3294925 -0.2592107 -1.9955593
v -0.2017495 -0.0274774 -0.0187554 1.000000 1.000000 1.000000
vn -0.1569182 -0.4419253 -2.7692842
v -0.0946790 -0.0789749 -0.0178405 1.000000 1.000000 1.000000
vn -0.1856439 -0.5055662 -3.1194267
v -0.1510691 -0.0509511 -0.0182945 1.000000 1.000000 1.000000
vn -0.2756014 -0.5060329 -2.7297659
v -0.1350441 -0.0593081 -0.0177866 1.000000 1.000000 1.000000
vn -1.7892435 3.6410723 4.6487341
v 0.1296231 0.3665553 0.0142219 1.000000 1.000000 1.000000
vn -2.3959053 4.7823119 3.1022661
v 0.1041301 0.3583056 0.0093831 1.000000 1.000000 1.000000
vn -1.7120829 3.3541873 4.9083714
v 0.1189905 0.3602582 0.0149778 1.000000 1.000000 1.000000
vn -1.7864418 3.4922528 4.7571521
v 0.1011139 0.3522342 0.0142715 1.000000 1.000000 1.000000
vn -2.4447370 4.8234515 2.9165931
v 0.0810532 0.3473448 0.0084516 1.000000 1.000000 1.000000
vn -1.7630100 3.4736323 4.8070178
v 0.0848178 0.3434422 0.0144902 1.000000 1.000000 1.000000
vn -2.3605685 4.5861015 3.4415910
v 0.0629930 0.3371303 0.0096514 1.000000 1.000000 1.000000
vn -1.6223097 3.0859258 5.0572386
v 0.0710252 0.3356081 0.0150512 1.000000 1.000000 1.000000
vn -1.6477604 3.2892313 4.9683266
v 0.0570483 0.3288539 0.0146095 1.000000 1.000000 1.000000
vn -2.2234924 4.6292315 3.5348401
v 0.0478135 0.3298185 0.0091841 1.000000 1.000000 1.000000
vn -1.3964481 3.2036433 5.0754743
v 0.0403352 0.3206094 0.0148789 1.000000 1.000000 1.000000
vn -0.5061857 1.3750515 2.6958816
v 0.0298105 0.3151875 0.0157572 1.000000 1.000000 1.000000
vn -1.3502593 2.6941836 1.6360300
v 0.0334403 0.3231692 0.0088298 1.000000 1.000000 1.000000
vn -2.4228816 4.9926772 2.5951529
v 0.1289035 0.3714161 0.0082205 1.000000 1.000000 1.000000
vn -2.4093215 4.9869428 2.5749493
v 0.1466471 0.3799044 0.0086125 1.000000 1.000000 1.000000
vn -1.8493264 3.6774035 4.6146216
v 0.1503428 0.3766409 0.0143838 1.000000 1.000000 1.000000
vn -2.2883682 4.9350128 2.9758148
v 0.1656598 0.3882579 0.0095086 1.000000 1.000000 1.000000
vn -1.8353412 3.8946950 4.4599257
v 0.1735902 0.3877203 0.0145645 1.000000 1.000000 1.000000
vn -0.6711828 4.2433310 4.1266046
v 0.1932932 0.3968618 0.0143267 1.000000 1.000000 1.000000
vn -0.7395294 2.8932414 1.5430272
v 0.1949841 0.4002779 0.0102917 1.000000 1.000000 1.000000
vn -0.1850410 2.7354765 5.2316656
v 0.1944142 0.3919082 0.0183026 1.000000 1.000000 1.000000
vn -1.0971466 2.0963218 5.6729765
v 0.1666703 0.3787115 0.0180451 1.000000 1.000000 1.000000
vn -0.9427866 1.7796161 5.8234005
v 0.1455135 0.3669285 0.0182062 1.000000 1.000000 1.000000
vn -0.8711823 1.7531184 5.8514037
v 0.1304636 0.3595785 0.0180263 1.000000 1.000000 1.000000
vn -0.8409607 1.6016738 5.8935246
v 0.0966746 0.3422715 0.0179457 1.000000 1.000000 1.000000
vn -0.8263381 1.5323763 5.9025483
v 0.1128835 0.3501487 0.0182048 1.000000 1.000000 1.000000
vn -0.7435446 1.4539719 5.9679480
v 0.0507767 0.3191197 0.0175580 1.000000 1.000000 1.000000
vn -1.0355306 1.8687241 5.8938141
v 0.0679155 0.3287214 0.0170102 1.000000 1.000000 1.000000
vn -0.2787139 1.1599745 6.0846725
v 0.0413600 0.3128293 0.0178905 1.000000 1.000000 1.000000
vn -0.5659281 0.9724904 3.2598619
v 0.0821435 0.3325073 0.0182541 1.000000 1.000000 1.000000
vn -0.1358488 0.4140403 2.8548427
v 0.0274873 0.3066154 0.0186561 1.000000 1.000000 1.000000
vn -0.2724993 0.5842777 3.1422477
v 0.0628710 0.3208849 0.0181615 1.000000 1.000000 1.000000
vn -0.1213354 0.4769331 2.2018874
v 0.1966859 0.3841340 0.0201674 1.000000 1.000000 1.000000
vn -0.5651110 0.8971224 6.1873827
v 0.1776222 0.3773167 0.0194480 1.000000 1.000000 1.000000
vn -0.2552411 0.4449910 3.0932741
v 0.1643956 0.3685424 0.0193738 1.000000 1.000000 1.000000
vn 0.3685016 1.2889056 2.4466503
v 0.1986527 0.3912354 0.0180187 1.000000 1.000000 1.000000
vn -0.1842088 0.3485097 3.1490164
v 0.1321687 0.3532689 0.0188494 1.000000 1.000000 1.000000
vn 0.3951473 1.7771497 1.8799525
v 0.1980623 0.3969741 0.0132062 1.000000 1.000000 1.000000
vn -0.1337651 0.2431435 2.8755670
v 0.0991558 0.3363341 0.0185732 1.000000 1.000000 1.000000
vn 0.1349573 0.1273144 2.9720433
v 0.0434351 0.3072616 0.0179740 1.000000 1.000000 1.000000
vn -0.0001011 0.1948122 3.2635243
v 0.0339427 0.3026845 0.0189960 1.000000 1.000000 1.000000
vn -0.0482376 0.0038384 0.9604764
v 0.0273307 0.2982470 0.0186816 1.000000 1.000000 1.000000
vn -2.7286854 5.3255754 1.7430911
v 0.0622782 0.3388821 0.0054115 1.000000 1.000000 1.000000
vn -2.3241069 5.4855833 1.7709064
v 0.1764792 0.3944491 0.0063080 1.000000 1.000000 1.000000
vn -2.7352660 5.4467793 1.2591161
v 0.1115303 0.3640107 0.0045502 1.000000 1.000000 1.000000
vn -2.7263460 5.4787836 1.2421997
v 0.0900446 0.3532122 0.0043565 1.000000 1.000000 1.000000
vn -1.4017313 2.9442844 0.6182076
v 0.1479500 0.3825204 -0.0001779 1.000000 1.000000 1.000000
vn -0.5692195 1.5497258 0.3459020
v 0.1940890 0.4021145 0.0009442 1.000000 1.000000 1.000000
vn -1.1238658 2.7540438 0.5114262
v 0.1783580 0.3965057 -0.0006384 1.000000 1.000000 1.000000
vn -1.4233270 2.7371855 0.5143791
v 0.0520797 0.3348261 -0.0009968 1.000000 1.000000 1.000000
vn -0.8585459 1.6193483 0.2924578
v 0.0350450 0.3257300 -0.0006387 1.000000 1.000000 1.000000
vn -1.3981725 2.7995706 0.2683649
v 0.0871324 0.3523147 -0.0013585 1.000000 1.000000 1.000000
vn -1.3224759 2.6442931 0.1633874
v 0.1392817 0.3782855 -0.0018528 1.000000 1.000000 1.000000
vn -5.8462987 1.9642429 0.9921660
v -0.0173081 0.1308082 -0.1237573 1.000000 1.000000 1.000000
vn -5.9228911 -0.3933718 -0.0987242
v -0.0188128 0.1236328 -0.1223860 1.000000 1.000000 1.000000
vn -5.8637638 1.9982140 0.9517553
v -0.0168225 0.1237966 -0.1080834 1.000000 1.000000 1.000000
vn -5.9563794 -0.3703429 -0.2147839
v -0.0185594 0.1164846 -0.1068184 1.000000 1.000000 1.000000
vn -6.0055661 -0.3598945 -0.1331759
v -0.0187822 0.1309497 -0.1367364 1.000000 1.000000 1.000000
vn -5.8505487 1.9456018 0.9699779
v -0.0181227 0.1414787 -0.1494168 1.000000 1.000000 1.000000
vn -5.9120054 -0.2113305 -0.0974881
v -0.0192105 0.1412475 -0.1577080 1.000000 1.000000 1.000000
vn -5.8458519 2.0232098 0.9342647
v -0.0177696 0.1519308 -0.1709440 1.000000 1.000000 1.000000
vn -5.9878011 -0.5166867 -0.1523331
v -0.0189869 0.1506177 -0.1796603 1.000000 1.000000 1.000000
vn -5.9837093 1.1062326 0.5206552
v -0.0184076 0.1128621 -0.0914681 1.000000 1.000000 1.000000
vn -5.7971702 1.9918395 0.8779383
v -0.0184140 0.1603612 -0.1901306 1.000000 1.000000 1.000000
vn -5.8645258 0.8724172 0.3237880
v -0.0191285 0.1625876 -0.2008708 1.000000 1.000000 1.000000
vn -4.9912424 3.3162503 1.5082351
v -0.0140135 0.1284547 -0.1039776 1.000000 1.000000 1.000000
vn -4.9749756 3.3544226 1.4131780
v -0.0137274 0.1194991 -0.0814885 1.000000 1.000000 1.000000
vn -5.1999741 3.0281291 1.3387631
v -0.0138594 0.1146144 -0.0707667 1.000000 1.000000 1.000000
vn -5.9004750 -0.1913492 -0.0260352
v -0.0183025 0.1025335 -0.0739013 1.000000 1.000000 1.000000
vn -5.7633281 2.2524529 0.9238436
v -0.0161498 0.1053756 -0.0617653 1.000000 1.000000 1.000000
vn -5.8779502 0.0242440 0.0093280
v -0.0184417 0.0961488 -0.0566616 1.000000 1.000000 1.000000
vn -5.4418182 2.8294439 1.0963504
v -0.0142946 0.1021415 -0.0440571 1.000000 1.000000 1.000000
vn -5.9241486 -0.0225362 -0.2504763
v -0.0184678 0.0911912 -0.0472425 1.000000 1.000000 1.000000
vn -5.2751455 3.3640621 0.3171226
v -0.0159550 0.0954876 -0.0330944 1.000000 1.000000 1.000000
vn -4.9464512 3.3324618 1.6189038
v -0.0143784 0.1480636 -0.1459276 1.000000 1.000000 1.000000
vn -2.9930928 1.4590163 0.6959169
v -0.0138341 0.1589847 -0.1674308 1.000000 1.000000 1.000000
vn -4.9454432 3.3648615 1.5727358
v -0.0141416 0.1384001 -0.1250239 1.000000 1.000000 1.000000
vn -2.7685640 1.6171508 0.6650995
v -0.0118726 0.1096425 -0.0524782 1.000000 1.000000 1.000000
vn -2.7727289 1.4371586 0.5731547
v -0.0135296 0.1675811 -0.1845277 1.000000 1.000000 1.000000
vn -2.5275087 1.4675117 0.6529916
v -0.0122222 0.1740901 -0.1974972 1.000000 1.000000 1.000000
vn -3.3235166 1.4233669 0.0572468
v -0.0172470 0.1704272 -0.2059097 1.000000 1.000000 1.000000
vn -1.9921873 1.4301186 0.3209729
v -0.0131417 0.0989453 -0.0307618 1.000000 1.000000 1.000000
vn -2.3169184 1.6397843 0.6755019
v -0.0113646 0.1054184 -0.0419621 1.000000 1.000000 1.000000
vn -1.1346705 0.8169905 0.3220254
v -0.0123196 0.1768163 -0.2047570 1.000000 1.000000 1.000000
vn -2.5599265 1.2639732 0.0130170
v -0.0165139 0.0947927 -0.0284027 1.000000 1.000000 1.000000
vn -5.9309564 -0.3367032 -0.5497528
v -0.0189609 0.0868724 -0.0372384 1.000000 1.000000 1.000000
vn -2.5900974 -0.0299558 -0.2267201
v -0.0198764 0.0844006 -0.0264536 1.000000 1.000000 1.000000
vn -5.0793419 -0.2941725 -1.9692951
v -0.0188335 0.1601466 -0.2076931 1.000000 1.000000 1.000000
vn -2.0791278 2.0634589 0.8021193
v -0.0107455 0.1147494 -0.0629927 1.000000 1.000000 1.000000
vn -2.0483894 1.8980889 0.9196274
v -0.0111448 0.1549429 -0.1529237 1.000000 1.000000 1.000000
vn -2.2259865 2.1007414 0.9899967
v -0.0107592 0.1393152 -0.1193055 1.000000 1.000000 1.000000
vn -2.0236399 2.0874522 0.9886184
v -0.0102389 0.1465785 -0.1344793 1.000000 1.000000 1.000000
vn -2.1646743 2.1565299 0.8892205
v -0.0106705 0.1239721 -0.0848847 1.000000 1.000000 1.000000
vn -2.0803580 2.0657787 0.9320648
v -0.0099466 0.1319845 -0.1027238 1.000000 1.000000 1.000000
vn -6.0046105 -1.3243258 -0.5352017
v -0.0182428 0.1091526 -0.0932679 1.000000 1.000000 1.000000
vn -5.7596869 -2.1631570 -0.8960744
v -0.0171723 0.1528827 -0.2004345 1.000000 1.000000 1.000000
vn -2.5180433 -1.1880292 -0.6725674
v -0.0173904 0.0758034 -0.0283695 1.000000 1.000000 1.000000
vn -5.1753135 -3.0467062 -1.3911339
v -0.0143234 0.1253138 -0.1518795 1.000000 1.000000 1.000000
vn -5.1244731 -3.0903766 -1.4180603
v -0.0143490 0.1307983 -0.1640607 1.000000 1.000000 1.000000
vn -5.1640215 -3.0507507 -1.4167192
v -0.0144676 0.1373616 -0.1776550 1.000000 1.000000 1.000000
vn -5.2049675 -3.1645195 -1.2735488
v -0.0142119 0.1440517 -0.1929253 1.000000 1.000000 1.000000
vn -5.0378475 -3.1639094 -1.4431796
v -0.0138894 0.0849959 -0.0607710 1.000000 1.000000 1.000000
vn -5.2650051 -3.0233657 -1.2116019
v -0.0143164 0.0931638 -0.0772090 1.000000 1.000000 1.000000
vn -4.9482880 -3.3118672 -1.3731973
v -0.0142167 0.0995794 -0.0946135 1.000000 1.000000 1.000000
vn -4.9141417 -3.3032441 -1.4601872
v -0.0139572 0.1145489 -0.1306203 1.000000 1.000000 1.000000
vn -5.3143525 -2.9412060 -1.5160410
v -0.0145496 0.0779713 -0.0404022 1.000000 1.000000 1.000000
vn -3.7409055 -3.7976422 -2.2917910
v -0.0139129 0.1495488 -0.2069801 1.000000 1.000000 1.000000
vn -2.0767817 -1.5015346 -1.7294897
v -0.0135948 0.1549739 -0.2145098 1.000000 1.000000 1.000000
vn -1.9003214 0.5513560 -1.6795905
v -0.0151120 0.1672764 -0.2095632 1.000000 1.000000 1.000000
vn -2.5147941 -1.7586842 -0.8310084
v -0.0111393 0.0735543 -0.0416076 1.000000 1.000000 1.000000
vn -2.4315670 -1.9049299 -0.7673391
v -0.0112836 0.0777230 -0.0505654 1.000000 1.000000 1.000000
vn -1.1755272 -0.8833271 -0.4050108
v -0.0107780 0.0685571 -0.0317572 1.000000 1.000000 1.000000
vn -3.3759613 -4.6391559 -2.2005866
v -0.0113915 0.1367000 -0.1837058 1.000000 1.000000 1.000000
vn -3.3784890 -4.6475849 -2.1963913
v -0.0111146 0.1298304 -0.1695915 1.000000 1.000000 1.000000
vn -3.4506116 -4.6139097 -2.1706247
v -0.0109502 0.1233300 -0.1558841 1.000000 1.000000 1.000000
vn -3.3584280 -4.7083249 -1.9306867
v -0.0114582 0.0916279 -0.0819723 1.000000 1.000000 1.000000
vn -2.9790661 -4.2481160 -1.9011436
v -0.0109098 0.0853412 -0.0680832 1.000000 1.000000 1.000000
vn -3.2479062 -4.7570868 -2.1555963
v -0.0102848 0.1154998 -0.1405318 1.000000 1.000000 1.000000
vn -3.2649536 -4.8527069 -2.0284956
v -0.0117102 0.1067214 -0.1172395 1.000000 1.000000 1.000000
vn -3.1171651 -4.9475636 -2.0577993
v -0.0115011 0.1011243 -0.1041960 1.000000 1.000000 1.000000
vn -1.1780819 -2.6268456 -1.2586650
v -0.0008005 0.1228048 -0.1643625 1.000000 1.000000 1.000000
vn -1.1834930 -2.6168361 -1.2289943
v -0.0009038 0.1150123 -0.1485274 1.000000 1.000000 1.000000
vn -1.1416136 -2.6074121 -1.3149743
v -0.0007340 0.1361628 -0.1922436 1.000000 1.000000 1.000000
vn -1.1451740 -2.7122679 -1.1114902
v -0.0008219 0.1034127 -0.1205829 1.000000 1.000000 1.000000
vn -1.0847892 -2.7283835 -1.1373112
v -0.0005910 0.0947501 -0.0994636 1.000000 1.000000 1.000000
vn -0.9988545 -2.3160179 -1.5983510
v -0.0004074 0.1466442 -0.2117036 1.000000 1.000000 1.000000
vn -1.0313202 -2.7296133 -1.1628643
v -0.0003177 0.0878656 -0.0829904 1.000000 1.000000 1.000000
vn -1.0305395 -2.6957431 -1.1768198
v -0.0002242 0.0825175 -0.0709725 1.000000 1.000000 1.000000
vn -0.2090922 -0.5494792 -0.2363053
v -0.0004495 0.0758453 -0.0552583 1.000000 1.000000 1.000000
vn -0.5653018 -1.2741079 -1.1253572
v -0.0006536 0.1501861 -0.2155899 1.000000 1.000000 1.000000
vn 5.1526370 0.0925059 3.5815823
v 0.1899538 -0.4845069 0.1284187 1.000000 1.000000 1.000000
vn 4.7936134 0.0224291 4.0565743
v 0.1764877 -0.4778642 0.1450469 1.000000 1.000000 1.000000
vn 2.4533558 0.0903595 2.0170021
v 0.1790966 -0.4993429 0.1436277 1.000000 1.000000 1.000000
vn 2.5939519 0.0379643 1.7338902
v 0.1914030 -0.4998126 0.1270577 1.000000 1.000000 1.000000
vn 3.7756395 -2.0267534 3.7068191
v 0.1634610 -0.4987755 0.1611289 1.000000 1.000000 1.000000
vn 4.4324608 0.0088360 4.4444132
v 0.1618624 -0.4782760 0.1614633 1.000000 1.000000 1.000000
vn 4.7296414 1.4893596 3.3145881
v 0.1895057 -0.4601816 0.1298643 1.000000 1.000000 1.000000
vn 4.3860564 1.6280843 3.6570299
v 0.1781407 -0.4593705 0.1441836 1.000000 1.000000 1.000000
vn 3.9226322 1.6557378 4.0069447
v 0.1619151 -0.4592525 0.1625844 1.000000 1.000000 1.000000
vn 5.3974409 0.0041544 3.2127638
v 0.1966732 -0.4790536 0.1172511 1.000000 1.000000 1.000000
vn 4.9466004 -1.6261368 2.9079707
v 0.2016278 -0.4989402 0.1101822 1.000000 1.000000 1.000000
vn 2.9534376 0.0710812 1.7431493
v 0.2000198 -0.4597627 0.1128523 1.000000 1.000000 1.000000
vn 5.6008554 0.0173543 2.8340125
v 0.2065770 -0.4800068 0.1001843 1.000000 1.000000 1.000000
vn 2.7978079 -0.0746870 1.3769914
v 0.2073464 -0.4594674 0.0999140 1.000000 1.000000 1.000000
vn 2.8525691 0.0138666 1.3620367
v 0.2083755 -0.4996577 0.0980035 1.000000 1.000000 1.000000
vn 5.8243093 0.0405079 2.3525124
v 0.2132051 -0.4816168 0.0850264 1.000000 1.000000 1.000000
vn 5.2182717 -1.7903643 2.0125761
v 0.2151836 -0.4988935 0.0816246 1.000000 1.000000 1.000000
vn 2.9946327 -0.0360656 1.0336728
v 0.2184937 -0.4592572 0.0724037 1.000000 1.000000 1.000000
vn 5.9829960 0.0453900 1.9104713
v 0.2202604 -0.4828429 0.0658332 1.000000 1.000000 1.000000
vn 2.9284039 0.0282075 0.9076665
v 0.2208019 -0.4997543 0.0655617 1.000000 1.000000 1.000000
vn 3.2570043 0.0060364 0.9369180
v 0.2231218 -0.4797531 0.0558491 1.000000 1.000000 1.000000
vn 1.3645287 -0.0080199 0.3914035
v 0.2238978 -0.4584928 0.0535793 1.000000 1.000000 1.000000
vn 1.4619226 0.0319575 0.4048644
v 0.2240441 -0.4987266 0.0534247 1.000000 1.000000 1.000000
vn 3.9809098 0.0995044 4.8549414
v 0.1453221 -0.4822900 0.1763854 1.000000 1.000000 1.000000
vn 2.0355067 0.0312290 2.4111810
v 0.1479945 -0.4996446 0.1750665 1.000000 1.000000 1.000000
vn 3.9734654 0.1696876 4.8356786
v 0.1442225 -0.4619173 0.1778150 1.000000 1.000000 1.000000
vn 3.4113379 1.6479508 4.5515952
v 0.1387447 -0.4597767 0.1821156 1.000000 1.000000 1.000000
vn 3.1393716 -1.8523433 4.4555426
v 0.1310603 -0.4988770 0.1882565 1.000000 1.000000 1.000000
vn 3.5654438 0.0806017 5.1696777
v 0.1301439 -0.4788812 0.1875053 1.000000 1.000000 1.000000
vn 2.9799068 1.4108012 5.0566015
v 0.1169566 -0.4602784 0.1965432 1.000000 1.000000 1.000000
vn 3.2195997 0.1683954 5.3898854
v 0.1178044 -0.4843313 0.1956656 1.000000 1.000000 1.000000
vn 1.5565655 0.0835203 2.7340293
v 0.1132760 -0.4997893 0.1993027 1.000000 1.000000 1.000000
vn 2.7472067 0.1995595 5.6419454
v 0.0997886 -0.4850941 0.2056217 1.000000 1.000000 1.000000
vn 2.6989205 -0.1068641 5.6664600
v 0.0983507 -0.4713570 0.2062902 1.000000 1.000000 1.000000
vn 2.5022001 1.4979229 5.1968956
v 0.0977241 -0.4597046 0.2070071 1.000000 1.000000 1.000000
vn 2.4802973 -1.4467715 5.2252779
v 0.0987646 -0.4988741 0.2068904 1.000000 1.000000 1.000000
vn 1.1431319 0.1368235 2.9693253
v 0.0785090 -0.4994062 0.2156938 1.000000 1.000000 1.000000
vn 2.3188121 0.1100231 5.8347826
v 0.0807641 -0.4792873 0.2134711 1.000000 1.000000 1.000000
vn 1.9096892 1.3168525 4.9193721
v 0.0792165 -0.4596940 0.2146601 1.000000 1.000000 1.000000
vn 1.3481477 -0.0003869 3.8995261
v 0.0680981 -0.4767041 0.2180688 1.000000 1.000000 1.000000
vn 0.9659839 -0.1122381 2.9694786
v 0.0674258 -0.4598419 0.2189249 1.000000 1.000000 1.000000
vn 1.5982645 1.5426056 2.4678493
v 0.1232031 -0.4541661 0.1890734 1.000000 1.000000 1.000000
vn 0.4365215 0.0622380 1.3185705
v 0.0650032 -0.4997717 0.2201822 1.000000 1.000000 1.000000
vn 0.2133279 -0.0287366 0.7335839
v 0.0509629 -0.4602667 0.2236957 1.000000 1.000000 1.000000
vn 2.0216715 1.5230592 1.4172100
v 0.1864792 -0.4541704 0.1277806 1.000000 1.000000 1.000000
vn 2.0656562 -1.9894788 1.1540819
v 0.1984044 -0.4999329 0.1142403 1.000000 1.000000 1.000000
vn 2.0126803 1.7328391 1.6302675
v 0.1768944 -0.4537532 0.1397635 1.000000 1.000000 1.000000
vn 1.1059803 -1.6167732 2.4164877
v 0.0970754 -0.4999551 0.2069402 1.000000 1.000000 1.000000
vn 1.3866781 -1.9368844 2.0561559
v 0.1276204 -0.4998794 0.1896321 1.000000 1.000000 1.000000
vn 1.5081015 1.6557853 1.8596133
v 0.1414218 -0.4518343 0.1729184 1.000000 1.000000 1.000000
vn 1.9283198 1.9704735 1.9679917
v 0.1597735 -0.4543756 0.1597998 1.000000 1.000000 1.000000
vn 1.1934755 1.7288506 2.5655725
v 0.0950180 -0.4542626 0.2046679 1.000000 1.000000 1.000000
vn 2.2500577 -1.9407840 0.8699945
v 0.2144544 -0.4999382 0.0811800 1.000000 1.000000 1.000000
vn 1.5527661 -2.2214928 1.5498934
v 0.1617384 -0.4998788 0.1612734 1.000000 1.000000 1.000000
vn 0.1345843 0.2493691 0.3483770
v 0.0617795 -0.4511938 0.2153119 1.000000 1.000000 1.000000
vn 0.8303194 -2.7295647 -1.2503499
v -0.0009038 0.1150123 -0.1485274 1.000000 1.000000 1.000000
vn 2.9545298 -4.8534813 -2.1442800
v 0.0104508 0.1163533 -0.1438834 1.000000 1.000000 1.000000
vn 0.8539261 -2.7897174 -1.1427670
v -0.0008219 0.1034127 -0.1205829 1.000000 1.000000 1.000000
vn 3.2103360 -4.7196894 -1.9419645
v 0.0117309 0.1073855 -0.1208903 1.000000 1.000000 1.000000
vn 2.4491596 -5.2879944 -2.1974854
v 0.0097667 0.0971160 -0.0975847 1.000000 1.000000 1.000000
vn 0.8848995 -2.7771864 -1.2091039
v -0.0003177 0.0878656 -0.0829904 1.000000 1.000000 1.000000
vn 0.8564266 -2.7826924 -1.1715713
v -0.0005910 0.0947501 -0.0994636 1.000000 1.000000 1.000000
vn 3.4220681 -4.4665861 -1.9106894
v 0.0118147 0.1023030 -0.1083023 1.000000 1.000000 1.000000
vn 3.0974007 -4.8558817 -2.0782557
v 0.0118448 0.0911647 -0.0814515 1.000000 1.000000 1.000000
vn 2.9935215 -4.8757267 -2.1002429
v 0.0110491 0.0855462 -0.0699313 1.000000 1.000000 1.000000
vn 0.8601048 -2.7862434 -1.2079067
v -0.0002242 0.0825175 -0.0709725 1.000000 1.000000 1.000000
vn 0.8665560 -2.7543888 -1.2368309
v -0.0004495 0.0758453 -0.0552583 1.000000 1.000000 1.000000
vn 3.2515199 -4.6709690 -2.0926440
v 0.0115482 0.0783226 -0.0522934 1.000000 1.000000 1.000000
vn 2.6266601 -5.0928240 -2.3783681
v 0.0102923 0.1239239 -0.1595658 1.000000 1.000000 1.000000
vn 0.8167751 -2.7481360 -1.2996274
v -0.0008005 0.1228048 -0.1643625 1.000000 1.000000 1.000000
vn 2.9131486 -4.8017216 -2.2811422
v 0.0110498 0.1322933 -0.1775471 1.000000 1.000000 1.000000
vn 3.0154564 -4.7674351 -2.3412349
v 0.0107517 0.0739299 -0.0438952 1.000000 1.000000 1.000000
vn 0.3819426 -1.3502920 -0.6978106
v -0.0004624 0.0654799 -0.0336820 1.000000 1.000000 1.000000
vn 0.7798370 -2.6952004 -1.3579118
v -0.0007340 0.1361628 -0.1922436 1.000000 1.000000 1.000000
vn 2.4881525 -5.1043110 -2.5320640
v 0.0104591 0.1382880 -0.1896871 1.000000 1.000000 1.000000
vn 2.5321579 -4.3503690 -3.2287102
v 0.0116266 0.1488008 -0.2099096 1.000000 1.000000 1.000000
vn 0.7214143 -2.4570959 -1.7814314
v -0.0004074 0.1466442 -0.2117036 1.000000 1.000000 1.000000
vn 1.2079592 -2.5805936 -1.3156950
v 0.0087096 0.0673315 -0.0328280 1.000000 1.000000 1.000000
vn 4.1421785 -3.8123128 -2.0924532
v 0.0145922 0.1483920 -0.2055240 1.000000 1.000000 1.000000
vn 4.4291496 -3.8841724 -1.6507195
v 0.0139296 0.0994952 -0.0965349 1.000000 1.000000 1.000000
vn 4.3817945 -3.9222770 -1.8261267
v 0.0134306 0.1392854 -0.1873580 1.000000 1.000000 1.000000
vn 4.5849934 -3.6937003 -1.6816134
v 0.0136380 0.1257008 -0.1578609 1.000000 1.000000 1.000000
vn 2.1431873 -1.8983779 -0.8970588
v 0.0133736 0.0701087 -0.0310998 1.000000 1.000000 1.000000
vn 1.4224325 -1.7980905 -1.6776388
v 0.0122891 0.1542992 -0.2153021 1.000000 1.000000 1.000000
vn 0.4120724 -1.2172118 -1.1354306
v -0.0006536 0.1501861 -0.2155899 1.000000 1.000000 1.000000
vn 4.9605289 -3.3810232 -1.6002920
v 0.0142275 0.1349903 -0.1760248 1.000000 1.000000 1.000000
vn 4.9637318 -3.4330277 -1.4039724
v 0.0138275 0.0905668 -0.0750833 1.000000 1.000000 1.000000
vn 5.1079321 -3.1943243 -1.4979997
v 0.0143486 0.0791153 -0.0465332 1.000000 1.000000 1.000000
vn 4.9660378 -3.4151785 -1.4895580
v 0.0139279 0.1205098 -0.1450001 1.000000 1.000000 1.000000
vn 5.0035977 -3.3896074 -1.4826598
v 0.0137733 0.1119568 -0.1259310 1.000000 1.000000 1.000000
vn 3.0399966 -1.0212506 -1.0495061
v 0.0186529 0.1586590 -0.2111074 1.000000 1.000000 1.000000
vn 5.5344872 -2.6634536 -1.2113506
v 0.0168774 0.1111205 -0.1098312 1.000000 1.000000 1.000000
vn 2.6454368 -1.0183694 -0.5894390
v 0.0185779 0.0770662 -0.0280848 1.000000 1.000000 1.000000
vn 5.7386951 -2.2563958 -1.0016437
v 0.0179434 0.1412139 -0.1734901 1.000000 1.000000 1.000000
vn 5.7475100 -2.2700961 -0.9972875
v 0.0174059 0.1255198 -0.1402666 1.000000 1.000000 1.000000
vn 5.7157412 -2.2358551 -0.9499859
v 0.0182460 0.1523759 -0.1995199 1.000000 1.000000 1.000000
vn 5.7070856 -2.2656798 -0.9895240
v 0.0180117 0.1062408 -0.0950225 1.000000 1.000000 1.000000
vn 5.9096489 -0.7521129 -0.2443562
v 0.0190680 0.1020291 -0.0758258 1.000000 1.000000 1.000000
vn 5.8755550 -1.9508076 -0.8371648
v 0.0188705 0.0899532 -0.0478425 1.000000 1.000000 1.000000
vn 5.8681006 0.1006410 -0.2885218
v 0.0193894 0.0876331 -0.0380859 1.000000 1.000000 1.000000
vn 5.9733462 -0.3339990 -0.1335942
v 0.0194056 0.1192973 -0.1125194 1.000000 1.000000 1.000000
vn 6.0398846 0.0884296 0.0061307
v 0.0195776 0.1135713 -0.0974879 1.000000 1.000000 1.000000
vn 6.0056963 -0.0980127 -0.0067603
v 0.0196335 0.1302346 -0.1341909 1.000000 1.000000 1.000000
vn 5.9688683 0.0323545 0.0639160
v 0.0199603 0.1418839 -0.1586372 1.000000 1.000000 1.000000
vn 6.0520492 -0.1221517 0.0498333
v 0.0199009 0.1497839 -0.1772648 1.000000 1.000000 1.000000
vn 5.9885650 0.3174157 0.1370759
v 0.0202716 0.1594414 -0.1955897 1.000000 1.000000 1.000000
vn 5.9847369 0.7374331 0.3347428
v 0.0193140 0.0980280 -0.0605423 1.000000 1.000000 1.000000
vn 5.6937799 0.7934630 -0.7400721
v 0.0201719 0.1636596 -0.2053664 1.000000 1.000000 1.000000
vn 2.5464063 0.1181384 -0.1196266
v 0.0200978 0.0842337 -0.0264263 1.000000 1.000000 1.000000
vn 1.4003893 0.4643383 -0.1128044
v 0.0175765 0.1711219 -0.2068705 1.000000 1.000000 1.000000
vn 3.0438457 0.5772699 0.3421378
v 0.0182885 0.1147064 -0.0877827 1.000000 1.000000 1.000000
vn 3.7221584 0.9226432 0.3979802
v 0.0177181 0.1074493 -0.0729049 1.000000 1.000000 1.000000
vn 3.0614443 0.8054987 0.3246442
v 0.0178047 0.1231276 -0.1067880 1.000000 1.000000 1.000000
vn 3.0008223 0.7992331 0.3803809
v 0.0179375 0.1541547 -0.1704536 1.000000 1.000000 1.000000
vn 2.9951355 0.7599659 0.3900915
v 0.0179097 0.1336925 -0.1276922 1.000000 1.000000 1.000000
vn 3.0055609 0.8547093 0.4368540
v 0.0179929 0.1430108 -0.1475014 1.000000 1.000000 1.000000
vn 2.9836748 0.8752074 0.4451386
v 0.0182192 0.1611168 -0.1850671 1.000000 1.000000 1.000000
vn 5.0853086 2.1002107 0.2178445
v 0.0157713 0.0950179 -0.0302351 1.000000 1.000000 1.000000
vn 1.8296791 0.7350785 -1.1005596
v 0.0137200 0.0998572 -0.0304132 1.000000 1.000000 1.000000
vn 0.5848548 0.2333640 -0.3953554
v 0.0123035 0.1004553 -0.0321556 1.000000 1.000000 1.000000
vn 2.6901395 1.0570146 0.4293652
v 0.0145044 0.1015440 -0.0417124 1.000000 1.000000 1.000000
vn 2.3245249 0.9238547 0.4090952
v 0.0154442 0.1094991 -0.0644590 1.000000 1.000000 1.000000
vn -0.2987877 5.4597998 2.5628595
v -0.0007767 0.1476448 -0.1291123 1.000000 1.000000 1.000000
vn -0.9432169 2.6332448 1.2414961
v -0.0107592 0.1393152 -0.1193055 1.000000 1.000000 1.000000
vn -0.2497434 5.5130558 2.5408549
v -0.0004421 0.1394468 -0.1118860 1.000000 1.000000 1.000000
vn -1.0053995 2.7997928 1.2349731
v -0.0099466 0.1319845 -0.1027238 1.000000 1.000000 1.000000
vn -0.2890398 5.5638733 2.3678050
v -0.0006742 0.1298721 -0.0901220 1.000000 1.000000 1.000000
vn -1.0158386 2.7039213 1.1306750
v -0.0106705 0.1239721 -0.0848847 1.000000 1.000000 1.000000
vn -1.0451510 2.7564330 1.2949877
v -0.0102389 0.1465785 -0.1344793 1.000000 1.000000 1.000000
vn -1.1156874 2.8358114 1.3079301
v -0.0111448 0.1549429 -0.1529237 1.000000 1.000000 1.000000
vn -0.8772044 5.5764070 2.5474148
v -0.0015083 0.1665327 -0.1706466 1.000000 1.000000 1.000000
vn -2.6488836 5.1155000 2.3192260
v -0.0102289 0.1670054 -0.1783136 1.000000 1.000000 1.000000
vn -0.1972000 5.5904679 2.2152047
v -0.0001001 0.1745370 -0.1879833 1.000000 1.000000 1.000000
vn -1.0379264 2.8899581 1.1281151
v -0.0122222 0.1740901 -0.1974972 1.000000 1.000000 1.000000
vn -0.8858261 5.5956817 2.3824136
v -0.0012599 0.1202274 -0.0670489 1.000000 1.000000 1.000000
vn -1.0952103 2.8015995 1.2224774
v -0.0107455 0.1147494 -0.0629927 1.000000 1.000000 1.000000
vn -1.0612381 2.5672414 1.0920136
v -0.0118726 0.1096425 -0.0524782 1.000000 1.000000 1.000000
vn -1.1229998 2.8977482 1.2743279
v -0.0113646 0.1054184 -0.0419621 1.000000 1.000000 1.000000
vn 0.0119047 3.3499813 1.4902766
v 0.0000010 0.1062582 -0.0347608 1.000000 1.000000 1.000000
vn -1.3472583 2.7820082 1.2565423
v -0.0091159 0.1022669 -0.0325736 1.000000 1.000000 1.000000
vn -0.4522438 1.4910734 0.5320646
v -0.0123196 0.1768163 -0.2047570 1.000000 1.000000 1.000000
vn -0.0950156 2.8049023 0.9442672
v -0.0004704 0.1801388 -0.2046603 1.000000 1.000000 1.000000
vn -0.3966382 0.6518800 0.3138213
v -0.0131417 0.0989453 -0.0307618 1.000000 1.000000 1.000000
vn -1.6005727 2.4008994 1.0725625
v -0.0135296 0.1675811 -0.1845277 1.000000 1.000000 1.000000
vn -1.7873560 2.0494170 0.9183215
v -0.0138341 0.1589847 -0.1674308 1.000000 1.000000 1.000000
vn 0.8611034 5.6249628 2.5805407
v 0.0011238 0.1662137 -0.1701414 1.000000 1.000000 1.000000
vn 1.1188147 5.6358600 2.4215264
v 0.0012718 0.1206891 -0.0685312 1.000000 1.000000 1.000000
vn 1.4099294 2.4737041 0.8241851
v 0.0110773 0.1778902 -0.2051363 1.000000 1.000000 1.000000
vn 2.6106343 5.0463905 2.3320601
v 0.0096489 0.1474840 -0.1344881 1.000000 1.000000 1.000000
vn 2.7392635 5.0055461 2.2332506
v 0.0100745 0.1318060 -0.1009512 1.000000 1.000000 1.000000
vn 2.8773611 4.9450564 2.0977540
v 0.0100938 0.1233984 -0.0812401 1.000000 1.000000 1.000000
vn 2.5526438 5.1416731 2.1526408
v 0.0112223 0.1711671 -0.1868647 1.000000 1.000000 1.000000
vn 2.5956268 5.0769234 2.3638926
v 0.0101816 0.1579327 -0.1575609 1.000000 1.000000 1.000000
vn 2.5771837 5.1940594 2.2897613
v 0.0103930 0.1074094 -0.0454435 1.000000 1.000000 1.000000
vn 3.3810952 4.5946445 1.9719889
v 0.0111075 0.1144400 -0.0621516 1.000000 1.000000 1.000000
vn 2.1232698 2.3123667 1.0278574
v 0.0123035 0.1004553 -0.0321556 1.000000 1.000000 1.000000
vn 4.4055586 3.9000256 1.6879917
v 0.0131503 0.1076589 -0.0503474 1.000000 1.000000 1.000000
vn 4.3641872 4.0236320 1.6692010
v 0.0134530 0.1697962 -0.1877268 1.000000 1.000000 1.000000
vn 4.4913731 3.8249023 1.8358289
v 0.0139300 0.1583102 -0.1646686 1.000000 1.000000 1.000000
vn 4.5672798 3.7690985 1.7441406
v 0.0139535 0.1398612 -0.1256087 1.000000 1.000000 1.000000
vn 4.6794887 3.6715050 1.7652043
v 0.0143769 0.1485922 -0.1457028 1.000000 1.000000 1.000000
vn 4.7838588 3.5762224 1.5924388
v 0.0140995 0.1283696 -0.1015029 1.000000 1.000000 1.000000
vn 4.8978009 3.4650364 1.5793581
v 0.0141253 0.1185186 -0.0792985 1.000000 1.000000 1.000000
vn 1.3037150 1.0664654 0.3546655
v 0.0175765 0.1711219 -0.2068705 1.000000 1.000000 1.000000
vn 3.0616395 1.9699962 0.8174962
v 0.0154442 0.1094991 -0.0644590 1.000000 1.000000 1.000000
vn 2.7312775 1.7907461 0.8166755
v 0.0145044 0.1015440 -0.0417124 1.000000 1.000000 1.000000
vn 0.6238855 0.4674520 0.1969317
v 0.0157713 0.0950179 -0.0302351 1.000000 1.000000 1.000000
vn 2.5747371 1.6167679 0.7348750
v 0.0182192 0.1611168 -0.1850671 1.000000 1.000000 1.000000
vn 2.6662741 1.5157783 0.7536404
v 0.0179375 0.1541547 -0.1704536 1.000000 1.000000 1.000000
vn 2.6572430 1.4895190 0.7103795
v 0.0179929 0.1430108 -0.1475014 1.000000 1.000000 1.000000
vn 2.7107272 1.4759780 0.7022058
v 0.0179097 0.1336925 -0.1276922 1.000000 1.000000 1.000000
vn 2.7193086 1.4264593 0.6702812
v 0.0182885 0.1147064 -0.0877827 1.000000 1.000000 1.000000
vn 2.1879671 0.9569832 0.4273288
v 0.0177181 0.1074493 -0.0729049 1.000000 1.000000 1.000000
vn 2.7459397 1.3220078 0.6138209
v 0.0178047 0.1231276 -0.1067880 1.000000 1.000000 1.000000
vn -1.6120136 0.4040349 6.0006762
v 0.0104427 0.4204946 -0.0294226 1.000000 1.000000 1.000000
vn 0.1066408 1.0382992 6.1811128
v -0.0020980 0.4371284 -0.0325080 1.000000 1.000000 1.000000
vn 0.0673550 0.4405628 6.2384930
v -0.0011472 0.4201109 -0.0306224 1.000000 1.000000 1.000000
vn -0.8590099 1.0151491 6.1290340
v 0.0048320 0.4382607 -0.0322421 1.000000 1.000000 1.000000
vn -0.7131898 0.1685597 6.2341166
v 0.0072707 0.3912418 -0.0291033 1.000000 1.000000 1.000000
vn 0.2671873 0.1543189 6.2472563
v -0.0014813 0.3809290 -0.0293755 1.000000 1.000000 1.000000
vn -1.8673689 0.1260000 5.9365058
v 0.0117066 0.3869629 -0.0282728 1.000000 1.000000 1.000000
vn -0.6473582 0.4728642 6.1699700
v 0.0067441 0.3137320 -0.0276623 1.000000 1.000000 1.000000
vn -1.8376886 0.2900381 5.9251523
v 0.0118191 0.3191396 -0.0269678 1.000000 1.000000 1.000000
vn 0.1967164 0.1423371 6.2539845
v -0.0009142 0.3345764 -0.0284880 1.000000 1.000000 1.000000
vn -2.4769206 0.8648744 5.6332760
v 0.0135174 0.4395592 -0.0304191 1.000000 1.000000 1.000000
vn 0.5436363 0.5727937 6.1919880
v -0.0018278 0.3102387 -0.0273336 1.000000 1.000000 1.000000
vn 1.1570833 1.5983429 5.6951890
v -0.0014323 0.2960658 -0.0255854 1.000000 1.000000 1.000000
vn -1.7974062 1.0547354 5.6258903
v 0.0092031 0.2978068 -0.0255112 1.000000 1.000000 1.000000
vn 1.3369375 0.2596975 6.0810952
v -0.0070663 0.3288327 -0.0276728 1.000000 1.000000 1.000000
vn 0.0489772 1.0610501 6.1124816
v -0.0019452 0.4617006 -0.0377630 1.000000 1.000000 1.000000
vn -1.5513264 0.8759283 5.9455638
v 0.0094685 0.4666149 -0.0370878 1.000000 1.000000 1.000000
vn -0.0557769 0.3179183 6.1491461
v -0.0010672 0.4761810 -0.0396139 1.000000 1.000000 1.000000
vn -1.9932212 -0.0192674 5.8229423
v 0.0128263 0.4781941 -0.0372192 1.000000 1.000000 1.000000
vn -0.3390697 -1.1383898 5.9756269
v 0.0014958 0.4869157 -0.0390534 1.000000 1.000000 1.000000
vn 0.8215002 -0.6343313 6.0194302
v -0.0037962 0.4830267 -0.0394701 1.000000 1.000000 1.000000
vn -1.7516328 1.1600167 5.8948193
v 0.0106531 0.4491446 -0.0332849 1.000000 1.000000 1.000000
vn -1.5283072 -1.5493808 5.7917433
v 0.0079445 0.4895023 -0.0372122 1.000000 1.000000 1.000000
vn -0.2154412 0.5795187 2.3149576
v 0.0074822 0.2824636 -0.0221025 1.000000 1.000000 1.000000
vn -3.0192873 0.7202771 5.3776703
v 0.0183754 0.4693747 -0.0338741 1.000000 1.000000 1.000000
vn 1.4661143 0.7634115 5.9848619
v -0.0098355 0.4670555 -0.0375465 1.000000 1.000000 1.000000
vn -1.7950273 0.2959879 3.5455618
v 0.0143835 0.3183082 -0.0257722 1.000000 1.000000 1.000000
vn 1.3895584 0.9167966 6.0298891
v -0.0090838 0.4360971 -0.0315888 1.000000 1.000000 1.000000
vn 1.6580869 0.1668910 6.0084391
v -0.0092549 0.3779779 -0.0281884 1.000000 1.000000 1.000000
vn 1.6682909 0.4234220 5.9976945
v -0.0095860 0.4197970 -0.0294916 1.000000 1.000000 1.000000
vn 2.4871552 0.9227220 5.4198103
v -0.0093571 0.3072753 -0.0256730 1.000000 1.000000 1.000000
vn 0.9256397 1.6200536 5.9819579
v 0.0028174 0.2862562 -0.0228309 1.000000 1.000000 1.000000
vn 0.1856113 0.3186519 1.6186550
v 0.0003185 0.2810627 -0.0215220 1.000000 1.000000 1.000000
vn 1.3164525 1.3160074 3.1342711
v -0.0024015 0.2902749 -0.0223050 1.000000 1.000000 1.000000
vn 1.3713887 1.0915219 2.8641272
v -0.0082140 0.2956185 -0.0222264 1.000000 1.000000 1.000000
vn 2.5001354 0.4381762 5.6256242
v -0.0164954 0.4704912 -0.0357334 1.000000 1.000000 1.000000
vn 1.8401470 -1.3328650 5.6706133
v -0.0111151 0.4871119 -0.0370632 1.000000 1.000000 1.000000
vn 2.8856864 0.2313870 5.4770994
v -0.0129658 0.3334171 -0.0258299 1.000000 1.000000 1.000000
vn 2.5541701 1.0820971 5.6336832
v -0.0155324 0.4415070 -0.0300750 1.000000 1.000000 1.000000
vn -2.7164028 -1.5882041 5.2361479
v 0.0179309 0.4890539 -0.0338034 1.000000 1.000000 1.000000
vn 0.0357956 -0.6237189 6.1278200
v 0.0011015 0.4950738 -0.0364601 1.000000 1.000000 1.000000
vn 2.7973812 0.1481186 5.5883870
v -0.0176363 0.4209548 -0.0262482 1.000000 1.000000 1.000000
vn 3.2034829 0.1766799 5.3395729
v -0.0158696 0.3724753 -0.0252365 1.000000 1.000000 1.000000
vn 3.6924977 0.6743522 4.9761524
v -0.0201746 0.4278502 -0.0250853 1.000000 1.000000 1.000000
vn 3.3202553 -0.5000497 5.1675344
v -0.0212743 0.4819446 -0.0330274 1.000000 1.000000 1.000000
vn 3.5847037 0.6265895 5.0346518
v -0.0211129 0.4693617 -0.0328674 1.000000 1.000000 1.000000
vn 2.9508171 -1.9595824 5.0078592
v -0.0192346 0.4898515 -0.0325670 1.000000 1.000000 1.000000
vn 1.1845307 0.6073235 1.9812613
v -0.0127535 0.2987664 -0.0210342 1.000000 1.000000 1.000000
vn 1.7888371 -0.4843811 5.7611709
v -0.0096871 0.4950372 -0.0341162 1.000000 1.000000 1.000000
vn -0.1636152 0.5849574 2.8884306
v 0.0019039 0.4980561 -0.0369463 1.000000 1.000000 1.000000
vn 1.0116293 0.8566794 2.7071943
v -0.0109472 0.4979478 -0.0345687 1.000000 1.000000 1.000000
vn -1.9657534 0.2400838 5.5555735
v 0.0128959 0.4952569 -0.0333909 1.000000 1.000000 1.000000
vn -1.0211606 1.3427900 2.3027132
v 0.0151804 0.4975707 -0.0338985 1.000000 1.000000 1.000000
vn -3.3807261 0.4022749 5.2240968
v 0.0177297 0.4209689 -0.0261690 1.000000 1.000000 1.000000
vn -3.3849072 0.1010014 5.2430859
v 0.0159866 0.3680390 -0.0258366 1.000000 1.000000 1.000000
vn -3.4673941 -0.0045251 5.1260781
v 0.0202156 0.4811938 -0.0333644 1.000000 1.000000 1.000000
vn 2.9214702 -0.2262138 5.0993118
v -0.0179684 0.4955508 -0.0300374 1.000000 1.000000 1.000000
vn 1.1911981 1.0439671 1.9347093
v -0.0217307 0.4977031 -0.0288824 1.000000 1.000000 1.000000
vn 1.9753989 0.1117113 2.4610336
v -0.0211217 0.3723494 -0.0210375 1.000000 1.000000 1.000000
vn 1.7194819 0.2420189 2.4698529
v -0.0181669 0.3227217 -0.0214300 1.000000 1.000000 1.000000
vn -1.5252444 0.6537815 2.5626307
v 0.0128002 0.2919978 -0.0218439 1.000000 1.000000 1.000000
vn -0.9274681 0.4419577 2.7789950
v 0.0102109 0.2864269 -0.0218221 1.000000 1.000000 1.000000
vn 1.9562559 -0.9399629 2.4566655
v -0.0261726 0.4890340 -0.0276422 1.000000 1.000000 1.000000
vn 1.8905668 -0.1002757 2.1927454
v -0.0275804 0.4802707 -0.0277433 1.000000 1.000000 1.000000
vn 1.1454822 -0.4705645 1.5346804
v -0.0247530 0.4948084 -0.0252126 1.000000 1.000000 1.000000
vn 2.2226653 0.3476738 2.5120246
v -0.0261595 0.4685589 -0.0283267 1.000000 1.000000 1.000000
vn -1.5069375 -0.4997521 2.1918230
v 0.0249467 0.4877448 -0.0296529 1.000000 1.000000 1.000000
vn -1.8134346 0.4313706 2.5710368
v 0.0236867 0.4424927 -0.0239621 1.000000 1.000000 1.000000
vn -1.8201234 0.3203008 2.6572490
v 0.0245679 0.4697275 -0.0296750 1.000000 1.000000 1.000000
vn -1.4008729 0.3855816 2.0485759
v 0.0172432 0.3056277 -0.0214852 1.000000 1.000000 1.000000
vn -1.5589033 0.0504092 2.1049769
v 0.0210634 0.3321492 -0.0212174 1.000000 1.000000 1.000000
vn -2.5914285 -0.2080456 3.6191015
v 0.0208679 0.4946503 -0.0287102 1.000000 1.000000 1.000000
vn -0.2880863 0.0899412 0.3664322
v 0.0248947 0.4966497 -0.0260351 1.000000 1.000000 1.000000
vn -2.0407073 0.0419083 2.4593167
v 0.0214011 0.3657421 -0.0213046 1.000000 1.000000 1.000000
vn -1.9287641 0.1755654 2.2090328
v 0.0246039 0.4196675 -0.0200439 1.000000 1.000000 1.000000
vn 2.0927019 0.2850440 2.0572491
v -0.0251159 0.4276834 -0.0200358 1.000000 1.000000 1.000000
vn -1.2725701 0.6489820 -6.1097054
v 0.0072717 0.4236591 0.0300444 1.000000 1.000000 1.000000
vn -1.0908631 0.2953578 -6.1614337
v 0.0067173 0.3890341 0.0281236 1.000000 1.000000 1.000000
vn 0.2205339 0.5100452 -6.1857405
v -0.0006339 0.4198780 0.0308118 1.000000 1.000000 1.000000
vn 0.3897278 0.3679593 -6.2080030
v -0.0014577 0.3991752 0.0293956 1.000000 1.000000 1.000000
vn 0.2977232 0.2308634 -6.2261162
v -0.0008782 0.3789071 0.0283704 1.000000 1.000000 1.000000
vn -1.1049556 0.2394238 -6.1297202
v 0.0070511 0.3458128 0.0267702 1.000000 1.000000 1.000000
vn 0.1643454 0.3855285 -6.2193041
v -0.0009510 0.3372783 0.0269106 1.000000 1.000000 1.000000
vn -1.4041969 0.9368345 -5.9271917
v 0.0060534 0.3223743 0.0251340 1.000000 1.000000 1.000000
vn -0.0240871 1.1910648 -6.0606313
v 0.0001793 0.3191976 0.0252336 1.000000 1.000000 1.000000
vn -2.1320293 0.4867446 -5.7307472
v 0.0095115 0.3364976 0.0257210 1.000000 1.000000 1.000000
vn -0.3358964 0.9471113 -6.1933699
v 0.0022605 0.4434063 0.0330665 1.000000 1.000000 1.000000
vn -1.5819696 0.9995569 -5.9509630
v 0.0088970 0.4456908 0.0326386 1.000000 1.000000 1.000000
vn 0.8304260 0.9448768 -6.1349673
v -0.0047229 0.4420706 0.0327060 1.000000 1.000000 1.000000
vn 1.2971693 0.7202013 -6.0244493
v -0.0057601 0.3254737 0.0254703 1.000000 1.000000 1.000000
vn -0.0440725 0.9778534 -6.1279020
v 0.0006809 0.4648473 0.0374024 1.000000 1.000000 1.000000
vn -1.5452176 0.5993171 -5.9642944
v 0.0099850 0.4701678 0.0369269 1.000000 1.000000 1.000000
vn 0.0483682 0.0037046 -6.1495452
v 0.0000052 0.4764620 0.0386693 1.000000 1.000000 1.000000
vn -1.5354174 -0.8898472 -5.8022451
v 0.0097912 0.4846490 0.0371625 1.000000 1.000000 1.000000
vn 1.6065059 0.5134770 -5.9163818
v -0.0099324 0.4705552 0.0370265 1.000000 1.000000 1.000000
vn 0.2304829 -1.4452403 -5.9525189
v -0.0001447 0.4882379 0.0373538 1.000000 1.000000 1.000000
vn -2.4045866 0.4819696 -5.7699819
v 0.0108979 0.4199554 0.0285828 1.000000 1.000000 1.000000
vn -2.4915583 0.2229199 -5.7208276
v 0.0120539 0.3764769 0.0261182 1.000000 1.000000 1.000000
vn -2.3608150 1.8417125 -5.2385702
v 0.0085446 0.3108303 0.0216505 1.000000 1.000000 1.000000
vn -0.3310511 2.5418842 -5.5234909
v -0.0000730 0.3049326 0.0212917 1.000000 1.000000 1.000000
vn -2.9366789 0.0851583 -5.4335027
v 0.0176731 0.4745893 0.0342215 1.000000 1.000000 1.000000
vn -2.7591121 0.9829664 -5.4979806
v 0.0163041 0.4641908 0.0335463 1.000000 1.000000 1.000000
vn 2.0372875 0.3021677 -5.7887068
v -0.0092688 0.3426771 0.0260013 1.000000 1.000000 1.000000
vn 1.8731694 1.6913429 -5.4286981
v -0.0090596 0.3073871 0.0214010 1.000000 1.000000 1.000000
vn 1.7626053 1.0501018 -5.8894162
v -0.0122155 0.4556089 0.0337151 1.000000 1.000000 1.000000
vn 2.1026688 0.2491421 -5.8324671
v -0.0106394 0.3800014 0.0266563 1.000000 1.000000 1.000000
vn 1.9613831 0.4664324 -5.9125533
v -0.0099802 0.4150329 0.0285362 1.000000 1.000000 1.000000
vn 1.6201403 -0.6294124 -5.9387999
v -0.0093491 0.4804386 0.0370216 1.000000 1.000000 1.000000
vn 2.3739581 0.8641468 -5.6870742
v -0.0135993 0.4383711 0.0299899 1.000000 1.000000 1.000000
vn 3.1662035 0.8810346 -5.1592140
v -0.0135396 0.3202141 0.0219556 1.000000 1.000000 1.000000
vn 2.1574759 -1.5647124 -5.5891843
v -0.0126069 0.4895193 0.0341852 1.000000 1.000000 1.000000
vn 2.9371765 -0.3682683 -5.4340706
v -0.0179072 0.4786832 0.0337035 1.000000 1.000000 1.000000
vn 3.0989788 0.7273074 -5.3227978
v -0.0187406 0.4651520 0.0325817 1.000000 1.000000 1.000000
vn 1.0338385 -0.2013751 -6.0074692
v -0.0049782 0.4958432 0.0343245 1.000000 1.000000 1.000000
vn 0.3081667 1.2931120 -2.4185035
v -0.0091319 0.2987089 0.0171947 1.000000 1.000000 1.000000
vn 0.7950663 0.7203987 -1.9389796
v -0.0131317 0.3000414 0.0170021 1.000000 1.000000 1.000000
vn -0.6634702 -0.9786837 -2.9795032
v 0.0080219 0.4974600 0.0333476 1.000000 1.000000 1.000000
vn 0.3840933 0.8396375 -2.5326042
v -0.0050366 0.4984268 0.0351722 1.000000 1.000000 1.000000
vn -1.0947492 1.5203818 -3.0578191
v 0.0067616 0.3004612 0.0175227 1.000000 1.000000 1.000000
vn -3.3023045 1.2408792 -5.0370350
v 0.0126950 0.3201069 0.0218985 1.000000 1.000000 1.000000
vn -2.9901962 0.9999378 -5.4151855
v 0.0176649 0.4452991 0.0288070 1.000000 1.000000 1.000000
vn 1.4844375 -0.8424374 -2.8075662
v -0.0160928 0.4971629 0.0296513 1.000000 1.000000 1.000000
vn 1.5603627 0.3797171 -2.9359157
v -0.0177652 0.4247845 0.0257707 1.000000 1.000000 1.000000
vn 1.4899074 0.1424100 -2.8195598
v -0.0166394 0.4011951 0.0243294 1.000000 1.000000 1.000000
vn 1.8118429 0.1510119 -2.9494267
v -0.0173373 0.3506489 0.0216025 1.000000 1.000000 1.000000
vn 1.6333115 0.4909739 -2.3273778
v -0.0240032 0.4503710 0.0253293 1.000000 1.000000 1.000000
vn 2.0281367 -1.0508955 -3.2806921
v -0.0219485 0.4895152 0.0291878 1.000000 1.000000 1.000000
vn 1.8495351 0.2955620 -2.5583613
v -0.0250052 0.4674318 0.0282755 1.000000 1.000000 1.000000
vn 1.6123400 -0.1096397 -2.3898544
v -0.0251515 0.4788416 0.0288088 1.000000 1.000000 1.000000
vn 1.8236823 0.6065584 -2.3617063
v -0.0153700 0.3081690 0.0167699 1.000000 1.000000 1.000000
vn 1.6516629 0.1970624 -2.0122230
v -0.0211777 0.3361871 0.0172504 1.000000 1.000000 1.000000
vn 2.0288575 0.6085953 -2.3510256
v -0.0174121 0.3162042 0.0175758 1.000000 1.000000 1.000000
vn -2.9263287 -1.4707928 -5.1838264
v 0.0164393 0.4887944 0.0333857 1.000000 1.000000 1.000000
vn -3.3021479 0.3507019 -5.3198452
v 0.0165653 0.4151981 0.0253319 1.000000 1.000000 1.000000
vn -3.7884109 0.8971410 -4.9141417
v 0.0203594 0.4367585 0.0253800 1.000000 1.000000 1.000000
vn -3.7800062 0.2939155 -4.9385233
v 0.0195321 0.3469078 0.0204260 1.000000 1.000000 1.000000
vn -3.9831743 0.5908909 -4.6971097
v 0.0258736 0.4700408 0.0283291 1.000000 1.000000 1.000000
vn -1.5773406 -0.9510766 -2.6763830
v 0.0161901 0.4969972 0.0300095 1.000000 1.000000 1.000000
vn -1.6836975 0.3059299 -2.3105466
v 0.0220049 0.3344686 0.0173452 1.000000 1.000000 1.000000
vn -2.4691331 -0.3617616 -3.0853064
v 0.0279369 0.4803748 0.0265812 1.000000 1.000000 1.000000
vn -2.0597184 0.2651251 -2.6688962
v 0.0215649 0.4174100 0.0218021 1.000000 1.000000 1.000000
vn -2.2083230 1.4252343 -3.3736145
v 0.0117813 0.3065854 0.0172651 1.000000 1.000000 1.000000
vn -0.9972426 0.7817632 -2.0518720
v 0.0144707 0.3028085 0.0146702 1.000000 1.000000 1.000000
vn -0.5695910 0.4726448 -1.1504583
v 0.0138580 0.2989258 0.0133784 1.000000 1.000000 1.000000
vn -1.9574229 0.7773995 -2.1512680
v 0.0168795 0.3174084 0.0170698 1.000000 1.000000 1.000000
vn -2.1072624 0.4004383 -2.2269974
v 0.0252362 0.4350557 0.0205536 1.000000 1.000000 1.000000
vn -1.4590417 -0.6129333 -1.8105444
v 0.0282005 0.4897623 0.0235802 1.000000 1.000000 1.000000
vn -1.7579889 -0.2684273 -2.4535232
v 0.0246604 0.4951358 0.0243369 1.000000 1.000000 1.000000
vn -0.8331741 0.8703098 -1.5296571
v 0.0241869 0.4974090 0.0258881 1.000000 1.000000 1.000000
vn -1.7957495 0.2344088 -1.6789770
v 0.0318969 0.4727546 0.0222657 1.000000 1.000000 1.000000
vn -2.2283731 0.4802148 -1.9684074
v 0.0299078 0.4571619 0.0206202 1.000000 1.000000 1.000000
vn 1.2711245 0.0708228 -2.0463085
v -0.0243817 0.4952602 0.0244366 1.000000 1.000000 1.000000
vn 0.6282604 0.4785712 -1.1732430
v -0.0250246 0.4977168 0.0250944 1.000000 1.000000 1.000000
vn 1.6347506 -3.4452944 4.8721986
v 0.1210452 0.3345028 0.0144359 1.000000 1.000000 1.000000
vn 1.6912260 -3.5199015 4.7617221
v 0.0998135 0.3240242 0.0143337 1.000000 1.000000 1.000000
vn 2.2816739 -4.9434643 2.8111644
v 0.1317090 0.3340868 0.0087926 1.000000 1.000000 1.000000
vn 2.3334558 -4.9878149 2.7672143
v 0.1165081 0.3271486 0.0089391 1.000000 1.000000 1.000000
vn 1.6146202 -3.5870256 4.7631655
v 0.1378150 0.3420451 0.0144246 1.000000 1.000000 1.000000
vn 2.2793202 -4.9228148 2.8802030
v 0.1626018 0.3485879 0.0092755 1.000000 1.000000 1.000000
vn 1.6431807 -3.6192050 4.7271471
v 0.1547794 0.3496687 0.0143915 1.000000 1.000000 1.000000
vn 2.3741534 -4.9437809 2.7531354
v 0.1004842 0.3195751 0.0090478 1.000000 1.000000 1.000000
vn 1.7025242 -3.5294080 4.7487054
v 0.0792030 0.3138280 0.0141074 1.000000 1.000000 1.000000
vn 2.4086485 -4.8666868 2.7861843
v 0.0676236 0.3031733 0.0087169 1.000000 1.000000 1.000000
vn 2.4356160 -4.9542856 2.6619601
v 0.0833850 0.3109250 0.0085598 1.000000 1.000000 1.000000
vn 1.5728213 -3.2613733 4.9874663
v 0.0544547 0.3024984 0.0145160 1.000000 1.000000 1.000000
vn 1.6756372 -3.6358013 4.7201095
v 0.1691401 0.3565790 0.0145684 1.000000 1.000000 1.000000
vn 2.3272345 -5.0378904 2.6337714
v 0.1929104 0.3625704 0.0088053 1.000000 1.000000 1.000000
vn 1.7429950 -3.8114901 4.5620489
v 0.1892462 0.3656124 0.0143489 1.000000 1.000000 1.000000
vn 3.4065099 -3.8591957 2.1383564
v 0.2049356 0.3677028 0.0085357 1.000000 1.000000 1.000000
vn 3.5710251 -2.1771040 3.3022852
v 0.2046622 0.3732567 0.0145932 1.000000 1.000000 1.000000
vn 2.2729316 -4.5742288 3.5129273
v 0.0478695 0.2939415 0.0095196 1.000000 1.000000 1.000000
vn 1.7233125 -3.2156906 5.0256062
v 0.0412694 0.2960045 0.0144224 1.000000 1.000000 1.000000
vn 0.8036176 -1.3594656 2.3438723
v 0.0287594 0.2912094 0.0160991 1.000000 1.000000 1.000000
vn 1.0849465 -2.2880402 1.7831066
v 0.0313989 0.2865804 0.0106204 1.000000 1.000000 1.000000
vn 2.5439448 -5.2297716 2.2238300
v 0.0359661 0.2872989 0.0081018 1.000000 1.000000 1.000000
vn 2.6109638 -5.3298640 1.9125466
v 0.0495229 0.2934766 0.0070630 1.000000 1.000000 1.000000
vn 2.0386405 -1.7152550 5.3498631
v 0.2011067 0.3768340 0.0178538 1.000000 1.000000 1.000000
vn 0.9420991 -2.1513789 5.7214699
v 0.1820260 0.3687694 0.0181209 1.000000 1.000000 1.000000
vn 0.8143723 -1.8785666 5.8323898
v 0.1584080 0.3587390 0.0182324 1.000000 1.000000 1.000000
vn 0.7938934 -1.8223996 5.8474650
v 0.1347044 0.3476147 0.0179737 1.000000 1.000000 1.000000
vn 0.7951674 -1.7081103 5.8988118
v 0.1158390 0.3396275 0.0180402 1.000000 1.000000 1.000000
vn 0.6797760 -1.5034893 5.9070134
v 0.0766617 0.3202763 0.0177976 1.000000 1.000000 1.000000
vn 0.6697230 -1.5720208 5.9037647
v 0.0938423 0.3287292 0.0179601 1.000000 1.000000 1.000000
vn 0.8260663 -1.7006627 5.9172788
v 0.0618888 0.3119284 0.0170653 1.000000 1.000000 1.000000
vn 0.6317412 -0.9803635 2.7166967
v 0.0339427 0.3026845 0.0189960 1.000000 1.000000 1.000000
vn 0.6671723 -2.0908277 5.8047614
v 0.0507143 0.3069407 0.0171937 1.000000 1.000000 1.000000
vn 0.5590515 -0.7812091 3.1805949
v 0.0434351 0.3072616 0.0179740 1.000000 1.000000 1.000000
vn 2.2309723 -1.0755833 4.1651793
v 0.0273307 0.2982470 0.0186816 1.000000 1.000000 1.000000
vn 1.0128608 -0.1963381 3.6052904
v 0.1966859 0.3841340 0.0201674 1.000000 1.000000 1.000000
vn 0.2163990 -0.5115472 3.1006434
v 0.1643956 0.3685424 0.0193738 1.000000 1.000000 1.000000
vn 1.4159923 -0.1559085 3.0324962
v 0.2024694 0.3820217 0.0179339 1.000000 1.000000 1.000000
vn 0.1684513 -0.4058144 3.0803189
v 0.1321687 0.3532689 0.0188494 1.000000 1.000000 1.000000
vn 0.1458583 -0.3753399 3.3666248
v 0.0991558 0.3363341 0.0185732 1.000000 1.000000 1.000000
vn 0.1177818 -0.3412987 3.0512657
v 0.0628710 0.3208849 0.0181615 1.000000 1.000000 1.000000
vn 0.0334863 -0.1431701 2.8172832
v 0.0821435 0.3325073 0.0182541 1.000000 1.000000 1.000000
vn 0.0205481 -0.0050517 0.0251332
v 0.0242583 0.3091132 0.0233776 1.000000 1.000000 1.000000
vn 2.3924513 -0.5399082 2.0200934
v 0.2053957 0.3765092 0.0144771 1.000000 1.000000 1.000000
vn 0.2907147 0.1144947 0.6444938
v 0.1986527 0.3912354 0.0180187 1.000000 1.000000 1.000000
vn 1.9183031 -2.2626896 0.4264028
v 0.0330593 0.2839276 0.0032891 1.000000 1.000000 1.000000
vn 2.5836914 -5.5247126 1.4652344
v 0.1758618 0.3533057 0.0048771 1.000000 1.000000 1.000000
vn 2.5709205 -5.5245891 1.5318371
v 0.1452472 0.3394945 0.0056600 1.000000 1.000000 1.000000
vn 2.6147981 -5.5898709 0.9986571
v 0.1204095 0.3266960 0.0013493 1.000000 1.000000 1.000000
vn 2.5869551 -5.6351299 0.7859184
v 0.1511522 0.3411518 0.0015769 1.000000 1.000000 1.000000
vn 1.3875140 -2.8745472 0.7400590
v 0.0993702 0.3164858 -0.0003735 1.000000 1.000000 1.000000
vn 1.3800989 -2.7542720 0.7093413
v 0.0703284 0.3019898 -0.0009784 1.000000 1.000000 1.000000
vn 1.3194011 -2.6747887 0.6892203
v 0.0844035 0.3088842 -0.0013294 1.000000 1.000000 1.000000
vn 2.3823919 -2.6719246 0.4670498
v 0.2040485 0.3652188 -0.0017834 1.000000 1.000000 1.000000
vn 0.8332781 -1.3736267 0.2687332
v 0.0334047 0.2838723 -0.0012062 1.000000 1.000000 1.000000
vn 1.3672434 -2.7759862 0.6082956
v 0.0571943 0.2955022 -0.0009359 1.000000 1.000000 1.000000
vn 1.3176408 -2.8266921 0.5411018
v 0.1753272 0.3517692 -0.0015665 1.000000 1.000000 1.000000
vn 1.3347206 -2.7733226 0.0973412
v 0.1129222 0.3229884 -0.0015272 1.000000 1.000000 1.000000
vn 2.7346935 -1.9515238 0.7636297
v 0.2071642 0.3700681 0.0065994 1.000000 1.000000 1.000000
vn 1.2923812 -2.8243732 0.0474756
v 0.1511486 0.3410879 -0.0021263 1.000000 1.000000 1.000000
vn 0.7157194 -0.5147634 0.0478285
v 0.2074490 0.3697995 -0.0065097 1.000000 1.000000 1.000000
vn -1.7122786 1.3254530 5.6173162
v -0.0663444 -0.4599370 0.2197628 1.000000 1.000000 1.000000
vn -2.0319972 -0.1776312 5.9396119
v -0.0739884 -0.4718700 0.2166488 1.000000 1.000000 1.000000
vn -1.5308927 0.0910469 6.0873022
v -0.0531882 -0.4791045 0.2225678 1.000000 1.000000 1.000000
vn -1.3147591 1.5429659 5.5923629
v -0.0512992 -0.4594783 0.2238573 1.000000 1.000000 1.000000
vn -2.1698079 1.2219243 5.4811697
v -0.0819499 -0.4604580 0.2144841 1.000000 1.000000 1.000000
vn -2.0408480 0.3030350 5.9309454
v -0.0728244 -0.4860904 0.2172139 1.000000 1.000000 1.000000
vn -0.8611110 1.6680126 5.6096520
v -0.0323686 -0.4590836 0.2275999 1.000000 1.000000 1.000000
vn -0.9637446 0.1610549 6.2000842
v -0.0324981 -0.4815230 0.2271413 1.000000 1.000000 1.000000
vn -0.7107474 0.1494244 3.0111337
v -0.0493621 -0.4996060 0.2249254 1.000000 1.000000 1.000000
vn -1.6993589 -1.7913373 5.1728058
v -0.0692689 -0.4987496 0.2194618 1.000000 1.000000 1.000000
vn -0.4565107 0.1097159 3.2660351
v -0.0317247 -0.4987084 0.2283867 1.000000 1.000000 1.000000
vn -2.5649681 0.2063185 5.7277498
v -0.0931235 -0.4843241 0.2091792 1.000000 1.000000 1.000000
vn -2.5326707 -0.1824141 5.7440310
v -0.0926964 -0.4706316 0.2094341 1.000000 1.000000 1.000000
vn -1.2351569 0.1488108 2.8749561
v -0.0907118 -0.4996800 0.2112967 1.000000 1.000000 1.000000
vn -1.6567444 0.2114867 3.3430457
v -0.1025618 -0.4602615 0.2053277 1.000000 1.000000 1.000000
vn -2.9569054 0.0630640 5.5376272
v -0.1050389 -0.4796335 0.2030236 1.000000 1.000000 1.000000
vn -1.4580669 0.1922919 2.7875185
v -0.1084821 -0.4995369 0.2026071 1.000000 1.000000 1.000000
vn -1.5641177 0.2093886 2.6489289
v -0.1166630 -0.4996000 0.1981056 1.000000 1.000000 1.000000
vn -1.6262836 -0.1337519 2.7221901
v -0.1189435 -0.4610315 0.1959922 1.000000 1.000000 1.000000
vn -3.4817753 -0.1458338 5.2185149
v -0.1254618 -0.4720067 0.1914662 1.000000 1.000000 1.000000
vn -3.4987788 0.2846516 5.2014389
v -0.1264200 -0.4850282 0.1909671 1.000000 1.000000 1.000000
vn -1.7950132 -0.1594639 2.5458841
v -0.1283669 -0.4610935 0.1899682 1.000000 1.000000 1.000000
vn -1.8624258 0.2144502 2.5571017
v -0.1322557 -0.4987580 0.1880189 1.000000 1.000000 1.000000
vn -0.5369681 0.8733242 6.1087179
v -0.0222247 -0.4594401 0.2285987 1.000000 1.000000 1.000000
vn -0.5080854 0.1432995 6.2576413
v -0.0161511 -0.4816048 0.2286946 1.000000 1.000000 1.000000
vn 0.0039330 0.1118254 3.2496471
v -0.0010039 -0.4986766 0.2308778 1.000000 1.000000 1.000000
vn 0.0343032 0.0916579 6.2708163
v -0.0001461 -0.4799207 0.2297985 1.000000 1.000000 1.000000
vn 0.0348133 1.6357764 5.6150832
v 0.0002313 -0.4590927 0.2304446 1.000000 1.000000 1.000000
vn -4.0284367 -0.2124780 4.8112617
v -0.1462897 -0.4689915 0.1757855 1.000000 1.000000 1.000000
vn -4.0616665 0.1465622 4.7859178
v -0.1473121 -0.4816760 0.1745522 1.000000 1.000000 1.000000
vn -1.8849516 -0.3713011 2.5367281
v -0.1385731 -0.4613886 0.1826322 1.000000 1.000000 1.000000
vn -2.1437964 0.1117943 2.4649880
v -0.1491066 -0.4986492 0.1744052 1.000000 1.000000 1.000000
vn -2.0719910 -0.3759407 2.1509914
v -0.1585561 -0.4605882 0.1654383 1.000000 1.000000 1.000000
vn -0.9926720 -0.0786394 1.0577403
v -0.1659305 -0.4615437 0.1579987 1.000000 1.000000 1.000000
vn -2.2852764 0.0493154 2.4655740
v -0.1625375 -0.4808907 0.1604245 1.000000 1.000000 1.000000
vn -1.1197208 0.0383004 1.2118390
v -0.1634927 -0.4986657 0.1611023 1.000000 1.000000 1.000000
vn -1.0062350 1.5743781 2.8205349
v -0.0744336 -0.4524468 0.2130697 1.000000 1.000000 1.000000
vn -0.8302203 1.0827113 1.9088067
v -0.0901070 -0.4512324 0.2057033 1.000000 1.000000 1.000000
vn 0.4680572 0.0924878 3.2359562
v 0.0302217 -0.4987129 0.2282599 1.000000 1.000000 1.000000
vn 0.6033927 0.1759931 6.2493668
v 0.0186215 -0.4820508 0.2283399 1.000000 1.000000 1.000000
vn 0.6022008 -0.2169076 6.2498493
v 0.0180007 -0.4668335 0.2285573 1.000000 1.000000 1.000000
vn 0.5936120 1.5410793 5.7215958
v 0.0208854 -0.4593696 0.2286801 1.000000 1.000000 1.000000
vn 0.9735790 1.4316897 5.6999469
v 0.0349124 -0.4601997 0.2270997 1.000000 1.000000 1.000000
vn 1.0119561 0.0755979 6.1950722
v 0.0335255 -0.4791354 0.2264867 1.000000 1.000000 1.000000
vn 1.2269648 -1.6832889 5.4951196
v 0.0488356 -0.4986558 0.2244301 1.000000 1.000000 1.000000
vn 1.4935836 0.0056534 6.0978460
v 0.0515904 -0.4774222 0.2226259 1.000000 1.000000 1.000000
vn 1.1687956 1.4532671 4.9029679
v 0.0509629 -0.4602667 0.2236957 1.000000 1.000000 1.000000
vn 0.2348018 -0.9960418 2.8144660
v 0.0119466 -0.4997479 0.2294183 1.000000 1.000000 1.000000
vn 0.4442265 0.0309434 1.6643528
v 0.0650032 -0.4997717 0.2201822 1.000000 1.000000 1.000000
vn 0.5723447 0.0335282 2.0785503
v 0.0680981 -0.4767041 0.2180688 1.000000 1.000000 1.000000
vn -0.1928858 -1.6656989 2.3999906
v -0.0229675 -0.4998059 0.2283289 1.000000 1.000000 1.000000
vn -0.5783548 1.7017365 2.5132668
v -0.0495115 -0.4503027 0.2181507 1.000000 1.000000 1.000000
vn -0.3118808 1.7913623 2.6255298
v -0.0264144 -0.4501356 0.2222642 1.000000 1.000000 1.000000
vn -0.7143611 -2.0837393 2.2140858
v -0.0680760 -0.4999055 0.2187589 1.000000 1.000000 1.000000
vn 0.0262118 1.8145518 2.6316869
v 0.0006434 -0.4500956 0.2241608 1.000000 1.000000 1.000000
vn 0.2480799 1.7186272 2.6611016
v 0.0189442 -0.4503597 0.2230422 1.000000 1.000000 1.000000
vn 0.4528014 1.6490400 2.6537683
v 0.0331451 -0.4504494 0.2213854 1.000000 1.000000 1.000000
vn 0.6059654 1.6004683 2.6679511
v 0.0475004 -0.4508197 0.2187743 1.000000 1.000000 1.000000
vn 0.8130249 1.6053123 2.5459075
v 0.0674258 -0.4598419 0.2189249 1.000000 1.000000 1.000000
vn 0.6245463 1.3391442 2.2293730
v 0.0617795 -0.4511938 0.2153119 1.000000 1.000000 1.000000
vn 0.1572360 0.2884492 0.4447126
v 0.0792165 -0.4596940 0.2146601 1.000000 1.000000 1.000000
vn -1.6360164 -1.5564066 1.7711533
v -0.1547096 -0.4997554 0.1682578 1.000000 1.000000 1.000000
vn 0.4915472 -1.8294108 2.3610933
v 0.0421742 -0.4998244 0.2249114 1.000000 1.000000 1.000000
vn -2.5401456 5.5652552 -0.1453438
v 0.1273795 -0.0362478 -0.0003927 1.000000 1.000000 1.000000
vn -2.5217781 5.6190653 -0.3997194
v 0.0941004 -0.0514152 -0.0006483 1.000000 1.000000 1.000000
vn -2.5475123 5.5457211 1.3832417
v 0.0970267 -0.0506589 0.0033235 1.000000 1.000000 1.000000
vn -2.5708919 5.4707460 1.3442701
v 0.0776262 -0.0592990 0.0034712 1.000000 1.000000 1.000000
vn -2.2904379 5.0429173 2.6153965
v 0.1151841 -0.0438356 0.0085687 1.000000 1.000000 1.000000
vn -2.3141284 5.0744991 2.5423536
v 0.1405567 -0.0323190 0.0085841 1.000000 1.000000 1.000000
vn -2.5460894 5.5709419 -0.0894960
v 0.1395521 -0.0306912 -0.0004129 1.000000 1.000000 1.000000
vn -2.5303388 5.5610352 -0.1657291
v 0.1630992 -0.0199329 -0.0011944 1.000000 1.000000 1.000000
vn -2.2886033 5.0286512 2.6480310
v 0.1569431 -0.0252239 0.0092227 1.000000 1.000000 1.000000
vn -2.2474232 5.2121406 2.3314521
v 0.1791173 -0.0147995 0.0087723 1.000000 1.000000 1.000000
vn -2.2053413 5.6584139 -0.2138799
v 0.1828770 -0.0111454 -0.0010662 1.000000 1.000000 1.000000
vn -0.6469895 5.4929028 1.8431076
v 0.1941658 -0.0090886 0.0091251 1.000000 1.000000 1.000000
vn -2.2414331 4.8690805 3.0783794
v 0.0931470 -0.0547380 0.0094552 1.000000 1.000000 1.000000
vn -0.1904821 5.8851056 -0.0671119
v 0.1944048 -0.0077426 -0.0011804 1.000000 1.000000 1.000000
vn -2.6121516 5.5046911 -0.8829975
v 0.0764688 -0.0595273 -0.0019552 1.000000 1.000000 1.000000
vn -2.6485827 5.4423032 -1.0092875
v 0.0530566 -0.0708000 -0.0020651 1.000000 1.000000 1.000000
vn -2.3339601 5.5808363 1.4953667
v 0.0380900 -0.0783737 0.0031847 1.000000 1.000000 1.000000
vn -2.6407578 5.4484425 1.3130033
v 0.0597834 -0.0678267 0.0031221 1.000000 1.000000 1.000000
vn -1.2513436 3.1931944 -0.5790145
v 0.0343464 -0.0794265 -0.0024200 1.000000 1.000000 1.000000
vn -2.2690821 4.7176929 3.2803450
v 0.0753116 -0.0631715 0.0096828 1.000000 1.000000 1.000000
vn -2.2840643 4.7001224 3.3032274
v 0.0528845 -0.0739681 0.0093459 1.000000 1.000000 1.000000
vn -1.0606310 2.2778134 2.1945982
v 0.0327591 -0.0840960 0.0105638 1.000000 1.000000 1.000000
vn -0.8824334 3.0309293 0.9250194
v 0.0340908 -0.0795669 0.0032796 1.000000 1.000000 1.000000
vn -1.9073129 4.2714119 4.0862241
v 0.1843840 -0.0162896 0.0139301 1.000000 1.000000 1.000000
vn -0.7841909 2.6314573 1.9796641
v 0.1964373 -0.0114580 0.0142334 1.000000 1.000000 1.000000
vn -1.7532673 3.8421175 4.5356245
v 0.1383124 -0.0380883 0.0142149 1.000000 1.000000 1.000000
vn -1.7133733 3.6562099 4.6628537
v 0.1193703 -0.0470550 0.0145203 1.000000 1.000000 1.000000
vn -1.8475131 3.8165655 4.5593410
v 0.1643268 -0.0264428 0.0144755 1.000000 1.000000 1.000000
vn -1.6816229 3.5250621 4.7917037
v 0.0959419 -0.0579423 0.0142652 1.000000 1.000000 1.000000
vn -1.6509882 3.3512788 4.9115405
v 0.0713050 -0.0700722 0.0145789 1.000000 1.000000 1.000000
vn -1.0096130 2.1587834 2.5396576
v 0.0484018 -0.0821080 0.0150217 1.000000 1.000000 1.000000
vn -0.4863513 1.0866141 1.2152163
v 0.1976285 -0.0145518 0.0176769 1.000000 1.000000 1.000000
vn -0.8517094 1.7516249 2.3974328
v 0.1817233 -0.0235359 0.0183921 1.000000 1.000000 1.000000
vn -0.2292019 0.4374627 0.6091747
v 0.0293819 -0.0941639 0.0165231 1.000000 1.000000 1.000000
vn -0.7754341 1.5728306 2.5589817
v 0.1648969 -0.0323430 0.0182993 1.000000 1.000000 1.000000
vn -0.7288554 1.5285041 2.6621013
v 0.1471006 -0.0406624 0.0181303 1.000000 1.000000 1.000000
vn -0.6835292 1.4130769 2.7333369
v 0.1253467 -0.0511142 0.0181268 1.000000 1.000000 1.000000
vn 0.5144477 2.8677540 0.6271103
v 0.1975347 -0.0094304 0.0081673 1.000000 1.000000 1.000000
vn -0.6731197 1.3493946 2.7534132
v 0.1059752 -0.0607339 0.0180861 1.000000 1.000000 1.000000
vn -0.6171625 1.2975504 2.6884730
v 0.0905401 -0.0683316 0.0180818 1.000000 1.000000 1.000000
vn -0.5791356 1.1889045 2.6976113
v 0.0684317 -0.0770379 0.0170320 1.000000 1.000000 1.000000
vn -0.6696625 5.1041622 -2.3877015
v 0.1943506 -0.0093248 -0.0106722 1.000000 1.000000 1.000000
vn -2.2779434 4.9140406 -2.8212054
v 0.1399973 -0.0328605 -0.0091817 1.000000 1.000000 1.000000
vn -2.2438407 4.9003038 -2.8634405
v 0.1082990 -0.0473199 -0.0090577 1.000000 1.000000 1.000000
vn -2.2783370 4.9985156 -2.7434270
v 0.1686196 -0.0198177 -0.0094702 1.000000 1.000000 1.000000
vn -2.2654166 4.9243917 -2.8704362
v 0.1230008 -0.0408857 -0.0094048 1.000000 1.000000 1.000000
vn -2.3067675 4.9814792 -2.7808354
v 0.0967157 -0.0525394 -0.0085565 1.000000 1.000000 1.000000
vn -2.2538927 4.7369590 -3.1935401
v 0.0828222 -0.0594909 -0.0096236 1.000000 1.000000 1.000000
vn -2.2728536 4.6554232 -3.2933025
v 0.0622930 -0.0693894 -0.0094520 1.000000 1.000000 1.000000
vn -1.3184407 2.9151144 -1.6414673
v 0.0468952 -0.0777930 -0.0104630 1.000000 1.000000 1.000000
vn -1.0132362 2.5228877 -1.8331282
v 0.0328208 -0.0823353 -0.0089350 1.000000 1.000000 1.000000
vn 0.6568785 3.1063480 -0.2092368
v 0.1974047 -0.0084590 -0.0023977 1.000000 1.000000 1.000000
vn 0.1153504 2.7258220 -1.6025331
v 0.1973996 -0.0099445 -0.0115143 1.000000 1.000000 1.000000
vn -1.1384332 2.8068972 -2.3962140
v 0.1875480 -0.0148513 -0.0139776 1.000000 1.000000 1.000000
vn -0.9959062 2.1928976 -2.0781209
v 0.0937143 -0.0593213 -0.0145130 1.000000 1.000000 1.000000
vn -1.0365872 2.1863606 -1.9421325
v 0.1719392 -0.0228542 -0.0146603 1.000000 1.000000 1.000000
vn -1.0592818 2.2498446 -2.0747182
v 0.1557648 -0.0306609 -0.0148098 1.000000 1.000000 1.000000
vn -1.0523318 2.2873688 -2.1441083
v 0.1291937 -0.0428377 -0.0146146 1.000000 1.000000 1.000000
vn -0.9715613 2.1119938 -2.0642271
v 0.1095157 -0.0523150 -0.0147089 1.000000 1.000000 1.000000
vn -1.0154176 2.0596693 -2.1905847
v 0.0814487 -0.0653846 -0.0145830 1.000000 1.000000 1.000000
vn -0.8990775 1.9464262 -1.9133441
v 0.1419164 -0.0386570 -0.0159803 1.000000 1.000000 1.000000
vn -0.2251714 0.5150422 -0.5429834
v 0.0308459 -0.0876720 -0.0131782 1.000000 1.000000 1.000000
vn -0.8821749 1.7590370 -1.9895591
v 0.0672613 -0.0730103 -0.0148564 1.000000 1.000000 1.000000
vn -0.1661674 0.7136868 -0.7412059
v 0.1987613 -0.0166741 -0.0187375 1.000000 1.000000 1.000000
vn -3.4198940 4.3322787 -2.5866344
v -0.0099666 0.1855768 0.1050671 1.000000 1.000000 1.000000
vn -3.5423777 4.2586164 -2.6032987
v -0.0101949 0.1986715 0.1271116 1.000000 1.000000 1.000000
vn -1.3749911 5.1916285 -3.1066272
v -0.0013975 0.1985321 0.1199967 1.000000 1.000000 1.000000
vn -3.2485037 4.4551773 -2.5823214
v -0.0094345 0.2092358 0.1437596 1.000000 1.000000 1.000000
vn -0.4709027 5.1707549 -3.1648569
v 0.0000966 0.1903011 0.1059424 1.000000 1.000000 1.000000
vn -0.5760238 5.1778431 -3.1016932
v -0.0004630 0.1799128 0.0886886 1.000000 1.000000 1.000000
vn -3.4814458 4.3430028 -2.5593219
v -0.0101440 0.1760973 0.0895849 1.000000 1.000000 1.000000
vn -3.2019050 4.3619194 -2.7020779
v -0.0094620 0.1695816 0.0773334 1.000000 1.000000 1.000000
vn -0.4925627 5.2776413 -3.0528710
v -0.0005236 0.2150748 0.1481043 1.000000 1.000000 1.000000
vn -3.2903106 4.4063845 -2.5801413
v -0.0095220 0.2168670 0.1569697 1.000000 1.000000 1.000000
vn -0.4840190 5.2255740 -3.1012418
v -0.0005595 0.2263876 0.1674808 1.000000 1.000000 1.000000
vn -3.3062890 4.4310718 -2.6722379
v -0.0101205 0.2249161 0.1715832 1.000000 1.000000 1.000000
vn -3.1909411 4.4199023 -2.6712673
v -0.0098469 0.2335185 0.1849302 1.000000 1.000000 1.000000
vn -0.2628440 5.3326378 -2.8176150
v -0.0002949 0.2428560 0.1949514 1.000000 1.000000 1.000000
vn -3.3426626 4.3913789 -2.1037536
v -0.0101781 0.2413545 0.1985178 1.000000 1.000000 1.000000
vn -0.2028945 5.0885110 -3.3071587
v 0.0003613 0.1645745 0.0640456 1.000000 1.000000 1.000000
vn -0.8841262 5.0692058 -3.4098539
v -0.0027680 0.1475202 0.0392994 1.000000 1.000000 1.000000
vn -3.1631017 4.3528075 -2.8161190
v -0.0096959 0.1548444 0.0544722 1.000000 1.000000 1.000000
vn -3.1391864 4.4182677 -2.7787051
v -0.0095831 0.1623534 0.0661415 1.000000 1.000000 1.000000
vn -3.4143853 4.2653642 -2.7381320
v -0.0106466 0.1473106 0.0441233 1.000000 1.000000 1.000000
vn -1.9377334 5.0733242 -3.1589983
v -0.0092255 0.1409421 0.0330483 1.000000 1.000000 1.000000
vn -2.0343256 2.0662348 -1.3678863
v -0.0109214 0.1386767 0.0304117 1.000000 1.000000 1.000000
vn -0.6202930 2.8763385 -1.9182116
v -0.0035023 0.1429684 0.0327528 1.000000 1.000000 1.000000
vn -0.3614050 5.6357260 -1.4432459
v -0.0011057 0.2463731 0.2027806 1.000000 1.000000 1.000000
vn -1.6983190 2.3450942 -0.7664822
v -0.0103284 0.2437315 0.2055239 1.000000 1.000000 1.000000
vn 0.4438103 5.3396921 -3.1491914
v 0.0019951 0.2017079 0.1249108 1.000000 1.000000 1.000000
vn 0.6576614 2.9653184 -2.1685412
v 0.0016736 0.1430662 0.0332323 1.000000 1.000000 1.000000
vn -0.0498493 3.0566580 -0.2656116
v -0.0009163 0.2466042 0.2052349 1.000000 1.000000 1.000000
vn -2.3035898 1.9517894 -1.2074133
v -0.0145754 0.1572693 0.0673268 1.000000 1.000000 1.000000
vn -2.2691326 1.8979379 -1.1536647
v -0.0150707 0.2206259 0.1739574 1.000000 1.000000 1.000000
vn -2.4364808 1.9430221 -1.1655096
v -0.0144986 0.2269673 0.1836194 1.000000 1.000000 1.000000
vn -2.2811766 1.8154796 -1.1048334
v -0.0148031 0.1650132 0.0809886 1.000000 1.000000 1.000000
vn -2.3200860 1.8277248 -1.0883386
v -0.0148700 0.1750933 0.0978872 1.000000 1.000000 1.000000
vn -2.2947557 1.8633161 -1.0920389
v -0.0150316 0.1997207 0.1390084 1.000000 1.000000 1.000000
vn -2.3674393 1.9056449 -1.0903931
v -0.0149173 0.2079929 0.1532647 1.000000 1.000000 1.000000
vn -2.2758720 1.7959445 -1.1358171
v -0.0150996 0.1480402 0.0545207 1.000000 1.000000 1.000000
vn -2.4456165 1.7799203 -1.1921618
v -0.0157891 0.1361863 0.0367214 1.000000 1.000000 1.000000
vn -2.2325683 1.6163820 -1.0367072
v -0.0154626 0.2134228 0.1643928 1.000000 1.000000 1.000000
vn -2.3624086 1.7512099 -1.0610901
v -0.0148484 0.1867915 0.1180570 1.000000 1.000000 1.000000
vn -0.5672283 0.3695906 -0.2917236
v -0.0163226 0.1285809 0.0281233 1.000000 1.000000 1.000000
vn -1.3494277 0.9507637 -0.4270832
v -0.0157067 0.2372580 0.2068667 1.000000 1.000000 1.000000
vn 2.4291148 4.8555956 -2.7935376
v 0.0092780 0.2094796 0.1414878 1.000000 1.000000 1.000000
vn 1.6304327 5.1202097 -3.1780965
v 0.0077754 0.1741035 0.0816808 1.000000 1.000000 1.000000
vn 2.4748166 4.7490659 -2.9329445
v 0.0095126 0.1824159 0.0962565 1.000000 1.000000 1.000000
vn 2.5177474 4.7644510 -2.8723874
v 0.0094639 0.1936578 0.1146790 1.000000 1.000000 1.000000
vn 2.6245105 4.7884588 -2.7037301
v 0.0095102 0.2190515 0.1585690 1.000000 1.000000 1.000000
vn 2.4318304 4.5867176 -3.2540400
v 0.0091757 0.1512965 0.0476911 1.000000 1.000000 1.000000
vn 2.7365458 4.5596867 -2.9800935
v 0.0098203 0.1618923 0.0638803 1.000000 1.000000 1.000000
vn 1.7396452 5.2648678 -2.8215659
v 0.0087449 0.2417293 0.1965879 1.000000 1.000000 1.000000
vn 2.8846610 4.5771494 -1.5345044
v 0.0105891 0.2434355 0.2011650 1.000000 1.000000 1.000000
vn 2.7781329 4.6501026 -2.6778765
v 0.0097297 0.2345038 0.1849568 1.000000 1.000000 1.000000
vn 2.7257967 4.7535491 -2.7757666
v 0.0094522 0.2262011 0.1709600 1.000000 1.000000 1.000000
vn 2.6286395 4.7524643 -2.7779608
v 0.0094437 0.2020163 0.1285790 1.000000 1.000000 1.000000
vn 1.9245377 1.9901462 -1.6512032
v 0.0108073 0.1371756 0.0303935 1.000000 1.000000 1.000000
vn 3.1302104 4.5071354 -2.8731642
v 0.0100715 0.1698222 0.0765544 1.000000 1.000000 1.000000
vn 1.4038136 2.4188104 -0.2281218
v 0.0110209 0.2436367 0.2059554 1.000000 1.000000 1.000000
vn 4.5098190 3.3997381 -2.3816156
v 0.0140272 0.1493811 0.0509350 1.000000 1.000000 1.000000
vn 4.4802213 3.6019530 -2.2065897
v 0.0138881 0.1844429 0.1055504 1.000000 1.000000 1.000000
vn 4.5515404 3.5668249 -2.0308881
v 0.0142469 0.2104237 0.1502543 1.000000 1.000000 1.000000
vn 4.5351601 3.3864734 -2.5024872
v 0.0145251 0.1416847 0.0413924 1.000000 1.000000 1.000000
vn 4.7249279 3.4186764 -1.9667909
v 0.0147133 0.2026579 0.1382058 1.000000 1.000000 1.000000
vn 4.7069712 3.3593166 -2.1155939
v 0.0146855 0.1768414 0.0950015 1.000000 1.000000 1.000000
vn 4.7436748 3.3119435 -2.0921414
v 0.0145397 0.1687095 0.0816398 1.000000 1.000000 1.000000
vn 4.7457957 3.3662825 -1.9894822
v 0.0148475 0.1918739 0.1200450 1.000000 1.000000 1.000000
vn 4.8513846 3.2583828 -1.7777518
v 0.0144997 0.2203812 0.1690490 1.000000 1.000000 1.000000
vn 4.9328289 3.0229464 -1.8006437
v 0.0147134 0.2268320 0.1802394 1.000000 1.000000 1.000000
vn 4.8930082 3.1373265 -2.0095744
v 0.0147105 0.1585456 0.0664782 1.000000 1.000000 1.000000
vn 4.9501824 3.2407908 -1.7022086
v 0.0153314 0.2138158 0.1594468 1.000000 1.000000 1.000000
vn 2.6933346 1.7483339 -0.7283034
v 0.0143421 0.2401603 0.2053578 1.000000 1.000000 1.000000
vn 5.2088394 2.4951735 -2.0351219
v 0.0162803 0.1343119 0.0356554 1.000000 1.000000 1.000000
vn 0.9691402 0.4703490 -0.3838209
v 0.0175503 0.1255996 0.0281859 1.000000 1.000000 1.000000
vn 5.7713594 1.9187309 -1.1798055
v 0.0179580 0.1771546 0.1064248 1.000000 1.000000 1.000000
vn 5.7758455 1.8914044 -1.3218905
v 0.0171891 0.1473381 0.0577057 1.000000 1.000000 1.000000
vn 5.8414173 1.8445827 -1.0198207
v 0.0176701 0.2070610 0.1567475 1.000000 1.000000 1.000000
vn 5.8438196 1.8109955 -1.0092161
v 0.0182426 0.1947482 0.1373947 1.000000 1.000000 1.000000
vn 5.8497586 1.8501921 -1.1186603
v 0.0180168 0.1868161 0.1234724 1.000000 1.000000 1.000000
vn 5.8435831 1.7897700 -1.1771894
v 0.0178748 0.1629091 0.0842564 1.000000 1.000000 1.000000
vn 5.8491220 1.9002148 -1.0601164
v 0.0176914 0.2009738 0.1466996 1.000000 1.000000 1.000000
vn 1.9595976 0.8185874 -0.4132456
v 0.0170013 0.2345108 0.2062991 1.000000 1.000000 1.000000
vn 5.8968883 1.7405505 -1.2385057
v 0.0179761 0.1549043 0.0740188 1.000000 1.000000 1.000000
vn 5.8914189 1.8503377 -0.7766141
v 0.0180786 0.2130374 0.1714678 1.000000 1.000000 1.000000
vn 2.8476632 0.8717728 -0.4704745
v 0.0191905 0.2129082 0.1810568 1.000000 1.000000 1.000000
vn 2.7713614 0.9699284 -0.5466021
v 0.0185595 0.2249468 0.1963946 1.000000 1.000000 1.000000
vn 3.0071325 0.9285531 -0.6051583
v 0.0187735 0.2188429 0.1881565 1.000000 1.000000 1.000000
vn 3.1799986 0.8092892 -0.5203198
v 0.0181194 0.1291772 0.0379635 1.000000 1.000000 1.000000
vn 3.1627133 0.6472404 -0.4788924
v 0.0190228 0.1440658 0.0653005 1.000000 1.000000 1.000000
vn 2.5819900 0.4050693 -0.2653187
v 0.0188626 0.1310269 0.0490889 1.000000 1.000000 1.000000
vn 3.0846896 0.5829076 -0.3513334
v 0.0194744 0.1784343 0.1219397 1.000000 1.000000 1.000000
vn 3.0829351 0.5547892 -0.3660736
v 0.0192839 0.1633725 0.0967210 1.000000 1.000000 1.000000
vn 3.0942929 0.6043233 -0.2935522
v 0.0194049 0.1941955 0.1495484 1.000000 1.000000 1.000000
vn 3.0035350 0.4960361 -0.2728397
v 0.0191433 0.2027187 0.1655073 1.000000 1.000000 1.000000
vn -5.8634710 0.9743021 1.4527093
v -0.2233769 -0.4612169 0.0516645 1.000000 1.000000 1.000000
vn -6.0863943 0.1403509 1.5348809
v -0.2230714 -0.4811387 0.0498302 1.000000 1.000000 1.000000
vn -5.9680796 -0.2217456 1.9334043
v -0.2174937 -0.4737748 0.0691830 1.000000 1.000000 1.000000
vn -5.6347337 0.9768426 1.8616791
v -0.2183490 -0.4609719 0.0705638 1.000000 1.000000 1.000000
vn -5.9261465 0.3239348 2.0497169
v -0.2168036 -0.4836724 0.0719858 1.000000 1.000000 1.000000
vn -6.1989226 -0.0877740 0.9839044
v -0.2265025 -0.4716800 0.0339052 1.000000 1.000000 1.000000
vn -6.0200348 0.7050859 1.0348293
v -0.2268913 -0.4617731 0.0351672 1.000000 1.000000 1.000000
vn -3.0914783 0.1598248 0.5184504
v -0.2275439 -0.4986810 0.0341751 1.000000 1.000000 1.000000
vn -3.0688620 0.2149300 0.7064574
v -0.2247202 -0.4984924 0.0479474 1.000000 1.000000 1.000000
vn -2.9909613 0.2354730 0.9059464
v -0.2202634 -0.4986028 0.0650226 1.000000 1.000000 1.000000
vn -2.8996735 0.2788820 1.1299471
v -0.2148702 -0.4987085 0.0806583 1.000000 1.000000 1.000000
vn -5.8067689 -0.3231301 2.3651056
v -0.2114025 -0.4725490 0.0854966 1.000000 1.000000 1.000000
vn -5.4743285 1.0785242 2.2360721
v -0.2134221 -0.4610308 0.0836161 1.000000 1.000000 1.000000
vn -5.6422935 0.3340595 2.7309546
v -0.2059993 -0.4839978 0.0982958 1.000000 1.000000 1.000000
vn -2.8370640 0.2960351 1.3168577
v -0.2081259 -0.4986342 0.0970033 1.000000 1.000000 1.000000
vn -5.6421518 -0.2480873 2.7428291
v -0.2058273 -0.4733657 0.0983588 1.000000 1.000000 1.000000
vn -5.2686567 1.0983336 2.6404307
v -0.2061221 -0.4611902 0.1002053 1.000000 1.000000 1.000000
vn -2.7469263 0.2791539 1.5701826
v -0.2002956 -0.4987766 0.1118300 1.000000 1.000000 1.000000
vn -5.4248362 0.1756720 3.1450031
v -0.1965004 -0.4823262 0.1152497 1.000000 1.000000 1.000000
vn -3.5187058 0.2551471 2.0157533
v -0.1981073 -0.4612630 0.1146628 1.000000 1.000000 1.000000
vn -5.1858435 0.2521552 3.5283585
v -0.1882053 -0.4851761 0.1294362 1.000000 1.000000 1.000000
vn -5.1688080 -0.2086434 3.5584931
v -0.1877092 -0.4729190 0.1298597 1.000000 1.000000 1.000000
vn -2.6518064 -0.2267099 1.7747102
v -0.1895027 -0.4615262 0.1286351 1.000000 1.000000 1.000000
vn -2.5544043 0.1658627 1.6872101
v -0.1922624 -0.4995596 0.1247078 1.000000 1.000000 1.000000
vn -2.4534731 0.1729994 1.9422302
v -0.1786615 -0.4991054 0.1436561 1.000000 1.000000 1.000000
vn -2.3873141 -0.1989204 1.8865147
v -0.1802975 -0.4607447 0.1411500 1.000000 1.000000 1.000000
vn -4.8582454 0.1330979 3.9771001
v -0.1749846 -0.4815817 0.1464969 1.000000 1.000000 1.000000
vn -4.9366951 -0.2201884 3.8780940
v -0.1776851 -0.4722037 0.1431855 1.000000 1.000000 1.000000
vn -1.3744284 -0.0735302 1.1796515
v -0.1659305 -0.4615437 0.1579987 1.000000 1.000000 1.000000
vn -1.1968749 0.0942532 1.0519773
v -0.1634927 -0.4986657 0.1611023 1.000000 1.000000 1.000000
vn -2.1798277 0.0342288 1.9464099
v -0.1625375 -0.4808907 0.1604245 1.000000 1.000000 1.000000
vn -5.9543200 1.0604209 0.5726566
v -0.2284285 -0.4604769 0.0226491 1.000000 1.000000 1.000000
vn -6.2480865 0.2515932 0.6088421
v -0.2280550 -0.4807356 0.0226587 1.000000 1.000000 1.000000
vn -3.4777257 -0.0846568 0.2862714
v -0.2297430 -0.4679037 0.0016111 1.000000 1.000000 1.000000
vn -3.0812917 0.1556941 0.2840321
v -0.2292668 -0.4989327 0.0200962 1.000000 1.000000 1.000000
vn -3.1471794 0.0794681 0.2251122
v -0.2297404 -0.4826939 0.0008436 1.000000 1.000000 1.000000
vn -2.6270316 0.5001032 0.1890945
v -0.2301840 -0.4609458 -0.0004986 1.000000 1.000000 1.000000
vn -5.6960406 2.3558607 1.0497221
v -0.2249089 -0.4562561 0.0363640 1.000000 1.000000 1.000000
vn -1.5208979 0.0667887 0.0937517
v -0.2304971 -0.4985000 -0.0001715 1.000000 1.000000 1.000000
vn -2.8205845 1.1824644 0.7036847
v -0.2197298 -0.4519543 0.0511626 1.000000 1.000000 1.000000
vn -2.9205418 1.3294278 0.9442123
v -0.2157035 -0.4525094 0.0667030 1.000000 1.000000 1.000000
vn -2.5162976 1.3105936 1.0124326
v -0.2118432 -0.4514853 0.0749085 1.000000 1.000000 1.000000
vn -2.5631332 1.4196610 1.2065226
v -0.2037334 -0.4516985 0.0942641 1.000000 1.000000 1.000000
vn -2.9029417 1.3398727 0.3627238
v -0.2239268 -0.4518052 0.0293632 1.000000 1.000000 1.000000
vn -1.6688821 0.9477493 0.9111837
v -0.1970474 -0.4519549 0.1072201 1.000000 1.000000 1.000000
vn -3.9941027 2.2462411 0.1290561
v -0.2275964 -0.4547483 -0.0000113 1.000000 1.000000 1.000000
vn -2.6081214 1.7204430 0.0013572
v -0.2251341 -0.4510153 -0.0003484 1.000000 1.000000 1.000000
vn -0.1497655 0.0980797 -0.0078169
v -0.2244317 -0.4518885 -0.0247606 1.000000 1.000000 1.000000
vn -0.0237120 1.0600215 2.3818223
v -0.0009163 0.2466042 0.2052349 1.000000 1.000000 1.000000
vn -1.7961287 2.6379290 5.1091480
v -0.0134300 0.2356506 0.2094764 1.000000 1.000000 1.000000
vn -0.3324049 0.8177110 5.9310331
v -0.0023934 0.2194158 0.2168141 1.000000 1.000000 1.000000
vn 0.4561553 1.1727942 2.3654180
v 0.0110209 0.2436367 0.2059554 1.000000 1.000000 1.000000
vn 0.7656474 0.8665639 2.9474492
v 0.0136986 0.2209720 0.2154615 1.000000 1.000000 1.000000
vn -0.3608840 0.7488170 2.4111872
v -0.0141688 0.2213564 0.2150380 1.000000 1.000000 1.000000
vn -0.4426821 1.2462013 2.2004387
v -0.0103284 0.2437315 0.2055239 1.000000 1.000000 1.000000
vn 3.3981061 2.1971531 3.5285120
v 0.0157510 0.2357285 0.2085677 1.000000 1.000000 1.000000
vn 0.1190459 0.1405712 2.8596544
v 0.0015291 0.2162407 0.2168821 1.000000 1.000000 1.000000
vn -1.0991120 0.9763315 2.2414656
v -0.0170541 0.2292335 0.2104945 1.000000 1.000000 1.000000
vn -0.4063895 -0.1325528 2.6279159
v -0.0100131 0.2181924 0.2155740 1.000000 1.000000 1.000000
vn 0.3150067 -0.1161360 2.3116705
v 0.0104731 0.2169965 0.2157013 1.000000 1.000000 1.000000
vn -1.2574235 1.2598865 1.8729129
v -0.0157067 0.2372580 0.2068667 1.000000 1.000000 1.000000
vn 1.6859884 0.4267566 1.3574083
v 0.0173922 0.2234980 0.2103743 1.000000 1.000000 1.000000
vn 1.9543781 1.4995488 1.2125735
v 0.0143421 0.2401603 0.2053578 1.000000 1.000000 1.000000
vn 2.4937899 0.8010033 0.9444495
v 0.0170013 0.2345108 0.2062991 1.000000 1.000000 1.000000
vn 2.7752602 5.4466305 -0.7671701
v -0.0805463 0.3490137 -0.0020488 1.000000 1.000000 1.000000
vn 2.7065170 5.4727788 -0.9625950
v -0.1214545 0.3694495 -0.0024061 1.000000 1.000000 1.000000
vn 2.6961877 5.5175099 0.9887396
v -0.1212563 0.3692032 0.0039042 1.000000 1.000000 1.000000
vn 2.6920469 5.5166287 -0.8959056
v -0.1508396 0.3838585 -0.0020832 1.000000 1.000000 1.000000
vn 2.7027874 5.5050097 1.0521326
v -0.1404130 0.3785287 0.0041774 1.000000 1.000000 1.000000
vn 2.6230254 5.5256014 -0.4528091
v -0.1614176 0.3891480 -0.0011605 1.000000 1.000000 1.000000
vn 2.8148665 5.4406366 1.1722038
v -0.0815555 0.3490125 0.0045116 1.000000 1.000000 1.000000
vn 2.8216560 5.4480228 1.1966090
v -0.0631229 0.3395012 0.0041970 1.000000 1.000000 1.000000
vn 2.8572118 5.3568268 -0.3885646
v -0.0487425 0.3327599 -0.0013487 1.000000 1.000000 1.000000
vn 2.4331985 5.0704784 2.3664436
v -0.1713230 0.3921085 0.0089886 1.000000 1.000000 1.000000
vn 2.4916577 5.5590973 -0.3814463
v -0.1788011 0.3974932 -0.0011932 1.000000 1.000000 1.000000
vn 1.7823558 5.4246840 1.9424810
v -0.1891234 0.4005267 0.0080747 1.000000 1.000000 1.000000
vn 2.4931312 4.9314756 2.6280565
v -0.1042098 0.3594930 0.0084195 1.000000 1.000000 1.000000
vn 2.5547698 4.7666245 2.7608857
v -0.0527054 0.3324913 0.0090617 1.000000 1.000000 1.000000
vn 1.6380689 2.8191333 1.3093706
v -0.0331401 0.3229635 0.0067303 1.000000 1.000000 1.000000
vn 1.7303171 3.0397573 -0.1757539
v -0.0338178 0.3243031 -0.0006795 1.000000 1.000000 1.000000
vn 0.9275353 3.0845542 -0.0912622
v -0.1928550 0.4026448 -0.0002717 1.000000 1.000000 1.000000
vn 2.5157845 4.7253408 3.0336156
v -0.0798846 0.3463367 0.0094684 1.000000 1.000000 1.000000
vn 2.3965018 4.9164801 2.8974607
v -0.1278287 0.3704606 0.0093690 1.000000 1.000000 1.000000
vn 2.4159555 4.8914614 2.9085126
v -0.1509717 0.3818437 0.0095184 1.000000 1.000000 1.000000
vn 0.6611207 2.5716624 1.2261693
v -0.1942703 0.4012067 0.0094236 1.000000 1.000000 1.000000
vn 2.5416729 4.4264307 3.5535436
v -0.0377561 0.3235201 0.0101574 1.000000 1.000000 1.000000
vn 1.6711025 5.2708426 -2.3592763
v -0.1900060 0.4000606 -0.0093090 1.000000 1.000000 1.000000
vn 1.5324768 2.6734686 -1.3290876
v -0.0330011 0.3219918 -0.0080405 1.000000 1.000000 1.000000
vn 2.4702389 4.9205461 -2.7748253
v -0.1025241 0.3579715 -0.0086810 1.000000 1.000000 1.000000
vn 2.4248176 4.9173183 -2.8326881
v -0.1391074 0.3759402 -0.0087768 1.000000 1.000000 1.000000
vn 2.3348649 4.8961101 -2.9105704
v -0.1776442 0.3940777 -0.0097570 1.000000 1.000000 1.000000
vn 2.3646226 4.9261484 -2.8780472
v -0.1575942 0.3845218 -0.0094578 1.000000 1.000000 1.000000
vn 2.4350402 4.7113314 -3.0712655
v -0.0579677 0.3347566 -0.0092620 1.000000 1.000000 1.000000
vn 2.4213078 4.5999889 -3.2193696
v -0.0435590 0.3267170 -0.0101837 1.000000 1.000000 1.000000
vn 2.5213118 4.7242541 -2.8994694
v -0.0672665 0.3398363 -0.0090425 1.000000 1.000000 1.000000
vn 2.4700620 4.8291736 -3.0017710
v -0.0853495 0.3485331 -0.0096245 1.000000 1.000000 1.000000
vn 2.3665771 4.8615150 -3.0483990
v -0.1204922 0.3660499 -0.0096636 1.000000 1.000000 1.000000
vn 0.4937295 2.5335279 -1.2465880
v -0.1940175 0.4002941 -0.0104232 1.000000 1.000000 1.000000
vn 1.2099228 2.0288439 -2.2331066
v -0.0319807 0.3185961 -0.0121144 1.000000 1.000000 1.000000
vn 0.7235153 2.2009854 -2.4885209
v -0.1937535 0.3973092 -0.0145805 1.000000 1.000000 1.000000
vn 1.8475701 3.7454956 -4.5620179
v -0.1133612 0.3587244 -0.0140977 1.000000 1.000000 1.000000
vn 1.9103551 3.7269576 -4.5686202
v -0.0908419 0.3473828 -0.0140810 1.000000 1.000000 1.000000
vn 1.8596241 3.7506480 -4.5604949
v -0.1524369 0.3779591 -0.0141109 1.000000 1.000000 1.000000
vn 1.8252854 3.7112746 -4.6199422
v -0.1332933 0.3682004 -0.0142434 1.000000 1.000000 1.000000
vn 1.8038117 3.6538777 -4.6637049
v -0.1732538 0.3875394 -0.0145901 1.000000 1.000000 1.000000
vn 1.7158313 3.2612600 -4.9697204
v -0.0651957 0.3326195 -0.0148218 1.000000 1.000000 1.000000
vn 1.6762286 3.3321483 -4.9467330
v -0.0524397 0.3262712 -0.0147365 1.000000 1.000000 1.000000
vn 1.6458725 2.9475496 -5.1539006
v -0.0370078 0.3174160 -0.0153277 1.000000 1.000000 1.000000
vn 0.3761805 0.7549199 -2.9196053
v -0.0297692 0.3094349 -0.0173979 1.000000 1.000000 1.000000
vn 0.6798614 2.3621869 -5.5631447
v -0.1910183 0.3904928 -0.0182333 1.000000 1.000000 1.000000
vn 0.9913983 2.5860314 1.7682142
v -0.1875204 0.3957038 0.0144356 1.000000 1.000000 1.000000
vn 1.2758641 2.4810379 -5.5746803
v -0.0991153 0.3468337 -0.0168995 1.000000 1.000000 1.000000
vn 1.2655673 2.3185866 -5.6311665
v -0.0782528 0.3361711 -0.0167428 1.000000 1.000000 1.000000
vn 1.0355036 2.0240891 -5.7324038
v -0.1555803 0.3723803 -0.0182141 1.000000 1.000000 1.000000
vn 1.1630453 2.3332589 -5.6557784
v -0.1232061 0.3581971 -0.0171349 1.000000 1.000000 1.000000
vn 1.3059409 2.4834714 -5.5895944
v -0.1405089 0.3668603 -0.0170382 1.000000 1.000000 1.000000
vn 0.9579956 1.8118850 -5.8226132
v -0.1784768 0.3824976 -0.0186963 1.000000 1.000000 1.000000
vn 0.9639528 1.9181620 -5.8537316
v -0.0604031 0.3249377 -0.0172132 1.000000 1.000000 1.000000
vn 0.8975471 1.7208306 -5.8965073
v -0.0456933 0.3169154 -0.0174954 1.000000 1.000000 1.000000
vn 0.9397994 1.5395427 -5.9668303
v -0.0716784 0.3286918 -0.0179338 1.000000 1.000000 1.000000
vn -0.0350433 0.7213953 -2.0408874
v -0.1977456 0.3892478 -0.0185579 1.000000 1.000000 1.000000
vn 0.5025471 0.9698457 -3.4702678
v -0.1393852 0.3612665 -0.0186609 1.000000 1.000000 1.000000
vn 0.5227464 0.7347072 -6.1359811
v -0.0374991 0.3077555 -0.0184752 1.000000 1.000000 1.000000
vn 0.5650094 1.0533286 -6.0933671
v -0.1018628 0.3429635 -0.0185779 1.000000 1.000000 1.000000
vn 0.4926359 0.9032903 -3.6864562
v -0.0911594 0.3366725 -0.0187019 1.000000 1.000000 1.000000
vn 0.3604550 0.7692353 -3.8324900
v -0.1193361 0.3497743 -0.0188519 1.000000 1.000000 1.000000
vn 0.4150391 0.7384664 -3.0667720
v -0.0805646 0.3302026 -0.0186010 1.000000 1.000000 1.000000
vn 0.3122050 0.4661923 -3.0049121
v -0.0689670 0.3224540 -0.0185426 1.000000 1.000000 1.000000
vn 0.1179664 0.5045575 -2.5403223
v -0.1949370 0.3847452 -0.0196008 1.000000 1.000000 1.000000
vn 0.2598169 0.4705821 -2.9696341
v -0.1607805 0.3680210 -0.0193784 1.000000 1.000000 1.000000
vn 0.2186223 0.4062806 -3.0441978
v -0.1798679 0.3767144 -0.0195680 1.000000 1.000000 1.000000
vn 0.1858501 0.4186345 -3.2771854
v -0.0484405 0.3111692 -0.0184938 1.000000 1.000000 1.000000
vn 0.1493333 0.1658425 -2.8934689
v -0.0371958 0.3022299 -0.0184993 1.000000 1.000000 1.000000
vn 0.0256597 0.1290179 -1.0170864
v -0.0284818 0.2982177 -0.0187884 1.000000 1.000000 1.000000
vn 0.0250627 0.0614773 -2.3088350
v -0.1004486 0.3350730 -0.0187727 1.000000 1.000000 1.000000
vn 0.0034608 0.0422706 -2.1803255
v -0.1274118 0.3485825 -0.0188878 1.000000 1.000000 1.000000
vn 1.8497559 4.8462734 3.2348857
v -0.0317684 0.3160843 0.0142556 1.000000 1.000000 1.000000
vn 0.3707906 1.2578305 0.8831724
v -0.1948994 0.3975506 0.0147383 1.000000 1.000000 1.000000
vn 1.1459210 2.3030376 1.9537263
v -0.1213468 0.3630418 0.0144252 1.000000 1.000000 1.000000
vn 1.0979435 2.2490988 1.9075541
v -0.1665579 0.3851700 0.0144605 1.000000 1.000000 1.000000
vn 1.0970776 2.2073762 1.9470594
v -0.1480418 0.3758909 0.0146374 1.000000 1.000000 1.000000
vn 1.0778477 2.1644089 1.9422772
v -0.1360981 0.3698127 0.0146800 1.000000 1.000000 1.000000
vn 1.1036574 2.1235745 1.9333422
v -0.1102133 0.3567563 0.0148406 1.000000 1.000000 1.000000
vn 1.2039492 2.2793736 2.0754807
v -0.0874019 0.3455333 0.0147115 1.000000 1.000000 1.000000
vn 1.1454440 2.1910660 2.1933911
v -0.0659666 0.3341014 0.0144877 1.000000 1.000000 1.000000
vn 1.0993798 2.0720782 2.1275787
v -0.0487893 0.3244582 0.0148617 1.000000 1.000000 1.000000
vn 1.0673414 2.0406966 2.0324714
v -0.0401650 0.3194770 0.0152800 1.000000 1.000000 1.000000
vn 0.2432406 0.7843937 0.5128145
v -0.0292864 0.3144251 0.0156162 1.000000 1.000000 1.000000
vn 0.9859174 1.8488996 1.9408736
v -0.0783625 0.3390705 0.0156171 1.000000 1.000000 1.000000
vn 0.7318584 -1.6674278 -5.9124904
v 0.1259367 -0.0620915 -0.0184100 1.000000 1.000000 1.000000
vn 1.6140609 -3.4361997 -4.8909383
v 0.1241117 -0.0714345 -0.0144006 1.000000 1.000000 1.000000
vn 1.0211508 -2.2660615 -5.7329350
v 0.1134452 -0.0711028 -0.0170751 1.000000 1.000000 1.000000
vn 1.6042340 -3.5065796 -4.8636746
v 0.1391708 -0.0638681 -0.0147554 1.000000 1.000000 1.000000
vn 0.7196461 -1.7210615 -5.8065591
v 0.1406253 -0.0557267 -0.0188179 1.000000 1.000000 1.000000
vn 1.5019310 -3.2720718 -5.0415545
v 0.1045108 -0.0795848 -0.0148328 1.000000 1.000000 1.000000
vn 0.5769936 -1.3183429 -6.0007191
v 0.0975405 -0.0746250 -0.0182844 1.000000 1.000000 1.000000
vn 0.7931163 -1.7712442 -5.9180121
v 0.0890508 -0.0795543 -0.0179866 1.000000 1.000000 1.000000
vn 1.5540380 -3.3182395 -4.9923916
v 0.0886399 -0.0874351 -0.0146009 1.000000 1.000000 1.000000
vn 0.9013556 -2.0243623 -5.8283920
v 0.0796838 -0.0862413 -0.0171788 1.000000 1.000000 1.000000
vn 1.3867288 -3.1350393 -5.1308775
v 0.0716877 -0.0948007 -0.0149009 1.000000 1.000000 1.000000
vn 0.3856738 -0.7367815 -6.0888543
v 0.0638742 -0.0889576 -0.0182418 1.000000 1.000000 1.000000
vn 1.7466567 -3.6685863 -4.6886983
v 0.1593740 -0.0553126 -0.0139967 1.000000 1.000000 1.000000
vn 0.9469334 -2.1144757 -5.7435517
v 0.1614529 -0.0460296 -0.0186198 1.000000 1.000000 1.000000
vn 1.6430299 -3.6742320 -4.7645998
v 0.1814607 -0.0444592 -0.0142009 1.000000 1.000000 1.000000
vn 0.6152328 -1.5413111 -5.8128476
v 0.1722208 -0.0401676 -0.0190632 1.000000 1.000000 1.000000
vn 0.9210097 -2.2335765 -5.6774645
v 0.1907364 -0.0332918 -0.0187071 1.000000 1.000000 1.000000
vn 2.0452454 -3.9712017 -4.1164026
v 0.1979085 -0.0381331 -0.0138737 1.000000 1.000000 1.000000
vn 0.9621558 -1.1289251 -2.8140979
v 0.2038293 -0.0281875 -0.0182127 1.000000 1.000000 1.000000
vn 0.6907980 -1.5514007 -5.9683394
v 0.0520876 -0.0969437 -0.0178892 1.000000 1.000000 1.000000
vn 1.2786363 -3.1131158 -5.1928182
v 0.0502615 -0.1037627 -0.0154223 1.000000 1.000000 1.000000
vn 0.2271718 -1.2891846 -6.0166068
v 0.0396609 -0.1018902 -0.0177801 1.000000 1.000000 1.000000
vn 0.2047579 -0.9256768 -2.4388375
v 0.0291075 -0.1085882 -0.0166734 1.000000 1.000000 1.000000
vn 0.6917104 -2.2293305 -1.9822934
v 0.0324792 -0.1151934 -0.0113946 1.000000 1.000000 1.000000
vn 1.1378055 0.2522014 -5.6654587
v 0.1987904 -0.0237734 -0.0202144 1.000000 1.000000 1.000000
vn 0.1699614 -0.5216081 -6.1481247
v 0.1133971 -0.0647763 -0.0188274 1.000000 1.000000 1.000000
vn 0.0702264 -0.2758400 -6.1788511
v 0.0776725 -0.0812385 -0.0184504 1.000000 1.000000 1.000000
vn 0.0097310 -0.0195072 -6.1976748
v 0.1534107 -0.0447070 -0.0194618 1.000000 1.000000 1.000000
vn -0.0759028 -0.0398099 -6.1833634
v 0.1841615 -0.0299127 -0.0197928 1.000000 1.000000 1.000000
vn 1.7830136 -4.5741525 -3.6747603
v 0.0518451 -0.1081378 -0.0112646 1.000000 1.000000 1.000000
vn 2.1200266 -4.6885700 -3.3299074
v 0.0726601 -0.0996971 -0.0101247 1.000000 1.000000 1.000000
vn 2.1369750 -4.4505734 -3.7687984
v 0.0981315 -0.0872152 -0.0108342 1.000000 1.000000 1.000000
vn 1.0491858 -1.5060539 -1.6526241
v 0.2067409 -0.0330339 -0.0129133 1.000000 1.000000 1.000000
vn 2.2386115 -4.7781687 -3.1377308
v 0.1109906 -0.0819954 -0.0097151 1.000000 1.000000 1.000000
vn 2.1173594 -4.6433682 -3.5217981
v 0.1218639 -0.0766170 -0.0103625 1.000000 1.000000 1.000000
vn 2.2432122 -4.8113961 -3.0479536
v 0.0859780 -0.0941577 -0.0093280 1.000000 1.000000 1.000000
vn 2.0753195 -4.3617082 -3.9914479
v 0.1769024 -0.0495620 -0.0114648 1.000000 1.000000 1.000000
vn 2.2770867 -4.8197913 -3.1052294
v 0.1534909 -0.0614094 -0.0104675 1.000000 1.000000 1.000000
vn 2.3286836 -4.7103047 -3.2215359
v 0.1409093 -0.0675675 -0.0103235 1.000000 1.000000 1.000000
vn 2.2734592 -4.8993726 -2.9512014
v 0.1853593 -0.0466388 -0.0101503 1.000000 1.000000 1.000000
vn 2.2882836 -4.9415240 -2.9389772
v 0.1688483 -0.0543428 -0.0101670 1.000000 1.000000 1.000000
vn 2.0750713 -3.2188535 -1.6827387
v 0.2048320 -0.0377764 -0.0087649 1.000000 1.000000 1.000000
vn -0.3519410 0.5322729 -6.0718384
v 0.0448847 -0.0942027 -0.0185307 1.000000 1.000000 1.000000
vn -0.2310423 0.2378974 -6.2223215
v 0.1302087 -0.0539517 -0.0190561 1.000000 1.000000 1.000000
vn -0.5188788 0.8019011 -6.1035690
v 0.0953747 -0.0690131 -0.0185124 1.000000 1.000000 1.000000
vn -0.3376350 0.1796685 -3.1014731
v 0.0289578 -0.0987627 -0.0170610 1.000000 1.000000 1.000000
vn -0.7767060 1.6965169 -5.8095751
v 0.1626289 -0.0343974 -0.0186929 1.000000 1.000000 1.000000
vn 1.6163179 -5.4402614 -2.3909950
v 0.0542167 -0.1092955 -0.0077086 1.000000 1.000000 1.000000
vn 2.4973154 -5.2730289 -2.2376630
v 0.1019925 -0.0873957 -0.0073846 1.000000 1.000000 1.000000
vn 1.6348499 -5.5009079 -2.4430141
v 0.0356320 -0.1160562 -0.0078148 1.000000 1.000000 1.000000
vn 2.5028255 -5.2565184 -2.2706294
v 0.1321518 -0.0732780 -0.0076207 1.000000 1.000000 1.000000
vn -0.5780438 1.2156631 -6.0934482
v 0.0588055 -0.0852529 -0.0177959 1.000000 1.000000 1.000000
vn -0.7713501 1.4345388 -5.9827943
v 0.0715100 -0.0777469 -0.0177471 1.000000 1.000000 1.000000
vn -0.9212734 1.7405201 -5.8477826
v 0.1164410 -0.0555448 -0.0180811 1.000000 1.000000 1.000000
vn -0.9623528 1.8911997 -5.8025627
v 0.1339838 -0.0474042 -0.0183614 1.000000 1.000000 1.000000
vn -0.8744726 1.9837073 -5.7934256
v 0.0828984 -0.0701642 -0.0173101 1.000000 1.000000 1.000000
vn -1.0847386 2.2736979 -5.5574136
v 0.1855507 -0.0223885 -0.0187140 1.000000 1.000000 1.000000
vn -0.0353379 0.7054672 -2.0901759
v 0.1987613 -0.0166741 -0.0187375 1.000000 1.000000 1.000000
vn -0.4903913 0.8704730 -2.7144389
v 0.0289850 -0.0937173 -0.0160574 1.000000 1.000000 1.000000
vn -1.0988379 2.0920093 -5.7818542
v 0.0997179 -0.0626786 -0.0175242 1.000000 1.000000 1.000000
vn -1.3523185 2.7758820 -5.3700328
v 0.0524784 -0.0818347 -0.0156575 1.000000 1.000000 1.000000
vn -0.5735071 1.3111830 -2.7553647
v 0.0814487 -0.0653846 -0.0145830 1.000000 1.000000 1.000000
vn -0.7210670 1.4187205 -3.0881212
v 0.0672613 -0.0730103 -0.0148564 1.000000 1.000000 1.000000
vn -0.7169172 1.4867774 -2.9788532
v 0.1419164 -0.0386570 -0.0159803 1.000000 1.000000 1.000000
vn -0.6310422 1.3199072 -2.7296782
v 0.0937143 -0.0593213 -0.0145130 1.000000 1.000000 1.000000
vn -0.6857615 1.4057790 -2.7649360
v 0.1095157 -0.0523150 -0.0147089 1.000000 1.000000 1.000000
vn -0.6804054 1.3764809 -2.5474858
v 0.1291937 -0.0428377 -0.0146146 1.000000 1.000000 1.000000
vn -0.5526138 1.1953022 -2.0073915
v 0.0308459 -0.0876720 -0.0131782 1.000000 1.000000 1.000000
vn -0.6548275 1.4781123 -2.5798459
v 0.1557648 -0.0306609 -0.0148098 1.000000 1.000000 1.000000
vn -0.8102675 1.6124293 -2.6166339
v 0.1719392 -0.0228542 -0.0146603 1.000000 1.000000 1.000000
vn -0.5914125 1.3395268 -1.8822584
v 0.1875480 -0.0148513 -0.0139776 1.000000 1.000000 1.000000
vn -0.7136853 1.6019287 -2.0135057
v 0.0468952 -0.0777930 -0.0104630 1.000000 1.000000 1.000000
vn 1.0969747 -2.8338680 -1.1032518
v 0.0536149 -0.1114407 -0.0022895 1.000000 1.000000 1.000000
vn 0.4732326 -1.4338444 -0.5420801
v 0.0348405 -0.1187984 -0.0012524 1.000000 1.000000 1.000000
vn 1.3186260 -2.6889532 -1.0257922
v 0.1481133 -0.0674749 -0.0014407 1.000000 1.000000 1.000000
vn 1.2200241 -2.6484952 -1.0041804
v 0.0711897 -0.1039048 -0.0011435 1.000000 1.000000 1.000000
vn 1.2687783 -2.6950564 -0.8828135
v 0.0864955 -0.0966882 -0.0009515 1.000000 1.000000 1.000000
vn 1.2677375 -2.6918428 -0.9858420
v 0.1704201 -0.0567729 -0.0015350 1.000000 1.000000 1.000000
vn 1.2942283 -2.7786384 -0.9323937
v 0.1146086 -0.0831017 -0.0016397 1.000000 1.000000 1.000000
vn 1.8311137 -2.5273852 -0.7796100
v 0.2040169 -0.0404784 -0.0019032 1.000000 1.000000 1.000000
vn 1.2535981 -2.6771030 -0.8408633
v 0.1323975 -0.0752437 -0.0009962 1.000000 1.000000 1.000000
vn 0.6795951 -0.5969687 -0.1543421
v 0.2084274 -0.0358339 -0.0004468 1.000000 1.000000 1.000000
vn 0.7711935 -1.7127554 5.8688192
v 0.1218828 -0.0651853 0.0182016 1.000000 1.000000 1.000000
vn 0.8053647 -1.7961593 5.8369775
v 0.1059308 -0.0733371 0.0178798 1.000000 1.000000 1.000000
vn 1.6661197 -3.6066699 4.7158384
v 0.1243002 -0.0718979 0.0142578 1.000000 1.000000 1.000000
vn 1.7320038 -3.6626117 4.6801796
v 0.1428894 -0.0626079 0.0145514 1.000000 1.000000 1.000000
vn 0.8747302 -1.9886544 5.7712994
v 0.1407511 -0.0572894 0.0180397 1.000000 1.000000 1.000000
vn 1.7031579 -3.6851389 4.6399002
v 0.1023403 -0.0821604 0.0140968 1.000000 1.000000 1.000000
vn 0.8375663 -1.7729031 5.8562293
v 0.0860943 -0.0823912 0.0178729 1.000000 1.000000 1.000000
vn 1.6832223 -3.5992570 4.7063856
v 0.0811128 -0.0917034 0.0143839 1.000000 1.000000 1.000000
vn 0.6382663 -1.4518306 5.9009438
v 0.0648847 -0.0919498 0.0180169 1.000000 1.000000 1.000000
vn 0.7312337 -1.6583675 5.8814316
v 0.0539524 -0.0972995 0.0178673 1.000000 1.000000 1.000000
vn 1.4973590 -3.6339188 4.6958103
v 0.0553048 -0.1040122 0.0143074 1.000000 1.000000 1.000000
vn 1.7720124 -3.7940123 4.5702410
v 0.1671691 -0.0517565 0.0141697 1.000000 1.000000 1.000000
vn 0.5208144 -1.1666701 2.7682927
v 0.0289112 -0.1083036 0.0168163 1.000000 1.000000 1.000000
vn 0.9343089 -2.0678377 5.7167268
v 0.1724190 -0.0425755 0.0181926 1.000000 1.000000 1.000000
vn 1.8878084 -3.9423964 4.3942852
v 0.1918042 -0.0400491 0.0142830 1.000000 1.000000 1.000000
vn 1.5582893 -2.2117965 5.4043145
v 0.2002243 -0.0305445 0.0180764 1.000000 1.000000 1.000000
vn 0.9101325 -1.8772717 2.2196307
v 0.0311999 -0.1135341 0.0128035 1.000000 1.000000 1.000000
vn 1.5839211 -2.1847191 2.5446754
v 0.2048598 -0.0332304 0.0143372 1.000000 1.000000 1.000000
vn 1.0159420 -0.4566426 2.6783161
v 0.2037260 -0.0262179 0.0181068 1.000000 1.000000 1.000000
vn 1.0690745 0.7717513 5.4912629
v 0.1980747 -0.0219395 0.0201249 1.000000 1.000000 1.000000
vn -0.0484774 -0.0944821 6.1863227
v 0.1796398 -0.0318920 0.0194500 1.000000 1.000000 1.000000
vn 2.0217214 -0.6483530 5.7009735
v 0.0287849 -0.1035452 0.0178809 1.000000 1.000000 1.000000
vn 0.0074681 -0.0791220 6.1961603
v 0.1446812 -0.0489702 0.0191283 1.000000 1.000000 1.000000
vn -0.0364090 -0.0007082 6.2309165
v 0.1231741 -0.0585877 0.0188743 1.000000 1.000000 1.000000
vn -0.0058351 -0.0798716 6.2148428
v 0.1617336 -0.0410048 0.0191383 1.000000 1.000000 1.000000
vn -0.0615708 -0.0263371 6.2010221
v 0.0478195 -0.0942951 0.0185655 1.000000 1.000000 1.000000
vn 0.1012837 -0.2279706 6.2501817
v 0.0842836 -0.0785867 0.0184499 1.000000 1.000000 1.000000
vn 0.0004648 -0.1094551 6.2499824
v 0.1047285 -0.0676793 0.0185790 1.000000 1.000000 1.000000
vn -0.4904169 0.8575432 6.0963869
v 0.0620502 -0.0845282 0.0182365 1.000000 1.000000 1.000000
vn -0.1325498 0.2273111 3.2161126
v 0.0905401 -0.0683316 0.0180818 1.000000 1.000000 1.000000
vn -0.1604360 0.2629386 3.1297569
v 0.1059752 -0.0607339 0.0180861 1.000000 1.000000 1.000000
vn -0.7174804 1.3590450 6.0389938
v 0.0412436 -0.0929682 0.0178846 1.000000 1.000000 1.000000
vn -0.1985349 0.3745661 3.1000657
v 0.1253467 -0.0511142 0.0181268 1.000000 1.000000 1.000000
vn -0.2460503 0.4041814 3.1512051
v 0.1648969 -0.0323430 0.0182993 1.000000 1.000000 1.000000
vn -0.2046592 0.4228632 3.0943699
v 0.1471006 -0.0406624 0.0181303 1.000000 1.000000 1.000000
vn -0.3518559 0.5493303 3.1136258
v 0.1817233 -0.0235359 0.0183921 1.000000 1.000000 1.000000
vn 0.2360314 0.4642391 2.6427109
v 0.0293819 -0.0941639 0.0165231 1.000000 1.000000 1.000000
vn 1.2262259 0.0334164 1.2452403
v 0.0255524 -0.0990652 0.0209437 1.000000 1.000000 1.000000
vn -0.5242817 0.9444860 3.0956635
v 0.0684317 -0.0770379 0.0170320 1.000000 1.000000 1.000000
vn 0.1115663 0.4936495 1.4694636
v 0.1976285 -0.0145518 0.0176769 1.000000 1.000000 1.000000
vn -0.4344674 0.9403025 2.5869520
v 0.0484018 -0.0821080 0.0150217 1.000000 1.000000 1.000000
vn 1.8245835 -5.0034132 3.0876925
v 0.0514605 -0.1093991 0.0098871 1.000000 1.000000 1.000000
vn 2.3725569 -4.9360580 2.6459119
v 0.1318631 -0.0732000 0.0089614 1.000000 1.000000 1.000000
vn 2.3955226 -4.9864931 2.6383758
v 0.1473006 -0.0653459 0.0090938 1.000000 1.000000 1.000000
vn 2.2617393 -4.9478440 3.0011895
v 0.1106431 -0.0820365 0.0097012 1.000000 1.000000 1.000000
vn 2.3501499 -5.0071325 2.6514277
v 0.0823197 -0.0962159 0.0085568 1.000000 1.000000 1.000000
vn 2.2930048 -4.9017529 2.9083719
v 0.0656657 -0.1038113 0.0091421 1.000000 1.000000 1.000000
vn 2.3693080 -5.0115986 2.5355639
v 0.1667726 -0.0563182 0.0091651 1.000000 1.000000 1.000000
vn 2.4274437 -5.0398402 2.4360273
v 0.1846279 -0.0478302 0.0090627 1.000000 1.000000 1.000000
vn 3.2701445 -4.4150548 2.1000211
v 0.2044185 -0.0382711 0.0086921 1.000000 1.000000 1.000000
vn 2.3519459 -5.4008298 2.0123184
v 0.0384308 -0.1160688 0.0045715 1.000000 1.000000 1.000000
vn 1.8698100 -1.0776508 1.7910857
v 0.0328462 -0.1165490 0.0101126 1.000000 1.000000 1.000000
vn 2.0573339 -1.8051142 0.9062499
v 0.2077267 -0.0344420 0.0088089 1.000000 1.000000 1.000000
vn 2.2861962 -5.6175408 1.3177811
v 0.0567585 -0.1096485 0.0039336 1.000000 1.000000 1.000000
vn 1.4823289 -2.6351540 0.6063271
v 0.0343965 -0.1186549 0.0031950 1.000000 1.000000 1.000000
vn 2.5813153 -5.5209289 1.3748716
v 0.1105019 -0.0844165 0.0037700 1.000000 1.000000 1.000000
vn 1.3071370 -2.8067484 0.6893941
v 0.0864955 -0.0966882 -0.0009515 1.000000 1.000000 1.000000
vn 1.3322010 -2.8204863 0.6267092
v 0.0711897 -0.1039048 -0.0011435 1.000000 1.000000 1.000000
vn 1.3366356 -2.7484336 0.6410080
v 0.1481133 -0.0674749 -0.0014407 1.000000 1.000000 1.000000
vn 1.3587207 -2.8181093 0.6218647
v 0.1323975 -0.0752437 -0.0009962 1.000000 1.000000 1.000000
vn 1.3398738 -2.7903948 0.5661950
v 0.1704201 -0.0567729 -0.0015350 1.000000 1.000000 1.000000
vn 1.5495044 -2.3181543 0.4246040
v 0.2040169 -0.0404784 -0.0019032 1.000000 1.000000 1.000000
vn 1.2670941 -2.8034642 0.2805348
v 0.1146086 -0.0831017 -0.0016397 1.000000 1.000000 1.000000
vn 1.0757650 -2.8122349 0.3113927
v 0.0536149 -0.1114407 -0.0022895 1.000000 1.000000 1.000000
vn 0.7388792 -1.5161104 0.2550994
v 0.0348405 -0.1187984 -0.0012524 1.000000 1.000000 1.000000
vn 1.3188627 -1.2723305 0.2392307
v 0.2084274 -0.0358339 -0.0004468 1.000000 1.000000 1.000000
vn -6.0326653 -0.6633359 0.4048409
v -0.0176139 0.1806997 0.1330561 1.000000 1.000000 1.000000
vn -5.9634981 -1.5461595 0.9519213
v -0.0166175 0.1686109 0.1191794 1.000000 1.000000 1.000000
vn -4.9282713 -3.1030612 1.8701452
v -0.0140540 0.1691621 0.1308469 1.000000 1.000000 1.000000
vn -4.8936882 -3.0285704 1.8743548
v -0.0142158 0.1814352 0.1510998 1.000000 1.000000 1.000000
vn -6.0700250 -0.4238955 0.2012433
v -0.0176536 0.1871736 0.1420035 1.000000 1.000000 1.000000
vn -5.9864793 -1.3156928 0.8620330
v -0.0169868 0.1940663 0.1590028 1.000000 1.000000 1.000000
vn -4.9694743 -3.1031835 1.9387352
v -0.0140874 0.1941021 0.1704657 1.000000 1.000000 1.000000
vn -4.9844146 -2.9552276 1.8317354
v -0.0144790 0.1550988 0.1067037 1.000000 1.000000 1.000000
vn -6.0778546 -0.5471964 0.2997254
v -0.0177639 0.1636461 0.1032126 1.000000 1.000000 1.000000
vn -6.0645533 -0.9324815 0.5242693
v -0.0174003 0.1503123 0.0841253 1.000000 1.000000 1.000000
vn -5.0922012 -2.9132433 1.8734595
v -0.0142947 0.1419147 0.0852815 1.000000 1.000000 1.000000
vn -5.2023416 -2.6388505 1.7641003
v -0.0148201 0.1348499 0.0733155 1.000000 1.000000 1.000000
vn -5.9302225 -0.7832004 0.5498458
v -0.0175946 0.2016490 0.1687583 1.000000 1.000000 1.000000
vn -6.0179234 -1.2464173 0.8032290
v -0.0175568 0.2076436 0.1777045 1.000000 1.000000 1.000000
vn -4.9972501 -3.0465744 1.8330699
v -0.0143785 0.2074062 0.1919483 1.000000 1.000000 1.000000
vn -5.9432154 -1.7548823 0.9743127
v -0.0162422 0.2132981 0.1931417 1.000000 1.000000 1.000000
vn -5.7917280 -1.1756017 1.3418505
v -0.0167276 0.2236135 0.2097981 1.000000 1.000000 1.000000
vn -6.1312847 -0.1810636 0.1472306
v -0.0177489 0.1440013 0.0685826 1.000000 1.000000 1.000000
vn -6.0151286 -0.6657620 0.5732155
v -0.0179725 0.1309846 0.0532754 1.000000 1.000000 1.000000
vn -5.0909472 -2.8746753 1.9751229
v -0.0142672 0.1240678 0.0584598 1.000000 1.000000 1.000000
vn -5.0838075 -2.8353868 2.1987090
v -0.0140556 0.1140756 0.0449374 1.000000 1.000000 1.000000
vn -6.1323409 0.1811286 -0.0472138
v -0.0177133 0.2145919 0.1837361 1.000000 1.000000 1.000000
vn -5.9828982 -1.0312920 0.9147524
v -0.0178936 0.1171908 0.0369024 1.000000 1.000000 1.000000
vn -5.6071391 -1.3628938 2.3489993
v -0.0175210 0.1087721 0.0299766 1.000000 1.000000 1.000000
vn -1.7616242 -0.7752035 0.6851088
v -0.0141688 0.2213564 0.2150380 1.000000 1.000000 1.000000
vn -6.1532025 0.0832020 -0.0783574
v -0.0177676 0.1924313 0.1488525 1.000000 1.000000 1.000000
vn -6.1360965 0.4047605 -0.1964060
v -0.0176270 0.1734777 0.1144779 1.000000 1.000000 1.000000
vn -6.1284490 0.7819556 -0.4262330
v -0.0173699 0.2013108 0.1566680 1.000000 1.000000 1.000000
vn -6.2052855 0.4459444 -0.3496497
v -0.0176228 0.1573727 0.0905247 1.000000 1.000000 1.000000
vn -3.1987305 0.0694017 0.2590670
v -0.0170541 0.2292335 0.2104945 1.000000 1.000000 1.000000
vn -6.1111145 0.9056719 -0.4287545
v -0.0171713 0.2256669 0.1962548 1.000000 1.000000 1.000000
vn -5.9294972 0.5955216 1.4584091
v -0.0180606 0.1225297 0.0285439 1.000000 1.000000 1.000000
vn -6.1131573 1.1021736 -0.5898556
v -0.0169930 0.1538768 0.0757712 1.000000 1.000000 1.000000
vn -6.1219697 1.1758299 -0.7014311
v -0.0167589 0.1428397 0.0569195 1.000000 1.000000 1.000000
vn -5.9766083 1.6379590 -0.6304786
v -0.0165901 0.1849207 0.1258040 1.000000 1.000000 1.000000
vn -6.1152635 1.1550562 -0.7275894
v -0.0169684 0.1667986 0.0977461 1.000000 1.000000 1.000000
vn -1.5551963 0.2967161 -0.1094598
v -0.0157067 0.2372580 0.2068667 1.000000 1.000000 1.000000
vn -3.2697315 0.6046072 -0.3512945
v -0.0154626 0.2134228 0.1643928 1.000000 1.000000 1.000000
vn -3.0381491 0.7644178 -0.4517213
v -0.0148484 0.1867915 0.1180570 1.000000 1.000000 1.000000
vn -3.0267537 0.6221806 -0.4205741
v -0.0150316 0.1997207 0.1390084 1.000000 1.000000 1.000000
vn -3.0535872 0.7250003 -0.4123766
v -0.0148031 0.1650132 0.0809886 1.000000 1.000000 1.000000
vn -3.0046983 0.7623892 -0.4401244
v -0.0148700 0.1750933 0.0978872 1.000000 1.000000 1.000000
vn -2.9727204 0.7077262 -0.4112267
v -0.0150707 0.2206259 0.1739574 1.000000 1.000000 1.000000
vn -2.8934922 0.7167422 -0.3879238
v -0.0157891 0.1361863 0.0367214 1.000000 1.000000 1.000000
vn -3.0462587 0.7825046 -0.4497540
v -0.0150996 0.1480402 0.0545207 1.000000 1.000000 1.000000
vn -2.8671689 0.8244226 -0.4896868
v -0.0145754 0.1572693 0.0673268 1.000000 1.000000 1.000000
vn -2.9049745 0.8139396 -0.4954383
v -0.0149173 0.2079929 0.1532647 1.000000 1.000000 1.000000
vn -4.9688234 1.7359593 1.1945715
v -0.0163226 0.1285809 0.0281233 1.000000 1.000000 1.000000
vn -2.7542491 0.9494630 -0.4848744
v -0.0144986 0.2269673 0.1836194 1.000000 1.000000 1.000000
vn -2.4299417 -0.1732146 1.2332824
v -0.0197073 0.1103520 0.0259227 1.000000 1.000000 1.000000
vn -2.2324991 0.4593882 1.3415558
v -0.0193195 0.1241076 0.0259570 1.000000 1.000000 1.000000
vn -2.3700912 -0.9696572 1.2255038
v -0.0176285 0.1048727 0.0273608 1.000000 1.000000 1.000000
vn -2.2386646 -1.4962277 1.1734892
v -0.0101636 0.1068777 0.0424454 1.000000 1.000000 1.000000
vn -0.0573168 0.0238577 0.0300278
v -0.0109214 0.1386767 0.0304117 1.000000 1.000000 1.000000
vn -1.2828003 -0.8130788 0.7428891
v -0.0131578 0.1000906 0.0298468 1.000000 1.000000 1.000000
vn -2.1963291 -1.7938070 1.2895374
v -0.0094397 0.1181826 0.0583668 1.000000 1.000000 1.000000
vn -2.1658506 -1.8516227 1.2490234
v -0.0095034 0.1278321 0.0720741 1.000000 1.000000 1.000000
vn -2.2069063 -1.9136565 1.2179188
v -0.0101910 0.1371761 0.0852497 1.000000 1.000000 1.000000
vn -2.2162042 -2.1182408 1.3133312
v -0.0109842 0.1500030 0.1043315 1.000000 1.000000 1.000000
vn -1.7990329 -1.6887888 1.0357058
v -0.0095109 0.2112698 0.2067031 1.000000 1.000000 1.000000
vn -1.9543049 -1.9715683 1.2770460
v -0.0086628 0.1824431 0.1609439 1.000000 1.000000 1.000000
vn -2.1856849 -2.0143695 1.2275898
v -0.0094449 0.1905513 0.1729048 1.000000 1.000000 1.000000
vn -2.1052320 -1.9832058 1.2037652
v -0.0094055 0.2001212 0.1886168 1.000000 1.000000 1.000000
vn -1.8029878 -1.9700201 1.1746820
v -0.0087202 0.1585758 0.1210581 1.000000 1.000000 1.000000
vn -2.1719210 -2.1509321 1.2259176
v -0.0098667 0.1655530 0.1319332 1.000000 1.000000 1.000000
vn -1.9731370 -2.0255535 1.2304610
v -0.0090012 0.1731519 0.1457692 1.000000 1.000000 1.000000
vn 0.4656623 -1.1085821 -5.9852481
v 0.1029732 0.3363279 -0.0189835 1.000000 1.000000 1.000000
vn 0.7199010 -1.6181152 -5.9250593
v 0.1269691 0.3461001 -0.0184411 1.000000 1.000000 1.000000
vn 1.1405246 -2.3592775 -5.7026978
v 0.1191575 0.3408566 -0.0178645 1.000000 1.000000 1.000000
vn 1.5009710 -3.1596730 -5.1241226
v 0.1140523 0.3330359 -0.0154504 1.000000 1.000000 1.000000
vn 1.6775250 -3.3827381 -4.8554444
v 0.1000649 0.3250643 -0.0147137 1.000000 1.000000 1.000000
vn 1.5715289 -3.3446820 -4.9864993
v 0.1292847 0.3390980 -0.0146865 1.000000 1.000000 1.000000
vn 0.6019116 -1.2831484 -5.9666181
v 0.0883338 0.3280923 -0.0186115 1.000000 1.000000 1.000000
vn 0.7058922 -1.5478890 -5.9476829
v 0.0798270 0.3225093 -0.0180717 1.000000 1.000000 1.000000
vn 1.5406375 -3.1415009 -5.1157370
v 0.0824210 0.3176964 -0.0154692 1.000000 1.000000 1.000000
vn 0.7176185 -1.4888318 -5.9587379
v 0.0674983 0.3176010 -0.0182828 1.000000 1.000000 1.000000
vn 1.6244165 -3.3555603 -4.9417777
v 0.0712006 0.3104740 -0.0142933 1.000000 1.000000 1.000000
vn 0.8581979 -1.8233521 -5.8834934
v 0.0532838 0.3079374 -0.0173563 1.000000 1.000000 1.000000
vn 1.5969044 -3.2246838 -5.0432062
v 0.0533073 0.3023263 -0.0148375 1.000000 1.000000 1.000000
vn 0.9102064 -1.3550109 -6.0043130
v 0.0393051 0.3031239 -0.0180007 1.000000 1.000000 1.000000
vn 1.7861831 -2.9675388 -5.1800537
v 0.0396495 0.2962840 -0.0152526 1.000000 1.000000 1.000000
vn 1.5451791 -3.4569404 -4.9202499
v 0.1476762 0.3477395 -0.0148810 1.000000 1.000000 1.000000
vn 0.4044467 -0.9497067 -6.0373254
v 0.1356896 0.3525849 -0.0191283 1.000000 1.000000 1.000000
vn 0.6610694 -1.0107448 -2.4917898
v 0.0286008 0.2936042 -0.0175937 1.000000 1.000000 1.000000
vn 1.1282414 -2.0393078 -1.8556676
v 0.0315059 0.2873066 -0.0124227 1.000000 1.000000 1.000000
vn 0.7740684 -2.8470569 -5.4443326
v 0.1445969 0.3509683 -0.0174009 1.000000 1.000000 1.000000
vn 0.7413706 -1.6644477 -5.9061050
v 0.1560965 0.3601918 -0.0190025 1.000000 1.000000 1.000000
vn 1.5225236 -3.4589465 -4.9185262
v 0.1701009 0.3577028 -0.0148110 1.000000 1.000000 1.000000
vn 0.6819392 -1.6986116 -5.8969841
v 0.1718153 0.3670239 -0.0190606 1.000000 1.000000 1.000000
vn 1.4518130 -3.3305788 -5.0394931
v 0.1821523 0.3643714 -0.0157064 1.000000 1.000000 1.000000
vn 1.2352870 -1.8653145 -2.6532688
v 0.2041858 0.3732012 -0.0154106 1.000000 1.000000 1.000000
vn 1.5357999 -1.7108622 -5.6109295
v 0.2005492 0.3776774 -0.0186859 1.000000 1.000000 1.000000
vn 1.6728716 -0.6101291 -4.6144018
v 0.0280239 0.3019315 -0.0189521 1.000000 1.000000 1.000000
vn 0.2090125 -0.5084372 -3.0824800
v 0.1881751 0.3801920 -0.0199906 1.000000 1.000000 1.000000
vn 1.2275730 0.0897566 -3.7507350
v 0.1976794 0.3844656 -0.0202351 1.000000 1.000000 1.000000
vn 0.1018448 -0.3095233 -3.2507265
v 0.1687827 0.3712012 -0.0196116 1.000000 1.000000 1.000000
vn 0.1669068 -0.5012857 -3.2580848
v 0.0599394 0.3176383 -0.0186556 1.000000 1.000000 1.000000
vn 0.2357187 -0.3163114 -2.9974718
v 0.0411996 0.3096222 -0.0184278 1.000000 1.000000 1.000000
vn 1.1508498 -0.2669817 -2.7908912
v 0.2028284 0.3805452 -0.0183260 1.000000 1.000000 1.000000
vn 0.0762702 -0.1749104 -3.3067291
v 0.1216087 0.3508776 -0.0190105 1.000000 1.000000 1.000000
vn 0.0492155 -0.2079608 -3.0932059
v 0.0792463 0.3299366 -0.0187038 1.000000 1.000000 1.000000
vn -0.0785964 0.0548836 -3.0169590
v 0.0976996 0.3406633 -0.0187185 1.000000 1.000000 1.000000
vn -0.1171900 0.1759519 -2.8606758
v 0.1377085 0.3613576 -0.0186715 1.000000 1.000000 1.000000
vn 0.0149524 -0.0033074 -0.0266245
v 0.0243838 0.3232584 -0.0236457 1.000000 1.000000 1.000000
vn 2.2733798 -4.4393592 -3.6754336
v 0.0437518 0.2928576 -0.0106803 1.000000 1.000000 1.000000
vn 2.1663754 -4.5770907 -3.5449243
v 0.1197208 0.3296288 -0.0101034 1.000000 1.000000 1.000000
vn 2.3361745 -4.6209311 -3.2332869
v 0.0853002 0.3125632 -0.0097723 1.000000 1.000000 1.000000
vn 2.2455475 -4.3914232 -3.8238232
v 0.0961141 0.3184460 -0.0102295 1.000000 1.000000 1.000000
vn 2.3476388 -4.5604515 -3.4016166
v 0.0594147 0.3002637 -0.0102349 1.000000 1.000000 1.000000
vn 2.2945495 -4.7643833 -3.1036501
v 0.0720502 0.3058692 -0.0094666 1.000000 1.000000 1.000000
vn 2.0629470 -4.7025676 -3.4126492
v 0.1798301 0.3575229 -0.0104585 1.000000 1.000000 1.000000
vn 3.0593789 -4.1148729 -2.8737807
v 0.2038709 0.3682811 -0.0106536 1.000000 1.000000 1.000000
vn 2.2095871 -4.6661582 -3.3752122
v 0.1360517 0.3373375 -0.0101352 1.000000 1.000000 1.000000
vn 2.1644795 -4.7788239 -3.2323725
v 0.1565702 0.3467317 -0.0099894 1.000000 1.000000 1.000000
vn 2.3736615 -4.9944963 -2.7527685
v 0.1044670 0.3211562 -0.0078963 1.000000 1.000000 1.000000
vn 2.5949910 -5.2233896 -2.2350104
v 0.0521696 0.2947451 -0.0067717 1.000000 1.000000 1.000000
vn 1.3521198 -2.6570125 -0.9854087
v 0.0329315 0.2847633 -0.0056515 1.000000 1.000000 1.000000
vn 2.3766358 -5.3204927 -2.3053365
v 0.1849114 0.3584733 -0.0079759 1.000000 1.000000 1.000000
vn 2.5130661 -5.3244090 -2.1535234
v 0.1275761 0.3312488 -0.0058582 1.000000 1.000000 1.000000
vn 1.1935902 -2.6570230 -1.0828729
v 0.1753272 0.3517692 -0.0015665 1.000000 1.000000 1.000000
vn 1.2528276 -2.7139874 -1.0957742
v 0.1511486 0.3410879 -0.0021263 1.000000 1.000000 1.000000
vn 1.2944360 -2.6685712 -0.9808279
v 0.0703284 0.3019898 -0.0009784 1.000000 1.000000 1.000000
vn 1.5086606 -1.5139548 -0.7479181
v 0.2074490 0.3697995 -0.0065097 1.000000 1.000000 1.000000
vn 1.3794026 -2.7140400 -1.0225995
v 0.0844035 0.3088842 -0.0013294 1.000000 1.000000 1.000000
vn 1.2573817 -2.6165297 -0.8269891
v 0.0993702 0.3164858 -0.0003735 1.000000 1.000000 1.000000
vn 1.0885427 -1.9447913 -0.6918610
v 0.2040485 0.3652188 -0.0017834 1.000000 1.000000 1.000000
vn 1.2906182 -2.7868090 -0.9090865
v 0.1129222 0.3229884 -0.0015272 1.000000 1.000000 1.000000
vn 1.3367133 -2.7126310 -0.7990254
v 0.0571943 0.2955022 -0.0009359 1.000000 1.000000 1.000000
vn 0.6939691 -1.3822786 -0.3606037
v 0.0334047 0.2838723 -0.0012062 1.000000 1.000000 1.000000
vn 0.2272895 0.1022405 -0.4030728
v 0.1978734 0.3926095 -0.0180600 1.000000 1.000000 1.000000
vn -4.5725231 2.8951304 -1.9905496
v -0.1983173 0.3930730 -0.0145879 1.000000 1.000000 1.000000
vn -4.3456593 -0.1456058 -2.3240290
v -0.2056575 0.3749468 -0.0142463 1.000000 1.000000 1.000000
vn -5.1998377 1.7616104 2.0781388
v -0.2020720 0.3830200 0.0162685 1.000000 1.000000 1.000000
vn -4.3953810 3.8147979 -0.5975860
v -0.1955716 0.4000782 -0.0067384 1.000000 1.000000 1.000000
vn -6.0735283 1.0423108 0.2600658
v -0.2068724 0.3708651 -0.0004749 1.000000 1.000000 1.000000
vn -5.0495844 2.9625554 1.3183686
v -0.1974924 0.3953418 0.0135518 1.000000 1.000000 1.000000
vn -2.9521687 0.5628710 0.3966998
v -0.2053126 0.3723271 0.0134945 1.000000 1.000000 1.000000
vn -2.2944880 1.5315648 0.2368812
v -0.1942703 0.4012067 0.0094236 1.000000 1.000000 1.000000
vn -2.5727971 1.1920921 1.1593177
v -0.1979167 0.3912807 0.0180795 1.000000 1.000000 1.000000
vn -2.8966866 0.0271406 -0.1217117
v -0.2071686 0.3668759 -0.0030148 1.000000 1.000000 1.000000
vn -2.5862885 0.7621132 -1.3550236
v -0.2022045 0.3802513 -0.0181211 1.000000 1.000000 1.000000
vn -2.5331056 0.6004971 1.2491176
v -0.2027191 0.3772437 0.0177331 1.000000 1.000000 1.000000
vn -1.9815419 1.9968994 -0.9079656
v -0.1940175 0.4002941 -0.0104232 1.000000 1.000000 1.000000
vn -1.8142350 1.9975778 -0.0306733
v -0.1928550 0.4026448 -0.0002717 1.000000 1.000000 1.000000
vn -2.3909626 -0.2436008 0.3492316
v -0.2055063 0.3678491 0.0090447 1.000000 1.000000 1.000000
vn -1.8013715 1.5806031 0.9940826
v -0.1948994 0.3975506 0.0147383 1.000000 1.000000 1.000000
vn -2.0381536 1.1527537 -1.4042275
v -0.1977456 0.3892478 -0.0185579 1.000000 1.000000 1.000000
vn -2.3862700 -0.7549782 -1.0221786
v -0.2053460 0.3676558 -0.0095883 1.000000 1.000000 1.000000
vn -1.4331503 1.5462587 -1.3007874
v -0.1937535 0.3973092 -0.0145805 1.000000 1.000000 1.000000
vn -1.6603364 0.5246595 1.5791756
v -0.1983672 0.3832267 0.0200949 1.000000 1.000000 1.000000
vn -1.2886572 -0.9473122 -1.8280224
v -0.2019417 0.3722388 -0.0154624 1.000000 1.000000 1.000000
vn 2.9035921 1.4027805 0.3108606
v 0.1980623 0.3969741 0.0132062 1.000000 1.000000 1.000000
vn 2.6252644 0.9102731 0.1408317
v 0.2053957 0.3765092 0.0144771 1.000000 1.000000 1.000000
vn 3.1474285 1.4026133 -0.3932838
v 0.1982863 0.3958152 -0.0137144 1.000000 1.000000 1.000000
vn 5.3980789 1.0066539 -1.8140000
v 0.2045107 0.3796119 -0.0157744 1.000000 1.000000 1.000000
vn 4.0535913 3.9039752 0.1646174
v 0.1967043 0.4009104 0.0016793 1.000000 1.000000 1.000000
vn 2.6021354 0.6145342 -0.1559085
v 0.2074490 0.3697995 -0.0065097 1.000000 1.000000 1.000000
vn 2.3873429 0.6072364 0.0394356
v 0.2071642 0.3700681 0.0065994 1.000000 1.000000 1.000000
vn 2.1412442 0.8174962 0.6776223
v 0.1986527 0.3912354 0.0180187 1.000000 1.000000 1.000000
vn 2.4005799 0.9902560 0.4530351
v 0.2024694 0.3820217 0.0179339 1.000000 1.000000 1.000000
vn 1.7985834 1.5500147 -0.2790254
v 0.1950981 0.4008153 -0.0092022 1.000000 1.000000 1.000000
vn 1.8236324 0.7948613 -0.7756456
v 0.1978734 0.3926095 -0.0180600 1.000000 1.000000 1.000000
vn 2.4166794 0.6555681 -1.3535745
v 0.2028284 0.3805452 -0.0183260 1.000000 1.000000 1.000000
vn 1.4209478 1.8288116 0.4181233
v 0.1949841 0.4002779 0.0102917 1.000000 1.000000 1.000000
vn 2.1286864 -0.1609282 -0.9347343
v 0.2041858 0.3732012 -0.0154106 1.000000 1.000000 1.000000
vn 1.1679101 2.5641603 0.0450334
v 0.1940890 0.4021145 0.0009442 1.000000 1.000000 1.000000
vn -2.6081135 -5.5912094 -0.7645068
v -0.1174592 -0.0817326 -0.0015998 1.000000 1.000000 1.000000
vn -2.6287744 -5.5307813 1.1808259
v -0.1081072 -0.0859009 0.0028272 1.000000 1.000000 1.000000
vn -2.6621571 -5.4512696 -0.3666540
v -0.1399683 -0.0714224 -0.0009934 1.000000 1.000000 1.000000
vn -2.5972517 -5.5304470 -0.6431745
v -0.0764614 -0.1015230 -0.0021448 1.000000 1.000000 1.000000
vn -2.6113930 -5.5094261 1.3192050
v -0.0807856 -0.0988834 0.0033598 1.000000 1.000000 1.000000
vn -2.3693180 -5.5632129 1.2818015
v -0.0588786 -0.1090100 0.0034570 1.000000 1.000000 1.000000
vn -2.5524132 -5.4483962 1.6983765
v -0.1227069 -0.0784042 0.0054606 1.000000 1.000000 1.000000
vn -2.4225807 -5.1632552 2.3389111
v -0.1497082 -0.0646854 0.0080578 1.000000 1.000000 1.000000
vn -2.6599338 -5.5356336 -0.2400074
v -0.1533962 -0.0647519 -0.0008055 1.000000 1.000000 1.000000
vn -2.3752918 -5.1682949 2.2466383
v -0.1699982 -0.0555261 0.0082731 1.000000 1.000000 1.000000
vn -2.7764816 -5.3915453 -0.3926017
v -0.1881055 -0.0485949 -0.0012075 1.000000 1.000000 1.000000
vn -2.5591674 -5.0268135 2.3340611
v -0.1839716 -0.0488023 0.0085315 1.000000 1.000000 1.000000
vn -3.0382390 -4.8374691 2.0500453
v -0.2020656 -0.0390325 0.0085253 1.000000 1.000000 1.000000
vn -3.8310754 -4.5239797 -0.4339381
v -0.2050143 -0.0387255 -0.0024766 1.000000 1.000000 1.000000
vn -2.2596087 -5.6682301 -0.7181748
v -0.0511668 -0.1125834 -0.0025527 1.000000 1.000000 1.000000
vn -1.0325596 -3.0156548 -0.2272870
v -0.0347252 -0.1188564 -0.0016651 1.000000 1.000000 1.000000
vn -0.9342831 -2.6739120 1.0837764
v -0.0338666 -0.1178326 0.0053389 1.000000 1.000000 1.000000
vn -2.3105519 -4.9649973 2.9017215
v -0.0759830 -0.0990124 0.0090413 1.000000 1.000000 1.000000
vn -2.3553309 -4.9417973 2.9063170
v -0.0969826 -0.0888288 0.0093873 1.000000 1.000000 1.000000
vn -2.2690263 -4.9307404 3.0092738
v -0.1159439 -0.0798051 0.0094461 1.000000 1.000000 1.000000
vn -2.3381891 -4.8671761 3.0521221
v -0.1369239 -0.0700854 0.0095056 1.000000 1.000000 1.000000
vn -1.9565482 -4.9401093 3.1406364
v -0.0537830 -0.1084401 0.0098530 1.000000 1.000000 1.000000
vn -1.8357590 -2.0984745 0.6946093
v -0.2078879 -0.0347663 0.0080330 1.000000 1.000000 1.000000
vn -1.4493608 -2.4717948 2.4457519
v -0.2037746 -0.0336326 0.0146256 1.000000 1.000000 1.000000
vn -1.9185331 -4.0590191 4.2562675
v -0.1775627 -0.0477984 0.0139647 1.000000 1.000000 1.000000
vn -0.7166007 -2.3261614 2.2320614
v -0.0322756 -0.1136596 0.0123493 1.000000 1.000000 1.000000
vn -1.1706074 -2.6155112 2.1343582
v -0.1581026 -0.0564978 0.0140134 1.000000 1.000000 1.000000
vn -1.0861788 -2.2686198 1.9162309
v -0.1347818 -0.0670015 0.0142723 1.000000 1.000000 1.000000
vn -1.0153850 -2.1764486 1.8956914
v -0.1157663 -0.0752340 0.0147893 1.000000 1.000000 1.000000
vn -1.0602882 -2.3035400 1.9432545
v -0.0730268 -0.0960920 0.0141756 1.000000 1.000000 1.000000
vn -1.0810921 -2.2836475 1.9348699
v -0.0982422 -0.0841658 0.0142039 1.000000 1.000000 1.000000
vn -0.8853092 -2.3850396 2.2444134
v -0.0505239 -0.1052624 0.0147651 1.000000 1.000000 1.000000
vn -0.9061437 -1.8197711 2.4999063
v -0.1862147 -0.0381709 0.0178457 1.000000 1.000000 1.000000
vn -0.3669419 -0.7185763 0.9882413
v -0.2031645 -0.0290507 0.0181837 1.000000 1.000000 1.000000
vn -0.1885281 -0.6596708 0.8688673
v -0.0282831 -0.1078716 0.0176100 1.000000 1.000000 1.000000
vn -0.6551676 -1.4548570 2.1552873
v -0.1687373 -0.0457817 0.0180089 1.000000 1.000000 1.000000
vn -2.3092461 -4.9332571 -2.8737283
v -0.1620892 -0.0579598 -0.0093738 1.000000 1.000000 1.000000
vn -2.2902696 -4.8468008 -2.9705098
v -0.1823201 -0.0485093 -0.0096202 1.000000 1.000000 1.000000
vn -2.1747985 -4.8711576 -2.9492171
v -0.0645166 -0.1045096 -0.0099511 1.000000 1.000000 1.000000
vn -2.3389390 -4.9403892 -2.8208239
v -0.1276588 -0.0746949 -0.0090080 1.000000 1.000000 1.000000
vn -2.4235418 -4.9594903 -2.7888615
v -0.1087283 -0.0836257 -0.0087974 1.000000 1.000000 1.000000
vn -2.3531721 -4.8676119 -2.9126551
v -0.0945270 -0.0904439 -0.0092377 1.000000 1.000000 1.000000
vn -2.5498717 -4.7516966 -2.8868465
v -0.1981845 -0.0399281 -0.0107462 1.000000 1.000000 1.000000
vn -1.7117405 -5.2559171 -2.7285471
v -0.0402033 -0.1149398 -0.0080484 1.000000 1.000000 1.000000
vn -1.7507424 -4.8374491 -3.2614195
v -0.0471562 -0.1113144 -0.0105034 1.000000 1.000000 1.000000
vn -2.3228762 -4.8418107 -3.0583651
v -0.0828710 -0.0956669 -0.0096771 1.000000 1.000000 1.000000
vn -2.3233373 -2.4376419 -1.2456002
v -0.2076430 -0.0344501 -0.0095452 1.000000 1.000000 1.000000
vn -2.2658887 -4.7881832 -3.1877186
v -0.1473871 -0.0643662 -0.0099527 1.000000 1.000000 1.000000
vn -2.2779198 -1.6440741 -0.0613058
v -0.2085348 -0.0334554 -0.0030853 1.000000 1.000000 1.000000
vn -0.9841387 -2.1852379 -1.9315585
v -0.0327014 -0.1159057 -0.0107779 1.000000 1.000000 1.000000
vn -2.9822416 -3.0643144 -3.9127631
v -0.2046366 -0.0335305 -0.0142696 1.000000 1.000000 1.000000
vn -1.6530188 -3.6280808 -4.6967158
v -0.1112995 -0.0775578 -0.0144133 1.000000 1.000000 1.000000
vn -1.7987335 -3.6075244 -4.6773982
v -0.1322992 -0.0677522 -0.0143157 1.000000 1.000000 1.000000
vn -0.4326311 -1.5098236 -2.3494465
v -0.0300647 -0.1114599 -0.0154508 1.000000 1.000000 1.000000
vn -1.6802342 -3.5511084 -4.7462854
v -0.1660997 -0.0513379 -0.0146147 1.000000 1.000000 1.000000
vn -1.6410763 -3.5842948 -4.7883067
v -0.1810275 -0.0443174 -0.0145304 1.000000 1.000000 1.000000
vn -1.7384846 -3.6702242 -4.6896930
v -0.0706573 -0.0974593 -0.0142168 1.000000 1.000000 1.000000
vn -1.7050483 -3.5356574 -4.7853971
v -0.0897579 -0.0877100 -0.0145195 1.000000 1.000000 1.000000
vn -1.6449120 -3.4894197 -4.8647938
v -0.1466444 -0.0599957 -0.0146808 1.000000 1.000000 1.000000
vn -1.3513745 -3.3866982 -4.9457822
v -0.0532203 -0.1041327 -0.0152593 1.000000 1.000000 1.000000
vn -1.6064994 -0.7556816 -1.6688206
v -0.2065672 -0.0293443 -0.0143067 1.000000 1.000000 1.000000
vn -1.2895056 -2.7111030 -5.4807777
v -0.0764871 -0.0917125 -0.0160301 1.000000 1.000000 1.000000
vn -1.1842475 -2.3921473 -5.6331787
v -0.1256671 -0.0662228 -0.0169971 1.000000 1.000000 1.000000
vn -0.6848431 -1.4921747 -2.6527743
v -0.1868327 -0.0339894 -0.0187641 1.000000 1.000000 1.000000
vn -0.7153962 -0.9843234 -1.7887022
v -0.2017495 -0.0274774 -0.0187554 1.000000 1.000000 1.000000
vn -0.7538091 -1.5570896 -3.1948175
v -0.0628553 -0.0953308 -0.0173539 1.000000 1.000000 1.000000
vn -0.5007916 -1.6756048 -3.4996696
v -0.0375925 -0.1047207 -0.0179149 1.000000 1.000000 1.000000
vn -0.6195627 -1.7935884 -3.4501755
v -0.1106499 -0.0718332 -0.0176824 1.000000 1.000000 1.000000
vn -0.6355205 -1.3586341 -2.7319763
v -0.1681131 -0.0425115 -0.0184429 1.000000 1.000000 1.000000
vn -0.7436568 -1.4930842 -3.0387685
v -0.0946790 -0.0789749 -0.0178405 1.000000 1.000000 1.000000
vn -0.7159073 -1.4425957 -3.0979874
v -0.1350441 -0.0593081 -0.0177866 1.000000 1.000000 1.000000
vn -0.6329688 -1.3825462 -2.7168391
v -0.1510691 -0.0509511 -0.0182945 1.000000 1.000000 1.000000
vn -0.6593019 -1.3255105 -2.9273887
v -0.0812027 -0.0850347 -0.0178819 1.000000 1.000000 1.000000
vn -0.4379406 -0.9061085 -2.0933065
v -0.1028279 -0.0714611 -0.0188247 1.000000 1.000000 1.000000
vn -0.4489826 -1.3933365 -3.0915799
v -0.0524702 -0.0985317 -0.0178925 1.000000 1.000000 1.000000
vn -0.3646722 -0.8077905 -2.2391217
v -0.0444880 -0.0986092 -0.0186741 1.000000 1.000000 1.000000
vn -0.4318100 -0.8518338 -2.4507594
v -0.0699368 -0.0883394 -0.0183566 1.000000 1.000000 1.000000
vn -0.3428640 -0.6881176 -2.3959849
v -0.1220749 -0.0612153 -0.0189493 1.000000 1.000000 1.000000
vn 0.0101801 -0.4224570 -1.1865362
v -0.0283713 -0.1037652 -0.0181759 1.000000 1.000000 1.000000
vn -4.7099023 3.7308559 0.2964611
v -0.1977179 -0.0087374 0.0039905 1.000000 1.000000 1.000000
vn -5.3150887 2.7263954 -1.3055005
v -0.2022823 -0.0194321 -0.0153430 1.000000 1.000000 1.000000
vn -5.1834278 0.7160964 1.9566395
v -0.2052788 -0.0268202 0.0158479 1.000000 1.000000 1.000000
vn -3.1138656 1.1238445 -0.0222433
v -0.2085348 -0.0334554 -0.0030853 1.000000 1.000000 1.000000
vn -3.0895853 0.9598872 -0.6612699
v -0.2065672 -0.0293443 -0.0143067 1.000000 1.000000 1.000000
vn -2.8231478 1.9996352 -1.1239082
v -0.1978417 -0.0100857 -0.0118683 1.000000 1.000000 1.000000
vn -2.4549530 1.4749780 0.5336572
v -0.1967821 -0.0099485 0.0143721 1.000000 1.000000 1.000000
vn -2.6756225 0.3447757 0.5427452
v -0.2078879 -0.0347663 0.0080330 1.000000 1.000000 1.000000
vn -2.6375370 1.1440917 -1.5676242
v -0.2020233 -0.0217308 -0.0188009 1.000000 1.000000 1.000000
vn -2.0105772 1.0859370 0.7584891
v -0.1975062 -0.0140363 0.0181482 1.000000 1.000000 1.000000
vn -2.6341457 1.0453584 1.0254743
v -0.2030873 -0.0242754 0.0188829 1.000000 1.000000 1.000000
vn -1.9203548 1.9554399 -0.0835818
v -0.1953351 -0.0066258 -0.0013561 1.000000 1.000000 1.000000
vn -2.1501451 0.1541163 -0.3205458
v -0.2076430 -0.0344501 -0.0095452 1.000000 1.000000 1.000000
vn -1.7242905 1.9366840 0.3353761
v -0.1949919 -0.0071978 0.0091160 1.000000 1.000000 1.000000
vn -2.1576087 -0.5181382 1.4581575
v -0.2031645 -0.0290507 0.0181837 1.000000 1.000000 1.000000
vn -1.8627851 -0.6318440 1.2291926
v -0.2037746 -0.0336326 0.0146256 1.000000 1.000000 1.000000
vn -0.9154859 1.0662221 -1.2055736
v -0.1954232 -0.0103714 -0.0137665 1.000000 1.000000 1.000000
vn -1.4944632 1.4426924 -1.2959875
v -0.1969663 -0.0158900 -0.0181303 1.000000 1.000000 1.000000
vn -1.2182429 -0.0687222 -1.3481696
v -0.2017495 -0.0274774 -0.0187554 1.000000 1.000000 1.000000
vn -1.7929487 3.6376724 -4.7034206
v 0.1127231 0.3577511 -0.0143846 1.000000 1.000000 1.000000
vn -2.4061618 4.8157115 -2.9019890
v 0.0964420 0.3545409 -0.0094024 1.000000 1.000000 1.000000
vn -2.4255328 4.8598495 -2.8582954
v 0.1182413 0.3655363 -0.0090259 1.000000 1.000000 1.000000
vn -1.8410243 3.5886745 -4.7190723
v 0.1413450 0.3720364 -0.0143151 1.000000 1.000000 1.000000
vn -2.4264681 4.8293419 -2.8367286
v 0.1325915 0.3728709 -0.0089721 1.000000 1.000000 1.000000
vn -1.8595122 3.6190472 -4.7058959
v 0.0865789 0.3448571 -0.0141860 1.000000 1.000000 1.000000
vn -2.4299223 4.8052359 -2.8924747
v 0.0703135 0.3415679 -0.0091111 1.000000 1.000000 1.000000
vn -1.8066312 3.5190551 -4.7961588
v 0.0694870 0.3360767 -0.0141583 1.000000 1.000000 1.000000
vn -2.3012586 4.4093118 -3.7626853
v 0.0588552 0.3350302 -0.0099894 1.000000 1.000000 1.000000
vn -2.3314044 4.9131455 -2.7954614
v 0.1500591 0.3810630 -0.0093417 1.000000 1.000000 1.000000
vn -1.7831806 3.8998361 -4.5077758
v 0.1741669 0.3879545 -0.0144060 1.000000 1.000000 1.000000
vn -1.7384789 3.5679586 -4.7447033
v 0.1595649 0.3803557 -0.0150128 1.000000 1.000000 1.000000
vn -2.2286625 5.0338950 -2.6420519
v 0.1754116 0.3930072 -0.0093358 1.000000 1.000000 1.000000
vn -0.1216297 4.1495867 -3.9826310
v 0.1946179 0.3967327 -0.0147442 1.000000 1.000000 1.000000
vn -1.7164930 3.3297312 -4.9415479
v 0.0531613 0.3267462 -0.0148272 1.000000 1.000000 1.000000
vn -2.4582577 4.7500515 -2.9884534
v 0.0465542 0.3290360 -0.0093672 1.000000 1.000000 1.000000
vn -0.2005776 1.8846853 -2.7039645
v 0.0310412 0.3156925 -0.0151194 1.000000 1.000000 1.000000
vn -1.2297214 2.5208981 -1.8464798
v 0.0334070 0.3221473 -0.0100163 1.000000 1.000000 1.000000
vn -0.7072194 2.8220251 -1.2917264
v 0.1950981 0.4008153 -0.0092022 1.000000 1.000000 1.000000
vn -1.0026911 2.2065511 -5.6156454
v 0.1824763 0.3851180 -0.0187281 1.000000 1.000000 1.000000
vn -0.1799606 1.4987379 -2.6207461
v 0.1978734 0.3926095 -0.0180600 1.000000 1.000000 1.000000
vn -1.3647113 2.6400211 -5.4930053
v 0.1016583 0.3482582 -0.0167920 1.000000 1.000000 1.000000
vn -1.2449464 2.6592584 -5.5116234
v 0.1313511 0.3623455 -0.0172076 1.000000 1.000000 1.000000
vn -1.3949559 2.5827968 -5.5171533
v 0.1480423 0.3702281 -0.0174488 1.000000 1.000000 1.000000
vn -1.2602707 2.3453579 -5.6354518
v 0.0860743 0.3393046 -0.0171902 1.000000 1.000000 1.000000
vn -1.0656030 2.1188653 -5.7398577
v 0.1165638 0.3531329 -0.0179820 1.000000 1.000000 1.000000
vn -1.0927767 2.0286858 -5.7704444
v 0.0681199 0.3292012 -0.0174181 1.000000 1.000000 1.000000
vn -0.5673340 1.2786800 -3.1044028
v 0.1377085 0.3613576 -0.0186715 1.000000 1.000000 1.000000
vn -0.9309202 1.7645303 -5.8601885
v 0.1653224 0.3758410 -0.0187212 1.000000 1.000000 1.000000
vn -0.8403685 1.6873763 -5.9092956
v 0.0533206 0.3203234 -0.0178349 1.000000 1.000000 1.000000
vn 0.5396097 2.0204718 -5.7462673
v 0.0324077 0.3129025 -0.0167735 1.000000 1.000000 1.000000
vn -0.5218183 1.0074486 -3.0563643
v 0.0976996 0.3406633 -0.0187185 1.000000 1.000000 1.000000
vn -0.4165666 0.7690449 -3.0575101
v 0.0792463 0.3299366 -0.0187038 1.000000 1.000000 1.000000
vn -0.1716390 0.4645393 -1.9327135
v 0.1976794 0.3844656 -0.0202351 1.000000 1.000000 1.000000
vn -0.2787114 0.4661317 -3.1068416
v 0.1881751 0.3801920 -0.0199906 1.000000 1.000000 1.000000
vn -0.3189068 0.6030048 -2.8867619
v 0.1216087 0.3508776 -0.0190105 1.000000 1.000000 1.000000
vn -0.2149150 0.4490925 -2.9373422
v 0.0599394 0.3176383 -0.0186556 1.000000 1.000000 1.000000
vn -0.3443664 0.6287166 -3.1928761
v 0.0411996 0.3096222 -0.0184278 1.000000 1.000000 1.000000
vn 0.0791725 0.1573168 -0.9515097
v 0.0280239 0.3019315 -0.0189521 1.000000 1.000000 1.000000
vn -0.2316451 0.3988757 -2.9785349
v 0.1687827 0.3712012 -0.0196116 1.000000 1.000000 1.000000
vn 0.8976698 1.9136105 -1.4926987
v 0.1982863 0.3958152 -0.0137144 1.000000 1.000000 1.000000
vn 1.0126078 0.5183631 -1.9492357
v 0.0289088 0.3134098 -0.0184562 1.000000 1.000000 1.000000
vn -1.4013183 2.6657410 -0.8970879
v 0.0520797 0.3348261 -0.0009968 1.000000 1.000000 1.000000
vn -0.8308415 1.5972023 -0.4905646
v 0.0350450 0.3257300 -0.0006387 1.000000 1.000000 1.000000
vn -1.3689600 2.8928492 -0.8561846
v 0.1392817 0.3782855 -0.0018528 1.000000 1.000000 1.000000
vn -1.3569580 2.7133520 -0.8181283
v 0.0871324 0.3523147 -0.0013585 1.000000 1.000000 1.000000
vn -1.1913803 2.9127731 -0.7023457
v 0.1783580 0.3965057 -0.0006384 1.000000 1.000000 1.000000
vn -1.1868415 2.6187267 -0.6842618
v 0.1479500 0.3825204 -0.0001779 1.000000 1.000000 1.000000
vn -0.4863425 1.4293567 -0.2313894
v 0.1940890 0.4021145 0.0009442 1.000000 1.000000 1.000000
vn 5.3843918 2.1758187 -1.6137164
v 0.2031502 -0.0227430 -0.0158506 1.000000 1.000000 1.000000
vn 2.6952055 1.2691114 0.2821914
v 0.1975347 -0.0094304 0.0081673 1.000000 1.000000 1.000000
vn 5.8053622 2.2363377 0.5504246
v 0.2047414 -0.0264671 0.0122543 1.000000 1.000000 1.000000
vn 2.9599314 0.6982136 -0.1411799
v 0.2084274 -0.0358339 -0.0004468 1.000000 1.000000 1.000000
vn 2.6896765 1.0846062 -0.0029153
v 0.1974047 -0.0084590 -0.0023977 1.000000 1.000000 1.000000
vn 2.8161838 0.7906835 0.3403980
v 0.2077267 -0.0344420 0.0088089 1.000000 1.000000 1.000000
vn 3.0743570 0.3804114 -0.4436760
v 0.2067409 -0.0330339 -0.0129133 1.000000 1.000000 1.000000
vn 2.2709577 1.1201900 -0.2946018
v 0.1973996 -0.0099445 -0.0115143 1.000000 1.000000 1.000000
vn 2.4433742 0.8574566 0.5636361
v 0.2037260 -0.0262179 0.0181068 1.000000 1.000000 1.000000
vn 1.9820133 1.1494573 0.5994782
v 0.1976285 -0.0145518 0.0176769 1.000000 1.000000 1.000000
vn 1.8947569 1.0205241 -0.7351403
v 0.1987613 -0.0166741 -0.0187375 1.000000 1.000000 1.000000
vn 2.1981676 0.6343832 -0.8301625
v 0.2038293 -0.0281875 -0.0182127 1.000000 1.000000 1.000000
vn 1.7575967 1.6413376 0.8665924
v 0.1964373 -0.0114580 0.0142334 1.000000 1.000000 1.000000
vn 1.9720414 -0.2617179 1.0800458
v 0.2048598 -0.0332304 0.0143372 1.000000 1.000000 1.000000
vn 1.5336033 -0.9940714 -0.4307448
v 0.2048320 -0.0377764 -0.0087649 1.000000 1.000000 1.000000
vn 6.2400126 0.4725502 0.3036450
v -0.0308834 0.4232294 -0.0040006 1.000000 1.000000 1.000000
vn 6.2368240 0.2667764 -0.3539440
v -0.0294391 0.3904897 0.0001458 1.000000 1.000000 1.000000
vn 6.1478024 0.2909807 1.0312041
v -0.0292736 0.3963541 -0.0092986 1.000000 1.000000 1.000000
vn 6.2471838 0.2650501 0.3905473
v -0.0284378 0.3711681 -0.0048400 1.000000 1.000000 1.000000
vn 6.2115726 0.5283373 -0.6995252
v -0.0306377 0.4235895 0.0024045 1.000000 1.000000 1.000000
vn 6.2204432 0.3002443 -0.7488111
v -0.0287373 0.3826394 0.0028592 1.000000 1.000000 1.000000
vn 6.1828656 0.6067948 -0.4377406
v -0.0269484 0.3325604 0.0022785 1.000000 1.000000 1.000000
vn 6.1491570 0.6314816 0.7127375
v -0.0267677 0.3322010 -0.0060980 1.000000 1.000000 1.000000
vn 6.2084036 0.8282447 0.3328686
v -0.0325760 0.4394133 -0.0047726 1.000000 1.000000 1.000000
vn 6.1860862 0.8503755 -0.5958670
v -0.0324291 0.4396012 0.0032659 1.000000 1.000000 1.000000
vn 5.8339052 1.8617249 -0.0582787
v -0.0254240 0.3226693 -0.0010312 1.000000 1.000000 1.000000
vn 6.1551480 0.8249552 -0.0311116
v -0.0373157 0.4675907 -0.0000704 1.000000 1.000000 1.000000
vn 5.7608347 0.3314096 2.2038443
v -0.0292594 0.4192156 -0.0128580 1.000000 1.000000 1.000000
vn 5.9215274 0.8192424 1.6999888
v -0.0322352 0.4427585 -0.0112196 1.000000 1.000000 1.000000
vn 5.6311078 0.3306557 2.3486793
v -0.0260245 0.3404469 -0.0124506 1.000000 1.000000 1.000000
vn 5.9176531 0.3355833 1.9787706
v -0.0283539 0.3907679 -0.0116130 1.000000 1.000000 1.000000
vn 6.0137386 0.1297724 1.3965385
v -0.0369380 0.4749145 -0.0099619 1.000000 1.000000 1.000000
vn 6.1752825 -0.0460154 0.0250258
v -0.0381526 0.4773425 -0.0004028 1.000000 1.000000 1.000000
vn 5.6877990 1.3563405 1.7513956
v -0.0252915 0.3262488 -0.0096623 1.000000 1.000000 1.000000
vn 6.0204315 -1.2216418 0.4721594
v -0.0371922 0.4869204 -0.0020460 1.000000 1.000000 1.000000
vn 6.0344248 0.2804174 -1.3375950
v -0.0371295 0.4730827 0.0073060 1.000000 1.000000 1.000000
vn 5.5698800 0.5281824 2.6823654
v -0.0337175 0.4698164 -0.0179265 1.000000 1.000000 1.000000
vn 5.9840178 -1.0698485 -0.9768999
v -0.0371927 0.4857368 0.0035687 1.000000 1.000000 1.000000
vn 5.4209051 -1.4103153 2.3627987
v -0.0336349 0.4892176 -0.0161970 1.000000 1.000000 1.000000
vn 5.5707707 -0.3438421 2.6525776
v -0.0342181 0.4799091 -0.0174857 1.000000 1.000000 1.000000
vn 5.6581106 0.9053508 -1.9780867
v -0.0258695 0.3305820 0.0083369 1.000000 1.000000 1.000000
vn 5.9250364 0.4981812 -1.9277637
v -0.0291937 0.4203454 0.0084831 1.000000 1.000000 1.000000
vn 6.0309753 0.1825373 -1.6610061
v -0.0277597 0.3777159 0.0072647 1.000000 1.000000 1.000000
vn 5.8641434 0.9449277 -1.8824556
v -0.0321718 0.4464389 0.0104882 1.000000 1.000000 1.000000
vn 5.6257010 2.3602259 -0.9847959
v -0.0227115 0.3174094 0.0047761 1.000000 1.000000 1.000000
vn 5.8581510 1.7776287 1.0974095
v -0.0200222 0.3124851 -0.0105634 1.000000 1.000000 1.000000
vn 5.5004630 0.3472588 -2.6704955
v -0.0337720 0.4716979 0.0177161 1.000000 1.000000 1.000000
vn 5.8530388 2.2206779 -0.3553140
v -0.0187035 0.3087948 -0.0004798 1.000000 1.000000 1.000000
vn 5.3181958 2.5782764 0.7382580
v -0.0171764 0.3018399 -0.0117832 1.000000 1.000000 1.000000
vn 5.8000464 2.3067436 -0.2782891
v -0.0168407 0.3027088 -0.0006425 1.000000 1.000000 1.000000
vn 5.5878592 1.2804511 2.3726795
v -0.0173701 0.3091591 -0.0175567 1.000000 1.000000 1.000000
vn 2.7490931 0.6216538 1.4880368
v -0.0181669 0.3227217 -0.0214300 1.000000 1.000000 1.000000
vn 5.9197536 1.5016546 -1.1439506
v -0.0172034 0.3087054 0.0105386 1.000000 1.000000 1.000000
vn 5.2958422 1.7990763 -1.1422443
v -0.0168744 0.3022653 0.0114929 1.000000 1.000000 1.000000
vn 2.9732504 0.6933157 -1.1278731
v -0.0153700 0.3081690 0.0167699 1.000000 1.000000 1.000000
vn 5.5719199 0.1835218 -2.7710640
v -0.0257987 0.3670522 0.0120363 1.000000 1.000000 1.000000
vn 5.3571100 -1.3804406 -2.4967613
v -0.0330518 0.4878041 0.0167140 1.000000 1.000000 1.000000
vn 5.4761448 1.5655609 -2.4907737
v -0.0208289 0.3197038 0.0128778 1.000000 1.000000 1.000000
vn 5.5470161 0.2032916 -2.9039419
v -0.0259180 0.3876793 0.0126267 1.000000 1.000000 1.000000
vn 6.0868125 -1.2724423 -0.5524924
v -0.0342793 0.4960167 0.0005363 1.000000 1.000000 1.000000
vn 4.8086181 1.7604285 1.3690108
v -0.0330285 0.4975022 -0.0086599 1.000000 1.000000 1.000000
vn 1.3621750 0.5800010 0.5264959
v -0.0127535 0.2987664 -0.0210342 1.000000 1.000000 1.000000
vn 5.2247839 0.2594469 3.3722403
v -0.0260768 0.3885562 -0.0163444 1.000000 1.000000 1.000000
vn 5.3786354 0.7554520 3.1425917
v -0.0291077 0.4397517 -0.0168038 1.000000 1.000000 1.000000
vn 3.0191050 -0.8499659 -0.7236440
v -0.0330923 0.4976818 0.0051338 1.000000 1.000000 1.000000
vn 1.6873482 1.8967224 0.4595939
v -0.0353105 0.4986452 -0.0066377 1.000000 1.000000 1.000000
vn 5.0530787 0.6119922 3.5541906
v -0.0210661 0.3294709 -0.0187098 1.000000 1.000000 1.000000
vn 5.0682573 0.4600750 -3.5650403
v -0.0245052 0.4167116 0.0178473 1.000000 1.000000 1.000000
vn 5.1279864 0.9213649 -3.4330528
v -0.0264335 0.4370960 0.0189817 1.000000 1.000000 1.000000
vn 5.1166716 0.9569854 -3.4483531
v -0.0303469 0.4636307 0.0209414 1.000000 1.000000 1.000000
vn 2.6380270 0.7054634 -1.3930956
v -0.0174121 0.3162042 0.0175758 1.000000 1.000000 1.000000
vn 2.5137670 1.7093682 -0.2976759
v -0.0145285 0.2986646 0.0100306 1.000000 1.000000 1.000000
vn 2.6555369 1.8425721 0.0130116
v -0.0148909 0.2986664 -0.0088145 1.000000 1.000000 1.000000
vn 3.0516863 0.2916987 -1.9268440
v -0.0211777 0.3361871 0.0172504 1.000000 1.000000 1.000000
vn 1.4038304 0.6256549 -0.7011644
v -0.0131317 0.3000414 0.0170021 1.000000 1.000000 1.000000
vn 4.8164997 -0.2012445 -3.8521914
v -0.0291466 0.4775495 0.0248629 1.000000 1.000000 1.000000
vn 4.7196560 0.2916524 -4.1007118
v -0.0223497 0.3978523 0.0186971 1.000000 1.000000 1.000000
vn 4.9824252 0.6613213 3.6708512
v -0.0295572 0.4682091 -0.0243834 1.000000 1.000000 1.000000
vn 2.7264464 0.3085834 1.9113803
v -0.0251159 0.4276834 -0.0200358 1.000000 1.000000 1.000000
vn 2.7452407 -0.1815208 1.8484753
v -0.0275804 0.4802707 -0.0277433 1.000000 1.000000 1.000000
vn 2.1778979 0.3316023 1.8650849
v -0.0261595 0.4685589 -0.0283267 1.000000 1.000000 1.000000
vn 2.2891936 -0.7550101 1.5046613
v -0.0261726 0.4890340 -0.0276422 1.000000 1.000000 1.000000
vn 2.4134767 0.1538404 1.9803060
v -0.0211217 0.3723494 -0.0210375 1.000000 1.000000 1.000000
vn 5.5014043 -0.9273829 2.6955447
v -0.0300869 0.4957634 -0.0175484 1.000000 1.000000 1.000000
vn 2.4797640 0.9259946 1.5198617
v -0.0288136 0.4978201 -0.0211657 1.000000 1.000000 1.000000
vn 3.2907183 -0.3429107 2.5953004
v -0.0247530 0.4948084 -0.0252126 1.000000 1.000000 1.000000
vn 5.3634534 -0.6546626 -2.7048998
v -0.0295494 0.4953451 0.0162697 1.000000 1.000000 1.000000
vn 2.7233644 0.9028103 -1.0200405
v -0.0305199 0.4975931 0.0155996 1.000000 1.000000 1.000000
vn 3.0003881 -0.3361147 -2.2053287
v -0.0243817 0.4952602 0.0244366 1.000000 1.000000 1.000000
vn 1.1904169 0.4977669 -0.6954668
v -0.0250246 0.4977168 0.0250944 1.000000 1.000000 1.000000
vn 4.5802164 -1.7465017 -3.7071121
v -0.0276561 0.4903273 0.0236136 1.000000 1.000000 1.000000
vn 2.3293793 0.3485160 -1.9736526
v -0.0250052 0.4674318 0.0282755 1.000000 1.000000 1.000000
vn 2.5850620 0.5445862 -2.1408129
v -0.0240032 0.4503710 0.0253293 1.000000 1.000000 1.000000
vn 2.1134071 0.3213885 -2.0348396
v -0.0177652 0.4247845 0.0257707 1.000000 1.000000 1.000000
vn 2.1587300 0.1417283 -2.2228293
v -0.0166394 0.4011951 0.0243294 1.000000 1.000000 1.000000
vn 1.9590963 0.0842717 -2.0106599
v -0.0173373 0.3506489 0.0216025 1.000000 1.000000 1.000000
vn 2.3442686 -0.2658991 -2.3474519
v -0.0251515 0.4788416 0.0288088 1.000000 1.000000 1.000000
vn 0.4116859 0.0482857 0.3771395
v -0.0217307 0.4977031 -0.0288824 1.000000 1.000000 1.000000
vn 1.4667453 -0.4933487 -1.5737280
v -0.0219485 0.4895152 0.0291878 1.000000 1.000000 1.000000
vn -6.2308335 0.1739350 -0.0996867
v 0.0303468 0.3805192 0.0002257 1.000000 1.000000 1.000000
vn -6.1759720 0.4123740 0.9733211
v 0.0312414 0.4214459 -0.0060778 1.000000 1.000000 1.000000
vn -5.9536505 0.1308136 1.7721148
v 0.0289006 0.3716939 -0.0096296 1.000000 1.000000 1.000000
vn -6.2251883 0.4111777 -0.3586903
v 0.0316280 0.4204317 0.0008405 1.000000 1.000000 1.000000
vn -6.2245407 0.1755496 0.4896713
v 0.0294493 0.3489747 -0.0042249 1.000000 1.000000 1.000000
vn -6.2117233 0.8240178 -0.1356786
v 0.0333019 0.4385256 0.0003523 1.000000 1.000000 1.000000
vn -6.1521740 0.8615519 0.8752052
v 0.0330597 0.4396816 -0.0054544 1.000000 1.000000 1.000000
vn -5.8321133 0.4630345 1.9827452
v 0.0277347 0.3337877 -0.0116558 1.000000 1.000000 1.000000
vn -6.0697947 0.9051803 0.6739130
v 0.0284553 0.3300832 -0.0066124 1.000000 1.000000 1.000000
vn -6.1617870 0.4539700 -0.7418302
v 0.0288638 0.3363126 0.0016904 1.000000 1.000000 1.000000
vn -6.1558867 0.9593001 -0.0929346
v 0.0375200 0.4621601 0.0005693 1.000000 1.000000 1.000000
vn -5.9725771 0.8189964 1.4630642
v 0.0369030 0.4652669 -0.0101169 1.000000 1.000000 1.000000
vn -6.1538186 0.2205143 -0.0671403
v 0.0391597 0.4750406 0.0001429 1.000000 1.000000 1.000000
vn -5.7976227 -0.1364147 1.9459840
v 0.0372093 0.4774974 -0.0129964 1.000000 1.000000 1.000000
vn -6.0092945 1.3182180 -0.6847576
v 0.0278725 0.3272643 0.0010182 1.000000 1.000000 1.000000
vn -6.1175060 -0.5399275 -0.0569268
v 0.0390072 0.4819903 -0.0002968 1.000000 1.000000 1.000000
vn -5.9850760 0.2037578 -1.6328212
v 0.0288769 0.3539886 0.0063069 1.000000 1.000000 1.000000
vn -5.9703951 0.7809430 -1.5254042
v 0.0371222 0.4665110 0.0089531 1.000000 1.000000 1.000000
vn -5.7186255 0.3553734 2.4379344
v 0.0295949 0.4192075 -0.0120203 1.000000 1.000000 1.000000
vn -5.7761874 0.8712014 2.1895874
v 0.0318464 0.4413903 -0.0121012 1.000000 1.000000 1.000000
vn -5.7593136 1.1925485 1.9666440
v 0.0254060 0.3230396 -0.0131771 1.000000 1.000000 1.000000
vn -5.1667004 -2.5370650 0.6170269
v 0.0374527 0.4898095 -0.0043957 1.000000 1.000000 1.000000
vn -5.8085232 2.0495462 0.0725400
v 0.0255049 0.3184595 -0.0061734 1.000000 1.000000 1.000000
vn -5.2677045 1.2368104 2.7006843
v 0.0218098 0.3135537 -0.0175411 1.000000 1.000000 1.000000
vn -5.7565904 2.0638168 0.7172379
v 0.0214184 0.3079978 -0.0125786 1.000000 1.000000 1.000000
vn -5.3903666 0.8375304 2.9780855
v 0.0338453 0.4657162 -0.0179370 1.000000 1.000000 1.000000
vn -5.1228862 -1.8982646 2.4494739
v 0.0334585 0.4892852 -0.0181550 1.000000 1.000000 1.000000
vn -5.2562704 0.1082295 3.3758650
v 0.0256518 0.3675144 -0.0161465 1.000000 1.000000 1.000000
vn -5.2312846 0.2972738 3.3350992
v 0.0259142 0.3349911 -0.0154777 1.000000 1.000000 1.000000
vn -5.9675922 0.9627075 -1.5519369
v 0.0328650 0.4421963 0.0088727 1.000000 1.000000 1.000000
vn -6.0394669 0.3950889 -1.6396048
v 0.0301796 0.4158056 0.0070951 1.000000 1.000000 1.000000
vn -5.8829808 0.0295270 -1.8335572
v 0.0374332 0.4756092 0.0109009 1.000000 1.000000 1.000000
vn -5.7467842 -1.3747262 -1.5723917
v 0.0371491 0.4858913 0.0086509 1.000000 1.000000 1.000000
vn -5.5646324 0.9922731 -2.3555570
v 0.0266080 0.3304316 0.0089260 1.000000 1.000000 1.000000
vn -5.5811882 -2.3292758 -0.6101906
v 0.0372227 0.4900451 0.0018211 1.000000 1.000000 1.000000
vn -5.5599790 2.1389771 -1.5887605
v 0.0258059 0.3228349 0.0050974 1.000000 1.000000 1.000000
vn -3.1344779 0.7683007 1.7735244
v 0.0172432 0.3056277 -0.0214852 1.000000 1.000000 1.000000
vn -5.3505917 2.2223229 1.6989697
v 0.0174854 0.2996207 -0.0180097 1.000000 1.000000 1.000000
vn -5.0180821 3.3086188 -0.2565123
v 0.0176770 0.2988029 -0.0134615 1.000000 1.000000 1.000000
vn -4.8972149 0.0916207 3.7220554
v 0.0315833 0.4768484 -0.0233915 1.000000 1.000000 1.000000
vn -5.2200904 0.7942351 3.3819249
v 0.0295455 0.4412722 -0.0162833 1.000000 1.000000 1.000000
vn -4.7627230 1.0362228 3.9125271
v 0.0298645 0.4621811 -0.0225469 1.000000 1.000000 1.000000
vn -5.6823959 2.4713609 -0.9607480
v 0.0219037 0.3106089 -0.0054533 1.000000 1.000000 1.000000
vn -2.8077474 0.2044344 1.8272312
v 0.0246039 0.4196675 -0.0200439 1.000000 1.000000 1.000000
vn -2.7198877 1.4968201 0.0343187
v 0.0128002 0.2919978 -0.0218439 1.000000 1.000000 1.000000
vn -4.4416108 -1.7761378 3.6268733
v 0.0290647 0.4887750 -0.0251958 1.000000 1.000000 1.000000
vn -2.3945732 0.4445425 1.9508712
v 0.0236867 0.4424927 -0.0239621 1.000000 1.000000 1.000000
vn -2.7822168 0.2327676 2.3345680
v 0.0210634 0.3321492 -0.0212174 1.000000 1.000000 1.000000
vn -2.3938870 0.0567373 1.9532776
v 0.0214011 0.3657421 -0.0213046 1.000000 1.000000 1.000000
vn -5.3224144 3.0810122 -0.5264926
v 0.0164292 0.3012318 0.0027748 1.000000 1.000000 1.000000
vn -2.1160200 0.3047787 2.0970979
v 0.0245679 0.4697275 -0.0296750 1.000000 1.000000 1.000000
vn -2.2551224 -0.7937558 2.3511319
v 0.0249467 0.4877448 -0.0296529 1.000000 1.000000 1.000000
vn -1.5327259 0.2043430 1.6268802
v 0.0143835 0.3183082 -0.0257722 1.000000 1.000000 1.000000
vn -3.3182201 2.4488962 -0.3131635
v 0.0141774 0.2945243 -0.0148181 1.000000 1.000000 1.000000
vn -2.1524982 1.1761308 -0.2606452
v 0.0104766 0.2885939 -0.0180143 1.000000 1.000000 1.000000
vn -0.9660043 0.4482615 -0.1876922
v 0.0102109 0.2864269 -0.0218221 1.000000 1.000000 1.000000
vn -5.8744793 1.6030526 -0.9961889
v 0.0173255 0.3056504 0.0043571 1.000000 1.000000 1.000000
vn -5.2021866 1.7912292 -1.1174984
v 0.0171026 0.3024530 0.0101616 1.000000 1.000000 1.000000
vn -5.2445250 1.9539794 -2.7503042
v 0.0169037 0.3122255 0.0130263 1.000000 1.000000 1.000000
vn -5.0432396 2.0034165 -2.9756303
v 0.0220630 0.3214114 0.0121400 1.000000 1.000000 1.000000
vn -5.5017548 0.9631999 -2.7803414
v 0.0331610 0.4599863 0.0165227 1.000000 1.000000 1.000000
vn -5.6969786 0.3689220 -2.6004031
v 0.0285758 0.4134194 0.0110488 1.000000 1.000000 1.000000
vn -5.4968162 0.8668811 -2.8875422
v 0.0301565 0.4376634 0.0136256 1.000000 1.000000 1.000000
vn -5.4567432 0.2458658 -3.0348897
v 0.0259334 0.3474723 0.0124399 1.000000 1.000000 1.000000
vn -5.3347316 -0.6419385 -3.0743711
v 0.0333898 0.4802057 0.0194082 1.000000 1.000000 1.000000
vn -3.2421958 0.1332057 -1.8236592
v 0.0318969 0.4727546 0.0222657 1.000000 1.000000 1.000000
vn -5.2377295 -2.0526619 -2.3983440
v 0.0332684 0.4902682 0.0155241 1.000000 1.000000 1.000000
vn -5.1826696 0.3613577 -3.5047972
v 0.0254314 0.4127857 0.0166891 1.000000 1.000000 1.000000
vn -5.7825923 -1.6321962 -1.3215533
v 0.0333200 0.4954792 0.0051491 1.000000 1.000000 1.000000
vn -2.7114587 2.2035017 -0.0301477
v 0.0144339 0.2987424 0.0008610 1.000000 1.000000 1.000000
vn -1.7700429 2.1662321 -0.5138657
v 0.0128334 0.2967893 -0.0063773 1.000000 1.000000 1.000000
vn -2.7561791 0.4137002 -1.8008673
v 0.0220049 0.3344686 0.0173452 1.000000 1.000000 1.000000
vn -2.9466839 0.6096069 -2.1529920
v 0.0144707 0.3028085 0.0146702 1.000000 1.000000 1.000000
vn -1.5945094 0.9423349 -0.5750089
v 0.0138580 0.2989258 0.0133784 1.000000 1.000000 1.000000
vn -2.7043996 0.5693500 -1.7489709
v 0.0299078 0.4571619 0.0206202 1.000000 1.000000 1.000000
vn -2.6306028 0.3938924 -1.7755022
v 0.0252362 0.4350557 0.0205536 1.000000 1.000000 1.000000
vn -2.7636642 -1.2767519 -1.3433337
v 0.0297409 0.4966353 0.0157650 1.000000 1.000000 1.000000
vn -2.8466756 0.4057880 -0.1825561
v 0.0337357 0.4976837 0.0035679 1.000000 1.000000 1.000000
vn -3.0317159 -1.1017617 0.4157360
v 0.0333135 0.4970845 -0.0033645 1.000000 1.000000 1.000000
vn -5.2965145 -3.0249016 1.4116540
v 0.0334321 0.4935358 -0.0088008 1.000000 1.000000 1.000000
vn -5.3330011 0.0065657 2.0317936
v 0.0302625 0.4953881 -0.0168561 1.000000 1.000000 1.000000
vn -2.2933054 1.3001163 0.8938124
v 0.0310561 0.4973585 -0.0179795 1.000000 1.000000 1.000000
vn -4.5642033 -0.7258189 3.5677166
v 0.0264660 0.4944822 -0.0229385 1.000000 1.000000 1.000000
vn -1.8293378 1.0771034 1.6822275
v 0.0248947 0.4966497 -0.0260351 1.000000 1.000000 1.000000
vn -2.5255871 1.1125908 -1.7003742
v 0.0168795 0.3174084 0.0170698 1.000000 1.000000 1.000000
vn -1.4453657 0.2698308 -1.3876216
v 0.0117813 0.3065854 0.0172651 1.000000 1.000000 1.000000
vn -2.9797726 -1.1629993 -2.0464258
v 0.0282005 0.4897623 0.0235802 1.000000 1.000000 1.000000
vn -1.7599938 -0.2874942 -1.3311524
v 0.0279369 0.4803748 0.0265812 1.000000 1.000000 1.000000
vn -2.2022886 0.2435522 -1.8856623
v 0.0215649 0.4174100 0.0218021 1.000000 1.000000 1.000000
vn -2.7266262 -0.2466526 -1.6592393
v 0.0246604 0.4951358 0.0243369 1.000000 1.000000 1.000000
vn -0.7754483 0.1359117 -0.4358377
v 0.0241869 0.4974090 0.0258881 1.000000 1.000000 1.000000
vn -1.0822669 -0.4161082 1.0915635
v 0.0208679 0.4946503 -0.0287102 1.000000 1.000000 1.000000
vn -1.3844215 -2.9786627 0.5560298
v -0.1148540 0.3239881 -0.0003259 1.000000 1.000000 1.000000
vn -2.5985508 -5.4884906 1.5779042
v -0.1077746 0.3217787 0.0049314 1.000000 1.000000 1.000000
vn -2.4857500 -5.4636393 1.7434695
v -0.1415186 0.3374104 0.0055157 1.000000 1.000000 1.000000
vn -1.2529552 -2.7927284 0.5356809
v -0.1462737 0.3383192 -0.0008686 1.000000 1.000000 1.000000
vn -1.2896227 -2.8526356 0.6083459
v -0.1646483 0.3465542 -0.0004647 1.000000 1.000000 1.000000
vn -2.4857838 -5.4628510 1.7601742
v -0.1703860 0.3504368 0.0054967 1.000000 1.000000 1.000000
vn -1.2435110 -2.7665479 0.5398217
v -0.1875910 0.3568825 -0.0011883 1.000000 1.000000 1.000000
vn -2.4846516 -5.3160124 2.0115075
v -0.1967376 0.3625520 0.0069184 1.000000 1.000000 1.000000
vn -1.9412016 -2.9191689 0.6566359
v -0.2035436 0.3641095 -0.0006185 1.000000 1.000000 1.000000
vn -1.4597555 -2.9112759 0.4324988
v -0.0927115 0.3132977 -0.0006641 1.000000 1.000000 1.000000
vn -2.7280302 -5.4401326 1.4159586
v -0.0829258 0.3090105 0.0035916 1.000000 1.000000 1.000000
vn -1.4757332 -2.6143017 1.6309344
v -0.2055063 0.3678491 0.0090447 1.000000 1.000000 1.000000
vn -1.3816643 -2.6949916 0.3010754
v -0.0626641 0.2981120 -0.0021919 1.000000 1.000000 1.000000
vn -2.7624540 -5.4079113 1.4057261
v -0.0609218 0.2978629 0.0036903 1.000000 1.000000 1.000000
vn -1.3604410 -2.8054936 0.5800568
v -0.0457264 0.2893820 -0.0011624 1.000000 1.000000 1.000000
vn -2.5413771 -5.2622557 2.0920792
v -0.0458873 0.2912001 0.0068371 1.000000 1.000000 1.000000
vn -0.5560630 -1.2576125 0.3401957
v -0.0333816 0.2835676 -0.0009368 1.000000 1.000000 1.000000
vn -2.2012565 -3.3414207 2.8838992
v -0.0338643 0.2869062 0.0094904 1.000000 1.000000 1.000000
vn -2.2789898 -4.9130497 2.9919219
v -0.1182420 0.3281875 0.0092575 1.000000 1.000000 1.000000
vn -2.3661776 -4.8527708 3.0554438
v -0.0957852 0.3177908 0.0095401 1.000000 1.000000 1.000000
vn -2.4216123 -4.7995634 3.0557053
v -0.0762755 0.3079938 0.0095796 1.000000 1.000000 1.000000
vn -2.2015607 -4.8189464 3.1741219
v -0.1571926 0.3460526 0.0093630 1.000000 1.000000 1.000000
vn -2.3684993 -4.6883020 3.2662199
v -0.0552099 0.2974776 0.0096457 1.000000 1.000000 1.000000
vn -2.1444807 -4.8457952 3.2399359
v -0.1731871 0.3533642 0.0091919 1.000000 1.000000 1.000000
vn -2.2154319 -4.8344336 3.2191646
v -0.1403983 0.3387287 0.0095476 1.000000 1.000000 1.000000
vn -2.1216657 -4.8281989 3.3112173
v -0.1886234 0.3603719 0.0096039 1.000000 1.000000 1.000000
vn -0.6824012 -0.7596059 0.1553643
v -0.2071686 0.3668759 -0.0030148 1.000000 1.000000 1.000000
vn -1.2377877 -2.5514429 -0.3894881
v -0.1057402 0.3198403 -0.0021181 1.000000 1.000000 1.000000
vn -1.7058848 -3.6661768 4.6625233
v -0.1910882 0.3658692 0.0145311 1.000000 1.000000 1.000000
vn -1.7094700 -3.6504545 4.6907163
v -0.1070859 0.3274495 0.0143081 1.000000 1.000000 1.000000
vn -1.7372420 -3.5072587 4.7692904
v -0.0877066 0.3181282 0.0142858 1.000000 1.000000 1.000000
vn -1.6782472 -3.5769334 4.7440567
v -0.1303121 0.3382493 0.0141657 1.000000 1.000000 1.000000
vn -1.5830275 -3.5344303 4.8067498
v -0.1458872 0.3459683 0.0146899 1.000000 1.000000 1.000000
vn -1.6934594 -3.5170333 4.7763405
v -0.0672253 0.3076346 0.0140662 1.000000 1.000000 1.000000
vn -1.6084036 -3.5796585 4.8040409
v -0.1663165 0.3553510 0.0145207 1.000000 1.000000 1.000000
vn -1.6338283 -3.2647903 4.9633479
v -0.0454974 0.2977818 0.0146136 1.000000 1.000000 1.000000
vn -0.7921712 -1.3091152 2.4201417
v -0.0289582 0.2911758 0.0159243 1.000000 1.000000 1.000000
vn -0.9091220 -1.6671839 2.0888460
v -0.2053126 0.3723271 0.0134945 1.000000 1.000000 1.000000
vn -0.6390122 -1.2165663 2.6250246
v -0.2027191 0.3772437 0.0177331 1.000000 1.000000 1.000000
vn -0.6898547 -0.4254294 0.8083544
v -0.0314436 0.2835974 0.0098147 1.000000 1.000000 1.000000
vn -0.9812678 -2.0893445 5.7515111
v -0.1107949 0.3353126 0.0176528 1.000000 1.000000 1.000000
vn -1.0467550 -2.3055089 5.6966596
v -0.0742804 0.3161263 0.0167717 1.000000 1.000000 1.000000
vn -0.8884801 -2.1409869 5.7539029
v -0.1833545 0.3691487 0.0181579 1.000000 1.000000 1.000000
vn -1.2885178 -2.8176327 5.4659290
v -0.0963920 0.3277122 0.0170237 1.000000 1.000000 1.000000
vn -0.7251323 -1.5729977 5.9249363
v -0.0822307 0.3232942 0.0180092 1.000000 1.000000 1.000000
vn -0.8608131 -2.0108545 5.8161893
v -0.1645486 0.3614809 0.0181163 1.000000 1.000000 1.000000
vn -0.8626869 -1.9097881 5.8280711
v -0.1504536 0.3550102 0.0181869 1.000000 1.000000 1.000000
vn -0.8358262 -1.8323549 5.8733130
v -0.1294181 0.3457841 0.0180588 1.000000 1.000000 1.000000
vn -0.8761476 -1.8336688 5.9035678
v -0.0553514 0.3084316 0.0169846 1.000000 1.000000 1.000000
vn -0.7634184 -1.4077065 6.0058293
v -0.0374542 0.3011712 0.0176890 1.000000 1.000000 1.000000
vn -0.3657601 -0.2404896 3.6001799
v -0.1983672 0.3832267 0.0200949 1.000000 1.000000 1.000000
vn -0.2453081 -0.6154484 6.1912241
v -0.0617854 0.3159286 0.0180003 1.000000 1.000000 1.000000
vn -0.0080972 -0.1779821 2.7820382
v -0.0273941 0.3008596 0.0182417 1.000000 1.000000 1.000000
vn 0.1086814 -0.1000335 6.1446829
v -0.1769067 0.3752096 0.0199284 1.000000 1.000000 1.000000
vn -0.0115650 -0.1662194 6.1929026
v -0.1551269 0.3642153 0.0194021 1.000000 1.000000 1.000000
vn 0.1381768 0.3287815 6.1429925
v -0.0422002 0.3091716 0.0182297 1.000000 1.000000 1.000000
vn -0.1186164 -0.3235873 6.2000370
v -0.1013298 0.3371941 0.0188869 1.000000 1.000000 1.000000
vn -0.0863601 -0.2398673 6.2273979
v -0.1265540 0.3503705 0.0189904 1.000000 1.000000 1.000000
vn 0.2522446 0.2980554 6.2010217
v -0.0755787 0.3269365 0.0185173 1.000000 1.000000 1.000000
vn 0.1228143 0.9011559 6.1076746
v -0.1927184 0.3858622 0.0201219 1.000000 1.000000 1.000000
vn 0.7833973 1.3265328 5.9852562
v -0.0613043 0.3239702 0.0176786 1.000000 1.000000 1.000000
vn 0.7363977 1.4696293 5.9481354
v -0.1205360 0.3535543 0.0185187 1.000000 1.000000 1.000000
vn 0.8814930 1.6782657 5.8658576
v -0.1385240 0.3635354 0.0184193 1.000000 1.000000 1.000000
vn 0.8034308 1.4825301 5.9552550
v -0.0927210 0.3403240 0.0181728 1.000000 1.000000 1.000000
vn 0.9508577 1.8112034 5.8350954
v -0.1513898 0.3703783 0.0183068 1.000000 1.000000 1.000000
vn -0.0356336 2.7214582 5.1365972
v -0.1936699 0.3929875 0.0184320 1.000000 1.000000 1.000000
vn 0.8183857 1.3796272 6.0506134
v -0.0482091 0.3150790 0.0178663 1.000000 1.000000 1.000000
vn -0.6085329 0.9826968 2.5725784
v -0.1979167 0.3912807 0.0180795 1.000000 1.000000 1.000000
vn 1.1430781 2.0618072 5.7304263
v -0.1728399 0.3817317 0.0182582 1.000000 1.000000 1.000000
vn 1.0740045 1.7712870 5.8948746
v -0.0757281 0.3331434 0.0173338 1.000000 1.000000 1.000000
vn 0.2233335 0.4819276 2.0722568
v -0.0292864 0.3144251 0.0156162 1.000000 1.000000 1.000000
vn 0.4096347 0.8722490 3.0828984
v -0.0401650 0.3194770 0.0152800 1.000000 1.000000 1.000000
vn 0.5476323 1.0062003 2.9034519
v -0.0487893 0.3244582 0.0148617 1.000000 1.000000 1.000000
vn 1.1602051 2.3721256 5.6786370
v -0.1091067 0.3511338 0.0173803 1.000000 1.000000 1.000000
vn 0.6929904 1.2414868 3.1182475
v -0.0783625 0.3390705 0.0156171 1.000000 1.000000 1.000000
vn 0.6452471 1.1277806 2.6808205
v -0.0659666 0.3341014 0.0144877 1.000000 1.000000 1.000000
vn 0.5963888 1.1704745 2.6490221
v -0.0874019 0.3455333 0.0147115 1.000000 1.000000 1.000000
vn 0.6389646 1.2410703 2.7063184
v -0.1213468 0.3630418 0.0144252 1.000000 1.000000 1.000000
vn 0.6292869 1.3689014 2.8334837
v -0.1102133 0.3567563 0.0148406 1.000000 1.000000 1.000000
vn 0.6990354 1.3913701 2.7796621
v -0.1360981 0.3698127 0.0146800 1.000000 1.000000 1.000000
vn 0.7119464 1.3985169 2.7184381
v -0.1480418 0.3758909 0.0146374 1.000000 1.000000 1.000000
vn 0.7716697 1.5322776 2.6278262
v -0.1665579 0.3851700 0.0144605 1.000000 1.000000 1.000000
vn 0.0486723 1.1331373 1.3836230
v -0.1948994 0.3975506 0.0147383 1.000000 1.000000 1.000000
vn 0.7410452 1.6903412 2.2891653
v -0.1875204 0.3957038 0.0144356 1.000000 1.000000 1.000000
vn -0.2300649 -5.2219930 3.1030142
v 0.0001030 0.1678103 0.1419043 1.000000 1.000000 1.000000
vn 2.5224502 -4.8100452 2.8483603
v 0.0093382 0.1687113 0.1395444 1.000000 1.000000 1.000000
vn 2.3944504 -4.7854495 3.0011914
v 0.0089501 0.1818602 0.1613475 1.000000 1.000000 1.000000
vn -0.2287568 -5.1671872 3.2625303
v 0.0002143 0.1791629 0.1602003 1.000000 1.000000 1.000000
vn -0.2028969 -5.1843276 3.2666757
v 0.0005004 0.1886049 0.1748336 1.000000 1.000000 1.000000
vn 2.6621087 -4.6428118 2.9128618
v 0.0099212 0.1931617 0.1785687 1.000000 1.000000 1.000000
vn -0.1926047 -5.1699095 3.2029743
v 0.0000885 0.2015160 0.1961261 1.000000 1.000000 1.000000
vn 2.8214004 -4.5821824 2.8039317
v 0.0106456 0.2041633 0.1958924 1.000000 1.000000 1.000000
vn -0.0273722 -4.8686895 3.5668693
v 0.0011313 0.2110181 0.2110206 1.000000 1.000000 1.000000
vn 2.6155350 -4.7502270 2.8017912
v 0.0094160 0.1572632 0.1197952 1.000000 1.000000 1.000000
vn -0.2522926 -5.2388682 3.1834729
v -0.0002473 0.1545089 0.1188226 1.000000 1.000000 1.000000
vn 1.1392552 -5.2334228 3.2801290
v 0.0012671 0.1482322 0.1083619 1.000000 1.000000 1.000000
vn 2.6696336 -4.7056947 2.9139149
v 0.0092098 0.1464299 0.1021085 1.000000 1.000000 1.000000
vn 1.1038153 -5.1463146 3.3473310
v 0.0025849 0.1348930 0.0874246 1.000000 1.000000 1.000000
vn 1.6665182 -2.4223816 1.8623120
v 0.0104731 0.2169965 0.2157013 1.000000 1.000000 1.000000
vn -0.9355796 -5.0956292 3.3450525
v -0.0013687 0.1339781 0.0863887 1.000000 1.000000 1.000000
vn 3.0726602 -4.4623122 2.9397471
v 0.0096784 0.1359871 0.0849075 1.000000 1.000000 1.000000
vn 2.8259373 -4.4871211 3.0559261
v 0.0096054 0.1259996 0.0703729 1.000000 1.000000 1.000000
vn -0.1676755 -4.9862700 3.4930346
v -0.0001242 0.1198244 0.0653885 1.000000 1.000000 1.000000
vn 2.6545997 -4.5026302 3.2688031
v 0.0092566 0.1173707 0.0580717 1.000000 1.000000 1.000000
vn -0.3304152 -4.8648348 3.5466590
v -0.0007180 0.1074472 0.0488709 1.000000 1.000000 1.000000
vn 2.5824847 -4.4464254 3.2474935
v 0.0091387 0.1069790 0.0446686 1.000000 1.000000 1.000000
vn -0.1461042 -2.5599184 1.7584231
v -0.0012399 0.0962868 0.0324833 1.000000 1.000000 1.000000
vn 1.2719631 -1.9788820 1.3603017
v 0.0102037 0.0976842 0.0307740 1.000000 1.000000 1.000000
vn -0.0705127 -2.2966957 2.0511556
v 0.0015291 0.2162407 0.2168821 1.000000 1.000000 1.000000
vn 4.5284319 -3.3923826 2.2564940
v 0.0139675 0.2140623 0.2069087 1.000000 1.000000 1.000000
vn 4.5945258 -3.3998747 2.0937710
v 0.0143808 0.1790396 0.1496241 1.000000 1.000000 1.000000
vn 4.6156793 -3.4968431 2.0509808
v 0.0146831 0.1700249 0.1339062 1.000000 1.000000 1.000000
vn 4.6022682 -3.4311986 2.1636724
v 0.0141392 0.1876795 0.1636388 1.000000 1.000000 1.000000
vn 4.6230869 -3.5074091 2.0704577
v 0.0139149 0.1514111 0.1034076 1.000000 1.000000 1.000000
vn 4.9464731 -3.0931768 1.9737182
v 0.0144083 0.1409223 0.0847874 1.000000 1.000000 1.000000
vn 4.7944241 -3.1004946 2.1847832
v 0.0144410 0.1240272 0.0606332 1.000000 1.000000 1.000000
vn 4.7189875 -3.1472600 2.4371197
v 0.0138997 0.1121356 0.0449961 1.000000 1.000000 1.000000
vn 4.9250536 -3.0169158 2.1304650
v 0.0143587 0.1312669 0.0706597 1.000000 1.000000 1.000000
vn 4.8023310 -3.3701668 1.9739025
v 0.0149586 0.1597429 0.1148450 1.000000 1.000000 1.000000
vn 5.0383639 -2.9684365 1.7995490
v 0.0149362 0.2007843 0.1825324 1.000000 1.000000 1.000000
vn 4.9676328 -3.1438615 1.9236372
v 0.0146150 0.2065019 0.1925679 1.000000 1.000000 1.000000
vn 1.7675270 -1.1296190 0.9681752
v 0.0136986 0.2209720 0.2154615 1.000000 1.000000 1.000000
vn 2.5699878 -1.1530380 0.8570312
v 0.0182877 0.1065707 0.0279775 1.000000 1.000000 1.000000
vn -1.4336275 -2.4021513 1.8558152
v -0.0100131 0.2181924 0.2155740 1.000000 1.000000 1.000000
vn -1.0163150 -2.7938538 1.9405400
v -0.0095109 0.2112698 0.2067031 1.000000 1.000000 1.000000
vn -0.7955611 -2.5105171 1.5861486
v -0.0094449 0.1905513 0.1729048 1.000000 1.000000 1.000000
vn -0.8281342 -2.6225562 1.6821532
v -0.0086628 0.1824431 0.1609439 1.000000 1.000000 1.000000
vn -0.8526813 -2.5932355 1.5715008
v -0.0094055 0.2001212 0.1886168 1.000000 1.000000 1.000000
vn -0.8642378 -2.6263676 1.5876536
v -0.0090012 0.1731519 0.1457692 1.000000 1.000000 1.000000
vn -0.9624235 -2.7706387 1.6567912
v -0.0087202 0.1585758 0.1210581 1.000000 1.000000 1.000000
vn -2.3993859 -4.8748550 3.1035891
v -0.0076453 0.1466023 0.1023187 1.000000 1.000000 1.000000
vn -1.3097856 -2.2880397 1.6401808
v -0.0098974 0.0983478 0.0310577 1.000000 1.000000 1.000000
vn -0.8993195 -2.4465864 1.4530501
v -0.0098667 0.1655530 0.1319332 1.000000 1.000000 1.000000
vn -0.9564990 -2.4394898 1.8001366
v -0.0094397 0.1181826 0.0583668 1.000000 1.000000 1.000000
vn -1.1762868 -2.5208137 1.8536768
v -0.0101636 0.1068777 0.0424454 1.000000 1.000000 1.000000
vn -0.9839117 -2.5125253 1.6814287
v -0.0095034 0.1278321 0.0720741 1.000000 1.000000 1.000000
vn -1.1173921 -2.4462233 1.5908473
v -0.0101910 0.1371761 0.0852497 1.000000 1.000000 1.000000
vn -1.4276284 -2.1999881 1.3487933
v -0.0109842 0.1500030 0.1043315 1.000000 1.000000 1.000000
vn -0.7290795 -0.9048934 0.6607561
v -0.0131578 0.1000906 0.0298468 1.000000 1.000000 1.000000
vn -0.4966095 -0.5803075 0.4247441
v -0.0141688 0.2213564 0.2150380 1.000000 1.000000 1.000000
vn 3.4717441 -0.8739269 0.8238053
v 0.0173922 0.2234980 0.2103743 1.000000 1.000000 1.000000
vn 5.8175020 -1.8721938 1.0061888
v 0.0181195 0.1622051 0.1077973 1.000000 1.000000 1.000000
vn 5.8226738 -1.7712703 1.0811014
v 0.0182360 0.1742983 0.1288067 1.000000 1.000000 1.000000
vn 5.7757387 -2.0459487 1.2012167
v 0.0172053 0.1531158 0.0947682 1.000000 1.000000 1.000000
vn 5.8091984 -1.8700566 1.1859112
v 0.0180219 0.1896406 0.1538347 1.000000 1.000000 1.000000
vn 5.7185469 -2.1723502 1.4183936
v 0.0156096 0.1940626 0.1684937 1.000000 1.000000 1.000000
vn 5.8610458 -1.8245854 1.1579919
v 0.0169380 0.2121205 0.1926633 1.000000 1.000000 1.000000
vn 4.9138670 -1.0064130 0.8281611
v 0.0188642 0.1198954 0.0400379 1.000000 1.000000 1.000000
vn 5.9659276 -1.2315304 0.9121364
v 0.0186955 0.1292231 0.0524795 1.000000 1.000000 1.000000
vn 5.9192038 -1.7052408 1.0612367
v 0.0181885 0.1841448 0.1428000 1.000000 1.000000 1.000000
vn 5.8855896 -1.7498721 1.2347444
v 0.0170989 0.1380772 0.0700470 1.000000 1.000000 1.000000
vn 5.9757776 -1.5888849 0.9020807
v 0.0183492 0.1508919 0.0843677 1.000000 1.000000 1.000000
vn 3.0217216 -0.9400139 0.6517531
v 0.0191433 0.2027187 0.1655073 1.000000 1.000000 1.000000
vn 3.0606177 -0.8697017 0.5754536
v 0.0191905 0.2129082 0.1810568 1.000000 1.000000 1.000000
vn 3.0506113 -0.6260089 0.3024070
v 0.0192839 0.1633725 0.0967210 1.000000 1.000000 1.000000
vn 2.9369998 -0.5579406 0.4083213
v 0.0190228 0.1440658 0.0653005 1.000000 1.000000 1.000000
vn 3.0216322 -0.4786077 0.4180809
v 0.0187735 0.2188429 0.1881565 1.000000 1.000000 1.000000
vn 3.0341547 -0.5920750 0.3520465
v 0.0194049 0.1941955 0.1495484 1.000000 1.000000 1.000000
vn 3.0713935 -0.4748688 0.2818774
v 0.0194744 0.1784343 0.1219397 1.000000 1.000000 1.000000
vn 1.7901206 -0.2851625 0.2294917
v 0.0192703 0.1115575 0.0265097 1.000000 1.000000 1.000000
vn 3.2483854 -0.1030540 0.2605545
v 0.0185595 0.2249468 0.1963946 1.000000 1.000000 1.000000
vn 3.6504097 -0.0552801 0.0349382
v 0.0188626 0.1310269 0.0490889 1.000000 1.000000 1.000000
vn 1.1488053 0.0793217 0.1041437
v 0.0170013 0.2345108 0.2062991 1.000000 1.000000 1.000000
vn 2.9407029 0.1840131 -0.2325175
v 0.0181194 0.1291772 0.0379635 1.000000 1.000000 1.000000
vn 0.7938990 0.0493456 -0.0642590
v 0.0175503 0.1255996 0.0281859 1.000000 1.000000 1.000000
vn 0.2065847 6.1096511 -1.2815313
v -0.0092699 0.4994394 0.0375723 1.000000 1.000000 1.000000
vn 0.7402651 6.0941653 -1.0442686
v -0.0250248 0.4994259 0.0307923 1.000000 1.000000 1.000000
vn 0.0521779 2.8362994 -0.1451882
v -0.0176194 0.5001830 0.0447654 1.000000 1.000000 1.000000
vn 0.1275677 2.7946677 -0.1724028
v -0.0321913 0.5000389 0.0364745 1.000000 1.000000 1.000000
vn 1.2458074 6.1086845 -0.5261774
v -0.0338549 0.4991682 0.0190738 1.000000 1.000000 1.000000
vn 0.1155401 2.9132366 -0.0764436
v -0.0401697 0.5001490 0.0272484 1.000000 1.000000 1.000000
vn 0.2618159 3.5266204 0.4829459
v 0.0118912 0.5003227 0.0462623 1.000000 1.000000 1.000000
vn -0.3531744 6.0943089 -1.3460686
v 0.0138085 0.4992590 0.0371932 1.000000 1.000000 1.000000
vn 0.7617067 5.5265126 1.5617346
v 0.0225169 0.5001293 0.0420018 1.000000 1.000000 1.000000
vn -0.0996450 3.0810008 -0.0968129
v 0.0332962 0.5001837 0.0346451 1.000000 1.000000 1.000000
vn -0.9560336 6.0996609 -0.9866632
v 0.0284657 0.4992203 0.0283410 1.000000 1.000000 1.000000
vn -0.1332060 2.9173894 -0.1057404
v 0.0402098 0.5001214 0.0267150 1.000000 1.000000 1.000000
vn -1.3421179 6.0727544 -0.5026726
v 0.0355042 0.4992619 0.0178604 1.000000 1.000000 1.000000
vn -0.0959078 3.1219201 0.0022050
v 0.0458363 0.5002347 0.0109641 1.000000 1.000000 1.000000
vn -1.7328780 6.0040379 0.2691553
v 0.0371523 0.4990677 -0.0091850 1.000000 1.000000 1.000000
vn 1.2079327 6.1540852 0.0656630
v -0.0393268 0.4995287 -0.0014243 1.000000 1.000000 1.000000
vn -0.0574028 3.1791196 0.0023724
v -0.0455491 0.5001104 0.0116428 1.000000 1.000000 1.000000
vn 0.1690362 2.7919793 0.1333777
v -0.0400221 0.5001829 -0.0279395 1.000000 1.000000 1.000000
vn -0.2531377 2.7894514 -0.0190964
v -0.0466402 0.4998344 -0.0142131 1.000000 1.000000 1.000000
vn -0.1261595 3.3036065 0.0308669
v 0.0426537 0.5004321 -0.0206105 1.000000 1.000000 1.000000
vn -1.4412644 6.0034451 0.8188657
v 0.0326554 0.4995007 -0.0253008 1.000000 1.000000 1.000000
vn -0.1096613 2.9237351 0.1118007
v 0.0338267 0.5002105 -0.0338366 1.000000 1.000000 1.000000
vn -1.0868272 5.9849691 1.3334872
v 0.0275402 0.4994157 -0.0311555 1.000000 1.000000 1.000000
vn 0.7810102 5.3360624 -1.4730077
v 0.0202157 0.5004045 -0.0427919 1.000000 1.000000 1.000000
vn 0.4452504 2.6885595 -0.0254890
v 0.0448886 0.5001227 -0.0174103 1.000000 1.000000 1.000000
vn -0.7828325 6.0506830 1.4230405
v 0.0192636 0.4993793 -0.0369140 1.000000 1.000000 1.000000
vn -0.0218372 3.4346235 0.8771934
v 0.0019039 0.4980561 -0.0369463 1.000000 1.000000 1.000000
vn -0.0597029 3.2745171 0.2276347
v 0.0119251 0.5004916 -0.0459997 1.000000 1.000000 1.000000
vn 0.8696202 3.6570029 0.1220456
v -0.0353105 0.4986452 -0.0066377 1.000000 1.000000 1.000000
vn 0.8677056 6.1481194 0.7178671
v -0.0308353 0.4996732 -0.0281674 1.000000 1.000000 1.000000
vn 0.1187622 2.7056556 0.2015117
v -0.0271550 0.5002458 -0.0406964 1.000000 1.000000 1.000000
vn 0.4665838 6.1703329 1.0063260
v -0.0202789 0.4997739 -0.0382271 1.000000 1.000000 1.000000
vn 0.1318037 3.0208917 0.3255652
v -0.0130702 0.5004617 -0.0458915 1.000000 1.000000 1.000000
vn 1.0768307 2.9710915 -0.1878875
v -0.0330923 0.4976818 0.0051338 1.000000 1.000000 1.000000
vn 1.1018840 3.1883063 -0.3877175
v -0.0305199 0.4975931 0.0155996 1.000000 1.000000 1.000000
vn 1.0532441 3.4007797 -0.9659992
v -0.0250246 0.4977168 0.0250944 1.000000 1.000000 1.000000
vn 0.6547015 3.2985368 0.7885282
v -0.0217307 0.4977031 -0.0288824 1.000000 1.000000 1.000000
vn 0.2243781 3.2565649 1.0532906
v -0.0109472 0.4979478 -0.0345687 1.000000 1.000000 1.000000
vn 1.1786313 3.1674623 0.4979972
v -0.0288136 0.4978201 -0.0211657 1.000000 1.000000 1.000000
vn -0.9191176 3.4508395 -1.0542952
v 0.0241869 0.4974090 0.0258881 1.000000 1.000000 1.000000
vn -0.4364593 3.2355330 1.4151781
v 0.0151804 0.4975707 -0.0338985 1.000000 1.000000 1.000000
vn 0.5054236 2.8151562 -1.1438241
v -0.0160928 0.4971629 0.0296513 1.000000 1.000000 1.000000
vn 0.0534354 3.4943466 -1.3970181
v -0.0050366 0.4984268 0.0351722 1.000000 1.000000 1.000000
vn -0.0612330 2.5001621 0.9737903
v 0.0001259 0.4990703 0.0487380 1.000000 1.000000 1.000000
vn 1.0048362 2.5441787 -0.0436090
v 0.0480823 0.4991443 -0.0008960 1.000000 1.000000 1.000000
vn -1.1732919 2.9729795 -0.4995567
v 0.0297409 0.4966353 0.0157650 1.000000 1.000000 1.000000
vn -1.6989884 3.1167965 -0.1381930
v 0.0337357 0.4976837 0.0035679 1.000000 1.000000 1.000000
vn -0.6059094 2.9119601 -1.1176832
v 0.0161901 0.4969972 0.0300095 1.000000 1.000000 1.000000
vn -0.0643310 3.0763395 -1.3423040
v 0.0080219 0.4974600 0.0333476 1.000000 1.000000 1.000000
vn -0.9807986 2.9638641 0.9915738
v 0.0248947 0.4966497 -0.0260351 1.000000 1.000000 1.000000
vn -1.5390124 3.2313557 0.5525336
v 0.0310561 0.4973585 -0.0179795 1.000000 1.000000 1.000000
vn -1.5096457 2.7839174 -0.0471152
v 0.0333135 0.4970845 -0.0033645 1.000000 1.000000 1.000000
vn -1.2212528 2.5108972 0.0247336
v -0.0481003 0.4989874 -0.0003203 1.000000 1.000000 1.000000
vn -0.0084744 2.4722576 -1.3251886
v 0.0055006 0.4992841 -0.0482072 1.000000 1.000000 1.000000
vn -0.0051262 2.4763472 -1.3004175
v -0.0038236 0.4991098 -0.0485024 1.000000 1.000000 1.000000
vn -1.6223843 2.1066191 0.5540369
v -0.0441542 0.4990044 0.0199332 1.000000 1.000000 1.000000
vn 0.6886948 2.1649499 -1.6776123
v 0.0174261 0.4993661 -0.0452771 1.000000 1.000000 1.000000
vn 1.6472092 2.0893161 0.6034365
v 0.0441930 0.4990496 0.0195531 1.000000 1.000000 1.000000
vn 0.9738308 2.1525977 -1.6440785
v 0.0215597 0.4992398 -0.0435208 1.000000 1.000000 1.000000
vn 1.0958166 2.1197753 1.6190882
v 0.0311759 0.4995522 0.0368969 1.000000 1.000000 1.000000
vn 0.8076125 2.3697710 1.5858727
v 0.0230906 0.4993795 0.0428302 1.000000 1.000000 1.000000
vn 0.6361221 1.3148844 1.5422062
v 0.0135251 0.4988161 0.0468304 1.000000 1.000000 1.000000
vn 1.6763545 1.7980413 -1.1489109
v 0.0400408 0.4990975 -0.0265115 1.000000 1.000000 1.000000
vn -0.1837396 2.7973468 -5.5543041
v -0.0000951 0.1738772 -0.2082903 1.000000 1.000000 1.000000
vn 1.8672137 2.3481104 -5.0930786
v 0.0148274 0.1686837 -0.2100787 1.000000 1.000000 1.000000
vn -0.3327616 0.4041746 -5.8713541
v -0.0019402 0.1537460 -0.2162240 1.000000 1.000000 1.000000
vn 0.4076365 0.7389995 -2.6050026
v 0.0122891 0.1542992 -0.2153021 1.000000 1.000000 1.000000
vn -0.6663992 1.5137720 -3.0776885
v -0.0151120 0.1672764 -0.2095632 1.000000 1.000000 1.000000
vn -0.2230006 0.6028148 -1.9479561
v -0.0135948 0.1549739 -0.2145098 1.000000 1.000000 1.000000
vn -0.5062952 1.2328353 -2.1308756
v -0.0123196 0.1768163 -0.2047570 1.000000 1.000000 1.000000
vn -0.0909101 1.3438383 -2.3417783
v -0.0004704 0.1801388 -0.2046603 1.000000 1.000000 1.000000
vn 0.2965596 1.2828702 -2.1646452
v 0.0110773 0.1778902 -0.2051363 1.000000 1.000000 1.000000
vn 0.9603313 0.5579687 -1.8661199
v 0.0186529 0.1586590 -0.2111074 1.000000 1.000000 1.000000
vn 1.1521988 1.1856511 -1.8883488
v 0.0175765 0.1711219 -0.2068705 1.000000 1.000000 1.000000
vn -0.0363539 -0.4502395 -2.4537947
v -0.0006536 0.1501861 -0.2155899 1.000000 1.000000 1.000000
vn -0.9187921 0.9538991 -1.3595988
v -0.0172470 0.1704272 -0.2059097 1.000000 1.000000 1.000000
vn 1.0826347 5.7330132 -2.1915691
v -0.0022935 0.2950905 -0.0092742 1.000000 1.000000 1.000000
vn 1.5407987 6.0307851 -0.4373779
v -0.0102944 0.2968931 -0.0063345 1.000000 1.000000 1.000000
vn -0.0667247 6.1475368 -1.0854709
v 0.0041160 0.2960153 -0.0045352 1.000000 1.000000 1.000000
vn -1.1958289 5.1114717 -3.2571008
v 0.0083478 0.2935250 -0.0116431 1.000000 1.000000 1.000000
vn 3.1414261 5.1208467 -0.0120755
v -0.0115754 0.2963245 -0.0144582 1.000000 1.000000 1.000000
vn 1.2166793 5.8237791 -0.8933965
v -0.0104166 0.2969979 0.0105841 1.000000 1.000000 1.000000
vn -1.1676333 5.8163662 -1.0140979
v 0.0100189 0.2970349 0.0101251 1.000000 1.000000 1.000000
vn -0.7997079 3.2860370 -0.7744192
v 0.0128334 0.2967893 -0.0063773 1.000000 1.000000 1.000000
vn -0.4617315 5.5426674 -2.7050600
v 0.0060823 0.2983503 0.0145888 1.000000 1.000000 1.000000
vn 0.4008778 3.0165546 -0.9453578
v -0.0091319 0.2987089 0.0171947 1.000000 1.000000 1.000000
vn -0.5794008 2.0443904 -0.6189257
v 0.0138580 0.2989258 0.0133784 1.000000 1.000000 1.000000
vn 0.5952481 1.5592784 -0.4876380
v -0.0131317 0.3000414 0.0170021 1.000000 1.000000 1.000000
vn 3.3620746 5.0529528 -0.5666811
v -0.0065201 0.2933614 -0.0180859 1.000000 1.000000 1.000000
vn 1.1674478 2.7761989 -0.3464929
v -0.0145285 0.2986646 0.0100306 1.000000 1.000000 1.000000
vn 1.3428596 2.6426935 -0.1269334
v -0.0148909 0.2986664 -0.0088145 1.000000 1.000000 1.000000
vn -0.8686340 1.6654940 -1.0707277
v 0.0141774 0.2945243 -0.0148181 1.000000 1.000000 1.000000
vn -1.4634919 2.3630190 -0.2619233
v 0.0144339 0.2987424 0.0008610 1.000000 1.000000 1.000000
vn -0.2815510 2.0655384 -1.4209135
v 0.0067616 0.3004612 0.0175227 1.000000 1.000000 1.000000
vn 1.7685694 3.4979131 -4.7044549
v 0.0025719 0.2884454 -0.0169362 1.000000 1.000000 1.000000
vn 4.1982574 3.5247612 -2.4615569
v -0.0016989 0.2892621 -0.0192756 1.000000 1.000000 1.000000
vn 1.1977404 1.4654799 0.3296359
v -0.0127535 0.2987664 -0.0210342 1.000000 1.000000 1.000000
vn 1.8095360 2.2357953 0.4785293
v -0.0082140 0.2956185 -0.0222264 1.000000 1.000000 1.000000
vn 2.3578925 1.7390754 0.0582062
v -0.0024015 0.2902749 -0.0223050 1.000000 1.000000 1.000000
vn 1.3278931 1.3692873 -0.9205831
v 0.0003185 0.2810627 -0.0215220 1.000000 1.000000 1.000000
vn -2.2922940 3.3174214 -4.2595081
v 0.0070049 0.2855830 -0.0179875 1.000000 1.000000 1.000000
vn 0.2442998 2.4486756 -1.4543186
v 0.0029913 0.2803274 -0.0188995 1.000000 1.000000 1.000000
vn -2.0305696 2.4161329 -2.0788474
v 0.0104766 0.2885939 -0.0180143 1.000000 1.000000 1.000000
vn -1.6491045 1.7860581 -0.9430945
v 0.0074822 0.2824636 -0.0221025 1.000000 1.000000 1.000000
vn -1.3973114 1.2825041 -0.8859811
v 0.0102109 0.2864269 -0.0218221 1.000000 1.000000 1.000000
vn 2.7444501 -1.1168575 0.2029136
v 0.2294201 -0.4999104 0.0130396 1.000000 1.000000 1.000000
vn 3.2169008 -0.0183923 0.0236249
v 0.2307743 -0.4988307 0.0006667 1.000000 1.000000 1.000000
vn 3.1777990 0.0055751 0.4260080
v 0.2287112 -0.4987485 0.0290230 1.000000 1.000000 1.000000
vn 3.1731739 0.0196978 0.0374846
v 0.2305315 -0.4583419 0.0017434 1.000000 1.000000 1.000000
vn 6.2098608 0.0289955 0.9008377
v 0.2280790 -0.4728768 0.0314415 1.000000 1.000000 1.000000
vn 3.2028625 0.0809304 0.4144890
v 0.2283435 -0.4577651 0.0292957 1.000000 1.000000 1.000000
vn 4.3254323 1.4689713 0.9726068
v 0.2238978 -0.4584928 0.0535793 1.000000 1.000000 1.000000
vn 2.8404655 0.0064378 0.5634839
v 0.2231218 -0.4797531 0.0558491 1.000000 1.000000 1.000000
vn 1.6746427 0.0404759 0.3202580
v 0.2240441 -0.4987266 0.0534247 1.000000 1.000000 1.000000
vn 4.3029294 0.9674444 -0.5162730
v 0.2290650 -0.4578976 -0.0229862 1.000000 1.000000 1.000000
vn 3.1379831 0.0251119 -0.3195217
v 0.2293630 -0.4987529 -0.0229281 1.000000 1.000000 1.000000
vn 5.7715650 1.5371186 -1.0206902
v 0.2265669 -0.4588336 -0.0398964 1.000000 1.000000 1.000000
vn 3.0760438 0.0189031 -0.5268698
v 0.2275927 -0.4989129 -0.0353454 1.000000 1.000000 1.000000
vn 3.1437893 0.0046570 -0.7968488
v 0.2239282 -0.4988001 -0.0532498 1.000000 1.000000 1.000000
vn 5.6172185 1.5364531 -1.4488078
v 0.2238018 -0.4586350 -0.0541146 1.000000 1.000000 1.000000
vn 3.9073510 1.6531212 -1.3251626
v 0.2191409 -0.4587280 -0.0688095 1.000000 1.000000 1.000000
vn 1.5146935 0.0042018 -0.4552036
v 0.2205539 -0.4999649 -0.0644887 1.000000 1.000000 1.000000
vn 4.7742424 3.7481050 -1.2198641
v 0.2217353 -0.4545231 -0.0526679 1.000000 1.000000 1.000000
vn 2.6627698 1.4992278 0.7212091
v 0.2216399 -0.4548152 0.0543934 1.000000 1.000000 1.000000
vn 2.4860268 1.5373112 0.9027157
v 0.2184937 -0.4592572 0.0724037 1.000000 1.000000 1.000000
vn 2.6069131 1.7085141 0.9895364
v 0.2149346 -0.4535844 0.0724494 1.000000 1.000000 1.000000
vn 2.3063574 1.6932608 1.1299391
v 0.2073464 -0.4594674 0.0999140 1.000000 1.000000 1.000000
vn 4.5316653 3.8889475 -1.7165480
v 0.2148403 -0.4540853 -0.0722096 1.000000 1.000000 1.000000
vn 2.3160429 1.6978102 -1.0327022
v 0.2114373 -0.4594005 -0.0892256 1.000000 1.000000 1.000000
vn 1.2632794 1.0099401 -0.2032137
v 0.2234872 -0.4506362 -0.0224604 1.000000 1.000000 1.000000
vn 2.8786855 2.3511376 1.4805195
v 0.2029985 -0.4540454 0.1005501 1.000000 1.000000 1.000000
vn 4.2935534 3.9213986 -2.1872873
v 0.2033289 -0.4535859 -0.0975887 1.000000 1.000000 1.000000
vn 2.3018184 1.7242663 -1.3085947
v 0.2024534 -0.4593273 -0.1069707 1.000000 1.000000 1.000000
vn 2.2460396 2.2746291 -0.5435266
v 0.2183468 -0.4505137 -0.0498914 1.000000 1.000000 1.000000
vn 1.9756223 1.5442698 1.1960317
v 0.2000198 -0.4597627 0.1128523 1.000000 1.000000 1.000000
vn 4.0164495 3.8132536 -2.6975341
v 0.1889787 -0.4541790 -0.1231722 1.000000 1.000000 1.000000
vn 2.1708772 1.3621248 -1.3806039
v 0.1954837 -0.4601621 -0.1188469 1.000000 1.000000 1.000000
vn 2.1835072 1.7863864 -1.6635252
v 0.1862056 -0.4580490 -0.1310423 1.000000 1.000000 1.000000
vn 2.0644643 2.2787468 -0.8042468
v 0.2106330 -0.4503202 -0.0723258 1.000000 1.000000 1.000000
vn 2.0098691 2.3422909 -1.0165154
v 0.2006589 -0.4505385 -0.0958737 1.000000 1.000000 1.000000
vn 0.2357356 0.1867467 0.1438661
v 0.1864792 -0.4541704 0.1277806 1.000000 1.000000 1.000000
vn 1.3751069 1.5624913 0.6097254
v 0.2016667 -0.4506882 0.0949503 1.000000 1.000000 1.000000
vn 3.6474357 3.8666115 -3.1899889
v 0.1699328 -0.4540436 -0.1471540 1.000000 1.000000 1.000000
vn 1.7985063 1.4472425 -1.6256788
v 0.1713308 -0.4589266 -0.1499544 1.000000 1.000000 1.000000
vn 1.7831721 2.4053450 -1.2352194
v 0.1853161 -0.4504649 -0.1212272 1.000000 1.000000 1.000000
vn 0.2443474 0.2716412 -0.2390712
v 0.1512517 -0.4538444 -0.1660210 1.000000 1.000000 1.000000
vn 1.5461555 2.1671357 -1.3739629
v 0.1658119 -0.4501756 -0.1456996 1.000000 1.000000 1.000000
vn -4.4554982 0.6814787 1.9701030
v -0.0318527 -0.0831845 0.0103042 1.000000 1.000000 1.000000
vn -0.1652273 0.0380072 0.0414909
v -0.0337259 -0.0811661 0.0009956 1.000000 1.000000 1.000000
vn -2.0334103 1.1967969 2.2488737
v -0.0321138 -0.0852783 0.0111824 1.000000 1.000000 1.000000
vn -2.7948925 0.1127059 2.4026685
v -0.0288198 -0.0923582 0.0166930 1.000000 1.000000 1.000000
vn -5.9694271 -0.9598909 1.5529019
v -0.0358057 0.4415524 0.0089167 1.000000 1.000000 1.000000
vn -6.1475492 -1.1126033 -0.1516074
v -0.0383895 0.4499824 -0.0016073 1.000000 1.000000 1.000000
vn -6.2178750 -0.5614409 0.0099832
v -0.0350920 0.4257947 -0.0015267 1.000000 1.000000 1.000000
vn -5.9615717 -0.5026895 1.7713989
v -0.0333762 0.4243900 0.0095593 1.000000 1.000000 1.000000
vn -5.9553213 -1.2320800 1.3688186
v -0.0406346 0.4655991 0.0089730 1.000000 1.000000 1.000000
vn -6.1117778 -1.1887501 -0.1122177
v -0.0454901 0.4840409 -0.0010362 1.000000 1.000000 1.000000
vn -6.0369668 -1.0692900 1.2082031
v -0.0451217 0.4879824 0.0091739 1.000000 1.000000 1.000000
vn -3.1758697 -0.4573286 0.0776722
v -0.0481003 0.4989874 -0.0003203 1.000000 1.000000 1.000000
vn -3.0468137 -0.4907573 1.1997550
v -0.0441542 0.4990044 0.0199332 1.000000 1.000000 1.000000
vn -5.5480142 -1.2601476 2.4977884
v -0.0411999 0.4839084 0.0196648 1.000000 1.000000 1.000000
vn -5.4138112 -1.2892368 2.7962308
v -0.0357213 0.4594035 0.0189046 1.000000 1.000000 1.000000
vn -5.3613534 -0.9966272 3.0489500
v -0.0317950 0.4404904 0.0182586 1.000000 1.000000 1.000000
vn -5.9497657 -0.0698123 1.8479983
v -0.0322733 0.3882973 0.0094948 1.000000 1.000000 1.000000
vn -6.2399220 -0.1676453 0.0818855
v -0.0340791 0.4013227 -0.0007617 1.000000 1.000000 1.000000
vn -3.5915580 0.0871674 -0.0150279
v -0.0338178 0.3243031 -0.0006795 1.000000 1.000000 1.000000
vn -5.9007158 0.0303700 1.9508704
v -0.0321721 0.3347725 0.0091694 1.000000 1.000000 1.000000
vn -3.4990249 0.0846421 0.9787318
v -0.0331401 0.3229635 0.0067303 1.000000 1.000000 1.000000
vn -3.1739614 -0.0063883 1.9848859
v -0.0292864 0.3144251 0.0156162 1.000000 1.000000 1.000000
vn -5.3776903 -0.4598092 3.1814995
v -0.0295070 0.4241710 0.0178628 1.000000 1.000000 1.000000
vn -5.5511093 -0.0978751 2.9324591
v -0.0294732 0.3921030 0.0155841 1.000000 1.000000 1.000000
vn -5.0869832 -0.0160055 3.5948098
v -0.0272774 0.3337100 0.0186967 1.000000 1.000000 1.000000
vn -2.8087702 0.5561408 0.5467938
v -0.0455491 0.5001104 0.0116428 1.000000 1.000000 1.000000
vn -2.7533770 -0.1206954 1.8708992
v -0.0266031 0.4054283 0.0207279 1.000000 1.000000 1.000000
vn -2.3879843 -0.3491214 1.8154700
v -0.0253951 0.4308041 0.0242450 1.000000 1.000000 1.000000
vn -2.3652563 -0.5197778 1.6818988
v -0.0401697 0.5001490 0.0272484 1.000000 1.000000 1.000000
vn -2.7920995 -0.6887015 1.9045138
v -0.0331338 0.4755084 0.0290476 1.000000 1.000000 1.000000
vn -2.8012118 -0.0060647 2.3467953
v -0.0273941 0.3008596 0.0182417 1.000000 1.000000 1.000000
vn -2.4247551 -0.5973129 1.7726200
v -0.0281928 0.4530578 0.0269726 1.000000 1.000000 1.000000
vn -0.9964231 -0.2217965 0.8590307
v -0.0321913 0.5000389 0.0364745 1.000000 1.000000 1.000000
vn -2.2692139 -0.0278225 2.0964587
v -0.0234076 0.3332838 0.0228614 1.000000 1.000000 1.000000
vn -2.4095457 -0.0035188 1.9899104
v -0.0234236 0.2363104 0.0228379 1.000000 1.000000 1.000000
vn -5.2074747 -0.0078128 3.4608145
v -0.0265627 0.2486104 0.0190472 1.000000 1.000000 1.000000
vn -5.1990733 -0.0279980 3.4418461
v -0.0271141 0.1882926 0.0182907 1.000000 1.000000 1.000000
vn -5.5624857 -0.1601492 2.9108293
v -0.0274776 0.2863920 0.0178389 1.000000 1.000000 1.000000
vn -2.1608558 -0.0595941 1.0980573
v -0.0314436 0.2835974 0.0098147 1.000000 1.000000 1.000000
vn -2.7993283 0.0024769 1.4504070
v -0.0313832 0.2072349 0.0100008 1.000000 1.000000 1.000000
vn -2.8099463 -0.0100510 1.3667194
v -0.0312220 0.1395019 0.0092563 1.000000 1.000000 1.000000
vn -5.4185348 0.0222525 3.1559982
v -0.0278028 0.1267795 0.0162098 1.000000 1.000000 1.000000
vn -2.8458641 0.0105219 1.3545154
v -0.0312365 0.0934256 0.0096735 1.000000 1.000000 1.000000
vn -5.3498201 0.0298709 3.2297173
v -0.0276213 0.0948366 0.0172886 1.000000 1.000000 1.000000
vn -2.8142300 0.0033423 1.3845291
v -0.0312477 0.0216900 0.0095059 1.000000 1.000000 1.000000
vn -5.3177834 -0.0068101 3.2959878
v -0.0270240 0.0318868 0.0180553 1.000000 1.000000 1.000000
vn -5.3073473 0.0374274 3.3113387
v -0.0276394 -0.0486622 0.0172126 1.000000 1.000000 1.000000
vn -2.8131385 0.0350149 1.3895433
v -0.0313076 -0.0481311 0.0097728 1.000000 1.000000 1.000000
vn -2.9593189 -0.1296436 1.9646051
v -0.0289582 0.2911758 0.0159243 1.000000 1.000000 1.000000
vn -2.5699453 -0.0242930 1.8299804
v -0.0242561 0.1380841 0.0213752 1.000000 1.000000 1.000000
vn -2.5300345 0.0307494 1.8662527
v -0.0245314 0.0980683 0.0213949 1.000000 1.000000 1.000000
vn -2.0313203 0.0560189 1.8980927
v -0.0246107 -0.0927020 0.0211691 1.000000 1.000000 1.000000
vn -0.3883471 0.0168530 0.3664714
v -0.0277244 -0.1037062 0.0183756 1.000000 1.000000 1.000000
vn -1.4266731 -0.2606827 -0.1879175
v -0.0466402 0.4998344 -0.0142131 1.000000 1.000000 1.000000
vn -3.6002378 -0.2377176 -0.5951625
v -0.0336763 0.4225630 -0.0102331 1.000000 1.000000 1.000000
vn -6.1618423 -0.0558726 -1.1640964
v -0.0329322 0.3923475 -0.0096542 1.000000 1.000000 1.000000
vn -6.1883430 -0.0392696 -1.0785184
v -0.0337811 0.3574073 -0.0014746 1.000000 1.000000 1.000000
vn -3.0401745 -0.4864130 -0.4509708
v -0.0363174 0.4465018 -0.0113866 1.000000 1.000000 1.000000
vn -3.0824671 -0.6295440 -0.4551632
v -0.0412018 0.4712019 -0.0122014 1.000000 1.000000 1.000000
vn -3.1090147 -0.0056630 -0.5087461
v -0.0319580 0.3444585 -0.0124114 1.000000 1.000000 1.000000
vn -3.4462998 0.0300799 -0.6677868
v -0.0330011 0.3219918 -0.0080405 1.000000 1.000000 1.000000
vn -0.8755243 -0.0017360 -0.2178516
v -0.0319807 0.3185961 -0.0121144 1.000000 1.000000 1.000000
vn -2.4382041 -0.0743807 -0.9476359
v -0.0319923 0.4153283 -0.0138763 1.000000 1.000000 1.000000
vn 1.5034250 2.0398695 5.2206731
v 0.0022543 0.1435227 0.0321493 1.000000 1.000000 1.000000
vn 0.5633689 2.5269926 1.3669482
v 0.0016736 0.1430662 0.0332323 1.000000 1.000000 1.000000
vn 1.3173529 0.0397440 3.3520699
v 0.0108073 0.1371756 0.0303935 1.000000 1.000000 1.000000
vn -0.8183632 0.7181469 3.3225999
v -0.0035023 0.1429684 0.0327528 1.000000 1.000000 1.000000
vn -0.9374878 -0.0341857 3.2244520
v -0.0098974 0.0983478 0.0310577 1.000000 1.000000 1.000000
vn -0.5452452 -0.0495035 6.2250977
v -0.0018517 0.0539115 0.0319436 1.000000 1.000000 1.000000
vn -0.0728022 -0.0216428 3.4497085
v -0.0012399 0.0962868 0.0324833 1.000000 1.000000 1.000000
vn -2.1044819 -0.0428557 5.8562317
v -0.0114003 0.0446133 0.0299406 1.000000 1.000000 1.000000
vn -1.6963214 -0.0301532 6.0182381
v -0.0097935 -0.0359103 0.0301746 1.000000 1.000000 1.000000
vn -0.5135896 -0.0389607 6.2324924
v -0.0022423 -0.0398950 0.0315085 1.000000 1.000000 1.000000
vn -0.6599228 0.0167821 6.2248292
v -0.0019823 -0.1036208 0.0310881 1.000000 1.000000 1.000000
vn -2.0624924 0.0083572 5.8850975
v -0.0121155 -0.0979480 0.0289798 1.000000 1.000000 1.000000
vn -1.4855543 0.0695124 6.0883555
v -0.0097272 -0.1384227 0.0301908 1.000000 1.000000 1.000000
vn -0.4194779 0.0455619 6.2217293
v -0.0020214 -0.1661829 0.0318358 1.000000 1.000000 1.000000
vn -1.4827453 0.0115021 6.0825644
v -0.0094025 -0.2610118 0.0309780 1.000000 1.000000 1.000000
vn -0.3984790 -0.0012775 6.2364893
v -0.0019123 -0.2776780 0.0321966 1.000000 1.000000 1.000000
vn -1.7221011 -0.0026394 6.0147786
v -0.0104575 -0.3144589 0.0306399 1.000000 1.000000 1.000000
vn -0.5230989 0.0365297 6.2382336
v -0.0022997 -0.3625839 0.0322534 1.000000 1.000000 1.000000
vn -1.7101021 -0.1110228 6.0267086
v -0.0098415 -0.3852431 0.0310675 1.000000 1.000000 1.000000
vn -0.2595746 -0.0658790 3.1214156
v -0.0026828 -0.3885564 0.0327796 1.000000 1.000000 1.000000
vn -2.1725965 0.0426955 5.8770833
v -0.0133228 -0.1606498 0.0292824 1.000000 1.000000 1.000000
vn -1.2360224 -0.0562215 2.7943537
v -0.0138473 -0.3887576 0.0296749 1.000000 1.000000 1.000000
vn -2.4588232 0.0132292 5.7586718
v -0.0138447 -0.2579662 0.0294884 1.000000 1.000000 1.000000
vn -1.5361311 -0.0332679 3.0534370
v -0.0131578 0.1000906 0.0298468 1.000000 1.000000 1.000000
vn -2.8793552 -0.0214425 5.5451212
v -0.0155890 -0.0385563 0.0278927 1.000000 1.000000 1.000000
vn -3.0285976 0.0234061 5.4818592
v -0.0171946 -0.3543654 0.0279002 1.000000 1.000000 1.000000
vn -3.0698469 0.0371867 5.4529061
v -0.0173121 -0.1600865 0.0274695 1.000000 1.000000 1.000000
vn -3.3569546 0.0404156 5.2803798
v -0.0194516 -0.0969610 0.0252723 1.000000 1.000000 1.000000
vn -3.4726148 -0.0044480 5.2059965
v -0.0193156 0.0374754 0.0256644 1.000000 1.000000 1.000000
vn -1.9712478 -0.0241867 2.9213085
v -0.0176285 0.1048727 0.0273608 1.000000 1.000000 1.000000
vn -1.8473573 -0.0086892 2.6080136
v -0.0208007 -0.3883602 0.0255801 1.000000 1.000000 1.000000
vn -4.0082121 0.0447522 4.7742739
v -0.0228857 -0.1364653 0.0235665 1.000000 1.000000 1.000000
vn -3.8739431 -0.0055743 4.9222903
v -0.0220185 -0.0531414 0.0235922 1.000000 1.000000 1.000000
vn -4.0400033 0.0059656 4.7558208
v -0.0228922 -0.2754624 0.0239661 1.000000 1.000000 1.000000
vn -2.4204905 0.0108377 2.6532092
v -0.0197073 0.1103520 0.0259227 1.000000 1.000000 1.000000
vn -2.2152028 0.0034222 2.7138679
v -0.0246107 -0.0927020 0.0211691 1.000000 1.000000 1.000000
vn -2.1242509 -0.0132770 2.3095670
v -0.0245314 0.0980683 0.0213949 1.000000 1.000000 1.000000
vn -1.0455614 -0.0014561 1.2286212
v -0.0241104 -0.3884290 0.0227955 1.000000 1.000000 1.000000
vn -4.3627300 0.0123891 4.5032172
v -0.0236766 -0.2028878 0.0230876 1.000000 1.000000 1.000000
vn -2.1180992 0.0050398 2.3044233
v -0.0242561 0.1380841 0.0213752 1.000000 1.000000 1.000000
vn -2.3253076 0.0389786 2.8570895
v -0.0193195 0.1241076 0.0259570 1.000000 1.000000 1.000000
vn -3.8013873 -0.0170685 4.9814768
v -0.0193799 0.1565681 0.0258596 1.000000 1.000000 1.000000
vn -2.6818161 -0.0416227 5.6457062
v -0.0133914 0.1771639 0.0297325 1.000000 1.000000 1.000000
vn -1.4237043 0.0265265 3.3224504
v -0.0109214 0.1386767 0.0304117 1.000000 1.000000 1.000000
vn -1.7254694 -0.0036616 5.9883041
v -0.0100780 0.2279539 0.0311711 1.000000 1.000000 1.000000
vn -2.7604229 -0.0125647 5.6388559
v -0.0127253 0.2782161 0.0300308 1.000000 1.000000 1.000000
vn -1.6881187 -0.0238988 6.0116463
v -0.0096669 0.3256186 0.0314079 1.000000 1.000000 1.000000
vn -2.8019173 -0.0540750 5.6110911
v -0.0139170 0.3415026 0.0297304 1.000000 1.000000 1.000000
vn -1.9854522 -0.1575223 5.9064274
v -0.0108404 0.3975058 0.0315261 1.000000 1.000000 1.000000
vn -3.5812833 -0.1912025 5.0993457
v -0.0193920 0.4046586 0.0273990 1.000000 1.000000 1.000000
vn -3.3904517 -0.0151250 5.2712235
v -0.0177697 0.2723459 0.0272753 1.000000 1.000000 1.000000
vn -3.6495707 -0.0189219 5.0671082
v -0.0189683 0.1982849 0.0265902 1.000000 1.000000 1.000000
vn -3.4568584 -0.5532506 5.1755862
v -0.0199975 0.4245884 0.0281138 1.000000 1.000000 1.000000
vn -1.8874855 -0.6085922 5.9206958
v -0.0099144 0.4248509 0.0330241 1.000000 1.000000 1.000000
vn -3.6903739 -0.0183107 5.0557566
v -0.0192869 0.3283526 0.0264629 1.000000 1.000000 1.000000
vn -2.6768644 -1.0197092 5.5872340
v -0.0142949 0.4414531 0.0337530 1.000000 1.000000 1.000000
vn -1.5226618 -1.1638811 5.9523678
v -0.0098267 0.4471682 0.0366308 1.000000 1.000000 1.000000
vn -3.4427660 -1.1509445 5.1161356
v -0.0205691 0.4450260 0.0309843 1.000000 1.000000 1.000000
vn -2.6853499 -1.3220507 5.5010757
v -0.0189221 0.4670213 0.0376153 1.000000 1.000000 1.000000
vn -1.4714446 -1.2113315 5.9335623
v -0.0106222 0.4833725 0.0445770 1.000000 1.000000 1.000000
vn -2.4879212 1.1254860 4.8363132
v -0.0206881 0.4988667 0.0442150 1.000000 1.000000 1.000000
vn -1.2536480 1.2557211 5.4149966
v -0.0147822 0.4990068 0.0461720 1.000000 1.000000 1.000000
vn -3.5781894 -1.2680128 4.9614100
v -0.0254827 0.4764192 0.0361306 1.000000 1.000000 1.000000
vn -0.1137152 -0.0850216 6.2194118
v -0.0000594 0.3893122 0.0332608 1.000000 1.000000 1.000000
vn -0.1062973 -0.0298770 6.2046046
v -0.0003537 0.1949738 0.0326589 1.000000 1.000000 1.000000
vn -0.5239787 0.1312375 6.2177548
v -0.0018543 0.1483085 0.0323039 1.000000 1.000000 1.000000
vn -0.8840842 -0.0607380 6.2143550
v -0.0016347 0.3088757 0.0326518 1.000000 1.000000 1.000000
vn -0.0228139 -0.0131432 6.2225962
v -0.0001434 0.2950981 0.0327206 1.000000 1.000000 1.000000
vn -0.0764732 -0.3183647 6.2366791
v -0.0007582 0.4157422 0.0339148 1.000000 1.000000 1.000000
vn -0.0907746 -0.9162188 6.1678720
v -0.0006384 0.4333064 0.0357014 1.000000 1.000000 1.000000
vn 0.0937729 -1.2053821 6.1149087
v 0.0002210 0.4507752 0.0386630 1.000000 1.000000 1.000000
vn -0.0160715 -0.3919502 3.1753964
v 0.0001259 0.4990703 0.0487380 1.000000 1.000000 1.000000
vn 0.1229823 -1.2800206 6.0588865
v 0.0000915 0.4793312 0.0451950 1.000000 1.000000 1.000000
vn -1.9911364 0.0068135 2.4502378
v -0.0234236 0.2363104 0.0228379 1.000000 1.000000 1.000000
vn -1.0316164 -0.2243037 1.4112703
v -0.0321913 0.5000389 0.0364745 1.000000 1.000000 1.000000
vn -0.9608456 1.3309149 2.7253382
v -0.0176194 0.5001830 0.0447654 1.000000 1.000000 1.000000
vn 0.4882666 -0.0283666 6.2488828
v 0.0028817 -0.0229595 0.0315443 1.000000 1.000000 1.000000
vn 0.8727781 0.1636923 6.2140150
v 0.0020325 0.0958432 0.0320533 1.000000 1.000000 1.000000
vn 0.4524529 0.0545043 6.2580204
v 0.0030706 -0.1156678 0.0311322 1.000000 1.000000 1.000000
vn 0.5352112 0.0178796 6.2456808
v 0.0036939 -0.2087286 0.0318750 1.000000 1.000000 1.000000
vn 0.5716701 0.0099793 6.2470541
v 0.0037918 -0.3129157 0.0320161 1.000000 1.000000 1.000000
vn 0.6697304 -2.3832722 4.9211745
v 0.0031460 -0.3882990 0.0323606 1.000000 1.000000 1.000000
vn -2.1203601 -0.0235888 2.3892913
v -0.0234076 0.3332838 0.0228614 1.000000 1.000000 1.000000
vn -1.9994736 -0.0935552 2.1807411
v -0.0266031 0.4054283 0.0207279 1.000000 1.000000 1.000000
vn -2.1233397 -0.3828865 2.4698374
v -0.0253951 0.4308041 0.0242450 1.000000 1.000000 1.000000
vn -2.0087485 -0.6700526 2.4396136
v -0.0281928 0.4530578 0.0269726 1.000000 1.000000 1.000000
vn -1.8377806 -0.5757109 2.0592170
v -0.0331338 0.4755084 0.0290476 1.000000 1.000000 1.000000
vn 1.6384088 0.0391592 5.9979444
v 0.0099246 -0.1803250 0.0308588 1.000000 1.000000 1.000000
vn 1.6178066 0.0084611 6.0395236
v 0.0093175 -0.0970633 0.0301824 1.000000 1.000000 1.000000
vn 1.7379694 -0.0100474 5.9658146
v 0.0097690 0.2101173 0.0312988 1.000000 1.000000 1.000000
vn 1.8105161 -0.0393001 5.9439230
v 0.0103270 0.3192966 0.0313154 1.000000 1.000000 1.000000
vn 1.8553033 -0.0364623 5.9214411
v 0.0105046 0.1579358 0.0309638 1.000000 1.000000 1.000000
vn 1.5323194 -0.1169160 6.0531831
v 0.0097410 0.4012827 0.0321649 1.000000 1.000000 1.000000
vn 1.7445062 -0.6106675 5.9564075
v 0.0094757 0.4271218 0.0334452 1.000000 1.000000 1.000000
vn 1.6992190 0.0001028 5.9962487
v 0.0100326 -0.3117779 0.0310810 1.000000 1.000000 1.000000
vn 1.7033503 -0.0267072 5.9919558
v 0.0097694 -0.0235934 0.0305232 1.000000 1.000000 1.000000
vn 1.3915100 -0.0899065 3.5064335
v 0.0102037 0.0976842 0.0307740 1.000000 1.000000 1.000000
vn 0.9685342 -0.2322698 3.6657848
v 0.0135251 0.4988161 0.0468304 1.000000 1.000000 1.000000
vn 1.8430798 -1.3174753 5.8102112
v 0.0128577 0.4728734 0.0413555 1.000000 1.000000 1.000000
vn 1.6251760 -1.0430835 5.9562874
v 0.0099871 0.4462280 0.0362330 1.000000 1.000000 1.000000
vn 1.1479101 -0.0919175 2.8626785
v 0.0120265 -0.3888341 0.0304220 1.000000 1.000000 1.000000
vn -2.1690888 -0.3653715 3.6134913
v -0.0282831 -0.1078716 0.0176100 1.000000 1.000000 1.000000
vn -1.2186213 -0.4907180 5.5668087
v -0.0277244 -0.1037062 0.0183756 1.000000 1.000000 1.000000
vn -0.6512120 -1.6802003 5.9037051
v -0.0401391 -0.1022993 0.0181451 1.000000 1.000000 1.000000
vn 0.1751898 0.2890027 6.1677375
v -0.0384207 -0.0976072 0.0187406 1.000000 1.000000 1.000000
vn 0.0292593 0.2716150 6.2142839
v -0.0499544 -0.0926978 0.0185402 1.000000 1.000000 1.000000
vn -0.7491021 -1.5975512 5.9075460
v -0.0538224 -0.0969670 0.0179859 1.000000 1.000000 1.000000
vn 0.2592071 0.5069210 6.1234560
v -0.0674272 -0.0839949 0.0184143 1.000000 1.000000 1.000000
vn -0.8159863 -1.8371956 5.8409939
v -0.0682862 -0.0918378 0.0174330 1.000000 1.000000 1.000000
vn -0.6962217 -1.5884055 5.8548326
v -0.0822376 -0.0844008 0.0180318 1.000000 1.000000 1.000000
vn 0.6498271 1.0501333 5.9888701
v -0.0758343 -0.0771638 0.0183823 1.000000 1.000000 1.000000
vn 0.5231594 0.7823751 6.0846262
v -0.0864313 -0.0730257 0.0186133 1.000000 1.000000 1.000000
vn -0.0706586 -0.2666918 6.2334957
v -0.1049554 -0.0686427 0.0187936 1.000000 1.000000 1.000000
vn -0.9304237 -1.9635670 5.8106723
v -0.0978834 -0.0772540 0.0178918 1.000000 1.000000 1.000000
vn -0.5027277 -1.2000597 6.0364232
v -0.1198411 -0.0640004 0.0186354 1.000000 1.000000 1.000000
vn 0.5953617 1.1404309 5.9850593
v -0.1167403 -0.0575810 0.0187830 1.000000 1.000000 1.000000
vn -0.0794895 -0.3772528 6.2090988
v -0.1370698 -0.0535976 0.0189175 1.000000 1.000000 1.000000
vn -0.9445111 -2.0481551 5.7920485
v -0.1334054 -0.0608354 0.0178409 1.000000 1.000000 1.000000
vn -0.9263327 -2.1847959 5.7246652
v -0.1502409 -0.0532957 0.0179366 1.000000 1.000000 1.000000
vn 0.7609263 1.5449320 5.9315281
v -0.1039518 -0.0623873 0.0182877 1.000000 1.000000 1.000000
vn -0.0310510 -0.2432052 6.1509991
v -0.1630537 -0.0410388 0.0195881 1.000000 1.000000 1.000000
vn -0.0945202 -0.3737433 6.1607099
v -0.1737056 -0.0362939 0.0196478 1.000000 1.000000 1.000000
vn -0.3855156 -0.9265884 3.4249101
v -0.1687373 -0.0457817 0.0180089 1.000000 1.000000 1.000000
vn 0.3419690 0.5139679 6.2379761
v -0.1479504 -0.0454920 0.0191492 1.000000 1.000000 1.000000
vn 0.8337051 1.7828655 5.8735037
v -0.1268120 -0.0501805 0.0180224 1.000000 1.000000 1.000000
vn 1.2636137 2.2542634 5.5569329
v -0.1790020 -0.0244881 0.0185739 1.000000 1.000000 1.000000
vn -0.3209677 -0.8657720 2.9114313
v -0.1862147 -0.0381709 0.0178457 1.000000 1.000000 1.000000
vn 0.9034244 1.8055956 5.8242278
v -0.1417137 -0.0434605 0.0184113 1.000000 1.000000 1.000000
vn 0.9841667 1.9692478 5.7622943
v -0.1581951 -0.0352131 0.0183216 1.000000 1.000000 1.000000
vn 0.5752141 1.6491518 6.0012136
v -0.0469204 -0.0899789 0.0178891 1.000000 1.000000 1.000000
vn 0.7957112 1.9555994 5.8811760
v -0.0607146 -0.0815575 0.0171396 1.000000 1.000000 1.000000
vn 0.4645186 1.0007958 2.6456246
v -0.0288198 -0.0923582 0.0166930 1.000000 1.000000 1.000000
vn -0.0693224 -0.9321461 6.1341295
v -0.1874743 -0.0302867 0.0200956 1.000000 1.000000 1.000000
vn -1.0874760 0.4440929 5.3128023
v -0.1985109 -0.0230943 0.0212770 1.000000 1.000000 1.000000
vn 0.7228014 0.6408778 6.1854620
v -0.1849480 -0.0267559 0.0198877 1.000000 1.000000 1.000000
vn -0.5295452 -0.5760159 1.9057865
v -0.2031645 -0.0290507 0.0181837 1.000000 1.000000 1.000000
vn 1.6423554 3.2107599 4.9390888
v -0.0663838 -0.0734759 0.0148081 1.000000 1.000000 1.000000
vn 1.1266423 2.1773365 5.7567325
v -0.0898423 -0.0665286 0.0172840 1.000000 1.000000 1.000000
vn -0.6174860 -1.2728848 2.8944702
v -0.1157663 -0.0752340 0.0147893 1.000000 1.000000 1.000000
vn -1.2945826 0.0840388 2.4331651
v -0.2030873 -0.0242754 0.0188829 1.000000 1.000000 1.000000
vn 0.4998503 1.6291369 2.8311899
v -0.1975062 -0.0140363 0.0181482 1.000000 1.000000 1.000000
vn 1.6464567 3.2183306 4.9256606
v -0.0774742 -0.0681285 0.0152097 1.000000 1.000000 1.000000
vn 1.4754832 3.3180079 4.9887066
v -0.0489319 -0.0822961 0.0150802 1.000000 1.000000 1.000000
vn -0.5081495 -1.1991810 2.5405149
v -0.0505239 -0.1052624 0.0147651 1.000000 1.000000 1.000000
vn 2.7816637 -0.2142874 5.6218266
v 0.0144876 0.4094321 0.0304493 1.000000 1.000000 1.000000
vn 2.6662128 -0.0098109 5.6759205
v 0.0145472 -0.0925280 0.0281528 1.000000 1.000000 1.000000
vn -0.6163082 -1.3724755 2.6891308
v -0.0730268 -0.0960920 0.0141756 1.000000 1.000000 1.000000
vn -0.6488647 -1.4026184 2.6891494
v -0.0982422 -0.0841658 0.0142039 1.000000 1.000000 1.000000
vn 2.6708508 -1.2170067 5.5516667
v 0.0161865 0.4514744 0.0347634 1.000000 1.000000 1.000000
vn 3.0652800 -0.0060340 5.4389753
v 0.0170412 0.0506500 0.0277104 1.000000 1.000000 1.000000
vn 3.0275812 0.0149873 5.4663644
v 0.0176388 -0.2242276 0.0276763 1.000000 1.000000 1.000000
vn 3.0587690 0.0370015 5.4446397
v 0.0178542 -0.1607644 0.0273240 1.000000 1.000000 1.000000
vn 3.0494337 0.0074801 5.4461493
v 0.0178682 -0.3016137 0.0277799 1.000000 1.000000 1.000000
vn 3.1388435 -0.0367253 5.4256806
v 0.0171203 -0.3681174 0.0278350 1.000000 1.000000 1.000000
vn -0.6662148 -1.4261713 2.6954718
v -0.1347818 -0.0670015 0.0142723 1.000000 1.000000 1.000000
vn 3.5555756 0.4301849 5.1362052
v 0.0180853 0.1286922 0.0270599 1.000000 1.000000 1.000000
vn 3.2754643 -0.7616273 5.2940602
v 0.0200990 0.4336275 0.0290267 1.000000 1.000000 1.000000
vn 1.7190702 3.4770463 4.7226734
v -0.1107147 -0.0510287 0.0146720 1.000000 1.000000 1.000000
vn 1.6810584 3.5248759 4.7267661
v -0.0975564 -0.0575225 0.0147086 1.000000 1.000000 1.000000
vn 3.2195125 -0.0126441 5.3539438
v 0.0172652 0.2029623 0.0278212 1.000000 1.000000 1.000000
vn -0.5722855 -1.3560413 2.2535751
v -0.1581026 -0.0564978 0.0140134 1.000000 1.000000 1.000000
vn 3.3562686 -0.0138839 5.2598166
v 0.0191697 0.3299853 0.0271792 1.000000 1.000000 1.000000
vn 3.2912278 -0.0526705 5.3238220
v 0.0184207 0.2899450 0.0272376 1.000000 1.000000 1.000000
vn 3.1391106 -1.2726820 5.2412362
v 0.0231753 0.4812495 0.0385924 1.000000 1.000000 1.000000
vn 1.4708164 -0.5988845 2.5915155
v 0.0230906 0.4993795 0.0428302 1.000000 1.000000 1.000000
vn 1.7115377 3.6298170 4.6413107
v -0.1288029 -0.0423081 0.0147032 1.000000 1.000000 1.000000
vn 0.2902931 1.0317304 1.9014996
v 0.0118912 0.5003227 0.0462623 1.000000 1.000000 1.000000
vn 1.7633883 3.7450192 4.5794473
v -0.1462484 -0.0344148 0.0146828 1.000000 1.000000 1.000000
vn 3.2641063 -0.6885695 5.2574124
v 0.0168600 0.1005613 0.0270958 1.000000 1.000000 1.000000
vn 3.5436904 -1.3184671 4.9893851
v 0.0225684 0.4585460 0.0329141 1.000000 1.000000 1.000000
vn 3.5652452 -0.0068450 5.1379080
v 0.0202265 -0.0571418 0.0252123 1.000000 1.000000 1.000000
vn 3.6883891 0.0514120 5.0490694
v 0.0225444 -0.1076063 0.0236891 1.000000 1.000000 1.000000
vn 1.8806427 3.8800435 4.4271255
v -0.1633976 -0.0259743 0.0145083 1.000000 1.000000 1.000000
vn 1.6658497 -0.1181830 2.8006182
v 0.0220178 0.4099483 0.0261286 1.000000 1.000000 1.000000
vn 0.9003721 -0.0337141 1.3711540
v 0.0245979 -0.3888991 0.0225149 1.000000 1.000000 1.000000
vn 3.8651075 -0.0167232 4.9205370
v 0.0231061 -0.3475234 0.0240906 1.000000 1.000000 1.000000
vn 1.8073039 0.0309605 2.7179480
v 0.0225697 0.0757940 0.0237247 1.000000 1.000000 1.000000
vn 4.1317344 -0.3373269 4.6967659
v 0.0206035 0.1049758 0.0252052 1.000000 1.000000 1.000000
vn 1.9448017 -0.0077123 2.6989861
v 0.0225642 0.0003900 0.0236984 1.000000 1.000000 1.000000
vn 1.8361938 0.0085570 2.6045885
v 0.0236360 -0.2101494 0.0234326 1.000000 1.000000 1.000000
vn 1.8182223 -0.0269694 2.5430369
v 0.0242583 0.3091132 0.0233776 1.000000 1.000000 1.000000
vn 2.0129499 4.1267042 4.2088223
v -0.1837791 -0.0166585 0.0146746 1.000000 1.000000 1.000000
vn 2.4212494 -0.4156797 2.3853431
v 0.0182877 0.1065707 0.0279775 1.000000 1.000000 1.000000
vn 1.9599684 -0.0085300 2.4554787
v 0.0237245 0.2776178 0.0229613 1.000000 1.000000 1.000000
vn 1.9017423 -0.0083221 2.5174127
v 0.0235554 0.2236978 0.0231518 1.000000 1.000000 1.000000
vn 1.8721689 -0.0035359 2.4532249
v 0.0237870 0.1756594 0.0227581 1.000000 1.000000 1.000000
vn 1.9792924 0.0128916 2.9274478
v 0.0221111 0.1237592 0.0245664 1.000000 1.000000 1.000000
vn 2.3940284 -0.0362864 2.7376139
v 0.0192703 0.1115575 0.0265097 1.000000 1.000000 1.000000
vn 1.0348902 -0.3218721 1.4088598
v 0.0311759 0.4995522 0.0368969 1.000000 1.000000 1.000000
vn 1.7591150 -0.5678188 2.3527546
v 0.0319744 0.4894871 0.0340529 1.000000 1.000000 1.000000
vn 2.7107353 0.2701412 2.0296822
v 0.0175503 0.1255996 0.0281859 1.000000 1.000000 1.000000
vn 1.9368842 -0.2406903 2.6084433
v 0.0237805 0.4302960 0.0259857 1.000000 1.000000 1.000000
vn 1.8411801 -0.5414971 2.1280363
v 0.0292469 0.4535510 0.0256916 1.000000 1.000000 1.000000
vn -2.2615561 0.0025402 2.0973065
v -0.0276917 -0.2977415 0.0188200 1.000000 1.000000 1.000000
vn -2.3291082 0.0103893 2.1246817
v -0.0277234 -0.1954254 0.0186118 1.000000 1.000000 1.000000
vn 2.0323064 -0.0239242 2.3456845
v 0.0238305 0.3377514 0.0232203 1.000000 1.000000 1.000000
vn 1.7931669 -0.0493860 1.9646130
v 0.0256264 0.1098611 0.0207434 1.000000 1.000000 1.000000
vn 2.0711772 0.0227163 2.3470690
v 0.0255524 -0.0990652 0.0209437 1.000000 1.000000 1.000000
vn 1.9982109 -0.0219240 2.1522915
v 0.0262411 -0.0272400 0.0199328 1.000000 1.000000 1.000000
vn 2.0321202 -0.0126887 2.2730911
v 0.0258222 -0.3679738 0.0215483 1.000000 1.000000 1.000000
vn 0.9862736 1.9914787 1.7792993
v -0.1967821 -0.0099485 0.0143721 1.000000 1.000000 1.000000
vn 0.9258018 2.0492573 2.0398891
v -0.0468527 -0.0772856 0.0091350 1.000000 1.000000 1.000000
vn 0.6278615 1.5824622 1.6578064
v -0.0321138 -0.0852783 0.0111824 1.000000 1.000000 1.000000
vn 1.1067381 2.2457871 2.1508758
v -0.0764498 -0.0631794 0.0095283 1.000000 1.000000 1.000000
vn 1.0361614 2.1146383 1.9766501
v -0.0633206 -0.0693109 0.0087466 1.000000 1.000000 1.000000
vn 1.0370504 2.1004622 1.9056243
v -0.0864653 -0.0574844 0.0085158 1.000000 1.000000 1.000000
vn 1.0921143 2.2407427 1.9033884
v -0.1035416 -0.0494457 0.0086431 1.000000 1.000000 1.000000
vn 1.0763280 2.2714531 1.9151707
v -0.1227421 -0.0403345 0.0089769 1.000000 1.000000 1.000000
vn 1.0415235 2.2677002 1.8652982
v -0.1419464 -0.0314390 0.0086629 1.000000 1.000000 1.000000
vn 1.0925996 2.2970963 1.8628170
v -0.1558491 -0.0250450 0.0089008 1.000000 1.000000 1.000000
vn 1.0755122 2.3262107 1.7997241
v -0.1762671 -0.0156866 0.0089134 1.000000 1.000000 1.000000
vn 0.6139146 1.2541978 0.8962349
v -0.1949919 -0.0071978 0.0091160 1.000000 1.000000 1.000000
vn 0.0937482 0.0515124 -0.0076963
v -0.0318527 -0.0831845 0.0103042 1.000000 1.000000 1.000000
vn 0.3642059 0.2001223 -0.0298995
v -0.0335825 -0.0817983 -0.0014888 1.000000 1.000000 1.000000
vn 2.2882698 1.2573483 -0.1878554
v -0.0337259 -0.0811661 0.0009956 1.000000 1.000000 1.000000
vn -0.1549421 -0.0018320 0.0134203
v 0.0289850 -0.0937173 -0.0160574 1.000000 1.000000 1.000000
vn -2.8939021 -0.0342166 0.2506551
v 0.0289578 -0.0987627 -0.0170610 1.000000 1.000000 1.000000
vn -0.0808136 -0.0009555 0.0069997
v 0.0291075 -0.1085882 -0.0166734 1.000000 1.000000 1.000000
vn -0.1292966 2.4131608 -0.1605356
v -0.0201919 -0.3885078 -0.0296247 1.000000 1.000000 1.000000
vn -0.1242885 3.3739541 -0.0623257
v -0.0146108 -0.3883172 -0.0304388 1.000000 1.000000 1.000000
vn -0.0044684 0.1248507 -0.0014098
v -0.0099578 -0.3881717 -0.0323016 1.000000 1.000000 1.000000
vn -1.0711557 3.1745458 -0.7342369
v -0.0232059 -0.3883078 -0.0243632 1.000000 1.000000 1.000000
vn -0.0140105 0.0364729 -0.0094118
v -0.0305862 -0.3885413 -0.0142813 1.000000 1.000000 1.000000
vn -0.7503763 0.0357136 -3.1209900
v -0.0509140 -0.4986469 -0.2244243 1.000000 1.000000 1.000000
vn -0.3153533 0.0097852 -1.6556039
v -0.0284541 -0.4628951 -0.2284911 1.000000 1.000000 1.000000
vn -0.2875334 0.0110241 -1.4910690
v -0.0267963 -0.4987391 -0.2290757 1.000000 1.000000 1.000000
vn -0.7157312 0.0085671 -2.9199843
v -0.0523293 -0.4612850 -0.2239677 1.000000 1.000000 1.000000
vn -0.4364600 -0.0017305 -1.4415677
v -0.0741747 -0.4627741 -0.2174248 1.000000 1.000000 1.000000
vn -0.8433719 0.0090807 -2.7837496
v -0.0716475 -0.4827818 -0.2180910 1.000000 1.000000 1.000000
vn -0.4938644 0.0713857 -1.7956213
v -0.0656499 -0.4996949 -0.2204130 1.000000 1.000000 1.000000
vn -1.5692724 -3.5206640 -4.8368988
v -0.1457052 0.3461631 -0.0146234 1.000000 1.000000 1.000000
vn -1.4217627 -3.1575427 -5.0784030
v -0.1289799 0.3391241 -0.0151959 1.000000 1.000000 1.000000
vn -2.0828784 -4.5280061 -3.7485204
v -0.1371829 0.3376901 -0.0102920 1.000000 1.000000 1.000000
vn -2.1234686 -4.8075638 -3.0937433
v -0.1217460 0.3297788 -0.0094428 1.000000 1.000000 1.000000
vn -1.4257926 -3.1160450 -5.1112366
v -0.1165895 0.3338779 -0.0154001 1.000000 1.000000 1.000000
vn -2.2651079 -4.7951751 -3.1759465
v -0.1068820 0.3233110 -0.0095727 1.000000 1.000000 1.000000
vn -1.6004450 -3.3395307 -4.9080930
v -0.1061963 0.3280144 -0.0147375 1.000000 1.000000 1.000000
vn -1.6879609 -3.5799139 -4.7172761
v -0.0959835 0.3222593 -0.0140458 1.000000 1.000000 1.000000
vn -2.2671900 -4.9650407 -2.8213139
v -0.1480919 0.3413053 -0.0082620 1.000000 1.000000 1.000000
vn -2.1034927 -4.5925174 -3.5947287
v -0.1666484 0.3510612 -0.0103923 1.000000 1.000000 1.000000
vn -1.5555451 -3.3186834 -4.9929099
v -0.1641842 0.3545957 -0.0147251 1.000000 1.000000 1.000000
vn -1.4074310 -3.2568493 -5.1150312
v -0.1803342 0.3630927 -0.0153483 1.000000 1.000000 1.000000
vn -1.9358871 -4.5077953 -3.8149557
v -0.1884077 0.3612193 -0.0107379 1.000000 1.000000 1.000000
vn -0.8467795 -1.8009140 -3.0434196
v -0.2019417 0.3722388 -0.0154624 1.000000 1.000000 1.000000
vn -1.1759270 -2.4714069 -1.4407117
v -0.2053460 0.3676558 -0.0095883 1.000000 1.000000 1.000000
vn -2.5443363 -5.0051208 -2.6129601
v -0.0905362 0.3142762 -0.0077120 1.000000 1.000000 1.000000
vn -1.6399138 -3.2940326 -2.7282465
v -0.0810590 0.3116842 -0.0109635 1.000000 1.000000 1.000000
vn -0.9314103 -1.9014766 -3.3850608
v -0.0763938 0.3129030 -0.0142462 1.000000 1.000000 1.000000
vn -2.4575834 -5.3343720 -2.0945389
v -0.1302226 0.3326331 -0.0072339 1.000000 1.000000 1.000000
vn -1.5766549 -3.0589783 -1.1266365
v -0.0777331 0.3074146 -0.0068442 1.000000 1.000000 1.000000
vn -2.3788497 -5.2994084 -2.3139770
v -0.1846671 0.3575200 -0.0072557 1.000000 1.000000 1.000000
vn -2.4527633 -5.3556404 -2.0737839
v -0.1660142 0.3487740 -0.0066556 1.000000 1.000000 1.000000
vn -1.0422435 -2.5161207 -5.6446667
v -0.1450221 0.3518828 -0.0177092 1.000000 1.000000 1.000000
vn -0.9360913 -1.8795910 -5.8339767
v -0.0783684 0.3199376 -0.0172468 1.000000 1.000000 1.000000
vn -0.5816737 -1.2898015 -5.9783602
v -0.1338114 0.3498654 -0.0187104 1.000000 1.000000 1.000000
vn -0.9039576 -1.7211001 -5.9000235
v -0.0669539 0.3154877 -0.0176543 1.000000 1.000000 1.000000
vn -0.6946442 -1.5379195 -5.9379654
v -0.0879244 0.3268639 -0.0180296 1.000000 1.000000 1.000000
vn -0.6167516 -1.4513562 -5.9353204
v -0.1543482 0.3585930 -0.0187276 1.000000 1.000000 1.000000
vn -0.7653024 -1.7196842 -5.9065146
v -0.1823714 0.3708950 -0.0186278 1.000000 1.000000 1.000000
vn -0.6939426 -1.5484833 -5.9575758
v -0.1642646 0.3639039 -0.0188278 1.000000 1.000000 1.000000
vn -0.9173914 -1.6849260 -5.9192982
v -0.0532716 0.3082478 -0.0176553 1.000000 1.000000 1.000000
vn -0.5310929 -1.0115113 -2.3875322
v -0.0546371 0.3021708 -0.0147769 1.000000 1.000000 1.000000
vn -0.1061103 -0.1897947 -0.6678073
v -0.0371958 0.3022299 -0.0184993 1.000000 1.000000 1.000000
vn -0.5229335 -1.1568062 -3.7003832
v -0.1004486 0.3350730 -0.0187727 1.000000 1.000000 1.000000
vn -0.6186048 -1.2296214 -6.0499763
v -0.1135347 0.3411964 -0.0186094 1.000000 1.000000 1.000000
vn -0.3676536 -0.9989296 -3.9077539
v -0.1274118 0.3485825 -0.0188878 1.000000 1.000000 1.000000
vn -0.4334396 -0.4755372 -2.5864770
v -0.2022045 0.3802513 -0.0181211 1.000000 1.000000 1.000000
vn -0.5704733 -0.2127894 -3.5385389
v -0.1949370 0.3847452 -0.0196008 1.000000 1.000000 1.000000
vn -0.2014042 -0.4141068 -3.1688418
v -0.1798679 0.3767144 -0.0195680 1.000000 1.000000 1.000000
vn -0.2937874 -0.4878058 -3.1762516
v -0.0689670 0.3224540 -0.0185426 1.000000 1.000000 1.000000
vn -0.1353434 -0.3775493 -3.0751305
v -0.0805646 0.3302026 -0.0186010 1.000000 1.000000 1.000000
vn -0.2720444 -0.3929330 -2.9362292
v -0.0484405 0.3111692 -0.0184938 1.000000 1.000000 1.000000
vn -0.0921242 -0.2977794 -3.2450538
v -0.1607805 0.3680210 -0.0193784 1.000000 1.000000 1.000000
vn 0.0030766 -0.1647392 -2.4181685
v -0.0911594 0.3366725 -0.0187019 1.000000 1.000000 1.000000
vn 0.0039841 -0.0632725 -2.3329887
v -0.1193361 0.3497743 -0.0188519 1.000000 1.000000 1.000000
vn 0.0044880 -0.0203765 -2.6328988
v -0.1393852 0.3612665 -0.0186609 1.000000 1.000000 1.000000
vn -0.2517770 0.0759444 -1.0059093
v -0.1977456 0.3892478 -0.0185579 1.000000 1.000000 1.000000
vn -1.4199593 -2.9285204 -1.0371567
v -0.1057402 0.3198403 -0.0021181 1.000000 1.000000 1.000000
vn -1.2605331 -2.8024232 -0.8918597
v -0.1875910 0.3568825 -0.0011883 1.000000 1.000000 1.000000
vn -1.2453883 -2.7387714 -0.7205313
v -0.1646483 0.3465542 -0.0004647 1.000000 1.000000 1.000000
vn -1.2808810 -2.7986012 -0.7910149
v -0.1462737 0.3383192 -0.0008686 1.000000 1.000000 1.000000
vn -1.2546709 -2.5856760 -0.6783684
v -0.1148540 0.3239881 -0.0003259 1.000000 1.000000 1.000000
vn -1.1082450 -2.2384048 -0.6622811
v -0.2035436 0.3641095 -0.0006185 1.000000 1.000000 1.000000
vn -1.2794073 -2.6068063 -0.7601244
v -0.0927115 0.3132977 -0.0006641 1.000000 1.000000 1.000000
vn -0.1398027 -0.2682230 -0.0835021
v -0.0626641 0.2981120 -0.0021919 1.000000 1.000000 1.000000
vn -0.9231015 -1.5952479 -0.4452072
v -0.2071686 0.3668759 -0.0030148 1.000000 1.000000 1.000000
vn 1.2210548 0.1567160 -0.0599359
v 0.0175503 0.1255996 0.0281859 1.000000 1.000000 1.000000
vn 0.9979154 0.1280772 -0.0489831
v 0.0188642 0.1198954 0.0400379 1.000000 1.000000 1.000000
vn 0.8933765 0.1146602 -0.0438517
v 0.0192703 0.1115575 0.0265097 1.000000 1.000000 1.000000
vn -0.1695931 0.4014417 -1.9916464
v -0.0267476 -0.4602100 -0.2280952 1.000000 1.000000 1.000000
vn -0.0083745 0.0198231 -0.0983472
v -0.0000830 -0.4622834 -0.2307836 1.000000 1.000000 1.000000
vn -0.0833632 0.1973279 -0.9789902
v -0.0284541 -0.4628951 -0.2284911 1.000000 1.000000 1.000000
vn -2.3106318 -3.1777070 -4.3689666
v -0.0082598 0.0675704 -0.0328040 1.000000 1.000000 1.000000
vn -0.5195086 -1.5252680 -4.2392716
v -0.0004624 0.0654799 -0.0336820 1.000000 1.000000 1.000000
vn -0.1409431 -0.1902756 -6.2285538
v -0.0009098 0.0494399 -0.0327302 1.000000 1.000000 1.000000
vn -1.0933501 -2.6273162 -1.2594751
v -0.0111393 0.0735543 -0.0416076 1.000000 1.000000 1.000000
vn 0.9619602 -0.2804713 -3.2456920
v 0.0087096 0.0673315 -0.0328280 1.000000 1.000000 1.000000
vn 1.2880654 -0.3404164 -6.1353507
v 0.0097493 0.0587042 -0.0316242 1.000000 1.000000 1.000000
vn 0.7234681 -0.0744619 -6.2272983
v 0.0029362 -0.0199488 -0.0318173 1.000000 1.000000 1.000000
vn 2.0532656 -0.0955204 -5.9042530
v 0.0109728 0.0380346 -0.0309539 1.000000 1.000000 1.000000
vn -0.3441352 -0.0494574 -6.2355843
v -0.0017277 -0.0138376 -0.0321339 1.000000 1.000000 1.000000
vn -0.1964001 -0.0643846 -6.2235327
v -0.0016231 -0.0758236 -0.0312909 1.000000 1.000000 1.000000
vn -1.6446178 -0.0700501 -6.0198832
v -0.0092812 -0.0221468 -0.0308665 1.000000 1.000000 1.000000
vn 1.4115815 -0.0742203 -6.0870953
v 0.0092894 -0.0622215 -0.0302078 1.000000 1.000000 1.000000
vn -1.9902477 -0.0592814 -5.8981166
v -0.0104568 0.0300836 -0.0307677 1.000000 1.000000 1.000000
vn 0.5622021 -0.0845537 -1.3222638
v 0.0133736 0.0701087 -0.0310998 1.000000 1.000000 1.000000
vn -1.4819485 -0.0122026 -6.0947685
v -0.0091594 -0.0877062 -0.0298415 1.000000 1.000000 1.000000
vn -0.0913292 0.0447971 -6.2379422
v -0.0010617 -0.1071257 -0.0311786 1.000000 1.000000 1.000000
vn -0.4352048 0.0443683 -6.2325382
v -0.0027443 -0.1673961 -0.0317186 1.000000 1.000000 1.000000
vn 0.3245531 0.0443112 -6.2655301
v 0.0016679 -0.2292415 -0.0320494 1.000000 1.000000 1.000000
vn -0.5936002 0.0574535 -6.2440062
v -0.0027130 -0.2517653 -0.0321575 1.000000 1.000000 1.000000
vn -0.0916160 0.0616302 -6.2270632
v -0.0008088 -0.3254551 -0.0331002 1.000000 1.000000 1.000000
vn -1.0119654 -2.6611748 -1.2285645
v -0.0112836 0.0777230 -0.0505654 1.000000 1.000000 1.000000
vn -0.8135501 -2.1793659 -1.0061753
v -0.0004495 0.0758453 -0.0552583 1.000000 1.000000 1.000000
vn -0.5853246 0.0283186 -3.2368515
v -0.0097763 -0.1597574 -0.0304324 1.000000 1.000000 1.000000
vn -0.2016526 -0.5523810 -0.2445218
v -0.0109098 0.0853412 -0.0680832 1.000000 1.000000 1.000000
vn 0.9444851 0.0533137 -6.2042742
v 0.0058762 -0.2232203 -0.0315545 1.000000 1.000000 1.000000
vn 1.3622259 0.0530774 -6.1023369
v 0.0087998 -0.3189697 -0.0318874 1.000000 1.000000 1.000000
vn 0.8809097 0.3158811 -6.1967311
v 0.0032652 -0.3858174 -0.0332765 1.000000 1.000000 1.000000
vn 0.9310537 0.0133963 -2.9661250
v 0.0098606 -0.3885953 -0.0319791 1.000000 1.000000 1.000000
vn 1.6887295 0.0539481 -6.0372276
v 0.0097985 -0.2353223 -0.0308542 1.000000 1.000000 1.000000
vn 2.3597426 0.0353589 -5.8153996
v 0.0135894 -0.2259654 -0.0294394 1.000000 1.000000 1.000000
vn 2.3591816 0.0238187 -5.7914510
v 0.0130774 -0.3568984 -0.0308343 1.000000 1.000000 1.000000
vn -0.6882783 0.5307549 -6.2017431
v -0.0032156 -0.3860335 -0.0334305 1.000000 1.000000 1.000000
vn -1.4855659 -1.5082344 -5.6155787
v -0.0099578 -0.3881717 -0.0323016 1.000000 1.000000 1.000000
vn -1.8024414 0.0605062 -5.9459705
v -0.0103411 -0.3239613 -0.0316803 1.000000 1.000000 1.000000
vn -1.4689417 0.0044591 -2.7186451
v -0.0146108 -0.3883172 -0.0304388 1.000000 1.000000 1.000000
vn -3.2200708 0.0395148 -5.3628292
v -0.0189900 -0.3227281 -0.0275429 1.000000 1.000000 1.000000
vn -1.4523876 0.0227820 -2.8492193
v -0.0134617 -0.2327531 -0.0295817 1.000000 1.000000 1.000000
vn -1.8015440 -0.0040864 -2.5928748
v -0.0235420 -0.3516494 -0.0243651 1.000000 1.000000 1.000000
vn -0.9115083 -0.0084247 -1.2894870
v -0.0232059 -0.3883078 -0.0243632 1.000000 1.000000 1.000000
vn -3.4159722 0.0243030 -5.2372446
v -0.0202644 -0.2221923 -0.0259989 1.000000 1.000000 1.000000
vn -2.1091697 0.0242681 -2.2918591
v -0.0242966 -0.2922762 -0.0230302 1.000000 1.000000 1.000000
vn -0.0027763 0.6127370 -2.9259386
v -0.0006140 -0.3886419 -0.0342636 1.000000 1.000000 1.000000
vn -2.0329356 0.0094181 -2.5104661
v -0.0238687 -0.1788148 -0.0229412 1.000000 1.000000 1.000000
vn -2.4412322 0.0229385 -3.0922513
v -0.0217053 -0.1183388 -0.0244669 1.000000 1.000000 1.000000
vn -0.3224380 0.0027541 -0.3480400
v -0.0283713 -0.1037652 -0.0181759 1.000000 1.000000 1.000000
vn 3.1933753 0.0446314 -5.3923769
v 0.0176917 -0.2493747 -0.0275940 1.000000 1.000000 1.000000
vn 3.2333803 0.0421094 -5.3612919
v 0.0183249 -0.3298714 -0.0280014 1.000000 1.000000 1.000000
vn 1.8067607 0.0117411 -2.5695548
v 0.0237205 -0.2427466 -0.0233409 1.000000 1.000000 1.000000
vn 1.8126138 0.0049253 -2.5486498
v 0.0241461 -0.3403941 -0.0238795 1.000000 1.000000 1.000000
vn 3.1271992 0.0345394 -5.4117937
v 0.0177217 -0.2150674 -0.0275049 1.000000 1.000000 1.000000
vn 2.3649035 -0.0443521 -5.8130755
v 0.0135865 -0.0582305 -0.0287514 1.000000 1.000000 1.000000
vn -1.2729572 0.0687636 -6.0690804
v -0.0096662 -0.2855306 -0.0313159 1.000000 1.000000 1.000000
vn 1.5445670 -0.0098597 -2.7196460
v 0.0175344 -0.3884346 -0.0285797 1.000000 1.000000 1.000000
vn -2.7802861 -0.0487992 -5.6101656
v -0.0149072 -0.0210641 -0.0286328 1.000000 1.000000 1.000000
vn -1.2607172 -0.0310710 -3.4559078
v -0.0148587 -0.0758917 -0.0280470 1.000000 1.000000 1.000000
vn -3.2966628 0.0004964 -4.4719400
v -0.0211003 -0.0637458 -0.0246191 1.000000 1.000000 1.000000
vn 1.7068509 0.0240578 -2.6249340
v 0.0233300 -0.1329794 -0.0229342 1.000000 1.000000 1.000000
vn -3.4630437 -0.0985703 -5.1994967
v -0.0195422 0.0340525 -0.0261898 1.000000 1.000000 1.000000
vn -2.0436769 -0.0120760 -2.3207226
v -0.0239972 0.0229277 -0.0222105 1.000000 1.000000 1.000000
vn -1.9119056 -0.0304636 -2.5886660
v -0.0226041 0.0662380 -0.0244391 1.000000 1.000000 1.000000
vn -2.0475805 -0.0193851 -2.9354513
v -0.0173904 0.0758034 -0.0283695 1.000000 1.000000 1.000000
vn -2.3031268 0.0097084 -3.0811939
v -0.0198764 0.0844006 -0.0264536 1.000000 1.000000 1.000000
vn -2.1099544 0.0150093 -2.3285198
v -0.0244450 -0.0620129 -0.0215772 1.000000 1.000000 1.000000
vn -0.1042947 0.0024146 -0.1160514
v -0.0249836 -0.0925390 -0.0217283 1.000000 1.000000 1.000000
vn -1.9324985 -0.0028554 -2.4546909
v -0.0234592 0.1258011 -0.0235422 1.000000 1.000000 1.000000
vn -3.4299760 -0.0241793 -5.2373848
v -0.0187353 0.1278420 -0.0272647 1.000000 1.000000 1.000000
vn -1.8097314 0.0210976 -3.0683913
v -0.0165139 0.0947927 -0.0284027 1.000000 1.000000 1.000000
vn -1.9663320 0.0434680 -4.9263849
v -0.0109585 0.1121341 -0.0313505 1.000000 1.000000 1.000000
vn -1.9080727 0.1981865 -2.6362314
v -0.0131417 0.0989453 -0.0307618 1.000000 1.000000 1.000000
vn -0.8620445 0.0622999 -1.8012853
v -0.0091159 0.1022669 -0.0325736 1.000000 1.000000 1.000000
vn -2.5974667 -0.0158472 -5.7024522
v -0.0129668 0.1540624 -0.0305651 1.000000 1.000000 1.000000
vn -1.4275305 -0.0185482 -5.1178608
v -0.0098729 0.1606356 -0.0317007 1.000000 1.000000 1.000000
vn -0.1618325 0.1307831 -6.2064576
v -0.0009747 0.1146175 -0.0332443 1.000000 1.000000 1.000000
vn 0.6731995 1.0604200 -3.6692128
v -0.0003408 0.1071622 -0.0336811 1.000000 1.000000 1.000000
vn 1.6861550 0.2499382 -6.0170522
v 0.0102442 0.1088353 -0.0317282 1.000000 1.000000 1.000000
vn 1.4927734 0.0016777 -6.0621529
v 0.0103332 0.1555575 -0.0316422 1.000000 1.000000 1.000000
vn 2.3525715 0.1857322 -3.1997514
v 0.0137200 0.0998572 -0.0304132 1.000000 1.000000 1.000000
vn 1.7206624 0.5822654 -1.9845072
v 0.0123035 0.1004553 -0.0321556 1.000000 1.000000 1.000000
vn 2.7516260 -0.0169306 -5.6403871
v 0.0131083 0.2000083 -0.0305972 1.000000 1.000000 1.000000
vn 3.3917017 -0.0066611 -5.2753539
v 0.0189344 0.1877793 -0.0273532 1.000000 1.000000 1.000000
vn 1.6108633 -0.0118872 -2.8147185
v 0.0190780 0.2842094 -0.0276091 1.000000 1.000000 1.000000
vn 1.8423100 -0.0016084 -2.4706159
v 0.0237669 0.1669746 -0.0237362 1.000000 1.000000 1.000000
vn 2.0230989 -0.0161838 -5.8277507
v 0.0115193 0.3041083 -0.0320054 1.000000 1.000000 1.000000
vn 1.5832932 -0.0157932 -2.6689067
v 0.0210479 0.3289388 -0.0265054 1.000000 1.000000 1.000000
vn 2.7187045 -0.0221654 -5.6349735
v 0.0134274 0.3788929 -0.0313701 1.000000 1.000000 1.000000
vn 1.6624563 -0.1531344 -2.4565685
v 0.0222042 0.4192514 -0.0263160 1.000000 1.000000 1.000000
vn 3.1890116 -0.3408423 -5.3929057
v 0.0180728 0.4201129 -0.0291974 1.000000 1.000000 1.000000
vn 1.5521345 -0.4390441 -2.7414274
v 0.0207155 0.4385364 -0.0295881 1.000000 1.000000 1.000000
vn 2.6946995 -0.8853049 -5.6006184
v 0.0141632 0.4400068 -0.0334786 1.000000 1.000000 1.000000
vn 1.6379807 -0.7893131 -3.3028092
v 0.0209566 0.4612036 -0.0349603 1.000000 1.000000 1.000000
vn 1.6422523 -1.1195756 -5.9365244
v 0.0094992 0.4454479 -0.0362500 1.000000 1.000000 1.000000
vn 2.2406614 -1.2994838 -5.6963682
v 0.0136496 0.4761460 -0.0421119 1.000000 1.000000 1.000000
vn 1.3494606 -0.5495416 -2.4917481
v 0.0215597 0.4992398 -0.0435208 1.000000 1.000000 1.000000
vn 1.0375513 -0.4081142 -3.0630941
v 0.0174261 0.4993661 -0.0452771 1.000000 1.000000 1.000000
vn 0.9534460 -0.3207496 -1.3731469
v 0.0320940 0.4962307 -0.0354089 1.000000 1.000000 1.000000
vn 1.4005429 -0.4746362 -2.2886560
v 0.0277293 0.4726408 -0.0331877 1.000000 1.000000 1.000000
vn 1.4058870 -1.1541995 -5.9764724
v 0.0095015 0.4822859 -0.0447422 1.000000 1.000000 1.000000
vn 1.4969560 -0.3065332 -3.6174703
v 0.0108345 0.4229489 -0.0329361 1.000000 1.000000 1.000000
vn 1.4615008 -0.0312065 -6.0866995
v 0.0098589 0.2603076 -0.0321897 1.000000 1.000000 1.000000
vn 0.3959166 -0.0118663 -3.2385724
v -0.0004261 0.3068034 -0.0337175 1.000000 1.000000 1.000000
vn 0.2362543 -0.0115603 -4.6590357
v -0.0000115 0.2585387 -0.0336914 1.000000 1.000000 1.000000
vn 0.7508217 -0.0395477 -6.2360725
v 0.0021684 0.2004054 -0.0330366 1.000000 1.000000 1.000000
vn 3.4471607 -0.0222895 -5.2393141
v 0.0184561 0.1086912 -0.0276790 1.000000 1.000000 1.000000
vn -3.4433196 -0.0206041 -5.2197747
v -0.0190435 0.2210507 -0.0276011 1.000000 1.000000 1.000000
vn -1.9758431 -0.0119844 -2.4421430
v -0.0238931 0.2144675 -0.0236451 1.000000 1.000000 1.000000
vn -2.0121455 -0.0135773 -2.4175467
v -0.0242322 0.2935674 -0.0237065 1.000000 1.000000 1.000000
vn -3.4548416 -0.0251640 -5.2036543
v -0.0198928 0.2957729 -0.0273335 1.000000 1.000000 1.000000
vn -2.0501046 -0.0180570 -2.3891354
v -0.0247730 0.3640849 -0.0236298 1.000000 1.000000 1.000000
vn -1.4009047 -0.0364160 -2.9952555
v -0.0101218 0.3138152 -0.0324262 1.000000 1.000000 1.000000
vn -2.7540498 -0.0172827 -5.6281061
v -0.0143959 0.3382765 -0.0307285 1.000000 1.000000 1.000000
vn -2.7370396 -0.1242560 -5.6338377
v -0.0156722 0.4016313 -0.0302529 1.000000 1.000000 1.000000
vn -1.5267770 -0.0979134 -6.0599794
v -0.0094090 0.4003283 -0.0326021 1.000000 1.000000 1.000000
vn -1.1880443 -0.3022184 -4.5786667
v -0.0097399 0.4252004 -0.0336279 1.000000 1.000000 1.000000
vn -0.3620092 -0.0051193 -3.1130285
v -0.0000335 0.3659512 -0.0337835 1.000000 1.000000 1.000000
vn -0.1766614 -0.1559683 -4.8296089
v 0.0002307 0.4125793 -0.0340555 1.000000 1.000000 1.000000
vn -3.6943870 -0.1798251 -5.0726433
v -0.0211782 0.4088633 -0.0270581 1.000000 1.000000 1.000000
vn -1.5650791 -0.0718169 -1.8337624
v -0.0257575 0.4210382 -0.0236266 1.000000 1.000000 1.000000
vn 0.1997488 -0.0201722 -4.0303407
v -0.0016933 0.1666769 -0.0331449 1.000000 1.000000 1.000000
vn -1.7253840 -0.0017718 -4.1345482
v -0.0110133 0.2587214 -0.0319739 1.000000 1.000000 1.000000
vn 0.9217910 0.0014819 -1.3118132
v 0.0236336 -0.3882946 -0.0242937 1.000000 1.000000 1.000000
vn 1.5233084 0.0357707 -2.2635896
v 0.0232660 0.0907692 -0.0240763 1.000000 1.000000 1.000000
vn 1.7827815 0.3633413 -3.4141135
v 0.0200978 0.0842337 -0.0264263 1.000000 1.000000 1.000000
vn 0.0533246 0.0149468 -0.1134634
v 0.0185779 0.0770662 -0.0280848 1.000000 1.000000 1.000000
vn 0.1301700 -1.3830012 -6.0776024
v -0.0003787 0.4594699 -0.0409775 1.000000 1.000000 1.000000
vn 0.0620120 -1.2307557 -6.0815873
v -0.0002441 0.4781571 -0.0453438 1.000000 1.000000 1.000000
vn -1.5607047 -1.3195219 -5.8671484
v -0.0104057 0.4698607 -0.0422838 1.000000 1.000000 1.000000
vn -1.3550951 -1.0332124 -6.0147614
v -0.0108841 0.4879425 -0.0456813 1.000000 1.000000 1.000000
vn -0.2855043 -0.3758743 -3.1980457
v -0.0038236 0.4991098 -0.0485024 1.000000 1.000000 1.000000
vn -1.0774913 -0.8793015 -3.9981256
v -0.0093030 0.4421968 -0.0360579 1.000000 1.000000 1.000000
vn -2.0122309 1.2658732 -4.9379454
v -0.0196630 0.4988258 -0.0449404 1.000000 1.000000 1.000000
vn 2.7054408 0.0098871 -5.6334753
v 0.0158311 -0.1123175 -0.0276040 1.000000 1.000000 1.000000
vn 1.7369877 -0.0221200 -2.6447282
v 0.0226714 -0.0546554 -0.0235546 1.000000 1.000000 1.000000
vn 1.4216793 -0.1007080 -2.5770476
v 0.0180371 0.0562315 -0.0278577 1.000000 1.000000 1.000000
vn -1.8391548 0.0404385 -4.3645611
v -0.0155002 -0.1197106 -0.0280324 1.000000 1.000000 1.000000
vn 0.4594141 -0.3629177 -3.1858444
v 0.0055006 0.4992841 -0.0482072 1.000000 1.000000 1.000000
vn -2.9033213 -1.3284178 -5.3781357
v -0.0192260 0.4549519 -0.0349802 1.000000 1.000000 1.000000
vn 1.3661864 0.0042821 -6.0943928
v 0.0086001 -0.1065597 -0.0301313 1.000000 1.000000 1.000000
vn 3.0877686 -0.0513947 -5.4558673
v 0.0177462 -0.0505598 -0.0268350 1.000000 1.000000 1.000000
vn 0.6906657 -0.0786059 -4.2148008
v 0.0091270 0.4139535 -0.0330128 1.000000 1.000000 1.000000
vn -1.7851436 -0.7003819 -2.9619393
v -0.0261187 0.4728345 -0.0352374 1.000000 1.000000 1.000000
vn -1.6010306 -0.3397890 -2.3878942
v -0.0271550 0.5002458 -0.0406964 1.000000 1.000000 1.000000
vn -0.9415791 -0.2709090 -1.1815730
v -0.0338763 0.4984832 -0.0349362 1.000000 1.000000 1.000000
vn -1.2305772 -0.3880183 -1.6251056
v -0.0259606 0.4395163 -0.0261951 1.000000 1.000000 1.000000
vn -0.6656755 1.0901804 -2.7390206
v -0.0130702 0.5004617 -0.0458915 1.000000 1.000000 1.000000
vn 0.1268955 -0.7424325 -4.3516321
v 0.0001048 0.4391259 -0.0366510 1.000000 1.000000 1.000000
vn -1.6515052 -0.3956871 -2.8441160
v -0.0182933 0.4327784 -0.0306379 1.000000 1.000000 1.000000
vn -2.1875741 -1.3394159 -3.7605906
v -0.0107780 0.0685571 -0.0317572 1.000000 1.000000 1.000000
vn -0.0090097 -0.0231789 -0.0373543
v -0.0201919 -0.3885078 -0.0296247 1.000000 1.000000 1.000000
vn 0.8684024 1.4277971 -0.9205102
v 0.0000010 0.1062582 -0.0347608 1.000000 1.000000 1.000000
vn 0.5654643 1.2635064 -2.3368371
v 0.0119251 0.5004916 -0.0459997 1.000000 1.000000 1.000000
vn 1.6423873 -0.0277164 -2.4371405
v 0.0237113 0.0197163 -0.0236144 1.000000 1.000000 1.000000
vn 1.0693413 -0.0466981 -1.7380548
v 0.0133736 0.0701087 -0.0310998 1.000000 1.000000 1.000000
vn 0.3646996 -0.0159264 -0.5927648
v 0.0185779 0.0770662 -0.0280848 1.000000 1.000000 1.000000
vn 0.2117714 -0.0092480 -0.3442028
v 0.0180371 0.0562315 -0.0278577 1.000000 1.000000 1.000000
vn -1.0379256 0.0197080 -2.8053110
v -0.0097763 -0.1597574 -0.0304324 1.000000 1.000000 1.000000
vn -0.0257782 0.0004754 -0.0708844
v -0.0096662 -0.2855306 -0.0313159 1.000000 1.000000 1.000000
vn -1.0545719 0.0194608 -2.8986335
v -0.0134617 -0.2327531 -0.0295817 1.000000 1.000000 1.000000
vn -0.0458005 0.0008701 -0.1237505
v -0.0155002 -0.1197106 -0.0280324 1.000000 1.000000 1.000000
vn -0.3549367 0.0022658 -0.5983028
v -0.0211003 -0.0637458 -0.0246191 1.000000 1.000000 1.000000
vn -1.2430853 0.0080677 -2.2816334
v -0.0148587 -0.0758917 -0.0280470 1.000000 1.000000 1.000000
vn -0.9740918 0.0123369 -1.6566674
v -0.0217053 -0.1183388 -0.0244669 1.000000 1.000000 1.000000
vn -0.6930096 0.0097424 -1.2098073
v -0.0155002 -0.1197106 -0.0280324 1.000000 1.000000 1.000000
vn -1.7405802 0.0131363 -2.2073262
v -0.0249836 -0.0925390 -0.0217283 1.000000 1.000000 1.000000
vn -0.1618417 -0.0027933 -0.9390858
v -0.0098729 0.1606356 -0.0317007 1.000000 1.000000 1.000000
vn -0.2434692 -0.0069764 -1.5491595
v -0.0000115 0.2585387 -0.0336914 1.000000 1.000000 1.000000
vn -0.3814527 -0.0060199 -2.1856456
v -0.0016933 0.1666769 -0.0331449 1.000000 1.000000 1.000000
vn -0.2381654 -0.0070160 -1.5248362
v -0.0110133 0.2587214 -0.0319739 1.000000 1.000000 1.000000
vn -0.3959314 -0.0061852 -2.9393427
v -0.0101218 0.3138152 -0.0324262 1.000000 1.000000 1.000000
vn -0.3874394 -0.0120620 -2.9843206
v -0.0004261 0.3068034 -0.0337175 1.000000 1.000000 1.000000
vn -0.0275624 -0.0011998 -0.2004426
v -0.0110133 0.2587214 -0.0319739 1.000000 1.000000 1.000000
vn 0.2500533 -0.0051529 -3.1305666
v -0.0000335 0.3659512 -0.0337835 1.000000 1.000000 1.000000
vn 0.0092883 -0.0001728 -0.0996334
v 0.0091270 0.4139535 -0.0330128 1.000000 1.000000 1.000000
vn -0.1627897 0.0836500 -0.9201005
v -0.0109585 0.1121341 -0.0313505 1.000000 1.000000 1.000000
vn -0.8303180 1.0494343 -1.9403447
v -0.0003408 0.1071622 -0.0336811 1.000000 1.000000 1.000000
vn -0.2807401 0.2013967 -1.3342155
v -0.0091159 0.1022669 -0.0325736 1.000000 1.000000 1.000000
vn -0.6197069 0.8966538 -0.9468982
v 0.0000010 0.1062582 -0.0347608 1.000000 1.000000 1.000000
vn -0.4530699 -0.2669819 -1.9488944
v -0.0093030 0.4421968 -0.0360579 1.000000 1.000000 1.000000
vn -0.1355431 -0.1746281 -1.2458270
v 0.0001048 0.4391259 -0.0366510 1.000000 1.000000 1.000000
vn -0.4612015 -0.1926402 -1.4303638
v -0.0097399 0.4252004 -0.0336279 1.000000 1.000000 1.000000
vn -0.6036074 -0.1698123 -1.2962942
v -0.0182933 0.4327784 -0.0306379 1.000000 1.000000 1.000000
vn 0.2334428 -0.0860672 -1.4140441
v 0.0002307 0.4125793 -0.0340555 1.000000 1.000000 1.000000
vn 0.4128761 -0.1731413 -2.3071465
v 0.0108345 0.4229489 -0.0329361 1.000000 1.000000 1.000000
vn 0.2264400 -0.0268097 -1.8966433
v 0.0091270 0.4139535 -0.0330128 1.000000 1.000000 1.000000
vn 0.1137314 -0.0549894 -0.5679459
v 0.0001048 0.4391259 -0.0366510 1.000000 1.000000 1.000000
vn -0.5659453 -0.1172633 -0.7988663
v -0.0259606 0.4395163 -0.0261951 1.000000 1.000000 1.000000
vn -0.8708739 -0.1804443 -1.2292918
v -0.0182933 0.4327784 -0.0306379 1.000000 1.000000 1.000000
vn -0.3663616 -0.0759098 -0.5171418
v -0.0257575 0.4210382 -0.0236266 1.000000 1.000000 1.000000
# 3497 vertices, 0 vertices normals


usemtl material_0
vt 0.4918573 0.7298741
vt 0.4907768 0.7335532
vt 0.4944479 0.7322600
f 2912/1/2912 2909/2/2909 2913/3/2913
vt 0.4884712 0.7300100
f 2910/4/2910 2909/2/2909 2912/1/2912
vt 0.4939062 0.7355517
f 2913/3/2913 2909/2/2909 2911/5/2911
vt 0.4870239 0.7284921
f 2912/1/2912 2908/6/2908 2910/4/2910
vt 0.8244665 0.7923371
vt 0.8235407 0.7881944
vt 0.8257314 0.7910693
f 2867/7/2867 2865/8/2865 2832/9/2832
vt 0.8402780 0.2218458
vt 0.8401237 0.2254206
vt 0.8391168 0.2218597
f 777/10/777 699/11/699 688/12/688
vt 0.2912068 0.1144719
vt 0.2895955 0.0762157
vt 0.3068213 0.1128719
f 2923/13/2923 2924/14/2924 2925/15/2925
vt 0.3011013 0.0755900
f 2925/15/2925 2924/14/2924 2926/16/2926
vt 0.2679131 0.0770516
f 2923/13/2923 2915/17/2915 2924/14/2924
vt 0.4344451 0.4094357
vt 0.4369154 0.4066030
vt 0.4522190 0.4254003
f 189/18/189 190/19/190 191/20/191
vt 0.2684676 0.1150119
f 2923/13/2923 2917/21/2917 2915/17/2915
vt 0.4165228 0.3890206
f 189/18/189 192/22/192 190/19/190
vt 0.2418382 0.0782421
f 2917/21/2917 2916/23/2916 2915/17/2915
vt 0.2431400 0.1166439
vt 0.2405698 0.1025743
f 2919/24/2919 2918/25/2918 2917/21/2917
f 2918/25/2918 2916/23/2916 2917/21/2917
vt 0.2174512 0.0971322
vt 0.2190511 0.0792559
f 2916/23/2916 2921/26/2921 2922/27/2922
vt 0.3200270 0.1125157
vt 0.3178606 0.0750349
f 2928/28/2928 2925/15/2925 2927/29/2927
f 2927/29/2927 2925/15/2925 2926/16/2926
vt 0.3193385 0.1169300
f 2928/28/2928 2931/30/2931 2925/15/2925
vt 0.3177650 0.1222669
vt 0.2919872 0.1230673
f 2931/30/2931 2942/31/2942 2938/32/2938
f 2938/32/2938 2923/13/2923 2931/30/2931
f 2931/30/2931 2923/13/2923 2925/15/2925
vt 0.4453571 0.4310919
f 193/33/193 189/18/189 191/20/191
vt 0.4301405 0.4144269
f 193/33/193 195/34/195 189/18/189
vt 0.4118958 0.3966613
f 195/34/195 194/35/194 189/18/189
f 194/35/194 192/22/192 189/18/189
vt 0.3943228 0.3770440
f 194/35/194 196/36/196 192/22/192
vt 0.2195038 0.1209601
vt 0.2204652 0.1169511
f 2932/37/2932 2920/38/2920 2919/24/2919
f 2919/24/2919 2920/38/2920 2918/25/2918
f 2918/25/2918 2921/26/2921 2916/23/2916
f 2920/38/2920 2921/26/2921 2918/25/2918
vt 0.0266001 0.7873924
vt 0.0233730 0.7777516
vt 0.0090078 0.7904718
f 1257/39/1257 1255/40/1255 1259/41/1259
vt 0.0076141 0.7787279
f 1255/40/1255 1256/42/1256 1259/41/1259
vt 0.3678780 0.0355332
vt 0.3805567 0.0149159
vt 0.3847905 0.0538401
f 918/43/918 919/44/919 920/45/920
vt 0.3690926 0.0527976
f 918/43/918 920/45/920 917/46/917
vt 0.3341331 0.1120048
vt 0.3384184 0.1172301
f 2929/47/2929 2936/48/2936 2931/30/2931
f 2929/47/2929 2928/28/2928 2927/29/2927
vt 0.3285843 0.0735430
f 2929/47/2929 2927/29/2927 2930/49/2930
f 2929/47/2929 2931/30/2931 2928/28/2928
vt 0.4598551 0.4538787
vt 0.4364746 0.4398843
f 217/50/217 204/51/204 193/33/193
vt 0.4227435 0.4214744
f 193/33/193 204/51/204 201/52/201
f 193/33/193 201/52/201 195/34/195
f 195/34/195 201/52/201 194/35/194
vt 0.3919017 0.3827983
f 194/35/194 197/53/197 196/36/196
vt 0.0464919 0.7889508
vt 0.0451495 0.7706105
f 1258/54/1258 1254/55/1254 1257/39/1257
vt 0.2024078 0.1178773
f 2932/37/2932 2933/56/2933 2920/38/2920
f 1257/39/1257 1254/55/1254 1255/40/1255
vt 0.0078444 0.7627429
f 1255/40/1255 1253/57/1253 1256/42/1256
vt 0.3604380 0.0155724
f 916/58/916 919/44/919 918/43/918
vt 0.3398156 0.1223975
f 2936/48/2936 2947/59/2947 2931/30/2931
f 2931/30/2931 2947/59/2947 2942/31/2942
vt 0.4549215 0.4628417
f 217/50/217 216/60/216 204/51/204
vt 0.4012616 0.4071913
f 201/52/201 203/61/203 194/35/194
f 194/35/194 203/61/203 197/53/197
vt 0.3743284 0.3726997
vt 0.3774056 0.3692292
f 197/53/197 199/62/199 198/63/198
f 196/36/196 197/53/197 198/63/198
vt 0.2019737 0.1241759
f 2932/37/2932 2934/64/2934 2933/56/2933
vt 0.0238388 0.7585117
f 1254/55/1254 1252/65/1252 1255/40/1255
vt 0.1752125 0.1215276
f 2934/64/2934 2935/66/2935 2933/56/2933
f 1255/40/1255 1252/65/1252 1253/57/1253
vt 0.3541147 0.0343097
vt 0.3527651 0.0537618
f 915/67/915 917/46/917 914/68/914
f 916/58/916 918/43/918 915/67/915
f 915/67/915 918/43/918 917/46/917
vt 0.3544486 0.1118515
f 2937/69/2937 2936/48/2936 2929/47/2929
vt 0.4692599 0.4748859
f 243/70/243 216/60/216 217/50/217
vt 0.3777023 0.3837044
f 203/61/203 202/71/202 197/53/197
f 202/71/202 199/62/199 197/53/197
vt 0.1740044 0.1279987
f 2934/64/2934 2939/72/2939 2935/66/2935
vt 0.0439784 0.7427722
f 1254/55/1254 1250/73/1250 1252/65/1252
vt 0.0247902 0.7429094
f 1252/65/1252 1249/74/1249 1253/57/1253
vt 0.0065364 0.7461387
f 1249/74/1249 1251/75/1251 1253/57/1253
vt 0.3729006 0.1134412
vt 0.3642584 0.1190983
f 2937/69/2937 2941/76/2941 2940/77/2940
f 2940/77/2940 2936/48/2936 2937/69/2937
vt 0.3636263 0.1232303
f 2940/77/2940 2948/78/2948 2947/59/2947
f 2940/77/2940 2947/59/2947 2936/48/2936
vt 0.4661732 0.4883431
f 243/70/243 226/79/226 216/60/216
vt 0.4475270 0.4702908
f 216/60/216 215/80/215 204/51/204
vt 0.5069438 0.6739383
vt 0.4938820 0.6815444
vt 0.4982049 0.6740944
f 2456/81/2456 2455/82/2455 2458/83/2458
vt 0.3528945 0.3632584
f 199/62/199 200/84/200 198/63/198
vt 0.1788758 0.1318452
f 2934/64/2934 2950/85/2950 2939/72/2939
f 1250/73/1250 1249/74/1249 1252/65/1252
vt 0.0067620 0.7330689
f 1249/74/1249 1247/86/1247 1251/75/1251
vt 0.3369001 0.0369557
vt 0.3341587 0.0529085
f 911/87/911 914/68/914 904/88/904
vt 0.3421003 0.0155351
f 916/58/916 915/67/915 913/89/913
f 913/89/913 915/67/915 911/87/911
f 911/87/911 915/67/915 914/68/914
vt 0.4778016 0.4981521
f 246/90/246 226/79/226 243/70/243
f 226/79/226 215/80/215 216/60/216
vt 0.6595818 0.8237743
vt 0.6583883 0.8265755
vt 0.6523594 0.8265285
f 2302/91/2302 2294/92/2294 2304/93/2304
vt 0.5223133 0.6846052
vt 0.5191363 0.6891997
vt 0.5180108 0.6786633
f 2464/94/2464 2453/95/2453 2459/96/2459
vt 0.6489071 0.8355981
f 2294/92/2294 2296/97/2296 2304/93/2304
vt 0.9417287 0.0055264
vt 0.9324809 0.0034377
vt 0.9357629 0.0075276
f 2230/98/2230 2262/99/2262 2251/100/2251
f 2453/95/2453 2456/81/2456 2459/96/2459
vt 0.4075899 0.4369417
f 204/51/204 208/101/208 201/52/201
vt 0.9271589 0.0079953
f 2262/99/2262 2265/102/2265 2251/100/2251
f 2453/95/2453 2455/82/2455 2456/81/2456
vt 0.6747181 0.8282146
vt 0.6558756 0.8556122
f 2293/103/2293 2292/104/2292 2294/92/2294
f 2294/92/2294 2292/104/2292 2296/97/2296
vt 0.9369481 0.5063749
vt 0.9295716 0.5018501
vt 0.9302216 0.5079811
f 2033/105/2033 2073/106/2073 2071/107/2071
vt 0.2923470 0.9893617
vt 0.2935634 0.9769868
vt 0.2968133 0.9759484
f 1624/108/1624 1622/109/1622 1579/110/1579
vt 0.2981008 0.9856708
f 1624/108/1624 1579/110/1579 1617/111/1617
vt 0.6494541 0.8481740
f 2292/104/2292 2297/112/2297 2296/97/2296
vt 0.9785928 0.2428307
vt 0.9696889 0.2431269
vt 0.9704769 0.2477575
f 2139/113/2139 2126/114/2126 2123/115/2123
vt 0.9804189 0.2487774
f 2139/113/2139 2123/115/2123 2135/116/2135
vt 0.2926263 0.9669923
vt 0.2950854 0.9687316
f 1607/117/1607 1580/118/1580 1579/110/1579
f 1622/109/1622 1607/117/1607 1579/110/1579
vt 0.9639391 0.2452124
f 2126/114/2126 2091/119/2091 2123/115/2123
f 201/52/201 208/101/208 203/61/203
vt 0.2931673 0.9600207
f 1601/120/1601 1580/118/1580 1607/117/1607
vt 0.2966019 0.9635379
f 1601/120/1601 1587/121/1587 1580/118/1580
vt 0.4883596 0.6812954
f 2455/82/2455 2461/122/2461 2458/83/2458
vt 0.4923451 0.6748807
f 2461/122/2461 2466/123/2466 2458/83/2458
vt 0.9564309 0.2433306
vt 0.9585840 0.2481533
f 2092/124/2092 2089/125/2089 2091/119/2091
vt 0.3788318 0.3965582
f 203/61/203 206/126/206 202/71/202
vt 0.3526292 0.3831865
f 206/126/206 207/127/207 202/71/202
vt 0.3533914 0.3728146
f 202/71/202 205/128/205 199/62/199
f 199/62/199 205/128/205 200/84/200
vt 0.1617110 0.1241970
f 2939/72/2939 2943/129/2943 2935/66/2935
vt 0.0250292 0.7243517
f 1249/74/1249 1246/130/1246 1247/86/1247
vt 0.4575471 0.4954348
f 226/79/226 227/131/227 215/80/215
vt 0.4235633 0.4596460
f 215/80/215 211/132/211 204/51/204
vt 0.6719831 0.8237979
f 2301/133/2301 2294/92/2294 2302/91/2302
vt 0.5210869 0.6964710
f 2463/134/2463 2453/95/2453 2464/94/2464
f 2293/103/2293 2294/92/2294 2301/133/2301
vt 0.5133103 0.7016651
f 2460/135/2460 2453/95/2453 2463/134/2463
vt 0.6804547 0.8323678
vt 0.6799202 0.8428807
f 2293/103/2293 2300/136/2300 2295/137/2295
vt 0.5046977 0.7016651
f 2460/135/2460 2457/138/2457 2453/95/2453
vt 0.6762815 0.8540094
f 2295/137/2295 2291/139/2291 2293/103/2293
vt 0.4951015 0.6993042
f 2457/138/2457 2454/140/2454 2453/95/2453
f 2291/139/2291 2292/104/2292 2293/103/2293
f 2453/95/2453 2454/140/2454 2455/82/2455
vt 0.6711177 0.8589269
f 2291/139/2291 2298/141/2298 2292/104/2292
vt 0.6617429 0.8589269
f 2298/141/2298 2299/142/2299 2292/104/2292
vt 0.3104882 0.9693975
f 1587/121/1587 1578/143/1578 1580/118/1580
vt 0.4894308 0.6972057
vt 0.4867942 0.6935841
f 2454/140/2454 2465/144/2465 2462/145/2462
f 2454/140/2454 2462/145/2462 2461/122/2461
f 2454/140/2454 2461/122/2461 2455/82/2455
vt 0.9642641 0.2589978
f 2089/125/2089 2088/146/2088 2091/119/2091
vt 0.2918943 0.9505088
vt 0.2973360 0.9553793
f 1608/147/1608 1599/148/1599 1601/120/1601
f 1601/120/1601 1599/148/1599 1587/121/1587
vt 0.9440019 0.2437587
vt 0.9505113 0.2466326
f 2113/149/2113 2093/150/2093 2092/124/2092
f 2092/124/2092 2093/150/2093 2089/125/2089
vt 0.3293686 0.3564443
vt 0.3504435 0.3572792
f 200/84/200 244/151/244 253/152/253
vt 0.0432026 0.7288451
f 1250/73/1250 1248/153/1248 1246/130/1246
f 1250/73/1250 1246/130/1246 1249/74/1249
vt 0.3914233 0.1216133
vt 0.3857231 0.1143001
f 2944/154/2944 2941/76/2941 2945/155/2945
vt 0.3294058 0.0163458
f 912/156/912 913/89/913 911/87/911
f 2940/77/2940 2941/76/2941 2944/154/2944
vt 0.4741462 0.5186382
f 246/90/246 236/157/236 226/79/226
vt 0.1232441 0.2076262
vt 0.1197632 0.2066726
vt 0.1220146 0.2019411
f 2417/158/2417 2444/159/2444 2424/160/2424
vt 0.9345905 0.9995375
vt 0.9326801 0.9886630
vt 0.9353594 0.9899244
f 1751/161/1751 1729/162/1729 1740/163/1740
f 204/51/204 211/132/211 208/101/208
vt 0.6826047 0.8421479
f 2300/136/2300 2305/164/2305 2295/137/2295
vt 0.9329141 0.9796375
f 1740/163/1740 1729/162/1729 1701/165/1701
vt 0.9357923 0.9807768
f 1740/163/1740 1701/165/1701 1739/166/1739
vt 0.9319916 0.9699218
vt 0.9352216 0.9703167
f 1701/165/1701 1699/167/1699 1725/168/1725
f 1739/166/1739 1701/165/1701 1725/168/1725
vt 0.6806180 0.8512747
f 2295/137/2295 2303/169/2303 2291/139/2291
f 2295/137/2295 2305/164/2305 2303/169/2303
vt 0.9331206 0.9642762
f 1725/168/1725 1699/167/1699 1712/170/1712
vt 0.9702969 0.2681133
f 2088/146/2088 2122/171/2122 2123/115/2123
vt 0.9793151 0.0195462
vt 0.9834849 0.0225803
vt 0.9842459 0.0180389
f 1126/172/1126 1125/173/1125 1144/174/1144
vt 0.9892464 0.0236925
f 1144/174/1144 1125/173/1125 1127/175/1127
vt 0.9911605 0.0201707
f 1144/174/1144 1127/175/1127 1142/176/1142
vt 0.3880177 0.4222021
f 208/101/208 209/177/209 203/61/203
vt 0.9968124 0.0248644
f 1142/176/1142 1127/175/1127 1139/178/1139
f 203/61/203 209/177/209 206/126/206
f 202/71/202 207/127/207 205/128/205
vt 0.0053173 0.7146019
f 1246/130/1246 1240/179/1240 1247/86/1247
vt 0.0195255 0.7122905
f 1246/130/1246 1237/180/1237 1240/179/1240
vt 0.3215691 0.0177091
vt 0.3210481 0.0537976
f 902/181/902 904/88/904 903/182/903
vt 0.3994957 0.1187046
f 2945/155/2945 2946/183/2946 2944/154/2944
f 902/181/902 911/87/911 904/88/904
f 2944/154/2944 2948/78/2948 2940/77/2940
vt 0.4352438 0.4825620
f 227/131/227 355/184/355 215/80/215
f 355/184/355 211/132/211 215/80/215
vt 0.9415483 0.0277282
f 2230/98/2230 2251/100/2251 2229/185/2229
vt 0.9252433 0.9929579
f 1751/161/1751 1741/186/1741 1729/162/1729
vt 0.9220721 0.9798906
f 1729/162/1729 1698/187/1698 1701/165/1701
f 1701/165/1701 1698/187/1698 1699/167/1699
vt 0.9211685 0.9647968
f 1699/167/1699 1711/188/1711 1712/170/1712
vt 0.3152913 0.9629363
f 1587/121/1587 1588/189/1588 1578/143/1578
vt 0.9329360 0.9596861
f 1712/170/1712 1711/188/1711 1719/190/1719
f 1599/148/1599 1588/189/1588 1587/121/1587
vt 0.9451158 0.2608019
f 2113/149/2113 2109/191/2109 2093/150/2093
vt 0.3256139 0.3642181
f 205/128/205 213/192/213 200/84/200
f 200/84/200 213/192/213 244/151/244
vt 0.0486508 0.7098996
vt 0.0420955 0.7101647
f 1281/193/1281 1243/194/1243 1248/153/1248
vt 0.1452641 0.1345976
f 2939/72/2939 2949/195/2949 2943/129/2943
f 1248/153/1248 1243/194/1243 1246/130/1246
f 1246/130/1246 1243/194/1243 1237/180/1237
vt 0.3035983 0.0531919
f 896/196/896 902/181/902 903/182/903
vt 0.3910194 0.1268886
f 2953/197/2953 2948/78/2948 2944/154/2944
vt 0.4837178 0.5262187
f 247/198/247 236/157/236 246/90/246
vt 0.4598508 0.5163031
f 236/157/236 237/199/237 227/131/227
f 236/157/236 227/131/227 226/79/226
vt 0.3921877 0.4513984
f 211/132/211 363/200/363 208/101/208
vt 0.1211106 0.2137192
vt 0.1366539 0.2226803
vt 0.1211319 0.2234043
f 2422/201/2422 2450/202/2450 2452/203/2452
vt 0.9832150 0.0427366
f 1125/173/1125 1124/204/1124 1127/175/1127
vt 0.9160973 0.9581700
f 1719/190/1719 1711/188/1711 1720/205/1720
vt 0.9888172 0.0522376
f 1127/175/1127 1128/206/1128 1139/178/1139
vt 0.9945897 0.0436578
f 1139/178/1139 1128/206/1128 1140/207/1140
vt 0.9513884 0.2658756
f 2093/150/2093 2109/191/2109 2094/208/2094
f 2093/150/2093 2094/208/2094 2089/125/2089
vt 0.9575648 0.2762387
f 2089/125/2089 2094/208/2094 2087/209/2087
vt 0.3609095 0.4055601
f 209/177/209 210/210/210 206/126/206
f 206/126/206 210/210/210 207/127/207
f 207/127/207 213/192/213 205/128/205
vt 0.3210751 0.3492680
f 253/152/253 244/151/244 255/211/255
vt 0.1436563 0.2083503
vt 0.1406240 0.2143942
f 2414/212/2414 2416/213/2416 2417/158/2417
vt 0.9073942 0.9886189
f 1741/186/1741 1732/214/1732 1729/162/1729
f 1729/162/1729 1732/214/1732 1698/187/1698
f 2422/201/2422 2416/213/2416 2450/202/2450
vt 0.9174134 0.9707000
f 1698/187/1698 1697/215/1697 1699/167/1699
f 1699/167/1699 1697/215/1697 1711/188/1711
f 363/200/363 209/177/209 208/101/208
f 2089/125/2089 2087/209/2087 2088/146/2088
vt 0.9963819 0.0584000
f 1139/178/1139 1140/207/1140 1141/216/1141
vt 0.3300404 0.9562545
f 1599/148/1599 1600/217/1600 1588/189/1588
vt 0.3356475 0.3922446
f 210/210/210 212/218/212 207/127/207
vt 0.3287328 0.3771992
f 207/127/207 214/219/214 213/192/213
vt 0.3065274 0.3474166
f 244/151/244 254/220/254 255/211/255
vt 0.0422903 0.6931044
f 1281/193/1281 1244/221/1244 1243/194/1243
vt 0.0250450 0.6920334
f 1243/194/1243 1238/222/1238 1237/180/1237
vt 0.0051044 0.6952551
f 1237/180/1237 1239/223/1239 1240/179/1240
vt 0.2930725 0.0151291
vt 0.3152641 0.0142982
f 909/224/909 910/225/910 902/181/902
vt 0.2962773 0.0182911
f 909/224/909 902/181/902 895/226/895
f 895/226/895 902/181/902 896/196/896
vt 0.4776829 0.5407938
f 247/198/247 239/227/239 236/157/236
vt 0.4444074 0.5029017
f 237/199/237 354/228/354 227/131/227
f 227/131/227 354/228/354 355/184/355
vt 0.9744831 0.0374045
vt 0.9772519 0.0490847
f 1150/229/1150 1123/230/1123 1126/172/1126
f 1126/172/1126 1123/230/1123 1125/173/1125
f 1125/173/1125 1123/230/1123 1124/204/1124
vt 0.3305733 0.9693230
vt 0.3389792 0.9759396
vt 0.3085367 0.9758729
f 1576/231/1576 1569/232/1569 1577/233/1577
f 1578/143/1578 1576/231/1576 1577/233/1577
vt 0.9643016 0.2843541
f 2088/146/2088 2085/234/2085 2122/171/2122
f 1124/204/1124 1128/206/1128 1127/175/1127
f 1588/189/1588 1576/231/1576 1578/143/1578
f 2087/209/2087 2085/234/2085 2088/146/2088
vt 0.3024061 0.3512555
f 213/192/213 241/235/241 244/151/244
f 244/151/244 241/235/241 254/220/254
vt 0.0486833 0.6953588
f 1281/193/1281 1283/236/1283 1244/221/1244
f 1243/194/1243 1244/221/1244 1238/222/1238
f 1237/180/1237 1238/222/1238 1239/223/1239
vt 0.4192980 0.1276331
f 2944/154/2944 2946/183/2946 2951/237/2951
vt 0.4195490 0.1331788
f 2944/154/2944 2951/237/2951 2955/238/2955
f 2944/154/2944 2955/238/2955 2953/197/2953
vt 0.4859922 0.5563458
f 248/239/248 239/227/239 247/198/247
vt 0.4685370 0.5523794
f 236/157/236 239/227/239 238/240/238
f 236/157/236 238/240/238 237/199/237
vt 0.4046069 0.4705423
f 355/184/355 357/241/357 211/132/211
f 211/132/211 357/241/357 363/200/363
vt 0.9391195 0.5347989
vt 0.9377783 0.5264359
vt 0.9374624 0.5435101
f 2028/242/2028 2031/243/2031 2032/244/2032
vt 0.9005752 0.9643016
f 1711/188/1711 1715/245/1715 1720/205/1720
vt 0.3739831 0.4386337
f 363/200/363 373/246/373 209/177/209
vt 0.3492092 0.4280154
f 373/246/373 379/247/379 209/177/209
f 209/177/209 379/247/379 210/210/210
f 212/218/212 214/219/214 207/127/207
vt 0.2863148 0.0539485
f 895/226/895 896/196/896 897/248/897
vt 0.4329102 0.5102623
f 354/228/354 350/249/350 355/184/355
vt 0.4234939 0.4917675
f 356/250/356 357/241/357 355/184/355
vt 0.9024694 0.9806973
f 1732/214/1732 1695/251/1695 1698/187/1698
f 1698/187/1698 1695/251/1695 1697/215/1697
vt 0.9702249 0.2865233
f 2085/234/2085 2121/252/2121 2122/171/2122
vt 0.3387234 0.9624489
f 1588/189/1588 1589/253/1589 1576/231/1576
vt 0.8986238 0.9579093
f 1720/205/1720 1715/245/1715 1722/254/1722
f 1588/189/1588 1600/217/1600 1589/253/1589
vt 0.9458498 0.2785192
f 2109/191/2109 2107/255/2107 2094/208/2094
vt 0.3054358 0.3655170
f 214/219/214 218/256/218 213/192/213
f 213/192/213 218/256/218 241/235/241
vt 0.2814437 0.3445883
f 241/235/241 256/257/256 254/220/254
vt 0.0417009 0.6702462
f 1283/236/1283 1245/258/1245 1244/221/1244
f 1244/221/1244 1245/258/1245 1238/222/1238
vt 0.4504849 0.5300370
f 238/240/238 336/259/336 237/199/237
f 237/199/237 336/259/336 354/228/354
f 354/228/354 336/259/336 350/249/350
f 355/184/355 350/249/350 356/250/356
vt 0.8950368 0.9708247
f 1697/215/1697 1696/260/1696 1711/188/1711
f 1711/188/1711 1696/260/1696 1715/245/1715
vt 0.9519315 0.2846442
f 2094/208/2094 2107/255/2107 2098/261/2098
f 2094/208/2094 2098/261/2098 2087/209/2087
vt 0.0472801 0.6704803
f 1283/236/1283 1287/262/1287 1245/258/1245
vt 0.0240526 0.6714496
vt 0.0049870 0.6732572
f 1242/263/1242 1241/264/1241 1238/222/1238
f 1238/222/1238 1241/264/1241 1239/223/1239
vt 0.2756840 0.0187591
f 909/224/909 895/226/895 898/265/898
vt 0.1664507 0.2145262
f 2414/212/2414 2413/266/2413 2416/213/2416
vt 0.1676017 0.2234043
f 2416/213/2416 2451/267/2451 2450/202/2450
vt 0.9680738 0.0347687
vt 0.9676369 0.0661116
f 1155/268/1155 1153/269/1153 1150/229/1150
vt 0.9827240 0.0667365
f 1124/204/1124 1122/270/1122 1128/206/1128
f 1140/207/1140 1128/206/1128 1141/216/1141
vt 0.3253178 0.4033283
f 210/210/210 381/271/381 212/218/212
vt 0.2811661 0.3498791
f 241/235/241 242/272/242 256/257/256
f 1238/222/1238 1245/258/1245 1242/263/1242
vt 0.4430783 0.1345975
vt 0.4216098 0.1226475
f 2954/273/2954 2951/237/2951 2952/274/2952
f 2954/273/2954 2955/238/2955 2951/237/2951
vt 0.4787970 0.5764588
f 248/239/248 240/275/240 239/227/239
vt 0.9289879 0.5429639
vt 0.9374442 0.5593985
f 2032/244/2032 2069/276/2069 2029/277/2029
f 2416/213/2416 2413/266/2413 2451/267/2451
vt 0.3739100 0.4677640
f 357/241/357 364/278/364 363/200/363
vt 0.9759009 0.0684253
f 1153/269/1153 1121/279/1121 1150/229/1150
vt 0.8786336 0.9720165
f 1695/251/1695 1693/280/1693 1696/260/1696
f 1150/229/1150 1121/279/1121 1123/230/1123
f 1123/230/1123 1122/270/1122 1124/204/1124
vt 0.3451552 0.9697777
f 1576/231/1576 1570/281/1570 1569/232/1569
f 1589/253/1589 1570/281/1570 1576/231/1576
vt 0.9896986 0.0748727
f 1128/206/1128 1129/282/1129 1141/216/1141
vt 0.9457681 0.2969017
f 2107/255/2107 2108/283/2108 2098/261/2098
f 379/247/379 381/271/381 210/210/210
vt 0.2910193 0.3829161
f 212/218/212 219/284/219 214/219/214
vt 0.2809867 0.3584816
f 218/256/218 225/285/225 241/235/241
f 241/235/241 225/285/225 242/272/242
vt 0.2625986 0.0537078
f 898/265/898 897/248/897 899/286/899
vt 0.4904372 0.5802984
vt 0.4847702 0.5886925
f 536/287/536 493/288/493 248/239/248
f 240/275/240 238/240/238 239/227/239
vt 0.4409896 0.5384679
f 336/259/336 349/289/349 350/249/350
vt 0.4043370 0.5121080
f 356/250/356 350/249/350 358/290/358
f 356/250/356 358/290/358 357/241/357
vt 0.1547999 0.1950738
vt 0.1846631 0.1996626
vt 0.1558177 0.2004912
f 2443/291/2443 2431/292/2431 2432/293/2432
vt 0.3900798 0.4868381
f 357/241/357 359/294/359 364/278/364
f 1122/270/1122 1129/282/1129 1128/206/1128
vt 0.8743513 0.9653886
f 1715/245/1715 1713/295/1713 1722/254/1722
vt 0.8805401 0.9583874
f 1722/254/1722 1713/295/1713 1723/296/1723
vt 0.9574136 0.3089302
f 2087/209/2087 2078/297/2078 2085/234/2085
vt 0.9636636 0.3092643
f 2078/297/2078 2077/298/2077 2085/234/2085
f 363/200/363 364/278/364 373/246/373
vt 0.9518775 0.3022690
f 2108/283/2108 2096/299/2096 2098/261/2098
vt 0.2817026 0.3673369
f 220/300/220 225/285/225 218/256/218
f 493/288/493 240/275/240 248/239/248
f 357/241/357 358/290/358 359/294/359
vt 0.1724680 0.2031009
f 2431/292/2431 2427/301/2427 2432/293/2432
vt 0.8927447 0.9957760
vt 0.8784932 0.9893675
f 1744/302/1744 1730/303/1730 1732/214/1732
vt 0.8786776 0.9807653
f 1730/303/1730 1694/304/1694 1695/251/1695
f 1695/251/1695 1694/304/1694 1693/280/1693
f 1123/230/1123 1121/279/1121 1122/270/1122
vt 0.3622529 0.9698429
f 1570/281/1570 1568/305/1568 1569/232/1569
vt 0.9702015 0.3066415
f 2077/298/2077 2117/306/2117 2121/252/2121
vt 0.3516575 0.4597387
f 364/278/364 378/307/378 373/246/373
f 2098/261/2098 2096/299/2096 2087/209/2087
f 2087/209/2087 2096/299/2096 2078/297/2078
f 373/246/373 378/307/378 379/247/379
f 212/218/212 381/271/381 219/284/219
f 214/219/214 219/284/219 218/256/218
f 218/256/218 219/284/219 220/300/220
vt 0.2601264 0.3487412
f 242/272/242 245/308/245 256/257/256
vt 0.0496357 0.6491611
f 1287/262/1287 1286/309/1286 1245/258/1245
vt 0.0386372 0.6486151
f 1245/258/1245 1262/310/1262 1242/263/1242
vt 0.0197870 0.6506867
f 1262/310/1262 1260/311/1260 1242/263/1242
f 1242/263/1242 1260/311/1260 1241/264/1241
vt 0.0036798 0.6537754
f 1241/264/1241 1260/311/1260 1261/312/1261
vt 0.4679531 0.5776235
f 240/275/240 292/313/292 238/240/238
vt 0.4550576 0.5701309
f 238/240/238 293/314/293 336/259/336
vt 0.9596333 0.5708218
vt 0.9646615 0.5607043
vt 0.9598569 0.5412715
f 2046/315/2046 2055/316/2055 2038/317/2038
vt 0.1765536 0.2218661
f 2413/266/2413 2448/318/2448 2451/267/2451
vt 0.3627802 0.9629840
f 1589/253/1589 1590/319/1590 1570/281/1570
vt 0.9953988 0.0918532
f 1129/282/1129 1143/320/1143 1141/216/1141
vt 0.3627889 0.9570903
f 1600/217/1600 1602/321/1602 1589/253/1589
vt 0.0404484 0.6421257
f 1263/322/1263 1262/310/1262 1245/258/1245
f 238/240/238 292/313/292 293/314/293
vt 0.4407898 0.5666957
f 319/323/319 349/289/349 336/259/336
vt 0.4291933 0.5458658
f 349/289/349 323/324/323 350/249/350
f 1696/260/1696 1693/280/1693 1713/295/1713
f 1590/319/1590 1568/305/1568 1570/281/1570
vt 0.9459450 0.3195350
f 2108/283/2108 2106/325/2106 2096/299/2096
vt 0.3395496 0.4488645
f 378/307/378 380/326/380 379/247/379
vt 0.3164732 0.4306386
f 380/326/380 387/327/387 379/247/379
f 379/247/379 387/327/387 381/271/381
f 242/272/242 225/285/225 245/308/245
f 1245/258/1245 1286/309/1286 1263/322/1263
vt 0.0039778 0.6336609
f 1260/311/1260 1264/328/1264 1261/312/1261
vt 0.2569199 0.0185559
vt 0.2412759 0.0174088
vt 0.2658625 0.0156659
f 900/329/900 906/330/906 908/331/908
vt 0.2483240 0.0539744
f 900/329/900 899/286/899 901/332/901
vt 0.2395339 0.0101469
vt 0.2693458 0.0097132
f 908/331/908 940/333/940 949/334/949
f 336/259/336 293/314/293 319/323/319
vt 0.9245667 0.0623080
vt 0.9267005 0.0864236
vt 0.9316313 0.0770857
f 2260/335/2260 2258/336/2258 2252/337/2252
vt 0.3591409 0.4817437
f 359/294/359 374/338/374 364/278/364
vt 0.9753045 0.0868199
f 1153/269/1153 1120/339/1120 1121/279/1121
vt 0.9823395 0.0883085
f 1122/270/1122 1107/340/1107 1129/282/1129
f 364/278/364 374/338/374 378/307/378
vt 0.2984080 0.4054984
f 381/271/381 387/327/387 396/341/396
vt 0.2833568 0.3924630
f 396/341/396 395/342/395 381/271/381
f 381/271/381 395/342/395 219/284/219
vt 0.2715759 0.3824373
f 219/284/219 221/343/221 220/300/220
vt 0.2601403 0.3622183
f 225/285/225 222/344/222 245/308/245
vt 0.0225921 0.6330084
f 1260/311/1260 1265/345/1265 1264/328/1264
f 940/333/940 908/331/908 906/330/906
vt 0.4867913 0.6110978
f 537/346/537 493/288/493 536/287/536
vt 0.4089293 0.5348986
f 350/249/350 351/347/351 358/290/358
vt 0.3880862 0.5147978
f 358/290/358 361/348/361 359/294/359
vt 0.3773405 0.4967151
f 359/294/359 361/348/361 362/349/362
vt 0.9385300 0.0634647
vt 0.9372361 0.0824984
f 2221/350/2221 2252/337/2252 2211/351/2211
vt 0.9215535 0.1018668
f 2260/335/2260 2266/352/2266 2258/336/2258
vt 0.3512540 0.9870460
vt 0.3512796 0.9835621
vt 0.3902547 0.9871857
f 1623/353/1623 1613/354/1613 1621/355/1621
vt 0.8663408 0.9811522
f 1694/304/1694 1688/356/1688 1693/280/1693
vt 0.9802555 0.3068004
vt 0.9704872 0.3228704
vt 0.9799533 0.3232588
f 2132/357/2132 2116/358/2116 2133/359/2133
f 1121/279/1121 1120/339/1120 1122/270/1122
f 1122/270/1122 1120/339/1120 1107/340/1107
f 2077/298/2077 2116/358/2116 2117/306/2117
vt 0.9894067 0.0905823
f 1129/282/1129 1130/360/1130 1143/320/1143
vt 0.9514412 0.3243583
f 2096/299/2096 2106/325/2106 2097/361/2097
f 2096/299/2096 2097/361/2097 2078/297/2078
f 219/284/219 395/342/395 221/343/221
vt 0.0461412 0.6263777
f 1286/309/1286 1278/362/1278 1263/322/1263
f 1263/322/1263 1265/345/1265 1262/310/1262
f 1262/310/1262 1265/345/1265 1260/311/1260
vt 0.4743699 0.6078689
f 493/288/493 280/363/280 240/275/240
f 319/323/319 323/324/323 349/289/349
f 323/324/323 351/347/351 350/249/350
vt 0.8658088 0.9965447
vt 0.8611585 0.9902179
f 1745/364/1745 1733/365/1733 1730/303/1730
f 1730/303/1730 1688/356/1688 1694/304/1694
f 1129/282/1129 1107/340/1107 1130/360/1130
vt 0.8550118 0.9655793
f 1713/295/1713 1714/366/1714 1723/296/1723
vt 0.8582648 0.9586545
f 1723/296/1723 1714/366/1714 1724/367/1724
vt 0.9640893 0.3287483
f 2077/298/2077 2076/368/2076 2116/358/2116
vt 0.9565260 0.3280978
f 2097/361/2097 2074/369/2074 2078/297/2078
f 221/343/221 222/344/222 220/300/220
f 220/300/220 222/344/222 225/285/225
vt 0.4807915 0.6139143
f 537/346/537 276/370/276 493/288/493
f 493/288/493 276/370/276 280/363/280
vt 0.4640704 0.6104726
f 280/363/280 286/371/286 240/275/240
f 240/275/240 286/371/286 292/313/292
f 359/294/359 362/349/362 374/338/374
vt 0.9659685 0.0751328
vt 0.9715886 0.1044489
f 1159/372/1159 1151/373/1151 1153/269/1153
f 1153/269/1153 1151/373/1151 1120/339/1120
vt 0.3792426 0.9699084
vt 0.3703572 0.9768391
f 1568/305/1568 1564/374/1564 1566/375/1566
vt 0.9832933 0.0998718
f 1107/340/1107 1109/376/1109 1130/360/1130
f 2078/297/2078 2074/369/2074 2077/298/2077
f 2077/298/2077 2074/369/2074 2076/368/2076
vt 0.9897684 0.1092966
f 1130/360/1130 1132/377/1132 1143/320/1143
vt 0.2886294 0.4341712
f 387/327/387 397/378/397 396/341/396
vt 0.2371315 0.3623090
f 222/344/222 234/379/234 245/308/245
vt 0.2318127 0.3551542
vt 0.2368191 0.3487583
f 245/308/245 249/380/249 252/381/252
vt 0.0396183 0.6178459
f 1278/362/1278 1266/382/1266 1263/322/1263
f 1263/322/1263 1266/382/1266 1265/345/1265
vt 0.2278595 0.0178500
vt 0.2356111 0.0538614
f 907/383/907 906/330/906 905/384/905
vt 0.4502727 0.5993571
f 286/371/286 291/385/291 292/313/292
f 292/313/292 291/385/291 293/314/293
vt 0.4110713 0.5594476
f 323/324/323 320/386/320 351/347/351
vt 0.3946528 0.5383753
f 351/347/351 352/387/352 358/290/358
vt 0.2023335 0.1974148
vt 0.2056159 0.2015281
f 2439/388/2439 2429/389/2429 2431/292/2431
vt 0.2069436 0.2079865
vt 0.1992070 0.2146522
vt 0.1773260 0.2082839
f 2404/390/2404 2406/391/2406 2407/392/2407
vt 0.3626313 0.5089749
f 362/349/362 446/393/446 374/338/374
vt 0.1842892 0.2148875
f 2408/394/2408 2406/391/2406 2448/318/2448
vt 0.8529430 0.9728508
f 1688/356/1688 1692/395/1692 1693/280/1693
f 1693/280/1693 1692/395/1692 1713/295/1713
f 1713/295/1713 1692/395/1692 1714/366/1714
vt 0.3817068 0.9626123
f 1590/319/1590 1591/396/1591 1568/305/1568
f 1568/305/1568 1591/396/1591 1564/374/1564
f 1130/360/1130 1109/376/1109 1132/377/1132
f 1602/321/1602 1591/396/1591 1590/319/1590
vt 0.3105985 0.4455043
f 380/326/380 405/397/405 387/327/387
vt 0.2790446 0.4051697
f 396/341/396 399/398/399 395/342/395
vt 0.2352354 0.3710160
f 222/344/222 223/399/223 234/379/234
f 245/308/245 234/379/234 249/380/249
vt 0.0173068 0.6192407
f 1265/345/1265 1267/400/1267 1264/328/1264
f 906/330/906 907/383/907 940/333/940
f 358/290/358 352/387/352 361/348/361
f 361/348/361 446/393/446 362/349/362
vt 0.9305375 0.0940028
vt 0.9374196 0.0979100
f 2211/351/2211 2245/401/2245 2209/402/2209
vt 0.9762785 0.1130854
f 1120/339/1120 1108/403/1108 1107/340/1107
vt 0.9571279 0.3449212
f 2074/369/2074 2075/404/2075 2076/368/2076
vt 0.3313253 0.4813940
f 374/338/374 443/405/443 378/307/378
f 397/378/397 399/398/399 396/341/396
vt 0.2358020 0.3867652
f 221/343/221 224/406/224 223/399/223
f 221/343/221 223/399/223 222/344/222
f 1266/382/1266 1267/400/1267 1265/345/1265
vt 0.0028073 0.6140699
f 1267/400/1267 1268/407/1268 1264/328/1264
vt 0.4812557 0.6316472
f 537/346/537 273/408/273 276/370/276
vt 0.4380315 0.5876768
f 293/314/293 310/409/310 319/323/319
f 319/323/319 320/386/320 323/324/323
vt 0.3693237 0.5258250
f 361/348/361 360/410/360 446/393/446
vt 0.8456352 0.9975534
vt 0.8463227 0.9902966
f 1746/411/1746 1731/412/1731 1733/365/1733
vt 0.8325725 0.9824455
f 1731/412/1731 1689/413/1689 1688/356/1688
vt 0.8352117 0.9785301
f 1688/356/1688 1689/413/1689 1690/414/1690
f 1688/356/1688 1690/414/1690 1692/395/1692
f 1120/339/1120 1151/373/1151 1108/403/1108
vt 0.4011574 0.9706947
f 1564/374/1564 1565/415/1565 1566/375/1566
vt 0.3160691 0.4731097
f 378/307/378 443/405/443 434/416/434
f 378/307/378 434/416/434 380/326/380
f 380/326/380 434/416/434 405/397/405
f 395/342/395 224/406/224 221/343/221
vt 0.4686586 0.6304187
f 276/370/276 279/417/279 280/363/280
f 291/385/291 310/409/310 293/314/293
vt 0.2218126 0.2141076
f 2404/390/2404 2405/418/2405 2406/391/2406
vt 0.3479921 0.4945667
f 374/338/374 446/393/446 460/419/460
vt 0.2305137 0.2218701
f 2406/391/2406 2449/420/2449 2448/318/2448
vt 0.9658470 0.1297648
f 1159/372/1159 1158/421/1158 1151/373/1151
vt 0.9821369 0.1182153
f 1108/403/1108 1110/422/1110 1109/376/1109
f 460/419/460 443/405/443 374/338/374
f 1109/376/1109 1110/422/1110 1132/377/1132
vt 0.8311504 0.9664188
f 1714/366/1714 1716/423/1716 1724/367/1724
vt 0.8382666 0.9587888
f 1724/367/1724 1716/423/1716 1726/424/1726
vt 0.9641261 0.3515129
f 2075/404/2075 2079/425/2079 2076/368/2076
vt 0.9953224 0.1267010
f 1143/320/1143 1132/377/1132 1145/426/1145
vt 0.3970283 0.9589314
f 1602/321/1602 1603/427/1603 1591/396/1591
vt 0.9464133 0.3398534
f 2106/325/2106 2104/428/2104 2097/361/2097
vt 0.9518196 0.3436830
f 2097/361/2097 2101/429/2101 2074/369/2074
f 2101/429/2101 2075/404/2075 2074/369/2074
vt 0.3075650 0.4707354
f 434/416/434 441/430/441 405/397/405
vt 0.2702087 0.4338574
f 397/378/397 400/431/400 399/398/399
vt 0.2532117 0.4094908
f 395/342/395 399/398/399 401/432/401
f 401/432/401 224/406/224 395/342/395
vt 0.2136741 0.0182115
vt 0.2190848 0.0098627
f 922/433/922 937/434/937 907/383/907
f 320/386/320 352/387/352 351/347/351
vt 0.3760362 0.5437670
f 352/387/352 353/435/353 360/410/360
f 352/387/352 360/410/360 361/348/361
vt 0.8302169 0.9724767
f 1692/395/1692 1700/436/1700 1714/366/1714
f 1700/436/1700 1716/423/1716 1714/366/1714
vt 0.4044164 0.9634455
f 1591/396/1591 1593/437/1593 1564/374/1564
f 1564/374/1564 1593/437/1593 1565/415/1565
vt 0.9893298 0.1262007
f 1132/377/1132 1131/438/1131 1145/426/1145
f 2097/361/2097 2104/428/2104 2101/429/2101
vt 0.2084807 0.3710740
f 234/379/234 228/439/228 249/380/249
vt 0.2094947 0.3612860
f 249/380/249 250/440/250 252/381/252
vt 0.0399287 0.5974491
f 1278/362/1278 1271/441/1271 1266/382/1266
vt 0.0163502 0.5999590
f 1267/400/1267 1269/442/1269 1268/407/1268
vt 0.0034784 0.5987120
f 1269/442/1269 1272/443/1272 1268/407/1268
vt 0.4733191 0.6377600
f 272/444/272 276/370/276 273/408/273
f 272/444/272 279/417/279 276/370/276
f 279/417/279 286/371/286 280/363/280
vt 0.3864422 0.5594627
f 320/386/320 321/445/321 352/387/352
vt 0.9418438 0.5884684
vt 0.9358464 0.6037864
vt 0.9424394 0.6084602
f 1993/446/1993 2025/447/2025 1997/448/1997
vt 0.9351506 0.1128686
vt 0.9272094 0.1101785
vt 0.9290376 0.1185129
f 2210/449/2210 2254/450/2254 2247/451/2247
f 1692/395/1692 1690/414/1690 1700/436/1700
f 1591/396/1591 1603/427/1603 1593/437/1593
f 405/397/405 397/378/397 387/327/387
f 399/398/399 400/431/400 401/432/401
f 223/399/223 228/439/228 234/379/234
f 228/439/228 250/440/250 249/380/249
vt 0.0458252 0.5960901
f 1278/362/1278 1288/452/1288 1271/441/1271
vt 0.0291186 0.5983573
f 1271/441/1271 1270/453/1270 1266/382/1266
f 1266/382/1266 1270/453/1270 1267/400/1267
f 1267/400/1267 1270/453/1270 1269/442/1269
vt 0.1983119 0.0176171
vt 0.2040686 0.0097720
f 922/433/922 926/454/926 938/455/938
vt 0.4459250 0.6240882
f 286/371/286 287/456/287 291/385/291
vt 0.4042020 0.5773246
f 319/323/319 310/409/310 312/457/312
f 319/323/319 312/457/312 320/386/320
f 321/445/321 353/435/353 352/387/352
vt 0.3485044 0.5204657
f 360/410/360 482/458/482 446/393/446
vt 0.2339268 0.2079728
f 2409/459/2409 2405/418/2405 2404/390/2404
f 446/393/446 482/458/482 460/419/460
f 2406/391/2406 2405/418/2405 2449/420/2449
vt 0.8345616 0.9902110
f 1731/412/1731 1734/460/1734 1689/413/1689
vt 0.9712067 0.1269888
f 1151/373/1151 1152/461/1152 1108/403/1108
f 1132/377/1132 1110/422/1110 1131/438/1131
vt 0.2070429 0.3564634
f 250/440/250 257/462/257 252/381/252
vt 0.4761868 0.6464662
f 273/408/273 267/463/267 272/444/272
vt 0.4625304 0.6447601
f 279/417/279 277/464/277 286/371/286
f 286/371/286 277/464/277 287/456/287
vt 0.4325172 0.6108804
f 287/456/287 309/465/309 291/385/291
vt 0.9368713 0.6168661
vt 0.9417464 0.6251253
f 1997/448/1997 2023/466/2023 2000/467/2000
vt 0.3369241 0.5052084
f 482/458/482 499/468/499 460/419/460
f 1158/421/1158 1152/461/1152 1151/373/1151
vt 0.3227327 0.4933786
f 499/468/499 501/469/501 443/405/443
f 460/419/460 499/468/499 443/405/443
vt 0.9825001 0.1355947
f 1110/422/1110 1112/470/1112 1131/438/1131
vt 0.8223421 0.9589493
f 1726/424/1726 1716/423/1716 1727/471/1727
vt 0.9569103 0.3654295
f 2075/404/2075 2080/472/2080 2079/425/2079
vt 0.9911512 0.1425585
f 1131/438/1131 1136/473/1136 1145/426/1145
vt 0.9467221 0.3560312
f 2104/428/2104 2103/474/2103 2101/429/2101
vt 0.9529324 0.3654472
f 2101/429/2101 2103/474/2103 2100/475/2100
f 2101/429/2101 2100/475/2100 2075/404/2075
f 443/405/443 501/469/501 434/416/434
vt 0.2875175 0.4663339
f 441/430/441 439/476/439 405/397/405
f 405/397/405 439/476/439 397/378/397
vt 0.2522102 0.4288055
f 400/431/400 402/477/402 401/432/401
f 310/409/310 309/465/309 312/457/312
f 320/386/320 312/457/312 321/445/321
vt 0.3541818 0.5320176
f 360/410/360 468/478/468 482/458/482
vt 0.8296311 0.9977526
vt 0.8202415 0.9917597
f 1742/479/1742 1735/480/1735 1734/460/1734
f 2100/475/2100 2080/472/2080 2075/404/2075
vt 0.3078338 0.4863969
f 501/469/501 500/481/500 434/416/434
f 434/416/434 500/481/500 441/430/441
f 223/399/223 224/406/224 228/439/228
vt 0.0398902 0.5787296
f 1271/441/1271 1275/482/1275 1270/453/1270
vt 0.4659397 0.6553335
f 267/463/267 271/483/271 272/444/272
f 272/444/272 277/464/277 279/417/279
vt 0.4069655 0.5969684
f 309/465/309 308/484/308 312/457/312
vt 0.3759248 0.5717992
f 321/445/321 311/485/311 353/435/353
vt 0.3580956 0.5460001
f 353/435/353 467/486/467 360/410/360
f 467/486/467 468/478/468 360/410/360
vt 0.3365849 0.5291108
f 482/458/482 170/487/170 499/468/499
vt 0.3278311 0.5155282
f 499/468/499 170/487/170 171/488/171
vt 0.8156110 0.9790169
f 1689/413/1689 1691/489/1691 1690/414/1690
vt 0.9750962 0.1370476
f 1152/461/1152 1111/490/1111 1108/403/1108
f 1690/414/1690 1691/489/1691 1700/436/1700
vt 0.3164259 0.5016176
f 171/488/171 524/491/524 501/469/501
f 499/468/499 171/488/171 501/469/501
f 1108/403/1108 1111/490/1111 1110/422/1110
f 1111/490/1111 1112/470/1112 1110/422/1110
vt 0.9636325 0.3733944
vt 0.9705505 0.3741889
f 2079/425/2079 2081/492/2081 2119/493/2119
vt 0.4221499 0.9640501
f 1593/437/1593 1592/494/1592 1565/415/1565
vt 0.4224714 0.9714890
f 1592/494/1592 1572/495/1572 1565/415/1565
f 2079/425/2079 2080/472/2080 2081/492/2081
vt 0.4128544 0.9556087
f 1603/427/1603 1605/496/1605 1593/437/1593
vt 0.2932889 0.4829196
f 500/481/500 484/497/484 441/430/441
f 484/497/484 439/476/439 441/430/441
f 1271/441/1271 1288/452/1288 1275/482/1275
vt 0.0216166 0.5806023
f 1270/453/1270 1275/482/1275 1274/498/1274
f 1270/453/1270 1274/498/1274 1269/442/1269
vt 0.0027975 0.5780005
f 1269/442/1269 1273/499/1273 1272/443/1272
f 272/444/272 271/483/271 277/464/277
vt 0.3832453 0.5792922
f 312/457/312 313/500/313 321/445/321
f 353/435/353 311/485/311 467/486/467
vt 0.3452921 0.5369925
f 468/478/468 520/501/520 482/458/482
vt 0.8146943 0.9842017
f 1735/480/1735 1702/502/1702 1734/460/1734
f 1734/460/1734 1702/502/1702 1689/413/1689
f 1689/413/1689 1702/502/1702 1691/489/1691
vt 0.8119898 0.9727465
f 1700/436/1700 1707/503/1707 1716/423/1716
vt 0.9832539 0.1505027
f 1131/438/1131 1112/470/1112 1114/504/1114
f 1131/438/1131 1114/504/1114 1136/473/1136
f 501/469/501 524/491/524 500/481/500
vt 0.2701649 0.4662006
f 439/476/439 438/505/438 397/378/397
vt 0.2300081 0.4142317
f 401/432/401 404/506/404 224/406/224
vt 0.2160574 0.3916395
f 224/406/224 229/507/229 228/439/228
f 1269/442/1269 1274/498/1274 1273/499/1273
vt 0.4661757 0.6670049
f 267/463/267 265/508/265 271/483/271
f 321/445/321 313/500/313 311/485/311
vt 0.3579971 0.5589016
f 311/485/311 466/509/466 467/486/467
vt 0.3464140 0.5477256
f 467/486/467 523/510/523 468/478/468
f 468/478/468 523/510/523 520/501/520
f 520/501/520 170/487/170 482/458/482
vt 0.2487916 0.2141151
f 2409/459/2409 2410/511/2410 2405/418/2405
f 2405/418/2405 2410/511/2410 2449/420/2449
f 1691/489/1691 1707/503/1707 1700/436/1700
vt 0.8057397 0.9665693
f 1716/423/1716 1707/503/1707 1717/512/1717
f 1716/423/1716 1717/512/1717 1727/471/1727
vt 0.8004203 0.9613457
f 1727/471/1727 1717/512/1717 1728/513/1728
f 1605/496/1605 1592/494/1592 1593/437/1593
vt 0.9491528 0.3867261
f 2103/474/2103 2102/514/2102 2100/475/2100
vt 0.3011447 0.4949328
f 524/491/524 174/515/174 500/481/500
f 397/378/397 438/505/438 400/431/400
f 404/506/404 229/507/229 224/406/224
vt 0.1862419 0.3780234
f 228/439/228 235/516/235 250/440/250
vt 0.1807994 0.0185688
vt 0.1851520 0.0385613
f 929/517/929 926/454/926 927/518/927
vt 0.4528634 0.6659546
f 271/483/271 274/519/274 277/464/277
vt 0.4387615 0.6453785
f 277/464/277 283/520/283 287/456/287
vt 0.3978095 0.6213109
f 309/465/309 297/521/297 308/484/308
vt 0.3874534 0.5952399
f 308/484/308 307/522/307 312/457/312
f 467/486/467 466/509/466 523/510/523
vt 0.9275837 0.1299784
vt 0.9191544 0.1316239
vt 0.9262495 0.1438475
f 2246/523/2246 2263/524/2263 2249/525/2249
vt 0.9720466 0.1563953
f 1152/461/1152 1149/526/1149 1111/490/1111
vt 0.3118281 0.5079092
f 171/488/171 173/527/173 524/491/524
vt 0.9565432 0.3872228
f 2080/472/2080 2082/528/2082 2081/492/2081
vt 0.4335866 0.9581499
f 1605/496/1605 1604/529/1604 1592/494/1592
vt 0.9451314 0.3783315
f 2103/474/2103 2112/530/2112 2102/514/2102
f 174/515/174 484/497/484 500/481/500
f 484/497/484 438/505/438 439/476/439
vt 0.2322277 0.4414394
f 402/477/402 403/531/403 401/432/401
vt 0.4243599 0.6342409
f 287/456/287 283/520/283 294/532/294
f 287/456/287 294/532/294 309/465/309
f 309/465/309 294/532/294 297/521/297
f 520/501/520 523/510/523 170/487/170
vt 0.9356222 0.6435070
vt 0.9419905 0.6425001
f 2000/467/2000 2022/533/2022 2002/534/2002
vt 0.3275452 0.5322687
f 170/487/170 125/535/125 171/488/171
vt 0.7991585 0.9923000
f 1735/480/1735 1736/536/1736 1702/502/1702
vt 0.3197732 0.5220758
f 125/535/125 157/537/157 171/488/171
f 157/537/157 173/527/173 171/488/171
vt 0.3073446 0.5130503
f 157/537/157 124/538/124 173/527/173
vt 0.9763737 0.1565665
f 1149/526/1149 1113/539/1113 1111/490/1111
f 1111/490/1111 1113/539/1113 1112/470/1112
f 1113/539/1113 1114/504/1114 1112/470/1112
vt 0.9879765 0.1560850
f 1114/504/1114 1134/540/1134 1136/473/1136
vt 0.4378581 0.9655948
f 1592/494/1592 1594/541/1594 1572/495/1572
vt 0.9924521 0.1636736
f 1136/473/1136 1134/540/1134 1138/542/1138
f 524/491/524 173/527/173 174/515/174
vt 0.2872470 0.4918247
f 174/515/174 175/543/175 484/497/484
vt 0.2479672 0.4464453
f 402/477/402 400/431/400 415/544/415
f 415/544/415 403/531/403 402/477/402
f 401/432/401 403/531/403 404/506/404
vt 0.1896657 0.3878022
f 228/439/228 230/545/230 235/516/235
vt 0.1776325 0.3724709
f 250/440/250 251/546/251 257/462/257
vt 0.0496357 0.5632749
f 1288/452/1288 1291/547/1291 1275/482/1275
vt 0.8128415 0.0998671
vt 0.7965037 0.1077706
vt 0.8012460 0.0985182
f 1685/548/1685 1684/549/1684 1683/550/1683
vt 0.0239443 0.5679395
f 1275/482/1275 1276/551/1276 1274/498/1274
vt 0.4729266 0.6622192
vt 0.4633511 0.6812272
f 266/552/266 263/553/263 265/508/265
vt 0.4533421 0.6795278
f 271/483/271 270/554/270 274/519/274
vt 0.3844320 0.6160589
f 297/521/297 299/555/299 308/484/308
f 307/522/307 313/500/313 312/457/312
vt 0.3577081 0.5742267
f 311/485/311 465/556/465 466/509/466
vt 0.3441450 0.5594655
f 523/510/523 466/509/466 538/557/538
vt 0.3352488 0.5500964
f 523/510/523 126/558/126 170/487/170
f 126/558/126 125/535/125 170/487/170
vt 0.7906469 0.9850193
f 1736/536/1736 1703/559/1703 1702/502/1702
f 125/535/125 124/538/124 157/537/157
vt 0.9659063 0.1666440
f 1158/421/1158 1156/560/1156 1152/461/1152
f 1152/461/1152 1156/560/1156 1149/526/1149
vt 0.7973371 0.9798467
f 1691/489/1691 1705/561/1705 1707/503/1707
vt 0.4363358 0.9784980
vt 0.4200025 0.9781765
f 1572/495/1572 1573/562/1573 1574/563/1574
vt 0.7889366 0.9736111
f 1707/503/1707 1708/564/1708 1717/512/1717
vt 0.9637580 0.4000225
vt 0.9699140 0.3912676
f 2084/565/2084 2120/566/2120 2119/493/2119
f 2081/492/2081 2084/565/2084 2119/493/2119
f 2082/528/2082 2084/565/2084 2081/492/2081
f 2100/475/2100 2102/514/2102 2082/528/2082
vt 0.2964710 0.5072765
f 124/538/124 168/567/168 173/527/173
f 168/567/168 174/515/174 173/527/173
vt 0.2788939 0.4830683
f 175/543/175 486/568/486 484/497/484
f 438/505/438 415/544/415 400/431/400
f 229/507/229 230/545/230 228/439/228
f 250/440/250 235/516/235 251/546/251
vt 0.0396751 0.5669639
f 1275/482/1275 1277/569/1277 1276/551/1276
f 1274/498/1274 1276/551/1276 1273/499/1273
vt 0.0024011 0.5646507
f 1273/499/1273 1276/551/1276 1279/570/1279
f 265/508/265 270/554/270 271/483/271
f 274/519/274 283/520/283 277/464/277
f 523/510/523 538/557/538 126/558/126
vt 0.2667432 0.2217889
f 2410/511/2410 2446/571/2446 2449/420/2449
f 1702/502/1702 1703/559/1703 1705/561/1705
f 1702/502/1702 1705/561/1705 1691/489/1691
f 1705/561/1705 1708/564/1708 1707/503/1707
vt 0.9827118 0.1651416
f 1114/504/1114 1115/572/1115 1134/540/1134
f 168/567/168 175/543/175 174/515/174
f 484/497/484 486/568/486 438/505/438
vt 0.1939507 0.4022851
f 404/506/404 231/573/231 229/507/229
f 308/484/308 299/555/299 307/522/307
f 307/522/307 311/485/311 313/500/313
vt 0.3476287 0.5732765
f 466/509/466 518/574/518 538/557/538
vt 0.3217707 0.5509997
f 126/558/126 116/575/116 125/535/125
vt 0.8020553 0.9995375
vt 0.7829708 0.9940600
f 1750/576/1750 1737/577/1737 1736/536/1736
vt 0.9266849 0.6463268
vt 0.9277462 0.6643751
vt 0.9330198 0.6629453
f 2067/578/2067 2064/579/2064 2039/580/2039
vt 0.4478043 0.9713748
f 1572/495/1572 1594/541/1594 1575/581/1575
f 1572/495/1572 1575/581/1575 1573/562/1573
vt 0.7817510 0.9662597
f 1717/512/1717 1718/582/1718 1728/513/1728
vt 0.2822001 0.5047013
vt 0.2824872 0.4984940
f 123/583/123 176/584/176 168/567/168
f 168/567/168 176/584/176 175/543/175
vt 0.2679523 0.4820422
f 438/505/438 486/568/486 485/585/485
f 229/507/229 231/573/231 230/545/230
vt 0.7828484 0.1074120
f 1684/549/1684 1682/586/1682 1683/550/1683
vt 0.0391323 0.5508788
f 1277/569/1277 1280/587/1280 1276/551/1276
vt 0.8022682 0.0817257
vt 0.7864674 0.0807417
vt 0.7994029 0.0597517
f 1674/588/1674 1670/589/1670 1673/590/1673
vt 0.4541304 0.6873034
f 265/508/265 261/591/261 270/554/270
vt 0.3686683 0.5999223
f 307/522/307 301/592/301 311/485/311
vt 0.3540486 0.5899203
f 311/485/311 322/593/322 465/556/465
f 465/556/465 518/574/518 466/509/466
vt 0.3363275 0.5676739
f 156/594/156 126/558/126 538/557/538
f 125/535/125 116/575/116 124/538/124
vt 0.9757357 0.1724784
f 1149/526/1149 1116/595/1116 1113/539/1113
vt 0.9888181 0.1745873
f 1134/540/1134 1115/572/1115 1133/596/1133
f 1134/540/1134 1133/596/1133 1138/542/1138
vt 0.9956645 0.1857301
f 1138/542/1138 1133/596/1133 1146/597/1146
vt 0.4552681 0.9622390
f 1604/529/1604 1597/598/1597 1594/541/1594
f 1717/512/1717 1708/564/1708 1718/582/1718
vt 0.9412568 0.3975042
f 2112/530/2112 2114/599/2114 2102/514/2102
vt 0.9568204 0.3985633
f 2082/528/2082 2083/600/2083 2084/565/2084
f 124/538/124 123/583/123 168/567/168
vt 0.2690704 0.4977386
f 176/584/176 180/601/180 175/543/175
f 175/543/175 180/601/180 486/568/486
vt 0.2491357 0.4709815
f 485/585/485 440/602/440 438/505/438
f 440/602/440 415/544/415 438/505/438
vt 0.2087384 0.4258235
f 403/531/403 413/603/413 404/506/404
f 404/506/404 413/603/413 231/573/231
vt 0.7853711 0.0970396
f 1671/604/1671 1670/589/1670 1674/588/1674
vt 0.3918486 0.6413324
f 296/605/296 297/521/297 294/532/294
f 307/522/307 299/555/299 301/592/301
f 301/592/301 322/593/322 311/485/311
vt 0.3416606 0.5665433
f 518/574/518 542/606/542 538/557/538
f 156/594/156 538/557/538 542/606/542
vt 0.2690837 0.2064868
vt 0.2736324 0.2134433
vt 0.2609664 0.2129743
f 2418/607/2418 2419/608/2419 2412/609/2412
vt 0.7749126 0.9803656
f 1705/561/1705 1704/610/1704 1708/564/1708
f 1113/539/1113 1116/595/1116 1115/572/1115
vt 0.4566680 0.9782056
f 1575/581/1575 1581/611/1581 1573/562/1573
vt 0.4492342 0.9654639
f 1597/598/1597 1596/612/1596 1594/541/1594
f 1594/541/1594 1596/612/1596 1575/581/1575
vt 0.9483429 0.4077902
f 2102/514/2102 2114/599/2114 2105/613/2105
vt 0.9519562 0.4026538
f 2102/514/2102 2105/613/2105 2099/614/2099
f 2102/514/2102 2099/614/2099 2083/600/2083
f 116/575/116 123/583/123 124/538/124
f 180/601/180 485/585/485 486/568/486
vt 0.2583069 0.4845075
f 492/615/492 440/602/440 485/585/485
vt 0.1685514 0.3993886
f 230/545/230 233/616/233 235/516/235
vt 0.1656200 0.3797547
f 235/516/235 612/617/612 251/546/251
f 1682/586/1682 1671/604/1671 1683/550/1683
vt 0.7839735 0.0605286
f 1673/590/1673 1670/589/1670 1669/618/1669
vt 0.4197516 0.6751856
f 283/520/283 284/619/284 294/532/294
vt 0.4069672 0.6612023
f 294/532/294 295/620/295 296/605/296
vt 0.3432674 0.5828274
f 322/593/322 517/621/517 465/556/465
f 465/556/465 517/621/517 518/574/518
f 1737/577/1737 1703/559/1703 1736/536/1736
f 1703/559/1703 1704/610/1704 1705/561/1705
vt 0.9826574 0.1827824
f 1115/572/1115 1116/595/1116 1117/622/1117
f 1115/572/1115 1117/622/1117 1133/596/1133
vt 0.9901572 0.1851983
f 1133/596/1133 1135/623/1135 1146/597/1146
vt 0.2649694 0.5178261
f 116/575/116 122/624/122 123/583/123
vt 0.2390791 0.4727579
f 415/544/415 436/625/436 403/531/403
vt 0.1751748 0.4117400
f 230/545/230 232/626/232 233/616/233
vt 0.4343424 0.6951509
f 270/554/270 275/627/275 274/519/274
vt 0.4303726 0.6824729
f 274/519/274 275/627/275 281/628/281
f 281/628/281 284/619/284 283/520/283
f 294/532/294 284/619/284 295/620/295
f 518/574/518 517/621/517 542/606/542
vt 0.3328836 0.5799376
f 156/594/156 127/629/127 126/558/126
vt 0.8399286 0.2405592
vt 0.8212379 0.2407471
vt 0.8394446 0.2303815
f 698/630/698 695/631/695 689/632/689
vt 0.7715382 0.9859036
f 1737/577/1737 1706/633/1706 1703/559/1703
vt 0.8449628 0.8179649
vt 0.8706490 0.8234662
vt 0.8594431 0.8237743
f 2833/634/2833 2822/635/2822 2853/636/2853
f 689/632/689 699/11/699 698/630/698
vt 0.2845718 0.2218250
f 2419/608/2419 2447/637/2447 2446/571/2446
vt 0.8410747 0.2514676
vt 0.8396880 0.2504879
f 698/630/698 739/638/739 706/639/706
f 698/630/698 706/639/706 695/631/695
vt 0.9660841 0.1848640
vt 0.9750088 0.1874136
f 1156/560/1156 1157/640/1157 1119/641/1119
f 1156/560/1156 1119/641/1119 1149/526/1149
f 1149/526/1149 1119/641/1119 1116/595/1116
vt 0.8396164 0.2593408
f 706/639/706 739/638/739 730/642/730
f 1596/612/1596 1597/598/1597 1575/581/1575
vt 0.4615292 0.9718086
f 1575/581/1575 1582/643/1582 1581/611/1581
vt 0.9570577 0.4240937
f 2083/600/2083 2086/644/2086 2084/565/2084
vt 0.2679994 0.5052623
f 123/583/123 122/624/122 152/645/152
f 123/583/123 152/645/152 176/584/176
f 176/584/176 152/645/152 180/601/180
f 440/602/440 436/625/436 415/544/415
f 230/545/230 231/573/231 232/626/232
vt 0.7702962 0.0966883
f 1671/604/1671 1667/646/1667 1670/589/1670
vt 0.4397107 0.6975384
f 270/554/270 269/647/269 275/627/275
vt 0.3515059 0.5980025
vt 0.3400972 0.5936652
f 322/593/322 478/648/478 510/649/510
f 322/593/322 510/649/510 517/621/517
f 517/621/517 127/629/127 156/594/156
vt 0.8382366 0.2162648
f 688/12/688 690/650/690 777/10/777
f 699/11/699 689/632/689 688/12/688
vt 0.8159292 0.2307872
f 689/632/689 687/651/687 688/12/688
f 689/632/689 695/631/695 687/651/687
vt 0.8002677 0.2411556
f 695/631/695 697/652/697 687/651/687
vt 0.3046199 0.5561565
vt 0.2981454 0.5448330
f 116/575/116 117/653/117 118/654/118
vt 0.8424159 0.8153679
f 2833/634/2833 2828/655/2828 2822/635/2822
vt 0.2873393 0.2127034
f 2419/608/2419 2421/656/2421 2447/637/2447
f 1703/559/1703 1706/633/1706 1704/610/1704
vt 0.8193031 0.2504063
f 695/631/695 706/639/706 715/657/715
f 695/631/695 715/657/715 697/652/697
vt 0.7679788 0.9729282
f 1704/610/1704 1709/658/1709 1708/564/1708
f 706/639/706 730/642/730 715/657/715
vt 0.8129285 0.2595990
vt 0.7889131 0.2585918
f 734/659/734 735/660/735 715/657/715
vt 0.9635740 0.4241870
vt 0.9687347 0.4054102
f 2084/565/2084 2090/661/2090 2115/662/2115
vt 0.8859344 0.8209389
vt 0.8788155 0.8237743
f 2822/635/2822 2820/663/2820 2866/664/2866
f 730/642/730 734/659/734 715/657/715
f 1133/596/1133 1117/622/1117 1135/623/1135
vt 0.4651240 0.9620591
f 1597/598/1597 1595/665/1595 1575/581/1575
f 1575/581/1575 1595/665/1595 1582/643/1582
vt 0.9527150 0.4226068
f 2099/614/2099 2105/613/2105 2095/666/2095
f 2099/614/2099 2095/666/2095 2083/600/2083
f 2083/600/2083 2095/666/2095 2086/644/2086
vt 0.8400179 0.2667771
vt 0.8243864 0.2663401
f 757/667/757 753/668/753 730/642/730
vt 0.2539712 0.5027862
f 180/601/180 181/669/181 485/585/485
f 485/585/485 181/669/181 492/615/492
vt 0.2154130 0.4618139
f 403/531/403 414/670/414 413/603/413
vt 0.1541339 0.3875822
f 235/516/235 604/671/604 612/617/612
vt 0.7693074 0.1074634
f 1682/586/1682 1681/672/1681 1671/604/1671
vt 0.7694527 0.0787890
f 1670/589/1670 1668/673/1668 1669/618/1669
vt 0.7664582 0.0601455
f 1668/673/1668 1663/674/1663 1669/618/1669
vt 0.3736255 0.6305351
f 297/521/297 298/675/298 299/555/299
vt 0.3559483 0.6214978
f 299/555/299 300/676/300 301/592/301
vt 0.3513970 0.6140098
f 301/592/301 318/677/318 322/593/322
f 322/593/322 318/677/318 478/648/478
f 127/629/127 116/575/116 126/558/126
vt 0.8131457 0.2199123
f 690/650/690 688/12/688 686/678/686
f 688/12/688 687/651/687 686/678/686
vt 0.7974085 0.2316815
f 686/678/686 687/651/687 684/679/684
vt 0.7827411 0.2417291
f 697/652/697 693/680/693 684/679/684
vt 0.7692756 0.9924816
f 1737/577/1737 1738/681/1738 1706/633/1706
vt 0.8537562 0.8120944
f 2828/655/2828 2823/682/2823 2822/635/2822
vt 0.7710373 0.9805469
f 1706/633/1706 1710/683/1710 1704/610/1704
vt 0.8786336 0.8150697
f 2823/682/2823 2821/684/2821 2822/635/2822
vt 0.7870019 0.2502507
f 697/652/697 712/685/712 693/680/693
f 2822/635/2822 2821/684/2821 2820/663/2820
f 697/652/697 715/657/715 712/685/712
vt 0.9729767 0.4193717
f 2115/662/2115 2090/661/2090 2124/686/2124
vt 0.2914397 0.5394410
f 118/654/118 121/687/121 116/575/116
f 715/657/715 735/660/735 712/685/712
vt 0.9831492 0.1939768
f 1116/595/1116 1119/641/1119 1118/688/1118
vt 0.4740437 0.9703081
vt 0.4735089 0.9775628
f 1581/611/1581 1583/689/1583 1584/690/1584
f 116/575/116 121/687/121 122/624/122
f 1117/622/1117 1118/688/1118 1135/623/1135
vt 0.9957482 0.1956483
f 1135/623/1135 1147/691/1147 1146/597/1146
f 730/642/730 753/668/753 734/659/734
vt 0.8390639 0.2762034
vt 0.8295434 0.2755284
f 772/692/772 769/693/769 757/667/757
f 152/645/152 181/669/181 180/601/180
vt 0.2501561 0.4944803
f 181/669/181 543/694/543 492/615/492
vt 0.2454107 0.4869063
f 492/615/492 491/695/491 440/602/440
f 440/602/440 491/695/491 436/625/436
vt 0.2000300 0.4488883
vt 0.1843549 0.4351948
f 413/603/413 417/696/417 416/697/416
f 235/516/235 233/616/233 604/671/604
f 1681/672/1681 1667/646/1667 1671/604/1671
f 1667/646/1667 1668/673/1668 1670/589/1670
f 261/591/261 269/647/269 270/554/270
f 297/521/297 296/605/296 298/675/298
vt 0.8342654 0.2060103
f 690/650/690 686/678/686 700/698/700
vt 0.8317760 0.8050644
vt 0.8397946 0.8053561
f 2830/699/2830 2829/700/2829 2828/655/2828
vt 0.8370808 0.8123591
f 2871/701/2871 2830/699/2830 2828/655/2828
f 2828/655/2828 2829/700/2829 2823/682/2823
vt 0.7830868 0.2314134
vt 0.7875180 0.2246886
f 684/679/684 682/702/682 683/703/683
f 684/679/684 693/680/693 682/702/682
vt 0.7657808 0.2337820
f 682/702/682 693/680/693 681/704/681
vt 0.3029439 0.5539429
f 117/653/117 166/705/166 118/654/118
vt 0.7605990 0.2420104
f 693/680/693 694/706/694 681/704/681
vt 0.8597596 0.8091315
vt 0.8659422 0.8107956
f 2860/707/2860 2855/708/2855 2823/682/2823
f 2823/682/2823 2855/708/2855 2821/684/2821
vt 0.7640126 0.2517284
f 694/706/694 693/680/693 711/709/711
f 1704/610/1704 1710/683/1710 1709/658/1709
f 693/680/693 712/685/712 711/709/711
vt 0.9675869 0.4244655
f 2090/661/2090 2125/710/2125 2124/686/2124
vt 0.7774798 0.2602446
f 735/660/735 733/711/733 712/685/712
f 712/685/712 733/711/733 711/709/711
vt 0.7609290 0.9637997
f 1709/658/1709 1721/712/1721 1718/582/1718
vt 0.9898660 0.1995293
f 1118/688/1118 1137/713/1137 1135/623/1135
f 1135/623/1135 1137/713/1137 1147/691/1147
f 1595/665/1595 1583/689/1583 1582/643/1582
vt 0.9447656 0.4184546
f 2114/599/2114 2110/714/2110 2105/613/2105
f 2105/613/2105 2110/714/2110 2095/666/2095
vt 0.8893804 0.8103778
f 2821/684/2821 2819/715/2819 2820/663/2820
vt 0.2835614 0.5368720
f 121/687/121 148/716/148 122/624/122
vt 0.2782741 0.5364613
f 148/716/148 149/717/149 122/624/122
vt 0.8943521 0.8159354
f 2820/663/2820 2819/715/2819 2818/718/2818
f 757/667/757 769/693/769 753/668/753
vt 0.8382037 0.2789084
f 772/692/772 773/719/773 769/693/769
vt 0.2549681 0.5091240
f 152/645/152 151/720/151 181/669/181
f 543/694/543 491/695/491 492/615/492
f 436/625/436 414/670/414 403/531/403
f 414/670/414 417/696/417 413/603/413
f 413/603/413 416/697/416 231/573/231
f 231/573/231 416/697/416 232/626/232
f 301/592/301 300/676/300 318/677/318
vt 0.8352803 0.7996714
f 2832/9/2832 2831/721/2831 2830/699/2830
f 2830/699/2830 2831/721/2831 2829/700/2829
vt 0.3051814 0.5686858
f 116/575/116 119/722/119 117/653/117
vt 0.8469355 0.8047577
f 2829/700/2829 2859/723/2859 2823/682/2823
vt 0.8943565 0.8695308
vt 0.8939951 0.8799558
vt 0.8842416 0.8748229
f 2565/724/2565 2591/725/2591 2577/726/2577
vt 0.7684138 0.2266253
f 683/703/683 682/702/682 680/727/680
f 682/702/682 681/704/681 680/727/680
vt 0.7086862 0.2332167
f 681/704/681 678/728/678 680/727/680
vt 0.2921633 0.2028536
vt 0.2954496 0.2044081
vt 0.2919120 0.2061590
f 2434/729/2434 2445/730/2445 2420/731/2420
f 2823/682/2823 2859/723/2859 2860/707/2860
vt 0.7097825 0.2426594
f 681/704/681 691/732/691 678/728/678
vt 0.6787302 0.2350475
f 678/728/678 691/732/691 679/733/679
vt 0.6820859 0.2436924
f 679/733/679 691/732/691 692/734/692
vt 0.2736903 0.2410429
vt 0.2704808 0.2508637
vt 0.2429743 0.2423323
f 662/735/662 664/736/664 661/737/661
vt 0.2381182 0.2511243
f 664/736/664 665/738/665 661/737/661
vt 0.1847377 0.2446326
f 665/738/665 660/739/660 661/737/661
vt 0.0995067 0.2450786
vt 0.0562559 0.2532115
vt 0.0388491 0.2430553
f 659/740/659 666/741/666 658/742/658
vt 0.0195811 0.2533347
f 658/742/658 666/741/666 667/743/667
vt 0.0197408 0.2415789
f 658/742/658 667/743/667 669/744/669
f 681/704/681 694/706/694 691/732/691
vt 0.6443413 0.2396607
vt 0.6435958 0.2438848
vt 0.5851426 0.2368940
f 620/745/620 619/746/619 615/747/615
vt 0.5616893 0.2452204
f 615/747/615 619/746/619 618/748/618
vt 0.3404128 0.2502182
vt 0.3067835 0.2490928
vt 0.3040248 0.2428219
f 624/749/624 626/750/626 625/751/625
vt 0.1163437 0.2523875
f 660/739/660 665/738/665 668/752/668
f 660/739/660 668/752/668 659/740/659
f 659/740/659 668/752/668 666/741/666
vt 0.6437266 0.2481313
vt 0.5698798 0.2480232
f 633/753/633 632/754/632 619/746/619
f 619/746/619 632/754/632 618/748/618
vt 0.5153733 0.2470457
f 618/748/618 632/754/632 616/755/616
vt 0.4409025 0.2505597
vt 0.4362915 0.2477478
f 616/755/616 631/756/631 622/757/622
vt 0.4169076 0.2587368
f 631/756/631 719/758/719 624/749/624
f 631/756/631 624/749/624 622/757/622
vt 0.3067391 0.2544716
f 624/749/624 630/759/630 626/750/626
vt 0.2706698 0.2550370
f 664/736/664 672/760/672 665/738/665
vt 0.1871812 0.2547514
f 672/760/672 670/761/670 665/738/665
f 665/738/665 670/761/670 668/752/668
vt 0.0894583 0.2562930
f 668/752/668 670/761/670 671/762/671
f 668/752/668 671/762/671 666/741/666
vt 0.0196788 0.2632186
f 667/743/667 666/741/666 716/763/716
vt 0.7176569 0.2523739
f 711/709/711 710/764/710 694/706/694
f 694/706/694 710/764/710 691/732/691
vt 0.6916384 0.2524582
f 691/732/691 710/764/710 713/765/713
f 691/732/691 713/765/713 692/734/692
vt 0.6799318 0.2524896
f 692/734/692 713/765/713 714/766/714
vt 0.6463124 0.2551726
f 726/767/726 632/754/632 633/753/633
vt 0.5783385 0.2564780
f 726/767/726 725/768/725 632/754/632
vt 0.4752204 0.2587551
f 631/756/631 616/755/616 723/769/723
f 631/756/631 723/769/723 719/758/719
vt 0.3138964 0.2602690
f 624/749/624 721/770/721 630/759/630
vt 0.2445344 0.2620977
f 672/760/672 728/771/728 670/761/670
vt 0.2001284 0.2616696
f 728/771/728 727/772/727 670/761/670
vt 0.1470356 0.2625692
f 727/772/727 718/773/718 670/761/670
vt 0.0738074 0.2630784
f 718/773/718 717/774/717 670/761/670
f 670/761/670 717/774/717 671/762/671
f 671/762/671 717/774/717 666/741/666
f 666/741/666 717/774/717 716/763/716
vt 0.8775964 0.8089519
f 2855/708/2855 2854/775/2854 2821/684/2821
vt 0.2727035 0.2616845
f 672/760/672 729/776/729 728/771/728
vt 0.7442165 0.2583954
f 711/709/711 732/777/732 710/764/710
f 710/764/710 732/777/732 713/765/713
f 711/709/711 733/711/733 732/777/732
vt 0.9968124 0.2030528
f 1147/691/1147 1137/713/1137 1148/778/1148
vt 0.4724527 0.9632282
f 1595/665/1595 1598/779/1598 1583/689/1583
vt 0.7977760 0.2677314
f 734/659/734 759/780/759 735/660/735
f 735/660/735 759/780/759 733/711/733
f 753/668/753 769/693/769 759/780/759
vt 0.0128220 0.1993524
vt 0.0409931 0.1893216
vt 0.0468139 0.1978005
f 3208/781/3208 3188/782/3188 3211/783/3211
f 152/645/152 122/624/122 151/720/151
vt 0.3580942 0.6517238
f 296/605/296 303/784/303 298/675/298
f 2867/7/2867 2832/9/2832 2830/699/2830
vt 0.8352332 0.1938020
vt 0.8380347 0.2075788
f 700/698/700 709/785/709 702/786/702
vt 0.8408353 0.7977395
f 2829/700/2829 2831/721/2831 2858/787/2858
vt 0.8875992 0.8885674
vt 0.8809627 0.8802227
f 2591/725/2591 2602/788/2602 2593/789/2593
vt 0.7684175 0.2208467
vt 0.7871161 0.2171466
f 683/703/683 685/790/685 696/791/696
vt 0.3040749 0.5598593
f 119/722/119 165/792/165 117/653/117
f 2829/700/2829 2858/787/2858 2859/723/2859
vt 0.9111480 0.8746708
vt 0.9106859 0.8817473
vt 0.9047388 0.8747200
f 2632/793/2632 2634/794/2634 2578/795/2578
vt 0.7029641 0.2228058
f 685/790/685 680/727/680 676/796/676
f 117/653/117 165/792/165 166/705/166
vt 0.6707091 0.2264218
f 676/796/676 678/728/678 677/797/677
f 678/728/678 679/733/679 677/797/677
vt 0.6727964 0.2300349
f 679/733/679 705/798/705 677/797/677
vt 0.6522960 0.2274061
vt 0.6465758 0.2331006
vt 0.5677688 0.2340039
f 637/799/637 621/800/621 627/801/627
vt 0.5374895 0.2284771
f 637/799/637 627/801/627 636/802/636
vt 0.4614610 0.2359193
f 636/802/636 627/801/627 628/803/628
vt 0.3466431 0.2380630
vt 0.4303356 0.2304360
f 628/803/628 629/804/629 635/805/635
vt 0.3340320 0.2322928
f 635/805/635 629/804/629 639/806/639
vt 0.2990421 0.2384753
f 629/804/629 634/807/634 639/806/639
vt 0.2797038 0.2350917
vt 0.2456329 0.2339240
f 646/808/646 662/735/662 652/809/652
f 652/809/652 662/735/662 661/737/661
vt 0.1614475 0.2345832
f 652/809/652 661/737/661 653/810/653
vt 0.1053025 0.2413342
f 661/737/661 657/811/657 653/810/653
vt 0.0690600 0.2350737
f 653/810/653 657/811/657 654/812/654
f 657/811/657 658/742/658 654/812/654
vt 0.0198063 0.2347094
f 654/812/654 658/742/658 663/813/663
f 663/813/663 658/742/658 669/744/669
f 621/800/621 615/747/615 627/801/627
vt 0.4578945 0.2387316
f 627/801/627 615/747/615 617/814/617
f 627/801/627 617/814/617 628/803/628
f 628/803/628 617/814/617 629/804/629
vt 0.3464412 0.2412689
f 629/804/629 617/814/617 623/815/623
f 629/804/629 623/815/623 625/751/625
f 629/804/629 625/751/625 634/807/634
f 661/737/661 660/739/660 657/811/657
f 657/811/657 660/739/660 659/740/659
f 659/740/659 658/742/658 657/811/657
f 620/745/620 615/747/615 621/800/621
f 615/747/615 616/755/616 617/814/617
f 617/814/617 616/755/616 622/757/622
f 617/814/617 622/757/622 623/815/623
f 623/815/623 624/749/624 625/751/625
f 632/754/632 725/768/725 616/755/616
vt 0.3491914 0.2598930
f 719/758/719 720/816/720 624/749/624
f 624/749/624 720/816/720 721/770/721
vt 0.5398501 0.2574165
f 725/768/725 724/817/724 616/755/616
f 616/755/616 724/817/724 723/769/723
vt 0.3026427 0.2614933
f 630/759/630 721/770/721 722/818/722
vt 0.6728352 0.2597699
f 714/766/714 713/765/713 745/819/745
vt 0.4351822 0.2617655
f 723/769/723 737/820/737 719/758/719
f 719/758/719 737/820/737 720/816/720
vt 0.3457498 0.2647367
f 720/816/720 737/820/737 738/821/738
f 720/816/720 738/821/738 721/770/721
vt 0.3080048 0.2679205
f 738/821/738 740/822/740 721/770/721
f 721/770/721 740/822/740 722/818/722
f 728/771/728 718/773/718 727/772/727
vt 0.0621889 0.2676747
f 718/773/718 736/823/736 717/774/717
vt 0.0197062 0.2727782
f 736/823/736 747/824/747 716/763/716
f 717/774/717 736/823/736 716/763/716
vt 0.6798307 0.2635797
f 732/777/732 744/825/744 713/765/713
f 713/765/713 744/825/744 745/819/745
vt 0.6507123 0.2608194
vt 0.5981605 0.2645160
f 726/767/726 749/826/749 748/827/748
f 726/767/726 748/827/748 725/768/725
vt 0.5384065 0.2651827
f 725/768/725 748/827/748 746/828/746
f 725/768/725 746/828/746 724/817/724
f 746/828/746 723/769/723 724/817/724
vt 0.4828561 0.2692782
f 746/828/746 752/829/752 723/769/723
f 723/769/723 752/829/752 737/820/737
vt 0.4356901 0.2683488
f 737/820/737 752/829/752 751/830/751
f 737/820/737 751/830/751 738/821/738
vt 0.3557460 0.2707552
f 751/830/751 754/831/754 738/821/738
f 754/831/754 740/822/740 738/821/738
vt 0.2934771 0.2682099
f 740/822/740 758/832/758 722/818/722
vt 0.9472951 0.4250694
f 2110/714/2110 2111/833/2111 2095/666/2095
f 2095/666/2095 2111/833/2111 2086/644/2086
vt 0.2804333 0.2689378
vt 0.2684295 0.2701604
vt 0.2755278 0.2646255
f 756/834/756 743/835/743 755/836/755
f 755/836/755 743/835/743 729/776/729
f 729/776/729 743/835/743 728/771/728
vt 0.1989957 0.2716591
f 728/771/728 743/835/743 742/837/742
f 728/771/728 742/837/742 718/773/718
vt 0.1248855 0.2724622
f 718/773/718 742/837/742 741/838/741
f 718/773/718 741/838/741 736/823/736
f 741/838/741 747/824/747 736/823/736
vt 0.8876935 0.8058088
f 2854/775/2854 2848/839/2848 2821/684/2821
vt 0.7598212 0.2627721
f 733/711/733 750/840/750 732/777/732
f 732/777/732 750/840/750 744/825/744
vt 0.6933925 0.2682519
f 750/840/750 770/841/770 744/825/744
f 2821/684/2821 2848/839/2848 2819/715/2819
vt 0.7768106 0.2695512
f 733/711/733 768/842/768 750/840/750
vt 0.0643373 0.1871322
f 3188/782/3188 3175/843/3175 3211/783/3211
vt 0.9028778 0.8072413
vt 0.8969283 0.8145208
f 2818/718/2818 2817/844/2817 2868/845/2868
vt 0.0193991 0.1893312
f 3208/781/3208 3182/846/3182 3188/782/3188
vt 0.9037143 0.8080626
f 2868/845/2868 2817/844/2817 2869/847/2869
vt 0.0032173 0.1983452
f 3208/781/3208 3207/848/3207 3182/846/3182
vt 0.0022612 0.1890116
f 3207/848/3207 3183/849/3183 3182/846/3182
vt 0.2222953 0.4824263
f 436/625/436 456/850/456 414/670/414
vt 0.7573974 0.0972503
f 1681/672/1681 1666/851/1666 1667/646/1667
vt 0.7548956 0.0901474
f 1666/851/1666 1665/852/1665 1667/646/1667
f 1667/646/1667 1665/852/1665 1668/673/1668
vt 0.7556562 0.0758319
f 1668/673/1668 1664/853/1664 1663/674/1663
vt 0.3733292 0.6679050
f 295/620/295 304/854/304 296/605/296
vt 0.3423218 0.6139142
f 318/677/318 477/855/477 478/648/478
vt 0.3322747 0.6057335
f 478/648/478 512/856/512 510/649/510
vt 0.3248707 0.5974824
vt 0.2991031 0.6074983
f 127/629/127 144/857/144 128/858/128
f 127/629/127 128/858/128 116/575/116
vt 0.8262767 0.3482887
vt 0.8040708 0.3458544
vt 0.7933027 0.3394721
f 3405/859/3405 3406/860/3406 3400/861/3400
vt 0.8292544 0.3356645
f 3403/862/3403 3405/859/3405 3400/861/3400
vt 0.3002810 0.5777497
f 128/858/128 120/863/120 116/575/116
vt 0.8313296 0.7911274
f 2832/9/2832 2834/864/2834 2831/721/2831
f 116/575/116 120/863/120 119/722/119
vt 0.0470267 0.8962101
vt 0.0459475 0.8886021
vt 0.0530273 0.8906920
f 1477/865/1477 1450/866/1450 1466/867/1466
vt 0.0636075 0.8888378
f 1477/865/1477 1466/867/1466 1435/868/1435
vt 0.0635852 0.8957190
f 1477/865/1477 1435/868/1435 1479/869/1479
vt 0.7824088 0.2104859
vt 0.8018796 0.2042551
f 696/791/696 707/870/707 708/871/708
vt 0.9045759 0.8822874
vt 0.9113295 0.8894542
vt 0.9039515 0.8880082
f 2597/872/2597 2643/873/2643 2603/874/2603
vt 0.6603746 0.2256528
vt 0.6794991 0.2200185
f 677/797/677 703/875/703 642/876/642
vt 0.9612933 0.1792513
vt 0.9412766 0.1838121
vt 0.9338689 0.1864015
f 2243/877/2243 2232/878/2232 2223/879/2223
vt 0.6357898 0.2208520
f 642/876/642 637/799/637 641/880/641
vt 0.5349418 0.2222219
f 641/880/641 636/802/636 647/881/647
vt 0.4629796 0.2283635
f 636/802/636 638/882/638 647/881/647
vt 0.4643130 0.2230128
f 647/881/647 638/882/638 648/883/648
vt 0.1550828 0.2283958
vt 0.0643431 0.2289683
f 651/884/651 654/812/654 655/885/655
vt 0.0198494 0.2286362
f 654/812/654 656/886/656 655/885/655
vt 0.3040704 0.5652000
f 119/722/119 160/887/160 165/792/165
vt 0.8618884 0.8749328
vt 0.8626984 0.8840866
vt 0.8417152 0.8800768
f 2592/888/2592 2598/889/2598 2595/890/2595
f 637/799/637 636/802/636 641/880/641
vt 0.4455097 0.2238098
f 638/882/638 635/805/635 644/891/644
vt 0.3984183 0.2248921
f 644/891/644 635/805/635 645/892/645
f 635/805/635 639/806/639 645/892/645
vt 0.2917599 0.2294019
vt 0.2934279 0.2353063
f 643/893/643 639/806/639 640/894/640
f 643/893/643 640/894/640 646/808/646
vt 0.2570369 0.2274070
f 643/893/643 646/808/646 649/895/649
f 649/895/649 646/808/646 652/809/652
f 649/895/649 652/809/652 651/884/651
f 651/884/651 652/809/652 653/810/653
f 656/886/656 654/812/654 663/813/663
vt 0.7913049 0.8833036
vt 0.7929574 0.8768581
f 2595/890/2595 2600/896/2600 2579/897/2579
vt 0.6651381 0.2633087
f 745/819/745 744/825/744 760/898/760
vt 0.6674792 0.2685280
f 744/825/744 761/899/761 760/898/760
vt 0.6575881 0.2635398
f 760/898/760 761/899/761 762/900/762
vt 0.4708599 0.9517019
f 1598/779/1598 1606/901/1606 1583/689/1583
vt 0.6382776 0.2691046
f 749/826/749 761/899/761 763/902/763
f 749/826/749 763/902/763 748/827/748
vt 0.5883411 0.2702937
f 763/902/763 766/903/766 748/827/748
vt 0.5438492 0.2706285
f 748/827/748 766/903/766 765/904/765
f 748/827/748 765/904/765 746/828/746
f 765/904/765 752/829/752 746/828/746
vt 0.4958237 0.2739202
f 765/904/765 776/905/776 752/829/752
vt 0.3536200 0.1917475
vt 0.3712050 0.1903435
vt 0.3665983 0.1967124
f 3205/906/3205 3196/907/3196 3215/908/3215
vt 0.3985334 0.1928884
f 3215/908/3215 3196/907/3196 3195/909/3195
vt 0.4513568 0.2739787
f 752/829/752 779/910/779 751/830/751
vt 0.3814481 0.2752650
f 779/910/779 778/911/778 751/830/751
f 751/830/751 778/911/778 754/831/754
vt 0.4690776 0.1933095
vt 0.5229008 0.1909381
vt 0.4949002 0.1984075
f 3197/912/3197 3189/913/3189 3217/914/3217
vt 0.2890833 0.2738749
f 740/822/740 754/831/754 764/915/764
vt 0.5620550 0.1976654
f 3217/914/3217 3189/913/3189 3216/916/3216
f 740/822/740 764/915/764 758/832/758
vt 0.5700668 0.1938677
f 3216/916/3216 3189/913/3189 3190/917/3190
f 756/834/756 764/915/764 743/835/743
f 743/835/743 764/915/764 742/837/742
vt 0.1858959 0.2779677
f 764/915/764 771/918/771 742/837/742
vt 0.6658592 0.1957679
f 3216/916/3216 3190/917/3190 3198/919/3198
f 742/837/742 771/918/771 741/838/741
vt 0.0391937 0.2771926
f 771/918/771 767/920/767 741/838/741
vt 0.8132681 0.1993524
vt 0.7941786 0.1957303
f 3218/921/3218 3198/919/3198 3194/922/3194
f 741/838/741 767/920/767 747/824/747
vt 0.8328293 0.1979300
f 3194/922/3194 3193/923/3193 3218/921/3218
vt 0.0197630 0.2789084
f 747/824/747 767/920/767 775/924/775
vt 0.7587162 0.2704176
f 750/840/750 774/925/774 770/841/770
vt 0.0863153 0.1891919
vt 0.1608660 0.1865755
vt 0.1536055 0.1923533
f 3192/926/3192 3180/927/3180 3214/928/3214
vt 0.1803256 0.1927150
f 3180/927/3180 3199/929/3199 3214/928/3214
f 744/825/744 770/841/770 761/899/761
vt 0.0677242 0.1913606
f 3211/783/3211 3175/843/3175 3210/930/3210
vt 0.2368833 0.5396972
f 149/717/149 138/931/138 122/624/122
vt 0.2391470 0.5085003
f 181/669/181 182/932/182 543/694/543
f 543/694/543 182/932/182 491/695/491
vt 0.2293706 0.4948328
f 491/695/491 483/933/483 436/625/436
f 483/933/483 456/850/456 436/625/436
vt 0.1495109 0.4315559
f 416/697/416 420/934/420 232/626/232
f 232/626/232 420/934/420 233/616/233
vt 0.1433228 0.3959265
f 233/616/233 598/935/598 604/671/604
f 1665/852/1665 1664/853/1664 1668/673/1668
vt 0.7423366 0.9200382
vt 0.7467171 0.9261120
vt 0.7436702 0.9327419
f 1346/936/1346 1344/937/1344 1327/938/1327
vt 0.7563300 0.9257270
f 1344/937/1344 1342/939/1342 1327/938/1327
vt 0.7557471 0.9334973
f 1342/939/1342 1332/940/1332 1327/938/1327
vt 0.7644144 0.9198139
f 1344/937/1344 1353/941/1353 1342/939/1342
f 1344/937/1344 1346/936/1346 1353/941/1353
vt 0.7751917 0.9269369
f 1342/939/1342 1341/942/1341 1332/940/1332
vt 0.7815317 0.9332207
f 1341/942/1341 1330/943/1330 1332/940/1332
vt 0.7792710 0.9202307
f 1342/939/1342 1350/944/1350 1341/942/1341
f 1342/939/1342 1353/941/1353 1350/944/1350
vt 0.4002218 0.6979890
f 284/619/284 285/945/285 295/620/295
vt 0.7937686 0.9266620
f 1350/944/1350 1340/946/1340 1341/942/1341
f 1341/942/1341 1340/946/1340 1330/943/1330
vt 0.8027508 0.9211243
f 1350/944/1350 1352/947/1352 1340/946/1340
vt 0.8152831 0.9342448
f 1340/946/1340 1331/948/1331 1330/943/1330
vt 0.8186752 0.9274749
f 1340/946/1340 1352/947/1352 1339/949/1339
f 1340/946/1340 1339/949/1339 1331/948/1331
vt 0.8229262 0.9217576
f 1352/947/1352 1351/950/1351 1339/949/1339
vt 0.8410480 0.9288614
f 1339/949/1339 1337/951/1337 1331/948/1331
vt 0.8445070 0.9231133
f 1351/950/1351 1349/952/1349 1339/949/1339
f 1339/949/1339 1349/952/1349 1337/951/1337
vt 0.8558750 0.9282199
f 1337/951/1337 1349/952/1349 1338/953/1338
vt 0.8606406 0.9338924
f 1337/951/1337 1338/953/1338 1333/954/1333
vt 0.8637083 0.9234462
f 1349/952/1349 1347/955/1347 1338/953/1338
vt 0.8784781 0.9302014
f 1347/955/1347 1334/956/1334 1338/953/1338
f 1338/953/1338 1334/956/1334 1333/954/1333
f 478/648/478 477/855/477 512/856/512
vt 0.8789941 0.9241790
f 1347/955/1347 1348/957/1348 1334/956/1334
f 512/856/512 144/857/144 510/649/510
vt 0.8929852 0.9279935
f 1334/956/1334 1348/957/1348 1343/958/1343
vt 0.9068055 0.9302552
f 1343/958/1343 1335/959/1335 1334/956/1334
vt 0.9160202 0.9284523
f 1343/958/1343 1336/960/1336 1335/959/1335
vt 0.2953670 0.5851403
f 128/858/128 129/961/129 120/863/120
vt 0.8350257 0.7878001
f 2834/864/2834 2849/962/2849 2831/721/2831
vt 0.0400910 0.8932534
f 1477/865/1477 1482/963/1482 1450/866/1450
vt 0.9272437 0.9269329
vt 0.9285064 0.9339175
f 1345/964/1345 1329/965/1329 1336/960/1336
vt 0.3029019 0.5712849
f 119/722/119 120/863/120 159/966/159
f 2831/721/2831 2849/962/2849 2858/787/2858
vt 0.0889666 0.8960401
f 1479/869/1479 1435/868/1435 1478/967/1478
f 119/722/119 159/966/159 160/887/160
vt 0.1084596 0.8891993
vt 0.1100232 0.8977798
f 1478/967/1478 1464/968/1464 1485/969/1485
vt 0.1576550 0.8870884
f 1485/969/1485 1464/968/1464 1465/970/1465
vt 0.1598986 0.8937067
f 1485/969/1485 1465/970/1465 1484/971/1484
vt 0.4514990 0.2174013
f 673/972/673 648/883/648 644/891/644
vt 0.3294571 0.2256293
f 650/973/650 643/893/643 649/895/649
vt 0.7596019 0.8833869
f 2579/897/2579 2600/896/2600 2599/974/2599
vt 0.7626118 0.8762907
vt 0.7422826 0.8783119
f 2580/975/2580 2599/974/2599 2575/976/2575
vt 0.1982791 0.1861967
f 3180/927/3180 3181/977/3181 3199/929/3199
vt 0.2097547 0.1927578
f 3199/929/3199 3181/977/3181 3202/978/3202
vt 0.2601700 0.1929410
f 3202/978/3202 3181/977/3181 3203/979/3203
vt 0.2796138 0.1856507
f 3181/977/3181 3178/980/3178 3203/979/3203
vt 0.3050853 0.1936796
f 3203/979/3203 3178/980/3178 3204/981/3204
vt 0.3490458 0.1871989
f 3178/980/3178 3174/982/3174 3204/981/3204
f 3204/981/3204 3174/982/3174 3205/906/3205
vt 0.3650479 0.1886028
f 3174/982/3174 3206/983/3206 3205/906/3205
f 3205/906/3205 3206/983/3206 3196/907/3196
vt 0.3753994 0.1863909
f 3196/907/3196 3187/984/3187 3195/909/3195
vt 0.4220992 0.1865736
f 3195/909/3195 3187/984/3187 3168/985/3168
f 3195/909/3195 3168/985/3168 3197/912/3197
f 3197/912/3197 3168/985/3168 3189/913/3189
vt 0.5560369 0.1850416
f 3190/917/3190 3189/913/3189 3164/986/3164
vt 0.6197790 0.1887521
f 3190/917/3190 3164/986/3164 3170/987/3170
f 3190/917/3190 3170/987/3170 3198/919/3198
vt 0.6790585 0.1888700
f 3170/987/3170 3169/988/3169 3198/919/3198
vt 0.7513299 0.1894218
f 3169/988/3169 3171/989/3171 3198/919/3198
f 3198/919/3198 3171/989/3171 3194/922/3194
vt 0.8134487 0.1891252
f 3194/922/3194 3171/989/3171 3172/990/3172
f 3194/922/3194 3172/990/3172 3193/923/3193
vt 0.8328355 0.1838139
f 3172/990/3172 3119/991/3119 3193/923/3193
vt 0.0866484 0.1809826
f 3175/843/3175 3163/992/3163 3192/926/3192
f 3210/930/3210 3175/843/3175 3192/926/3192
f 3192/926/3192 3163/992/3163 3180/927/3180
vt 0.8999077 0.7983780
f 2819/715/2819 2848/839/2848 2816/993/2816
f 2819/715/2819 2816/993/2816 2818/718/2818
vt 0.0471226 0.1826133
f 3188/782/3188 3167/994/3167 3175/843/3175
vt 0.0698997 0.1759129
f 3167/994/3167 3112/995/3112 3175/843/3175
f 2818/718/2818 2816/993/2816 2817/844/2817
vt 0.0265064 0.1788691
f 3117/996/3117 3167/994/3167 3182/846/3182
vt 0.9093848 0.8001651
f 2817/844/2817 2870/997/2870 2869/847/2869
vt 0.0020595 0.1792961
f 3116/998/3116 3117/996/3117 3182/846/3182
f 3183/849/3183 3116/998/3116 3182/846/3182
vt 0.0315570 0.0593139
vt 0.0331920 0.0625192
vt 0.0189129 0.0630805
f 2805/999/2805 2792/1000/2792 2791/1001/2791
vt 0.0505615 0.0577011
f 2805/999/2805 2799/1002/2799 2792/1000/2792
vt 0.0075125 0.5212812
vt 0.0141773 0.5255758
vt 0.0117890 0.5088472
f 1837/1003/1837 1824/1004/1824 1831/1005/1831
vt 0.2414817 0.5173668
f 153/1006/153 182/932/182 181/669/181
f 151/720/151 153/1006/153 181/669/181
vt 0.0129707 0.4966830
vt 0.0070413 0.4865069
f 1828/1007/1828 1840/1008/1840 1837/1003/1837
f 1831/1005/1831 1828/1007/1828 1837/1003/1837
vt 0.0845056 0.0580473
vt 0.0687650 0.0619614
f 2799/1002/2799 2798/1009/2798 2795/1010/2795
f 182/932/182 483/933/483 491/695/491
vt 0.0780137 0.0655676
f 2798/1009/2798 2787/1011/2787 2795/1010/2795
vt 0.0134013 0.4719733
f 1828/1007/1828 1823/1012/1823 1840/1008/1840
vt 0.0926526 0.0644775
f 2798/1009/2798 2785/1013/2785 2787/1011/2787
vt 0.0068201 0.4588675
f 1823/1012/1823 1839/1014/1839 1840/1008/1840
vt 0.0129520 0.4536102
f 1827/1015/1827 1839/1014/1839 1823/1012/1823
vt 0.1114964 0.0580576
vt 0.1149181 0.0648369
f 2802/1016/2802 2786/1017/2786 2798/1009/2798
f 2798/1009/2798 2786/1017/2786 2785/1013/2785
vt 0.0126900 0.4386138
f 1827/1015/1827 1826/1018/1826 1839/1014/1839
vt 0.0064821 0.4290389
f 1826/1018/1826 1841/1019/1841 1839/1014/1839
vt 0.1407427 0.0590036
vt 0.1306034 0.0638815
f 2802/1016/2802 2801/1020/2801 2793/1021/2793
vt 0.1940675 0.4716538
f 414/670/414 418/1022/418 417/696/417
vt 0.1418800 0.0649219
f 2801/1020/2801 2788/1023/2788 2793/1021/2793
vt 0.0134439 0.4281571
f 1826/1018/1826 1829/1024/1829 1841/1019/1841
vt 0.0136492 0.4171706
vt 0.0059921 0.4121009
f 1841/1019/1841 1825/1025/1825 1842/1026/1842
vt 0.1573598 0.0602318
f 2801/1020/2801 2796/1027/2796 2788/1023/2788
vt 0.0116163 0.4024689
f 1825/1025/1825 1832/1028/1832 1842/1026/1842
vt 0.0069833 0.3947581
f 1832/1028/1832 1833/1029/1833 1842/1026/1842
vt 0.1744746 0.0598503
vt 0.1697124 0.0710399
f 2797/1030/2797 2763/1031/2763 2796/1027/2796
vt 0.7559968 0.1073863
f 1681/672/1681 1680/1032/1680 1666/851/1666
vt 0.4223191 0.7211362
f 269/647/269 268/1033/268 275/627/275
vt 0.7523705 0.9401292
vt 0.7418033 0.9409937
f 1327/938/1327 1315/1034/1315 1320/1035/1320
f 1327/938/1327 1332/940/1332 1315/1034/1315
vt 0.9743507 0.9046987
vt 0.9721020 0.8867608
vt 0.9654298 0.9038342
f 1384/1036/1384 1394/1037/1394 1400/1038/1400
vt 0.4067225 0.7063131
f 281/628/281 282/1039/282 285/945/285
vt 0.9642982 0.8812523
f 1394/1037/1394 1404/1040/1404 1400/1038/1400
f 281/628/281 285/945/285 284/619/284
vt 0.7707335 0.9414904
f 1315/1034/1315 1330/943/1330 1317/1041/1317
vt 0.7817565 0.9404826
f 1330/943/1330 1322/1042/1322 1317/1041/1317
vt 0.9712108 0.8627234
f 1394/1037/1394 1395/1043/1395 1404/1040/1404
vt 0.9642919 0.8660028
f 1395/1043/1395 1405/1044/1405 1404/1040/1404
vt 0.8004172 0.9417590
f 1330/943/1330 1318/1045/1318 1322/1042/1322
f 1330/943/1330 1331/948/1331 1318/1045/1318
vt 0.9704304 0.8427194
f 1395/1043/1395 1397/1046/1397 1405/1044/1405
vt 0.9640165 0.8420223
f 1405/1044/1405 1397/1046/1397 1406/1047/1406
vt 0.9760917 0.8327382
f 1395/1043/1395 1385/1048/1385 1397/1046/1397
vt 0.8131405 0.9412401
f 1318/1045/1318 1331/948/1331 1325/1049/1325
vt 0.9711136 0.8221197
f 1397/1046/1397 1396/1050/1396 1406/1047/1406
vt 0.9640128 0.8214443
f 1396/1050/1396 1407/1051/1407 1406/1047/1406
vt 0.8323479 0.9415560
f 1325/1049/1325 1331/948/1331 1326/1052/1326
f 296/605/296 304/854/304 303/784/303
vt 0.8463023 0.9354966
f 1331/948/1331 1328/1053/1328 1326/1052/1326
vt 0.9708511 0.7969681
f 1396/1050/1396 1398/1054/1398 1407/1051/1407
vt 0.9634532 0.7994425
f 1407/1051/1407 1398/1054/1398 1410/1055/1410
vt 0.8618178 0.9414554
f 1328/1053/1328 1333/954/1333 1316/1056/1316
vt 0.9633173 0.7799171
f 1398/1054/1398 1408/1057/1408 1410/1055/1410
vt 0.9708903 0.7740924
f 1398/1054/1398 1399/1058/1399 1408/1057/1408
vt 0.8833253 0.9412231
f 1333/954/1333 1323/1059/1323 1316/1056/1316
f 1333/954/1333 1334/956/1334 1323/1059/1323
vt 0.9631147 0.7643486
f 1408/1057/1408 1399/1058/1399 1409/1060/1409
vt 0.9685327 0.7578857
f 1399/1058/1399 1401/1061/1401 1409/1060/1409
vt 0.9750592 0.7578068
f 1399/1058/1399 1391/1062/1391 1401/1061/1401
vt 0.8853906 0.9186723
f 1348/957/1348 1358/1063/1358 1343/958/1343
vt 0.9728724 0.7450687
f 1401/1061/1401 1391/1062/1391 1393/1064/1393
f 1334/956/1334 1335/959/1335 1323/1059/1323
vt 0.9119459 0.9403380
f 1335/959/1335 1324/1065/1324 1323/1059/1323
vt 0.9705968 0.7353146
f 1393/1064/1393 1402/1066/1402 1401/1061/1401
vt 0.9076425 0.9166737
f 1358/1063/1358 1357/1067/1357 1343/958/1343
f 1343/958/1343 1357/1067/1357 1336/960/1336
vt 0.8241113 0.7829191
f 2865/8/2865 2836/1068/2836 2832/9/2832
vt 0.9197708 0.9182159
f 1357/1067/1357 1354/1069/1354 1336/960/1336
f 1335/959/1335 1336/960/1336 1324/1065/1324
f 1336/960/1336 1329/965/1329 1324/1065/1324
vt 0.0556635 0.8832033
f 1450/866/1450 1429/1070/1429 1466/867/1466
f 1466/867/1466 1429/1070/1429 1435/868/1435
vt 0.9740673 0.7267144
vt 0.9690058 0.7229417
f 1402/1066/1402 1392/1071/1392 1403/1072/1403
vt 0.0372387 0.8861414
vt 0.0398065 0.8844115
f 1463/1073/1463 1462/1074/1462 1482/963/1482
vt 0.7572166 0.3324357
vt 0.7546859 0.3401711
vt 0.7164599 0.3354426
f 3408/1075/3408 3397/1076/3397 3395/1077/3395
vt 0.9155657 0.9135060
vt 0.9176987 0.9136862
f 1356/1078/1356 1355/1079/1355 1354/1069/1354
f 1354/1069/1354 1345/964/1345 1336/960/1336
f 1354/1069/1354 1355/1079/1355 1345/964/1345
vt 0.2039154 0.8852890
vt 0.1911320 0.8930886
f 1465/970/1465 1437/1080/1437 1481/1081/1481
vt 0.7454245 0.8894542
vt 0.7339295 0.8829688
f 2599/974/2599 2604/1082/2604 2588/1083/2588
vt 0.7276436 0.8745223
vt 0.7231725 0.8671520
vt 0.7291431 0.8584137
f 2590/1084/2590 2622/1085/2622 2601/1086/2601
vt 0.7259944 0.8601666
f 2622/1085/2622 2621/1087/2621 2601/1086/2601
vt 0.1709056 0.1773624
f 3163/992/3163 3109/1088/3109 3180/927/3180
f 3180/927/3180 3109/1088/3109 3181/977/3181
f 3109/1088/3109 3178/980/3178 3181/977/3181
vt 0.3217637 0.1789020
f 3178/980/3178 3110/1089/3110 3174/982/3174
vt 0.3519873 0.1861494
f 3209/1090/3209 3206/983/3206 3174/982/3174
vt 0.3696311 0.1869590
f 3206/983/3206 3201/1091/3201 3196/907/3196
f 3196/907/3196 3201/1091/3201 3187/984/3187
vt 0.3781580 0.1791968
f 3187/984/3187 3115/1092/3115 3168/985/3168
vt 0.4915816 0.1795945
f 3168/985/3168 3114/1093/3114 3164/986/3164
f 3168/985/3168 3164/986/3164 3189/913/3189
vt 0.6381111 0.1806756
f 3164/986/3164 3106/1094/3106 3170/987/3170
f 3170/987/3170 3106/1094/3106 3169/988/3169
vt 0.7608672 0.1814144
f 3106/1094/3106 3113/1095/3113 3169/988/3169
f 3169/988/3169 3113/1095/3113 3171/989/3171
f 3171/989/3171 3113/1095/3113 3172/990/3172
vt 0.8926507 0.7991441
f 2848/839/2848 2856/1096/2856 2816/993/2816
f 3175/843/3175 3112/995/3112 3163/992/3163
vt 0.0942391 0.1761503
f 3163/992/3163 3112/995/3112 3111/1097/3111
vt 0.0186852 0.0729313
vt 0.0004554 0.0782167
vt 0.0028097 0.0668572
f 2760/1098/2760 2751/1099/2751 2766/1100/2766
vt 0.0517236 0.1763209
f 3118/1101/3118 3112/995/3112 3167/994/3167
vt 0.0158683 0.5496048
vt 0.0104028 0.5505602
vt 0.0129457 0.5601295
f 1821/1102/1821 1836/1103/1836 1822/1104/1822
vt 0.0221845 0.0547584
vt 0.0129286 0.0522664
f 2807/1105/2807 2791/1001/2791 2808/1106/2808
vt 0.0642077 0.6988899
vt 0.0600011 0.6868640
vt 0.0505464 0.6988899
f 3305/1107/3305 3306/1108/3306 3307/1109/3307
vt 0.0043383 0.0621297
f 2791/1001/2791 2766/1100/2766 2803/1110/2803
vt 0.2663027 0.5388818
f 149/717/149 150/1111/150 138/931/138
f 3117/996/3117 3118/1101/3118 3167/994/3167
f 2807/1105/2807 2805/999/2805 2791/1001/2791
f 2791/1001/2791 2760/1098/2760 2766/1100/2766
vt 0.9085785 0.7981717
f 2817/844/2817 2815/1112/2815 2870/997/2870
vt 0.0059199 0.5408977
f 1824/1004/1824 1838/1113/1838 1836/1103/1836
f 1821/1102/1821 1824/1004/1824 1836/1103/1836
vt 0.0200006 0.5298140
vt 0.0189656 0.5412543
f 1808/1114/1808 1821/1102/1821 1811/1115/1811
f 2792/1000/2792 2760/1098/2760 2791/1001/2791
f 1808/1114/1808 1824/1004/1824 1821/1102/1821
vt 0.0367732 0.0717939
f 2792/1000/2792 2759/1116/2759 2760/1098/2760
f 1824/1004/1824 1837/1003/1837 1838/1113/1838
vt 0.0190741 0.5129706
f 1818/1117/1818 1824/1004/1824 1808/1114/1808
vt 0.0250517 0.5133422
f 1818/1117/1818 1808/1114/1808 1799/1118/1799
vt 0.0512018 0.0651098
f 2799/1002/2799 2794/1119/2794 2792/1000/2792
vt 0.0482232 0.0714055
f 2792/1000/2792 2794/1119/2794 2761/1120/2761
f 2792/1000/2792 2761/1120/2761 2759/1116/2759
f 1818/1117/1818 1831/1005/1831 1824/1004/1824
vt 0.0248992 0.4993989
f 1818/1117/1818 1799/1118/1799 1806/1121/1806
f 1818/1117/1818 1828/1007/1828 1831/1005/1831
vt 0.0641401 0.0710053
f 2794/1119/2794 2758/1122/2758 2761/1120/2761
vt 0.0195889 0.4958951
f 1818/1117/1818 1814/1123/1814 1828/1007/1828
f 1818/1117/1818 1806/1121/1806 1814/1123/1814
f 2794/1119/2794 2795/1010/2795 2758/1122/2758
f 2795/1010/2795 2787/1011/2787 2758/1122/2758
vt 0.0194833 0.4812670
f 1813/1124/1813 1828/1007/1828 1814/1123/1814
f 1813/1124/1813 1823/1012/1823 1828/1007/1828
vt 0.0206614 0.4691414
f 1813/1124/1813 1809/1125/1809 1823/1012/1823
vt 0.0970021 0.0706972
vt 0.0839574 0.0720750
f 2785/1013/2785 2762/1126/2762 2757/1127/2757
f 2785/1013/2785 2757/1127/2757 2787/1011/2787
vt 0.0193281 0.4539443
f 1809/1125/1809 1815/1128/1815 1823/1012/1823
vt 0.0257036 0.4573889
f 1815/1128/1815 1809/1125/1809 1796/1129/1796
f 1815/1128/1815 1827/1015/1827 1823/1012/1823
vt 0.1168898 0.0716207
f 2786/1017/2786 2755/1130/2755 2785/1013/2785
f 2785/1013/2785 2755/1130/2755 2762/1126/2762
vt 0.0996863 0.0775870
f 2755/1130/2755 2737/1131/2737 2762/1126/2762
vt 0.0194458 0.4342092
f 1812/1132/1812 1826/1018/1826 1815/1128/1815
f 1815/1128/1815 1826/1018/1826 1827/1015/1827
f 1812/1132/1812 1829/1024/1829 1826/1018/1826
vt 0.1334783 0.0721474
f 2793/1021/2793 2754/1133/2754 2786/1017/2786
f 2786/1017/2786 2754/1133/2754 2755/1130/2755
vt 0.0201643 0.4208383
f 1812/1132/1812 1810/1134/1810 1825/1025/1825
f 1812/1132/1812 1825/1025/1825 1829/1024/1829
f 2793/1021/2793 2788/1023/2788 2754/1133/2754
vt 0.1485803 0.0723203
f 2788/1023/2788 2756/1135/2756 2754/1133/2754
vt 0.0183466 0.4118158
f 1810/1134/1810 1819/1136/1819 1825/1025/1825
vt 0.0254569 0.4100182
f 1810/1134/1810 1797/1137/1797 1819/1136/1819
vt 0.0193689 0.4009447
f 1819/1136/1819 1797/1137/1797 1816/1138/1816
vt 0.1554740 0.0692868
f 2788/1023/2788 2789/1139/2789 2756/1135/2756
f 1819/1136/1819 1832/1028/1832 1825/1025/1825
f 1816/1138/1816 1832/1028/1832 1819/1136/1819
f 2796/1027/2796 2763/1031/2763 2789/1139/2789
f 2763/1031/2763 2756/1135/2756 2789/1139/2789
vt 0.0191938 0.3889005
f 1816/1138/1816 1817/1140/1817 1833/1029/1833
f 1816/1138/1816 1833/1029/1833 1832/1028/1832
vt 0.0084840 0.3861962
f 1817/1140/1817 1835/1141/1835 1833/1029/1833
vt 0.1831509 0.0666165
f 2797/1030/2797 2790/1142/2790 2763/1031/2763
vt 0.0096608 0.3766428
f 1817/1140/1817 1834/1143/1834 1835/1141/1835
vt 0.1829588 0.0587984
f 2800/1144/2800 2790/1142/2790 2797/1030/2797
vt 0.1803225 0.0715465
f 2790/1142/2790 2764/1145/2764 2763/1031/2763
vt 0.0188174 0.3623775
vt 0.0132382 0.3641934
f 1820/1146/1820 1830/1147/1830 1817/1140/1817
f 1817/1140/1817 1830/1147/1830 1834/1143/1834
vt 0.1923749 0.0581532
vt 0.2025004 0.0664715
f 2804/1148/2804 2784/1149/2784 2800/1144/2800
f 2800/1144/2800 2784/1149/2784 2790/1142/2790
vt 0.1950924 0.0729306
f 2784/1149/2784 2753/1150/2753 2790/1142/2790
f 2790/1142/2790 2753/1150/2753 2764/1145/2764
vt 0.1817441 0.0766629
f 2753/1150/2753 2735/1151/2735 2764/1145/2764
vt 0.2048942 0.0556672
f 2804/1148/2804 2806/1152/2806 2784/1149/2784
vt 0.8125618 0.0284265
vt 0.8175201 0.0269255
vt 0.8170518 0.0242921
f 1905/1153/1905 1898/1154/1898 1906/1155/1906
vt 0.8107922 0.0327187
f 1905/1153/1905 1894/1156/1894 1898/1154/1898
vt 0.8277842 0.0217391
f 1906/1155/1906 1898/1154/1898 1904/1157/1904
vt 0.8325534 0.0259222
f 1898/1154/1898 1894/1156/1894 1895/1158/1895
f 1904/1157/1904 1898/1154/1898 1895/1158/1895
vt 0.2051428 0.0722880
f 2784/1149/2784 2765/1159/2765 2753/1150/2753
vt 0.1301316 0.4073619
f 233/616/233 597/1160/597 598/935/598
vt 0.4462320 0.7102222
vt 0.4270130 0.7258192
vt 0.4399955 0.7077031
f 258/1161/258 264/1162/264 262/1163/262
f 275/627/275 282/1039/282 281/628/281
vt 0.9745823 0.8865353
f 1394/1037/1394 1384/1036/1384 1388/1164/1388
vt 0.3874251 0.6828863
f 285/945/285 305/1165/305 295/620/295
vt 0.7814855 0.9446498
f 1317/1041/1317 1322/1042/1322 1307/1166/1307
vt 0.9755214 0.8565326
f 1388/1164/1388 1389/1167/1389 1395/1043/1395
f 1394/1037/1394 1388/1164/1388 1395/1043/1395
f 1395/1043/1395 1389/1167/1389 1385/1048/1385
f 1397/1046/1397 1385/1048/1385 1396/1050/1396
vt 0.9757876 0.7978399
f 1385/1048/1385 1386/1168/1386 1396/1050/1396
f 1396/1050/1396 1386/1168/1386 1398/1054/1398
vt 0.9759849 0.7776380
f 1398/1054/1398 1386/1168/1386 1387/1169/1387
f 1387/1169/1387 1399/1058/1399 1398/1054/1398
f 1399/1058/1399 1387/1169/1387 1391/1062/1391
vt 0.9759548 0.7407897
f 1391/1062/1391 1390/1170/1390 1393/1064/1393
vt 0.8292434 0.3313831
vt 0.8284743 0.3193906
vt 0.8301457 0.3259208
f 3404/1171/3404 3445/1172/3445 3460/1173/3460
vt 0.8342291 0.7752081
f 2832/9/2832 2836/1068/2836 2835/1174/2835
f 2832/9/2832 2835/1174/2835 2834/864/2834
f 1393/1064/1393 1392/1071/1392 1402/1066/1402
f 1393/1064/1393 1390/1170/1390 1392/1071/1392
f 2834/864/2834 2835/1174/2835 2849/962/2849
vt 0.0455532 0.8789811
f 1462/1074/1462 1433/1175/1433 1450/866/1450
f 1450/866/1450 1433/1175/1433 1429/1070/1429
vt 0.0658429 0.8802443
f 1429/1070/1429 1427/1176/1427 1435/868/1435
vt 0.0819006 0.8816624
f 1427/1176/1427 1432/1177/1432 1435/868/1435
vt 0.0909225 0.8846793
f 1435/868/1435 1432/1177/1432 1421/1178/1421
vt 0.1086811 0.8816296
vt 0.1399948 0.8826883
f 1411/1179/1411 1417/1180/1417 1464/968/1464
f 1464/968/1464 1417/1180/1417 1465/970/1465
f 1465/970/1465 1417/1180/1417 1437/1080/1437
vt 0.2030417 0.8826289
f 1417/1180/1417 1419/1181/1419 1437/1080/1437
vt 0.2228703 0.8796920
vt 0.2163101 0.8888140
f 1437/1080/1437 1424/1182/1424 1480/1183/1480
vt 0.2289252 0.8837259
f 1480/1183/1480 1424/1182/1424 1471/1184/1471
vt 0.7197433 0.8832871
vt 0.7154600 0.8795224
vt 0.7223174 0.8759696
f 2596/1185/2596 2606/1186/2606 2605/1187/2605
vt 0.4977231 0.7410841
vt 0.4917841 0.7428278
vt 0.4958707 0.7488436
f 2900/1188/2900 2888/1189/2888 2892/1190/2892
vt 0.4977231 0.7560322
vt 0.4925654 0.7646832
f 2901/1191/2901 2892/1190/2892 2891/1192/2891
vt 0.4964348 0.7682773
f 2901/1191/2901 2891/1192/2891 2895/1193/2895
vt 0.2729867 0.1777440
f 3109/1088/3109 3108/1194/3108 3178/980/3178
f 3178/980/3178 3108/1194/3108 3110/1089/3110
vt 0.3411548 0.1795318
f 3021/1195/3021 3209/1090/3209 3174/982/3174
f 3168/985/3168 3115/1092/3115 3114/1093/3114
vt 0.5603147 0.1797225
f 3164/986/3164 3114/1093/3114 3107/1196/3107
f 3164/986/3164 3107/1196/3107 3106/1094/3106
f 3113/1095/3113 3119/991/3119 3172/990/3172
vt 0.8970889 0.7923126
f 2856/1096/2856 2857/1197/2857 2816/993/2816
f 3163/992/3163 3111/1097/3111 3109/1088/3109
f 3201/1091/3201 3115/1092/3115 3187/984/3187
vt 0.0230188 0.5522218
vt 0.0254428 0.5313838
f 1805/1198/1805 1798/1199/1798 1811/1115/1811
f 1811/1115/1811 1798/1199/1798 1808/1114/1808
vt 0.0314244 0.0781160
vt 0.0158063 0.0788319
f 2747/1200/2747 2749/1201/2749 2760/1098/2760
f 1808/1114/1808 1798/1199/1798 1799/1118/1799
vt 0.0617706 0.0770682
f 2758/1122/2758 2744/1202/2744 2761/1120/2761
vt 0.0256084 0.4775618
f 1806/1121/1806 1795/1203/1795 1814/1123/1814
vt 0.0272145 0.4932339
f 1806/1121/1806 1794/1204/1794 1795/1203/1795
vt 0.2222351 0.5044308
f 182/932/182 511/1205/511 483/933/483
f 1795/1203/1795 1809/1125/1809 1813/1124/1813
vt 0.2093876 0.4930561
f 456/850/456 483/933/483 455/1206/455
f 1809/1125/1809 1795/1203/1795 1796/1129/1796
vt 0.0257347 0.4422591
f 1796/1129/1796 1804/1207/1804 1815/1128/1815
vt 0.1206704 0.0779018
f 2755/1130/2755 2729/1208/2729 2737/1131/2737
vt 0.0258291 0.4283527
f 1804/1207/1804 1793/1209/1793 1812/1132/1812
f 1793/1209/1793 1810/1134/1810 1812/1132/1812
f 2755/1130/2755 2754/1133/2754 2729/1208/2729
f 1810/1134/1810 1793/1209/1793 1797/1137/1797
vt 0.0253833 0.3966549
f 1797/1137/1797 1803/1210/1803 1816/1138/1816
f 1803/1210/1803 1817/1140/1817 1816/1138/1816
vt 0.1629173 0.0773399
f 2763/1031/2763 2733/1211/2733 2756/1135/2756
f 2763/1031/2763 2735/1151/2735 2733/1211/2733
vt 0.0251602 0.3815219
vt 0.0243915 0.3645312
f 1802/1212/1802 1801/1213/1801 1820/1146/1820
f 1802/1212/1802 1820/1146/1820 1817/1140/1817
vt 0.0261456 0.3689256
f 1802/1212/1802 1800/1214/1800 1801/1213/1801
vt 0.0231564 0.3602313
f 1801/1213/1801 1807/1215/1807 1820/1146/1820
vt 0.1414791 0.4204220
f 420/934/420 594/1216/594 233/616/233
vt 0.2033362 0.0767957
f 2753/1150/2753 2742/1217/2742 2735/1151/2735
f 233/616/233 594/1216/594 597/1160/597
vt 0.7389607 0.1074694
f 1680/1032/1680 1679/1218/1679 1666/851/1666
vt 0.9853792 0.9051804
vt 0.9852822 0.8887807
f 1384/1036/1384 1378/1219/1378 1369/1220/1369
f 1384/1036/1384 1369/1220/1369 1388/1164/1388
f 295/620/295 305/1165/305 304/854/304
vt 0.9858850 0.8102663
f 1385/1048/1385 1361/1221/1361 1386/1168/1386
vt 0.3429089 0.6371369
f 303/784/303 302/1222/302 298/675/298
f 298/675/298 302/1222/302 300/676/300
vt 0.3369718 0.6304895
f 300/676/300 317/1223/317 318/677/318
vt 0.3322732 0.6252535
f 318/677/318 317/1223/317 476/1224/476
f 318/677/318 476/1224/476 477/855/477
f 477/855/477 476/1224/476 512/856/512
vt 0.3168989 0.6078764
vt 0.3070973 0.6146776
f 158/1225/158 143/1226/143 144/857/144
f 144/857/144 143/1226/143 128/858/128
vt 0.9846595 0.7657282
f 1391/1062/1391 1383/1227/1383 1390/1170/1390
vt 0.0480044 0.8730035
f 1433/1175/1433 1430/1228/1430 1429/1070/1429
vt 0.0573615 0.8707324
f 1429/1070/1429 1428/1229/1428 1427/1176/1427
vt 0.9862199 0.7312561
f 1390/1170/1390 1375/1230/1375 1392/1071/1392
vt 0.0373744 0.8733842
vt 0.0401980 0.8726649
f 1460/1231/1460 1451/1232/1451 1462/1074/1462
f 1463/1073/1463 1460/1231/1460 1462/1074/1462
f 1462/1074/1462 1451/1232/1451 1433/1175/1433
vt 0.0918999 0.8762822
f 1432/1177/1432 1414/1233/1414 1421/1178/1421
f 1421/1178/1421 1414/1233/1414 1411/1179/1411
vt 0.1359796 0.8784624
f 1411/1179/1411 1415/1234/1415 1417/1180/1417
f 1417/1180/1417 1415/1234/1415 1419/1181/1419
vt 0.2079556 0.8776906
f 1415/1234/1415 1418/1235/1418 1419/1181/1419
f 1419/1181/1419 1418/1235/1418 1424/1182/1424
vt 0.2375441 0.8779024
f 1424/1182/1424 1434/1236/1434 1471/1184/1471
vt 0.2340122 0.8808464
f 1471/1184/1471 1434/1236/1434 1472/1237/1472
vt 0.4873661 0.7500660
f 2888/1189/2888 2887/1238/2887 2892/1190/2892
f 2892/1190/2892 2887/1238/2887 2891/1192/2891
vt 0.4886543 0.7692333
f 2891/1192/2891 2893/1239/2893 2895/1193/2895
vt 0.1936147 0.1675222
f 3086/1240/3086 3108/1194/3108 3109/1088/3109
vt 0.2872268 0.1681639
f 3108/1194/3108 3083/1241/3083 3110/1089/3110
vt 0.3353364 0.1711252
f 3110/1089/3110 3019/1242/3019 3021/1195/3021
vt 0.3799298 0.1713549
vt 0.4910326 0.1729755
f 3096/1243/3096 3095/1244/3095 3114/1093/3114
f 3115/1092/3115 3096/1243/3096 3114/1093/3114
f 3095/1244/3095 3107/1196/3107 3114/1093/3114
vt 0.5777490 0.1738123
f 3107/1196/3107 3097/1245/3097 3106/1094/3106
vt 0.6646699 0.1748571
f 3106/1094/3106 3097/1245/3097 3098/1246/3098
f 3106/1094/3106 3098/1246/3098 3113/1095/3113
vt 0.7619615 0.1754282
f 3098/1246/3098 3099/1247/3099 3113/1095/3113
vt 0.8323194 0.1751859
f 3099/1247/3099 3100/1248/3100 3113/1095/3113
f 3113/1095/3113 3100/1248/3100 3119/991/3119
vt 0.1054990 0.1668218
f 3109/1088/3109 3111/1097/3111 3082/1249/3082
vt 0.0471575 0.1668705
f 3118/1101/3118 3089/1250/3089 3112/995/3112
f 2816/993/2816 2815/1112/2815 2817/844/2817
f 3117/996/3117 3089/1250/3089 3118/1101/3118
vt 0.0321823 0.5470605
f 1805/1198/1805 1778/1251/1778 1798/1199/1798
vt 0.0200095 0.1666822
f 3116/998/3116 3091/1252/3091 3117/996/3117
vt 0.0004554 0.1778939
vt 0.0015572 0.1666251
f 3185/1253/3185 3090/1254/3090 3116/998/3116
f 3090/1254/3090 3091/1252/3091 3116/998/3116
f 122/624/122 138/931/138 151/720/151
f 1799/1118/1799 1794/1204/1794 1806/1121/1806
vt 0.2336545 0.5167562
f 153/1006/153 172/1255/172 182/932/182
f 182/932/182 172/1255/172 511/1205/511
vt 0.2165678 0.4985704
f 511/1205/511 481/1256/481 483/933/483
f 483/933/483 481/1256/481 455/1206/455
f 456/850/456 455/1206/455 414/670/414
f 414/670/414 455/1206/455 418/1022/418
f 417/696/417 418/1022/418 416/697/416
vt 0.0344563 0.3696692
f 1800/1214/1800 1802/1212/1802 1765/1257/1765
vt 0.0349922 0.3593894
f 1801/1213/1801 1779/1258/1779 1807/1215/1807
vt 0.8370515 0.0405145
f 1894/1156/1894 1893/1259/1893 1895/1158/1895
vt 0.7386166 0.0971878
f 1679/1218/1679 1652/1260/1652 1666/851/1666
f 1666/851/1666 1652/1260/1652 1665/852/1665
vt 0.7383455 0.0777017
f 1652/1260/1652 1651/1261/1651 1665/852/1665
f 1665/852/1665 1651/1261/1651 1664/853/1664
f 1664/853/1664 1651/1261/1651 1663/674/1663
vt 0.7376004 0.0599313
f 1663/674/1663 1651/1261/1651 1650/1262/1650
vt 0.4152434 0.7161514
f 268/1033/268 278/1263/278 275/627/275
vt 0.7691457 0.9448387
vt 0.7675668 0.9557594
f 1311/1264/1311 1307/1166/1307 1310/1265/1310
vt 0.9842405 0.8704787
f 1388/1164/1388 1369/1220/1369 1382/1266/1382
f 1388/1164/1388 1382/1266/1382 1389/1167/1389
vt 0.7996292 0.9456379
vt 0.8121259 0.9569843
vt 0.7958908 0.9565090
f 1305/1267/1305 1292/1268/1292 1306/1269/1306
f 1389/1167/1389 1382/1266/1382 1385/1048/1385
vt 0.9861144 0.8282403
f 1382/1266/1382 1359/1270/1359 1385/1048/1385
vt 0.8156077 0.9458195
vt 0.8382696 0.9444141
vt 0.8400013 0.9568390
f 1293/1271/1293 1295/1272/1295 1294/1273/1294
f 1385/1048/1385 1359/1270/1359 1361/1221/1361
vt 0.8507836 0.9441733
vt 0.8610962 0.9564474
f 1299/1274/1299 1298/1275/1298 1294/1273/1294
vt 0.9862580 0.7878242
f 1386/1168/1386 1361/1221/1361 1363/1276/1363
f 300/676/300 302/1222/302 317/1223/317
vt 0.8617954 0.9461462
vt 0.8776143 0.9560983
f 1296/1277/1296 1297/1278/1297 1298/1275/1298
f 1386/1168/1386 1363/1276/1363 1387/1169/1387
f 1363/1276/1363 1383/1227/1383 1387/1169/1387
vt 0.3234858 0.6147279
f 512/856/512 476/1224/476 528/1279/528
f 1383/1227/1383 1391/1062/1391 1387/1169/1387
f 1390/1170/1390 1383/1227/1383 1375/1230/1375
vt 0.8228598 0.7765924
vt 0.8282535 0.7599247
f 2862/1280/2862 2841/1281/2841 2836/1068/2836
f 1430/1228/1430 1428/1229/1428 1429/1070/1429
vt 0.0701446 0.8699549
f 1428/1229/1428 1426/1282/1426 1427/1176/1427
f 1426/1282/1426 1414/1233/1414 1427/1176/1427
f 1427/1176/1427 1414/1233/1414 1432/1177/1432
vt 0.0928962 0.8697097
f 1414/1233/1414 1412/1283/1412 1411/1179/1411
vt 0.1089288 0.8705271
f 1411/1179/1411 1412/1283/1412 1413/1284/1413
f 1411/1179/1411 1413/1284/1413 1415/1234/1415
vt 0.1455503 0.8701531
f 1415/1234/1415 1413/1284/1413 1416/1285/1416
vt 0.6495678 0.3222798
vt 0.6065297 0.3324453
vt 0.6048363 0.3229419
f 3410/1286/3410 3409/1287/3409 3411/1288/3411
vt 0.5509717 0.3253664
f 3411/1288/3411 3409/1287/3409 3412/1289/3412
vt 0.5197085 0.3220630
vt 0.5094391 0.3333938
vt 0.4714618 0.3226199
f 3428/1290/3428 3386/1291/3386 3383/1292/3383
vt 0.4661315 0.3334232
f 3386/1291/3386 3385/1293/3385 3383/1292/3383
vt 0.4645355 0.3231737
vt 0.4582888 0.3350699
vt 0.4632142 0.3230883
f 3384/1294/3384 3388/1295/3388 3459/1296/3459
vt 0.1885808 0.8705854
f 1416/1285/1416 1420/1297/1420 1415/1234/1415
f 1415/1234/1415 1420/1297/1420 1418/1235/1418
vt 0.2242761 0.8696429
f 1418/1235/1418 1423/1298/1423 1424/1182/1424
vt 0.2339306 0.8733779
f 1423/1298/1423 1442/1299/1442 1434/1236/1434
f 1424/1182/1424 1423/1298/1423 1434/1236/1434
vt 0.2390710 0.8710405
f 1434/1236/1434 1442/1299/1442 1443/1300/1443
vt 0.4867282 0.7355636
vt 0.4813110 0.7449250
f 2903/1301/2903 2885/1302/2885 2888/1189/2888
f 2888/1189/2888 2885/1302/2885 2887/1238/2887
f 3086/1240/3086 3083/1241/3083 3108/1194/3108
f 3083/1241/3083 3019/1242/3019 3110/1089/3110
f 3095/1244/3095 3097/1245/3097 3107/1196/3107
vt 0.0805965 0.1659886
f 3112/995/3112 3087/1303/3087 3111/1097/3111
f 3087/1303/3087 3082/1249/3082 3111/1097/3111
f 3082/1249/3082 3086/1240/3086 3109/1088/3109
vt 0.3362633 0.1703621
f 3019/1242/3019 3020/1304/3020 3021/1195/3021
vt 0.8326856 0.1696577
f 3100/1248/3100 3038/1305/3038 3119/991/3119
vt 0.9011258 0.7806870
vt 0.9041548 0.7771902
f 2851/1306/2851 2809/1307/2809 2816/993/2816
f 2857/1197/2857 2851/1306/2851 2816/993/2816
vt 0.0638698 0.1660713
f 3089/1250/3089 3088/1308/3088 3112/995/3112
f 3112/995/3112 3088/1308/3088 3087/1303/3087
vt 0.2562061 0.5458851
f 150/1111/150 147/1309/147 138/931/138
f 2816/993/2816 2809/1307/2809 2815/1112/2815
f 3117/996/3117 3091/1252/3091 3089/1250/3089
vt 0.0340278 0.5119359
f 1798/1199/1798 1778/1251/1778 1767/1310/1767
f 1798/1199/1798 1767/1310/1767 1799/1118/1799
vt 0.0349672 0.4848597
f 1794/1204/1794 1767/1310/1767 1757/1311/1757
f 1794/1204/1794 1757/1311/1757 1795/1203/1795
vt 0.0345128 0.4660111
f 1795/1203/1795 1757/1311/1757 1756/1312/1756
f 1795/1203/1795 1756/1312/1756 1796/1129/1796
vt 0.0327586 0.4453399
f 1796/1129/1796 1756/1312/1756 1777/1313/1777
f 1796/1129/1796 1777/1313/1777 1804/1207/1804
f 1804/1207/1804 1777/1313/1777 1793/1209/1793
vt 0.0349755 0.4203488
f 1793/1209/1793 1777/1313/1777 1760/1314/1760
vt 0.0349041 0.3993546
f 1793/1209/1793 1760/1314/1760 1762/1315/1762
f 1793/1209/1793 1762/1315/1762 1797/1137/1797
vt 0.1667525 0.4518490
f 418/1022/418 419/1316/419 416/697/416
f 1797/1137/1797 1762/1315/1762 1765/1257/1765
f 1797/1137/1797 1765/1257/1765 1803/1210/1803
f 416/697/416 419/1316/419 420/934/420
f 1803/1210/1803 1765/1257/1765 1802/1212/1802
vt 0.0351606 0.3617533
f 1800/1214/1800 1765/1257/1765 1775/1317/1775
f 1800/1214/1800 1775/1317/1775 1801/1213/1801
f 1801/1213/1801 1775/1317/1775 1779/1258/1779
vt 0.8101093 0.0443354
f 1894/1156/1894 1891/1318/1891 1893/1259/1893
vt 0.8392532 0.0363247
f 1895/1158/1895 1893/1259/1893 1899/1319/1899
vt 0.8367887 0.0281104
f 1895/1158/1895 1899/1319/1899 1902/1320/1902
vt 0.9867142 0.8710464
f 1369/1220/1369 1367/1321/1367 1382/1266/1382
f 1367/1321/1367 1359/1270/1359 1382/1266/1382
vt 0.9870311 0.7643017
f 1363/1276/1363 1371/1322/1371 1383/1227/1383
vt 0.8240632 0.7679529
f 2862/1280/2862 2863/1323/2863 2841/1281/2841
f 1383/1227/1383 1371/1322/1371 1375/1230/1375
vt 0.0514741 0.8684015
f 1430/1228/1430 1451/1232/1451 1431/1324/1431
f 1430/1228/1430 1431/1324/1431 1428/1229/1428
f 1426/1282/1426 1412/1283/1412 1414/1233/1414
vt 0.2110932 0.8696055
f 1420/1297/1420 1422/1325/1422 1418/1235/1418
f 1418/1235/1418 1422/1325/1422 1423/1298/1423
vt 0.2303719 0.8680696
f 1423/1298/1423 1444/1326/1444 1442/1299/1442
f 1444/1326/1444 1443/1300/1443 1442/1299/1442
vt 0.4826785 0.7338970
vt 0.4771409 0.7364032
f 2904/1327/2904 2897/1328/2897 2903/1301/2903
f 2903/1301/2903 2897/1328/2897 2885/1302/2885
vt 0.4728341 0.7644209
f 2887/1238/2887 2890/1329/2890 2891/1192/2891
f 2891/1192/2891 2890/1329/2890 2893/1239/2893
vt 0.3309094 0.1671257
f 3019/1242/3019 3083/1241/3083 3084/1330/3084
vt 0.3359435 0.1656978
f 3019/1242/3019 3084/1330/3084 3022/1331/3022
vt 0.3795331 0.1682352
vt 0.4191683 0.1679128
f 3025/1332/3025 3024/1333/3024 3096/1243/3096
f 3096/1243/3096 3024/1333/3024 3095/1244/3095
vt 0.5069078 0.1682365
f 3095/1244/3095 3024/1333/3024 3028/1334/3028
vt 0.5665221 0.1689084
f 3095/1244/3095 3028/1334/3028 3029/1335/3029
f 3095/1244/3095 3029/1335/3029 3097/1245/3097
vt 0.6249636 0.1692473
f 3097/1245/3097 3029/1335/3029 3032/1336/3032
f 3097/1245/3097 3032/1336/3032 3098/1246/3098
vt 0.7290781 0.1698620
f 3098/1246/3098 3032/1336/3032 3034/1337/3034
f 3098/1246/3098 3034/1337/3034 3099/1247/3099
vt 0.8083690 0.1698499
f 3099/1247/3099 3034/1337/3034 3036/1338/3036
f 3099/1247/3099 3036/1338/3036 3100/1248/3100
f 3100/1248/3100 3036/1338/3036 3038/1305/3038
vt 0.1807439 0.1659957
f 3082/1249/3082 3085/1339/3085 3086/1240/3086
f 3019/1242/3019 3022/1331/3022 3020/1304/3020
vt 0.0369869 0.5475908
vt 0.0364633 0.5400923
f 1778/1251/1778 1774/1340/1774 1768/1341/1768
f 1778/1251/1778 1768/1341/1768 1767/1310/1767
f 138/931/138 153/1006/153 151/720/151
vt 0.0384673 0.0871449
vt 0.0632262 0.0841609
vt 0.0619884 0.0879292
f 2746/1342/2746 2741/1343/2741 2743/1344/2743
vt 0.0358903 0.4507931
f 1756/1312/1756 1754/1345/1754 1777/1313/1777
f 1777/1313/1777 1754/1345/1754 1760/1314/1760
vt 0.9952025 0.8778343
f 1369/1220/1369 1368/1346/1368 1367/1321/1367
vt 0.9962562 0.8514321
f 1367/1321/1367 1366/1347/1366 1359/1270/1359
vt 0.9960030 0.8166063
f 1359/1270/1359 1360/1348/1360 1361/1221/1361
vt 0.9953252 0.7995749
vt 0.9962214 0.7812116
f 1363/1276/1363 1362/1349/1362 1364/1350/1364
f 1363/1276/1363 1364/1350/1364 1371/1322/1371
vt 0.9973295 0.7372573
f 1371/1322/1371 1374/1351/1374 1375/1230/1375
vt 0.8364618 0.7545334
f 2841/1281/2841 2840/1352/2840 2835/1174/2835
f 2836/1068/2836 2841/1281/2841 2835/1174/2835
vt 0.0478008 0.8615969
f 1451/1232/1451 1447/1353/1447 1431/1324/1431
vt 0.0654028 0.8628832
f 1431/1324/1431 1436/1354/1436 1428/1229/1428
f 1428/1229/1428 1436/1354/1436 1426/1282/1426
vt 0.8384831 0.7638239
f 2840/1352/2840 2846/1355/2846 2835/1174/2835
vt 0.0371964 0.8612458
vt 0.0400337 0.8621416
f 1460/1231/1460 1461/1356/1461 1459/1357/1459
f 1460/1231/1460 1459/1357/1459 1451/1232/1451
f 1459/1357/1459 1447/1353/1447 1451/1232/1451
vt 0.0939092 0.8630527
f 1426/1282/1426 1438/1358/1438 1412/1283/1412
f 1412/1283/1412 1438/1358/1438 1413/1284/1413
vt 0.1092608 0.8623998
f 1438/1358/1438 1440/1359/1440 1413/1284/1413
f 1413/1284/1413 1440/1359/1440 1416/1285/1416
vt 0.1483147 0.8627341
f 1416/1285/1416 1439/1360/1439 1420/1297/1420
vt 0.1939044 0.8647692
f 1420/1297/1420 1439/1360/1439 1425/1361/1425
f 1420/1297/1420 1425/1361/1425 1422/1325/1422
vt 0.2138333 0.8624245
f 1425/1361/1425 1441/1362/1441 1422/1325/1422
f 1422/1325/1422 1441/1362/1441 1423/1298/1423
vt 0.2251963 0.8624898
f 1423/1298/1423 1445/1363/1445 1444/1326/1444
vt 0.4808018 0.7319071
f 2907/1364/2907 2897/1328/2897 2904/1327/2904
f 2907/1364/2907 2904/1327/2904 2908/6/2908
vt 0.4734119 0.7480266
f 2885/1302/2885 2886/1365/2886 2887/1238/2887
f 2887/1238/2887 2886/1365/2886 2890/1329/2890
vt 0.4736728 0.7711439
f 2890/1329/2890 2894/1366/2894 2893/1239/2893
vt 0.4893476 0.7728955
f 2893/1239/2893 2894/1366/2894 2902/1367/2902
vt 0.2564721 0.1585481
f 3086/1240/3086 3063/1368/3063 3083/1241/3083
vt 0.3776701 0.1599090
f 3023/1369/3023 3024/1333/3024 3025/1332/3025
vt 0.5990684 0.1616762
f 3029/1335/3029 3031/1370/3031 3032/1336/3032
vt 0.0508029 0.1572147
vt 0.0721249 0.1570030
f 3075/1371/3075 3072/1372/3072 3088/1308/3088
f 3088/1308/3088 3072/1372/3072 3087/1303/3087
vt 0.2513277 0.5541562
f 147/1309/147 146/1373/146 138/931/138
vt 0.0165044 0.1566049
f 3089/1250/3089 3078/1374/3078 3075/1371/3075
f 3089/1250/3089 3075/1371/3075 3088/1308/3088
f 3089/1250/3089 3091/1252/3091 3078/1374/3078
vt 0.9121482 0.7706817
vt 0.9130237 0.7877534
f 2815/1112/2815 2811/1375/2811 2852/1376/2852
f 3090/1254/3090 3078/1374/3078 3091/1252/3091
vt 0.0435152 0.5245555
f 1768/1341/1768 1769/1377/1769 1767/1310/1767
vt 0.0325181 0.0964951
vt 0.0194520 0.0881724
f 2746/1342/2746 2777/1378/2777 2748/1379/2748
vt 0.0436395 0.5115276
f 1769/1377/1769 1770/1380/1770 1767/1310/1767
vt 0.2290021 0.5300244
f 153/1006/153 155/1381/155 172/1255/172
vt 0.0435838 0.4990369
f 1767/1310/1767 1759/1382/1759 1757/1311/1757
vt 0.0436605 0.4265727
f 1754/1345/1754 1755/1383/1755 1760/1314/1760
vt 0.1417719 0.0866988
vt 0.1275952 0.0956671
vt 0.1220583 0.0867605
f 2731/1384/2731 2772/1385/2772 2728/1386/2728
vt 0.0437057 0.4123096
f 1760/1314/1760 1761/1387/1761 1762/1315/1762
vt 0.0437150 0.3819129
vt 0.0437929 0.3674091
f 1764/1388/1764 1766/1389/1766 1765/1257/1765
vt 0.8392532 0.0475380
f 1893/1259/1893 1901/1390/1901 1899/1319/1899
vt 0.3921940 0.7415054
f 268/1033/268 496/1391/496 278/1263/278
vt 0.9968830 0.9043659
vt 0.9969940 0.8970355
f 1377/1392/1377 1370/1393/1370 1369/1220/1369
f 1369/1220/1369 1370/1393/1370 1368/1346/1368
vt 0.3708145 0.6966124
f 285/945/285 306/1394/306 305/1165/305
f 305/1165/305 306/1394/306 304/854/304
f 1368/1346/1368 1366/1347/1366 1367/1321/1367
vt 0.3130776 0.6241916
f 476/1224/476 522/1395/522 528/1279/528
f 158/1225/158 522/1395/522 143/1226/143
vt 0.0624406 0.8566754
f 1431/1324/1431 1446/1396/1446 1436/1354/1436
vt 0.9951739 0.7279640
f 1374/1351/1374 1376/1397/1376 1375/1230/1375
f 1426/1282/1426 1436/1354/1436 1438/1358/1438
vt 0.0050658 0.3140738
vt 0.0055145 0.2951343
vt 0.0057134 0.3050977
f 3352/1398/3352 3458/1399/3458 3343/1400/3343
f 1440/1359/1440 1439/1360/1439 1416/1285/1416
vt 0.1897165 0.8589313
f 1439/1360/1439 1448/1401/1448 1425/1361/1425
f 1425/1361/1425 1448/1401/1448 1441/1362/1441
vt 0.2222494 0.8578561
f 1441/1362/1441 1458/1402/1458 1445/1363/1445
f 1441/1362/1441 1445/1363/1445 1423/1298/1423
vt 0.4741971 0.7330391
f 2906/1403/2906 2897/1328/2897 2907/1364/2907
vt 0.4721561 0.7403507
f 2889/1404/2889 2886/1365/2886 2885/1302/2885
f 2897/1328/2897 2889/1404/2889 2885/1302/2885
vt 0.6294453 0.9149785
vt 0.6249231 0.9057552
vt 0.6444144 0.9069141
f 1517/1405/1517 1489/1406/1489 1490/1407/1490
vt 0.1651601 0.1581196
f 3085/1339/3085 3065/1408/3065 3086/1240/3086
f 3086/1240/3086 3065/1408/3065 3063/1368/3063
vt 0.3399585 0.1583583
f 3083/1241/3083 3063/1368/3063 3062/1409/3062
f 3083/1241/3083 3062/1409/3062 3084/1330/3084
f 3084/1330/3084 3062/1409/3062 3022/1331/3022
vt 0.4279408 0.1586923
f 3024/1333/3024 3023/1369/3023 3026/1410/3026
vt 0.5032390 0.1609259
f 3026/1410/3026 3027/1411/3027 3024/1333/3024
f 3024/1333/3024 3027/1411/3027 3028/1334/3028
f 3028/1334/3028 3027/1411/3027 3029/1335/3029
vt 0.5612882 0.1590137
f 3027/1411/3027 3030/1412/3030 3029/1335/3029
f 3029/1335/3029 3030/1412/3030 3031/1370/3031
vt 0.7135435 0.1626120
f 3032/1336/3032 3031/1370/3031 3033/1413/3033
f 3032/1336/3032 3033/1413/3033 3034/1337/3034
vt 0.7634549 0.1617486
f 3033/1413/3033 3035/1414/3035 3034/1337/3034
f 3034/1337/3034 3035/1414/3035 3036/1338/3036
vt 0.8295836 0.1626621
f 3036/1338/3036 3035/1414/3035 3037/1415/3037
f 3036/1338/3036 3037/1415/3037 3038/1305/3038
vt 0.8328779 0.1586404
f 3037/1415/3037 3040/1416/3040 3038/1305/3038
vt 0.5914952 0.9159280
vt 0.5832429 0.9037374
vt 0.6040519 0.9092641
f 1515/1417/1515 1501/1418/1501 1499/1419/1499
f 3087/1303/3087 3072/1372/3072 3082/1249/3082
vt 0.0979349 0.1563184
f 3082/1249/3082 3072/1372/3072 3067/1420/3067
f 3067/1420/3067 3065/1408/3065 3085/1339/3085
f 3082/1249/3082 3067/1420/3067 3085/1339/3085
vt 0.0441065 0.5518373
vt 0.0425651 0.5485505
f 1774/1340/1774 1773/1421/1773 1772/1422/1772
vt 0.5609840 0.9155053
vt 0.5627871 0.9038940
vt 0.5693832 0.9123606
f 1521/1423/1521 1506/1424/1506 1518/1425/1518
f 1774/1340/1774 1772/1422/1772 1768/1341/1768
f 2809/1307/2809 2811/1375/2811 2815/1112/2815
vt 0.0443430 0.5365883
f 1772/1422/1772 1771/1426/1771 1768/1341/1768
vt 0.0009909 0.1494445
vt 0.0021449 0.1524667
f 3094/1427/3094 3080/1428/3080 3090/1254/3090
f 3090/1254/3090 3080/1428/3080 3078/1374/3078
f 1768/1341/1768 1771/1426/1771 1769/1377/1769
vt 0.2210429 0.5252490
f 172/1255/172 155/1381/155 178/1429/178
f 172/1255/172 178/1429/178 511/1205/511
vt 0.0445841 0.4860470
f 1759/1382/1759 1758/1430/1758 1757/1311/1757
vt 0.2058107 0.5118352
f 511/1205/511 480/1431/480 481/1256/481
vt 0.0444335 0.4690062
f 1757/1311/1757 1758/1430/1758 1752/1432/1752
f 1757/1311/1757 1752/1432/1752 1756/1312/1756
vt 0.1987672 0.5040308
f 481/1256/481 480/1431/480 454/1433/454
f 481/1256/481 454/1433/454 455/1206/455
f 1756/1312/1756 1752/1432/1752 1754/1345/1754
vt 0.0446345 0.4449894
f 1752/1432/1752 1753/1434/1753 1754/1345/1754
vt 0.1777148 0.4856862
f 455/1206/455 421/1435/421 418/1022/418
f 1754/1345/1754 1753/1434/1753 1755/1383/1755
f 418/1022/418 421/1435/421 419/1316/419
vt 0.0442948 0.3966939
f 1761/1387/1761 1763/1436/1763 1762/1315/1762
f 1763/1436/1763 1764/1388/1764 1762/1315/1762
f 1765/1257/1765 1766/1389/1766 1775/1317/1775
vt 0.0444708 0.3605441
f 1775/1317/1775 1766/1389/1766 1776/1437/1776
f 1775/1317/1775 1776/1437/1776 1779/1258/1779
vt 0.8141984 0.0526555
vt 0.8228689 0.0538689
f 1891/1318/1891 1897/1438/1897 1892/1439/1892
f 1891/1318/1891 1892/1439/1892 1893/1259/1893
vt 0.7138880 0.1075262
f 1679/1218/1679 1677/1440/1677 1652/1260/1652
vt 0.7182329 0.0969509
f 1652/1260/1652 1648/1441/1648 1651/1261/1651
vt 0.7236197 0.0761424
f 1648/1441/1648 1649/1442/1649 1651/1261/1651
f 1651/1261/1651 1649/1442/1649 1650/1262/1650
vt 0.9987215 0.8834420
f 1370/1393/1370 1380/1443/1380 1368/1346/1368
vt 0.9995446 0.8654343
f 1368/1346/1368 1380/1443/1380 1381/1444/1381
vt 0.3628471 0.6918687
f 304/854/304 306/1394/306 316/1445/316
f 1368/1346/1368 1381/1444/1381 1366/1347/1366
vt 0.3350947 0.9506515
vt 0.3436036 0.9463400
vt 0.3537821 0.9513716
f 1196/1446/1196 1181/1447/1181 1198/1448/1198
vt 0.3285711 0.6480869
f 302/1222/302 303/784/303 315/1449/315
f 302/1222/302 315/1449/315 317/1223/317
vt 0.3861764 0.9513817
vt 0.3864732 0.9461563
vt 0.4043502 0.9510232
f 1200/1450/1200 1172/1451/1172 1199/1452/1199
vt 0.3208261 0.6433789
vt 0.3194454 0.6352727
f 335/1453/335 475/1454/475 476/1224/476
f 317/1223/317 335/1453/335 476/1224/476
f 476/1224/476 475/1454/475 522/1395/522
vt 0.4089614 0.9471987
vt 0.4264757 0.9514338
f 1199/1452/1199 1173/1455/1173 1195/1456/1195
vt 0.4199473 0.9470723
f 1195/1456/1195 1173/1455/1173 1174/1457/1174
vt 0.8272449 0.3102348
vt 0.8245111 0.2949717
vt 0.8276358 0.3006476
f 3438/1458/3438 3440/1459/3440 3454/1460/3454
f 1447/1353/1447 1446/1396/1446 1431/1324/1431
vt 0.2811088 0.5935473
f 129/961/129 128/858/128 130/1461/130
vt 0.0451285 0.8532613
f 1459/1357/1459 1457/1462/1457 1447/1353/1447
f 1436/1354/1436 1446/1396/1446 1438/1358/1438
vt 0.9995446 0.7251917
f 1376/1397/1376 1374/1351/1374 1379/1463/1379
vt 0.0392678 0.8533073
f 1461/1356/1461 1467/1464/1467 1459/1357/1459
vt 0.0891353 0.8567001
f 1446/1396/1446 1449/1465/1449 1438/1358/1438
f 1438/1358/1438 1449/1465/1449 1440/1359/1440
vt 0.0821328 0.1179463
vt 0.0777194 0.1209453
vt 0.0733151 0.1225717
f 3237/1466/3237 3238/1467/3238 3239/1468/3239
vt 0.1021266 0.8513092
f 1449/1465/1449 1454/1469/1454 1440/1359/1440
vt 0.1084108 0.8541288
f 1440/1359/1440 1454/1469/1454 1452/1470/1452
f 1440/1359/1440 1452/1470/1452 1439/1360/1439
vt 0.1534947 0.8559571
f 1439/1360/1439 1452/1470/1452 1453/1471/1453
f 1439/1360/1439 1453/1471/1453 1448/1401/1448
vt 0.1998030 0.8527552
f 1448/1401/1448 1470/1472/1470 1441/1362/1441
f 1441/1362/1441 1470/1472/1470 1458/1402/1458
vt 0.4694280 0.7345135
f 2905/1473/2905 2897/1328/2897 2906/1403/2906
f 2905/1473/2905 2889/1404/2889 2897/1328/2897
vt 0.4687211 0.7457244
f 2889/1404/2889 2905/1473/2905 2899/1474/2899
f 2889/1404/2889 2899/1474/2899 2886/1365/2886
vt 0.4685792 0.7638939
f 2886/1365/2886 2899/1474/2899 2898/1475/2898
f 2886/1365/2886 2898/1475/2898 2890/1329/2890
vt 0.4694998 0.7710053
f 2890/1329/2890 2898/1475/2898 2896/1476/2896
f 2890/1329/2890 2896/1476/2896 2894/1366/2894
vt 0.1503521 0.1536252
vt 0.2095059 0.1553550
f 3065/1408/3065 3066/1477/3066 3064/1478/3064
f 3065/1408/3065 3064/1478/3064 3063/1368/3063
vt 0.3039917 0.1555930
f 3064/1478/3064 3061/1479/3061 3063/1368/3063
f 3063/1368/3063 3061/1479/3061 3062/1409/3062
vt 0.3760701 0.1566132
f 3023/1369/3023 3042/1480/3042 3026/1410/3026
vt 0.5057673 0.1550414
f 3027/1411/3027 3026/1410/3026 3043/1481/3043
f 3043/1481/3043 3030/1412/3030 3027/1411/3027
vt 0.6198313 0.1582569
f 3031/1370/3031 3030/1412/3030 3039/1482/3039
f 3031/1370/3031 3039/1482/3039 3033/1413/3033
vt 0.7107150 0.1581695
f 3033/1413/3033 3039/1482/3039 3041/1483/3041
f 3041/1483/3041 3035/1414/3035 3033/1413/3033
f 3035/1414/3035 3040/1416/3040 3037/1415/3037
vt 0.8975923 0.7696956
f 2851/1306/2851 2850/1484/2850 2809/1307/2809
vt 0.0565186 0.1525793
f 3075/1371/3075 3074/1485/3074 3072/1372/3072
f 1773/1421/1773 1771/1426/1771 1772/1422/1772
vt 0.0501567 0.5132419
f 1769/1377/1769 1780/1486/1780 1770/1380/1770
f 178/1429/178 480/1431/480 511/1205/511
vt 0.1064124 0.9349090
vt 0.1193255 0.9278165
vt 0.1237065 0.9321872
f 2203/1487/2203 2147/1488/2147 2198/1489/2198
f 454/1433/454 421/1435/421 455/1206/455
vt 0.8368793 0.0519059
f 1892/1439/1892 1896/1490/1896 1893/1259/1893
vt 0.1211987 0.4433218
f 594/1216/594 591/1491/591 597/1160/597
f 1893/1259/1893 1896/1490/1896 1901/1390/1901
vt 0.1127829 0.4265781
f 597/1160/597 591/1491/591 596/1492/596
vt 0.4036366 0.7411723
f 268/1033/268 530/1493/530 496/1391/496
vt 0.2835044 0.9473194
vt 0.2853574 0.9398641
vt 0.2906514 0.9481268
f 1190/1494/1190 1187/1495/1187 1186/1496/1186
vt 0.3214494 0.9471903
f 1182/1497/1182 1181/1447/1181 1196/1446/1196
vt 0.3648640 0.9463996
f 1198/1448/1198 1181/1447/1181 1183/1498/1183
vt 0.3391101 0.6703525
f 304/854/304 314/1499/314 303/784/303
vt 0.3693520 0.9507747
f 1183/1498/1183 1172/1451/1172 1197/1500/1197
f 303/784/303 314/1499/314 315/1449/315
f 315/1449/315 335/1453/335 317/1223/317
f 1172/1451/1172 1173/1455/1173 1199/1452/1199
vt 0.4311743 0.9421311
vt 0.4373794 0.9505569
f 1174/1457/1174 1176/1501/1176 1184/1502/1184
f 1195/1456/1195 1174/1457/1174 1184/1502/1184
vt 0.4474852 0.9467607
f 1184/1502/1184 1176/1501/1176 1178/1503/1178
vt 0.4595025 0.9450677
vt 0.4599318 0.9498361
f 1178/1503/1178 1180/1504/1180 1188/1505/1188
vt 0.4478908 0.9513716
f 1189/1506/1189 1178/1503/1178 1188/1505/1188
vt 0.0523253 0.8517452
f 1457/1462/1457 1455/1507/1455 1447/1353/1447
f 1447/1353/1447 1455/1507/1455 1446/1396/1446
vt 0.0368852 0.8497985
f 1461/1356/1461 1468/1508/1468 1467/1464/1467
f 1467/1464/1467 1457/1462/1457 1459/1357/1459
vt 0.0635951 0.8518468
f 1446/1396/1446 1456/1509/1456 1449/1465/1449
vt 0.4638585 0.9460739
f 1188/1505/1188 1180/1504/1180 1191/1510/1191
vt 0.1537326 0.8496351
f 1452/1470/1452 1469/1511/1469 1453/1471/1453
f 1453/1471/1453 1469/1511/1469 1470/1472/1470
f 1453/1471/1453 1470/1472/1470 1448/1401/1448
vt 0.4293804 0.9068677
vt 0.4422615 0.9034343
vt 0.4525830 0.9079556
f 2504/1512/2504 2503/1513/2503 2514/1514/2514
vt 0.4493340 0.8982103
f 2503/1513/2503 2501/1515/2501 2514/1514/2514
vt 0.4533238 0.8958074
f 2501/1515/2501 2525/1516/2525 2514/1514/2514
vt 0.4496031 0.8873907
f 2501/1515/2501 2502/1517/2502 2525/1516/2525
vt 0.4549180 0.8772085
f 2502/1517/2502 2524/1518/2524 2525/1516/2525
vt 0.4508884 0.8757566
f 2502/1517/2502 2506/1519/2506 2524/1518/2524
vt 0.4447597 0.8759736
f 2502/1517/2502 2505/1520/2505 2506/1519/2506
vt 0.4461716 0.8696843
f 2505/1520/2505 2507/1521/2507 2506/1519/2506
vt 0.4542894 0.8699753
f 2506/1519/2506 2527/1522/2527 2524/1518/2524
f 2507/1521/2507 2527/1522/2527 2506/1519/2506
vt 0.3233187 0.1490090
vt 0.3536760 0.1494459
f 3061/1479/3061 3060/1523/3060 3059/1524/3059
f 3061/1479/3061 3059/1524/3059 3062/1409/3062
vt 0.1859701 0.9014801
vt 0.1981235 0.9112287
vt 0.1936684 0.9085843
f 2193/1525/2193 2190/1526/2190 2187/1527/2187
vt 0.5604194 0.1511837
f 3030/1412/3030 3043/1481/3043 3046/1528/3046
vt 0.6193132 0.1541086
f 3046/1528/3046 3045/1529/3045 3030/1412/3030
vt 0.8007532 0.1549494
vt 0.8325250 0.1509738
f 3040/1416/3040 3044/1530/3044 3049/1531/3049
vt 0.6075616 0.9180489
vt 0.5969154 0.9292322
vt 0.5827966 0.9220226
f 1519/1532/1519 1536/1533/1536 1523/1534/1523
vt 0.0914446 0.1471387
f 3068/1535/3068 3066/1477/3066 3067/1420/3067
vt 0.2150466 0.1499470
f 3066/1477/3066 3069/1536/3069 3064/1478/3064
f 3064/1478/3064 3069/1536/3069 3061/1479/3061
f 3039/1482/3039 3030/1412/3030 3045/1529/3045
f 3039/1482/3039 3045/1529/3045 3041/1483/3041
f 3041/1483/3041 3044/1530/3044 3035/1414/3035
f 3035/1414/3035 3044/1530/3044 3040/1416/3040
vt 0.9005213 0.7615215
f 2850/1484/2850 2810/1537/2810 2809/1307/2809
vt 0.0728395 0.1463123
f 3072/1372/3072 3074/1485/3074 3071/1538/3071
f 3072/1372/3072 3071/1538/3071 3067/1420/3067
f 2809/1307/2809 2810/1537/2810 2811/1375/2811
vt 0.0325502 0.1482125
f 3075/1371/3075 3077/1539/3077 3074/1485/3074
vt 0.1877502 0.9297712
vt 0.2021798 0.9255704
vt 0.1930742 0.9357077
f 2160/1540/2160 2163/1541/2163 2192/1542/2192
f 3078/1374/3078 3077/1539/3077 3075/1371/3075
vt 0.0026755 0.1467496
f 3080/1428/3080 3079/1543/3079 3078/1374/3078
f 3094/1427/3094 3079/1543/3079 3080/1428/3080
vt 0.2203797 0.5474596
f 138/931/138 154/1544/154 153/1006/153
vt 0.1425642 0.9276727
f 2147/1488/2147 2150/1545/2150 2198/1489/2198
f 420/934/420 591/1491/591 594/1216/594
vt 0.8209576 0.0568917
f 1897/1438/1897 1903/1546/1903 1892/1439/1892
vt 0.8292444 0.0564421
f 1892/1439/1892 1900/1547/1900 1896/1490/1896
vt 0.3894251 0.7348203
f 278/1263/278 288/1548/288 282/1039/282
vt 0.3364161 0.9349785
vt 0.3432365 0.9385424
vt 0.3213093 0.9389709
f 1166/1549/1166 1165/1550/1165 1167/1551/1167
f 316/1445/316 314/1499/314 304/854/304
vt 0.3688427 0.9396861
vt 0.3727659 0.9339282
vt 0.3847862 0.9399257
f 1160/1552/1160 1161/1553/1161 1162/1554/1162
vt 0.3886508 0.9338567
f 1161/1553/1161 1163/1555/1163 1162/1554/1162
vt 0.4030181 0.9366444
f 1162/1554/1162 1163/1555/1163 1169/1556/1169
vt 0.4219085 0.9346179
vt 0.4391238 0.9357783
f 1176/1501/1176 1175/1557/1175 1177/1558/1177
vt 0.8239908 0.2866562
f 3440/1459/3440 3451/1559/3451 3454/1460/3454
vt 0.8352941 0.7477587
f 2841/1281/2841 2839/1560/2839 2840/1352/2840
f 1446/1396/1446 1455/1507/1455 1456/1509/1456
vt 0.8454208 0.7549167
f 2846/1355/2846 2840/1352/2840 2845/1561/2845
vt 0.0455881 0.8453167
f 1457/1462/1457 1473/1562/1473 1455/1507/1455
vt 0.0395973 0.8453450
f 1468/1508/1468 1475/1563/1475 1467/1464/1467
f 1467/1464/1467 1475/1563/1475 1457/1462/1457
f 1456/1509/1456 1454/1469/1454 1449/1465/1449
vt 0.0646397 0.8456407
f 1456/1509/1456 1476/1564/1476 1454/1469/1454
vt 0.0874659 0.1198949
f 3238/1467/3238 3237/1466/3237 3240/1565/3240
f 1454/1469/1454 1469/1511/1469 1452/1470/1452
vt 0.3830706 0.9047285
vt 0.4228589 0.9033380
f 2535/1566/2535 2519/1567/2519 2504/1512/2504
vt 0.4256210 0.8940094
f 2519/1567/2519 2486/1568/2486 2504/1512/2504
vt 0.4390709 0.8962603
f 2486/1568/2486 2498/1569/2498 2504/1512/2504
f 2504/1512/2504 2498/1569/2498 2503/1513/2503
f 2503/1513/2503 2498/1569/2498 2501/1515/2501
vt 0.4435310 0.8867686
f 2498/1569/2498 2500/1570/2500 2501/1515/2501
vt 0.4349101 0.8812118
f 2498/1569/2498 2497/1571/2497 2500/1570/2500
f 2500/1570/2500 2502/1517/2502 2501/1515/2501
f 2497/1571/2497 2505/1520/2505 2500/1570/2500
f 2500/1570/2500 2505/1520/2505 2502/1517/2502
vt 0.4338503 0.8730419
f 2497/1571/2497 2510/1572/2510 2505/1520/2505
vt 0.4381984 0.8681623
f 2510/1572/2510 2523/1573/2523 2507/1521/2507
f 2510/1572/2510 2507/1521/2507 2505/1520/2505
vt 0.3437353 0.8621457
vt 0.3373174 0.8514802
vt 0.3591055 0.8539929
f 2520/1574/2520 2546/1575/2546 2547/1576/2547
vt 0.3615075 0.8618682
f 2520/1574/2520 2547/1576/2547 2529/1577/2529
vt 0.4057783 0.8604661
f 2547/1576/2547 2548/1578/2548 2529/1577/2529
vt 0.3246766 0.8603040
vt 0.3130475 0.8527251
f 2546/1575/2546 2521/1579/2521 2545/1580/2545
vt 0.1627077 0.1478139
vt 0.2488009 0.1434398
f 3073/1581/3073 3092/1582/3092 3069/1536/3069
vt 0.2843018 0.1493298
f 3092/1582/3092 3070/1583/3070 3069/1536/3069
vt 0.3406717 0.1428946
vt 0.3665476 0.1492886
f 3059/1524/3059 3058/1584/3058 3053/1585/3053
vt 0.3716475 0.1517263
vt 0.4347017 0.1501904
f 3048/1586/3048 3053/1585/3053 3047/1587/3047
vt 0.5194772 0.1478459
f 3047/1587/3047 3051/1588/3051 3043/1481/3043
f 3043/1481/3043 3051/1588/3051 3046/1528/3046
vt 0.5972703 0.1476296
f 3046/1528/3046 3050/1589/3050 3045/1529/3045
vt 0.7270787 0.1481557
f 3045/1529/3045 3050/1589/3050 3052/1590/3052
f 3045/1529/3045 3052/1590/3052 3044/1530/3044
f 3052/1590/3052 3049/1531/3049 3044/1530/3044
vt 0.8950572 0.7607241
f 2850/1484/2850 2844/1591/2844 2810/1537/2810
f 3066/1477/3066 3068/1535/3068 3073/1581/3073
vt 0.2495610 0.5606197
vt 0.2475455 0.5616232
f 163/1592/163 145/1593/145 146/1373/146
vt 0.0536650 0.1458384
f 3074/1485/3074 3076/1594/3076 3071/1538/3071
f 3077/1539/3077 3076/1594/3076 3074/1485/3074
vt 0.2225006 0.5399437
f 154/1544/154 169/1595/169 155/1381/155
f 153/1006/153 154/1544/154 155/1381/155
vt 0.2153732 0.5377604
f 155/1381/155 179/1596/179 178/1429/178
vt 0.1482202 0.4738230
f 421/1435/421 422/1597/422 419/1316/419
f 419/1316/419 422/1597/422 420/934/420
vt 0.1312569 0.4550182
f 420/934/420 422/1597/422 423/1598/423
vt 0.7090330 0.0973979
f 1677/1440/1677 1631/1599/1631 1652/1260/1652
f 1652/1260/1652 1631/1599/1631 1648/1441/1648
vt 0.3820794 0.7285689
f 288/1548/288 289/1600/289 282/1039/282
f 282/1039/282 289/1600/289 285/945/285
vt 0.3770214 0.7166184
f 289/1600/289 290/1601/290 285/945/285
f 285/945/285 290/1601/290 306/1394/306
vt 0.3022664 0.6430954
f 475/1454/475 474/1602/474 522/1395/522
vt 0.2997878 0.6299884
vt 0.2953299 0.6206355
f 143/1226/143 526/1603/526 161/1604/161
vt 0.2813237 0.6239010
f 161/1604/161 142/1605/142 143/1226/143
f 143/1226/143 142/1605/142 128/858/128
vt 0.8474020 0.7464126
f 2840/1352/2840 2838/1606/2838 2845/1561/2845
vt 0.0537574 0.8441258
f 1473/1562/1473 1474/1607/1474 1455/1507/1455
f 1455/1507/1455 1474/1607/1474 1456/1509/1456
f 1474/1607/1474 1476/1564/1476 1456/1509/1456
vt 0.8535771 0.7497029
f 2838/1606/2838 2847/1608/2847 2845/1561/2845
f 1457/1462/1457 1475/1563/1475 1473/1562/1473
vt 0.2654827 0.9079556
vt 0.2660517 0.8979693
vt 0.2684992 0.9036253
f 2550/1609/2550 2537/1610/2537 2538/1611/2538
vt 0.2936355 0.9069471
vt 0.3203281 0.8959593
vt 0.3316092 0.9004973
f 2533/1612/2533 2516/1613/2516 2531/1614/2531
vt 0.1027135 0.8447165
f 1476/1564/1476 1486/1615/1486 1454/1469/1454
f 1454/1469/1454 1486/1615/1486 1469/1511/1469
vt 0.3681377 0.8979492
f 2531/1614/2531 2515/1616/2515 2535/1566/2535
vt 0.4126939 0.8959542
f 2535/1566/2535 2515/1616/2515 2482/1617/2482
f 2535/1566/2535 2482/1617/2482 2519/1567/2519
f 2482/1617/2482 2486/1568/2486 2519/1567/2519
vt 0.4292701 0.8863038
f 2486/1568/2486 2478/1618/2478 2498/1569/2498
f 2478/1618/2478 2497/1571/2497 2498/1569/2498
vt 0.4227675 0.8772168
f 2478/1618/2478 2493/1619/2493 2497/1571/2497
f 2493/1619/2493 2510/1572/2510 2497/1571/2497
vt 0.3704432 0.8693328
vt 0.3895463 0.8712578
f 2511/1620/2511 2529/1577/2529 2508/1621/2508
vt 0.4187361 0.8671455
f 2508/1621/2508 2526/1622/2526 2493/1619/2493
f 2493/1619/2493 2526/1622/2526 2510/1572/2510
f 2529/1577/2529 2526/1622/2526 2508/1621/2508
vt 0.1566797 0.8425832
vt 0.1866572 0.8375390
vt 0.2459611 0.8447046
f 2989/1623/2989 2986/1624/2986 2990/1625/2990
vt 0.2347450 0.8397740
f 2990/1625/2990 2986/1624/2986 2991/1626/2991
vt 0.3781051 0.1431394
f 3058/1584/3058 3055/1627/3055 3053/1585/3053
vt 0.5564895 0.1448882
f 3051/1588/3051 3055/1627/3055 3054/1628/3054
vt 0.5705838 0.1400267
f 3054/1628/3054 3120/1629/3120 3050/1589/3050
vt 0.0910140 0.1378396
f 3071/1538/3071 3102/1630/3102 3068/1535/3068
vt 0.1581660 0.1425641
f 3068/1535/3068 3102/1630/3102 3101/1631/3101
f 3068/1535/3068 3101/1631/3101 3073/1581/3073
f 3092/1582/3092 3058/1584/3058 3070/1583/3070
f 3070/1583/3070 3058/1584/3058 3060/1523/3060
vt 0.2491738 0.5641853
f 162/1632/162 145/1593/145 163/1592/163
vt 0.5808466 0.9291683
f 1538/1633/1538 1523/1534/1523 1536/1533/1536
vt 0.0243453 0.1413551
f 3077/1539/3077 3081/1634/3081 3076/1594/3076
f 3079/1543/3079 3081/1634/3081 3077/1539/3077
f 146/1373/146 145/1593/145 138/931/138
vt 0.2018425 0.5327227
f 178/1429/178 513/1635/513 480/1431/480
vt 0.1874284 0.5214188
f 480/1431/480 453/1636/453 454/1433/454
f 420/934/420 423/1598/423 591/1491/591
vt 0.7085491 0.0763445
f 1648/1441/1648 1632/1637/1632 1649/1442/1649
vt 0.7092308 0.0600479
f 1632/1637/1632 1635/1638/1635 1649/1442/1649
f 1649/1442/1649 1635/1638/1635 1650/1262/1650
f 278/1263/278 496/1391/496 288/1548/288
vt 0.3146595 0.6560876
f 314/1499/314 326/1639/326 315/1449/315
f 315/1449/315 326/1639/326 335/1453/335
f 475/1454/475 335/1453/335 474/1602/474
f 2840/1352/2840 2839/1560/2839 2838/1606/2838
vt 0.2826079 0.9053383
vt 0.2939578 0.9020401
f 2532/1640/2532 2530/1641/2530 2533/1612/2533
f 2530/1641/2530 2516/1613/2516 2533/1612/2533
vt 0.2684154 0.8945268
f 2537/1610/2537 2536/1642/2536 2538/1611/2538
vt 0.2751348 0.8924982
f 2536/1642/2536 2491/1643/2491 2538/1611/2538
vt 0.0988160 0.1225717
f 3240/1565/3240 3237/1466/3237 3241/1644/3241
vt 0.3395866 0.8927053
f 2516/1613/2516 2480/1645/2480 2531/1614/2531
f 2531/1614/2531 2480/1645/2480 2515/1616/2515
vt 0.3611172 0.8902913
vt 0.3662454 0.8928667
f 2480/1645/2480 2470/1646/2470 2483/1647/2483
f 2480/1645/2480 2483/1647/2483 2515/1616/2515
f 2515/1616/2515 2483/1647/2483 2482/1617/2482
vt 0.3846925 0.8872808
f 2470/1646/2470 2471/1648/2471 2483/1647/2483
f 2483/1647/2483 2471/1648/2471 2482/1617/2482
vt 0.4203964 0.8903918
f 2471/1648/2471 2475/1649/2475 2482/1617/2482
f 2482/1617/2482 2475/1649/2475 2486/1568/2486
f 2475/1649/2475 2478/1618/2478 2486/1568/2486
vt 0.3670260 0.8815682
f 2470/1646/2470 2469/1650/2469 2471/1648/2471
vt 0.4205139 0.8826988
f 2471/1648/2471 2474/1651/2474 2475/1649/2475
vt 0.3745115 0.8793799
f 2469/1650/2469 2473/1652/2473 2471/1648/2471
f 2471/1648/2471 2473/1652/2473 2474/1651/2474
f 2475/1649/2475 2474/1651/2474 2478/1618/2478
vt 0.3395327 0.8718785
vt 0.3793488 0.8754021
f 2473/1652/2473 2494/1653/2494 2495/1654/2495
f 2473/1652/2473 2495/1654/2495 2493/1619/2493
f 2473/1652/2473 2493/1619/2493 2474/1651/2474
f 2474/1651/2474 2493/1619/2493 2478/1618/2478
f 2494/1653/2494 2511/1620/2511 2495/1654/2495
f 2511/1620/2511 2508/1621/2508 2495/1654/2495
f 2495/1654/2495 2508/1621/2508 2493/1619/2493
vt 0.3151213 0.8690953
f 2496/1655/2496 2521/1579/2521 2494/1653/2494
f 2494/1653/2494 2521/1579/2521 2520/1574/2520
f 2494/1653/2494 2520/1574/2520 2511/1620/2511
vt 0.1956241 0.8351178
vt 0.1999849 0.8374921
f 2986/1624/2986 3004/1656/3004 2993/1657/2993
vt 0.2027644 0.8291057
f 2993/1657/2993 2994/1658/2994 2991/1626/2991
vt 0.5668756 0.1408538
f 3121/1659/3121 3120/1629/3120 3054/1628/3054
vt 0.2683803 0.8612615
vt 0.2684106 0.8507556
vt 0.2708549 0.8510262
f 2540/1660/2540 2542/1661/2542 2541/1662/2541
vt 0.2705950 0.8603611
f 2540/1660/2540 2541/1662/2541 2539/1663/2539
vt 0.8873389 0.7541242
vt 0.8912032 0.7514148
f 2843/1664/2843 2813/1665/2813 2844/1591/2844
vt 0.2758108 0.8535560
f 2541/1662/2541 2543/1666/2543 2539/1663/2539
vt 0.3000419 0.8581816
f 2522/1667/2522 2545/1580/2545 2521/1579/2521
vt 0.2495482 0.5704979
f 137/1668/137 145/1593/145 162/1632/162
f 2844/1591/2844 2813/1665/2813 2810/1537/2810
vt 0.2875955 0.8536471
vt 0.2865888 0.8483151
vt 0.2973058 0.8493717
f 2528/1669/2528 2549/1670/2549 2544/1671/2544
f 2528/1669/2528 2544/1671/2544 2522/1667/2522
f 2522/1667/2522 2544/1671/2544 2545/1580/2545
vt 0.0675359 0.1397083
f 3103/1672/3103 3102/1630/3102 3071/1538/3071
vt 0.0470986 0.1370699
f 3104/1673/3104 3103/1672/3103 3076/1594/3076
f 3081/1634/3081 3104/1673/3104 3076/1594/3076
vt 0.9069313 0.7558165
f 2810/1537/2810 2812/1674/2812 2811/1375/2811
vt 0.0030541 0.1337792
f 3094/1427/3094 3093/1675/3093 3079/1543/3079
f 3079/1543/3079 3093/1675/3093 3081/1634/3081
f 179/1596/179 513/1635/513 178/1429/178
vt 0.1952330 0.5266702
f 513/1635/513 479/1676/479 480/1431/480
f 480/1431/480 479/1676/479 453/1636/453
f 454/1433/454 453/1636/453 421/1435/421
f 1648/1441/1648 1631/1599/1631 1632/1637/1632
vt 0.8490999 0.7379292
f 2839/1560/2839 2826/1677/2826 2838/1606/2838
vt 0.2835569 0.8939490
f 2532/1640/2532 2491/1643/2491 2492/1678/2492
vt 0.2926196 0.8948960
f 2532/1640/2532 2489/1679/2489 2530/1641/2530
vt 0.8678711 0.7458623
f 2838/1606/2838 2837/1680/2837 2847/1608/2847
f 2532/1640/2532 2492/1678/2492 2489/1679/2489
f 2489/1679/2489 2516/1613/2516 2530/1641/2530
vt 0.2675056 0.8852991
f 2537/1610/2537 2513/1681/2513 2536/1642/2536
vt 0.2657675 0.8827351
f 2537/1610/2537 2518/1682/2518 2513/1681/2513
vt 0.3175585 0.8898904
f 2489/1679/2489 2481/1683/2481 2516/1613/2516
f 2536/1642/2536 2513/1681/2513 2491/1643/2491
f 2481/1683/2481 2480/1645/2480 2516/1613/2516
vt 0.3209027 0.8838871
f 2481/1683/2481 2476/1684/2476 2480/1645/2480
vt 0.3361585 0.8839041
f 2476/1684/2476 2468/1685/2468 2480/1645/2480
f 2480/1645/2480 2468/1685/2468 2470/1646/2470
f 2468/1685/2468 2469/1650/2469 2470/1646/2470
vt 0.4014880 0.8004513
vt 0.3859670 0.7908744
vt 0.4347947 0.7883215
f 819/1686/819 822/1687/822 820/1688/820
vt 0.3210855 0.8762589
vt 0.3361279 0.8777116
f 2476/1684/2476 2477/1689/2477 2472/1690/2472
f 2476/1684/2476 2472/1690/2472 2468/1685/2468
f 2468/1685/2468 2472/1690/2472 2469/1650/2469
vt 0.4622040 0.7312673
vt 0.4622040 0.7432932
vt 0.4603825 0.7409402
f 3231/1691/3231 3232/1692/3232 3233/1693/3233
f 2477/1689/2477 2494/1653/2494 2472/1690/2472
vt 0.8782119 0.7500480
f 2842/1694/2842 2813/1665/2813 2843/1664/2843
f 2477/1689/2477 2496/1655/2496 2494/1653/2494
vt 0.2681828 0.8714759
f 2540/1660/2540 2539/1663/2539 2517/1695/2517
vt 0.2780791 0.8616167
f 2539/1663/2539 2509/1696/2509 2517/1695/2517
vt 0.1026913 0.8325158
vt 0.1063028 0.8262340
vt 0.1556350 0.8270650
f 2979/1697/2979 2972/1698/2972 2975/1699/2975
vt 0.1563946 0.8372056
f 2979/1697/2979 2975/1699/2975 2980/1700/2980
vt 0.6471639 0.9419268
vt 0.6513349 0.9332324
vt 0.6541349 0.9320459
f 1921/1701/1921 1979/1702/1979 1990/1703/1990
vt 0.5409005 0.8379007
vt 0.5429470 0.8384247
vt 0.5492266 0.8447787
f 2956/1704/2956 2958/1705/2958 2959/1706/2959
vt 0.8511983 0.1244429
vt 0.8574660 0.1296362
vt 0.8587247 0.1324686
f 800/1707/800 797/1708/797 793/1709/793
vt 0.2924419 0.8616858
f 2499/1710/2499 2522/1667/2522 2496/1655/2496
f 2496/1655/2496 2522/1667/2522 2521/1579/2521
vt 0.9134250 0.1975174
vt 0.9171830 0.2061571
vt 0.9224302 0.1949548
f 2696/1711/2696 2693/1712/2693 2680/1713/2680
f 2543/1666/2543 2528/1669/2528 2509/1696/2509
f 2509/1696/2509 2528/1669/2528 2499/1710/2499
f 2499/1710/2499 2528/1669/2528 2522/1667/2522
f 2813/1665/2813 2812/1674/2812 2810/1537/2810
vt 0.1668966 0.5131730
f 453/1636/453 433/1714/433 421/1435/421
vt 0.1583080 0.5027917
f 421/1435/421 433/1714/433 412/1715/412
vt 0.3402971 0.7054548
f 316/1445/316 324/1716/324 314/1499/314
vt 0.3232270 0.6790916
f 325/1717/325 326/1639/326 314/1499/314
vt 0.3029508 0.6508157
f 335/1453/335 348/1718/348 474/1602/474
vt 0.7572719 0.8265495
vt 0.7560487 0.8184547
vt 0.7581579 0.8101426
f 883/1719/883 880/1720/880 877/1721/877
f 2838/1606/2838 2826/1677/2826 2837/1680/2837
vt 0.0969721 0.9557099
vt 0.1116652 0.9513371
vt 0.1003711 0.9608100
f 1079/1722/1079 1078/1723/1078 1059/1724/1059
vt 0.8733174 0.7429303
f 2837/1680/2837 2826/1677/2826 2824/1725/2824
vt 0.2883303 0.8869494
f 2491/1643/2491 2484/1726/2484 2492/1678/2492
f 2492/1678/2492 2484/1726/2484 2489/1679/2489
f 2489/1679/2489 2484/1726/2484 2481/1683/2481
vt 0.2780193 0.8792096
f 2491/1643/2491 2487/1727/2487 2484/1726/2484
vt 0.2693552 0.8762794
f 2518/1682/2518 2512/1728/2512 2513/1681/2513
f 2513/1681/2513 2512/1728/2512 2487/1727/2487
f 2513/1681/2513 2487/1727/2487 2491/1643/2491
vt 0.2952333 0.8783120
f 2484/1726/2484 2479/1729/2479 2481/1683/2481
f 2479/1729/2479 2476/1684/2476 2481/1683/2481
f 2518/1682/2518 2517/1695/2517 2512/1728/2512
f 2837/1680/2837 2824/1725/2824 2842/1694/2842
vt 0.2793681 0.8742349
f 2512/1728/2512 2490/1730/2490 2487/1727/2487
f 2479/1729/2479 2477/1689/2477 2476/1684/2476
f 2842/1694/2842 2824/1725/2824 2813/1665/2813
f 2512/1728/2512 2517/1695/2517 2490/1730/2490
vt 0.2906708 0.8714787
f 2479/1729/2479 2488/1731/2488 2496/1655/2496
f 2479/1729/2479 2496/1655/2496 2477/1689/2477
f 2517/1695/2517 2509/1696/2509 2490/1730/2490
vt 0.1055523 0.9755508
vt 0.1090778 0.9822917
vt 0.1025562 0.9856614
f 1040/1732/1040 1041/1733/1041 1042/1734/1042
vt 0.8638103 0.1337746
f 797/1708/797 790/1735/790 793/1709/793
f 2509/1696/2509 2499/1710/2499 2488/1731/2488
f 2490/1730/2490 2509/1696/2509 2488/1731/2488
f 2488/1731/2488 2499/1710/2499 2496/1655/2496
vt 0.6431682 0.9383320
f 1921/1701/1921 1928/1736/1928 1979/1702/1979
vt 0.9238558 0.2116271
vt 0.9305486 0.1974764
f 2680/1713/2680 2679/1737/2679 2661/1738/2661
vt 0.8997714 0.7468802
f 2813/1665/2813 2824/1725/2824 2814/1739/2814
vt 0.6430270 0.9317992
f 1989/1740/1989 1990/1703/1990 1979/1702/1979
vt 0.9024717 0.2157668
vt 0.9123335 0.2133887
vt 0.9025021 0.2045352
f 2715/1741/2715 2699/1742/2699 2714/1743/2714
f 2714/1743/2714 2699/1742/2699 2696/1711/2696
f 2699/1742/2699 2693/1712/2693 2696/1711/2696
f 2693/1712/2693 2679/1737/2679 2680/1713/2680
vt 0.5571835 0.1407071
vt 0.5611152 0.1320984
f 3150/1744/3150 3123/1745/3123 3121/1659/3121
vt 0.5649444 0.1303178
f 3123/1745/3123 3122/1746/3122 3121/1659/3121
f 3121/1659/3121 3122/1746/3122 3120/1629/3120
f 2813/1665/2813 2814/1739/2814 2812/1674/2812
vt 0.0032517 0.8506013
vt 0.0023369 0.8391891
vt 0.0255407 0.8430578
f 2988/1747/2988 2984/1748/2984 2985/1749/2985
f 137/1668/137 138/931/138 145/1593/145
vt 0.2167226 0.5669544
f 138/931/138 136/1750/136 154/1544/154
vt 0.2114442 0.5523767
f 154/1544/154 177/1751/177 169/1595/169
f 169/1595/169 177/1751/177 179/1596/179
vt 0.3482871 0.7320641
f 290/1601/290 327/1752/327 306/1394/306
f 306/1394/306 324/1716/324 316/1445/316
f 326/1639/326 348/1718/348 335/1453/335
vt 0.2688545 0.6244155
f 142/1605/142 131/1753/131 128/858/128
f 128/858/128 131/1753/131 130/1461/130
vt 0.2662563 0.5902508
f 130/1461/130 131/1753/131 132/1754/132
vt 0.1120196 0.9581456
f 1067/1755/1067 1059/1724/1059 1078/1723/1078
vt 0.6499456 0.9605737
vt 0.6369891 0.9581604
vt 0.6476421 0.9560446
f 1941/1756/1941 1936/1757/1936 1930/1758/1930
vt 0.1142467 0.9653953
vt 0.1025453 0.9642801
f 1052/1759/1052 1056/1760/1056 1059/1724/1059
vt 0.1052086 0.9731296
f 1056/1760/1056 1052/1759/1052 1054/1761/1054
vt 0.8863282 0.7393024
f 2824/1725/2824 2826/1677/2826 2825/1762/2825
vt 0.2865928 0.8782005
f 2484/1726/2484 2487/1727/2487 2485/1763/2485
f 2484/1726/2484 2485/1763/2485 2479/1729/2479
vt 0.6301807 0.9494690
vt 0.6459871 0.9489404
f 1930/1758/1930 1915/1764/1915 1922/1765/1922
f 2490/1730/2490 2485/1763/2485 2487/1727/2487
f 1922/1765/1922 1915/1764/1915 1921/1701/1921
f 2490/1730/2490 2488/1731/2488 2485/1763/2485
f 2485/1763/2485 2488/1731/2488 2479/1729/2479
f 2825/1762/2825 2814/1739/2814 2824/1725/2824
f 1928/1736/1928 1989/1740/1989 1979/1702/1979
vt 0.5411471 0.1274948
vt 0.5493321 0.1391944
f 3220/1766/3220 3150/1744/3150 3221/1767/3221
vt 0.1180059 0.9835970
f 1041/1733/1041 1037/1768/1037 1042/1734/1042
vt 0.5471482 0.1244205
f 3220/1766/3220 3161/1769/3161 3150/1744/3150
vt 0.9097392 0.2208540
f 2715/1741/2715 2710/1770/2710 2699/1742/2699
vt 0.5541344 0.1254205
f 3150/1744/3150 3148/1771/3148 3123/1745/3123
vt 0.5672914 0.1209775
f 3122/1746/3122 3162/1772/3162 3120/1629/3120
vt 0.0171674 0.8319803
f 2985/1749/2985 2984/1748/2984 2969/1773/2969
f 138/931/138 137/1668/137 136/1750/136
vt 0.1966408 0.5476131
f 179/1596/179 177/1751/177 514/1774/514
f 421/1435/421 412/1715/412 422/1597/422
vt 0.1192520 0.4758983
f 422/1597/422 424/1775/424 423/1598/423
vt 0.0995429 0.4447067
f 591/1491/591 595/1776/595 596/1492/596
vt 0.6921341 0.1077440
f 1677/1440/1677 1676/1777/1676 1631/1599/1631
vt 0.6915179 0.0974205
vt 0.6891302 0.0790029
f 1631/1599/1631 1628/1778/1628 1627/1779/1627
f 1631/1599/1631 1627/1779/1627 1632/1637/1632
vt 0.3651098 0.7493560
f 288/1548/288 334/1780/334 289/1600/289
f 324/1716/324 325/1717/325 314/1499/314
vt 0.3034033 0.6606551
f 326/1639/326 332/1781/332 348/1718/348
vt 0.2850552 0.6378323
f 474/1602/474 527/1782/527 526/1603/526
vt 0.2803771 0.6298930
f 161/1604/161 541/1783/541 142/1605/142
vt 0.7571801 0.8026124
vt 0.7581967 0.7963498
f 877/1721/877 875/1784/875 876/1785/876
vt 0.6463438 0.9649777
f 1950/1786/1950 1936/1757/1936 1941/1756/1941
f 1936/1757/1936 1915/1764/1915 1930/1758/1930
vt 0.8627751 0.7340425
f 2826/1677/2826 2827/1787/2827 2825/1762/2825
f 1040/1732/1040 1037/1768/1037 1041/1733/1041
vt 0.6271173 0.9395208
f 1921/1701/1921 1920/1788/1920 1928/1736/1928
vt 0.8938909 0.7416433
f 2825/1762/2825 2864/1789/2864 2814/1739/2814
vt 0.0134642 0.8214939
vt 0.0401320 0.8329803
f 2969/1773/2969 2966/1790/2966 2970/1791/2970
f 3161/1769/3161 3148/1771/3148 3150/1744/3150
vt 0.5562621 0.1226486
f 3148/1771/3148 3124/1792/3124 3123/1745/3123
f 3123/1745/3123 3124/1792/3124 3122/1746/3122
vt 0.0031166 0.8313238
f 2968/1793/2968 2969/1773/2969 2984/1748/2984
f 179/1596/179 514/1774/514 513/1635/513
vt 0.1897200 0.5477198
f 513/1635/513 471/1794/471 479/1676/479
f 1676/1777/1676 1628/1778/1628 1631/1599/1631
vt 0.6926609 0.0594803
f 1632/1637/1632 1633/1795/1633 1635/1638/1635
vt 0.3857118 0.7536489
f 530/1493/530 519/1796/519 496/1391/496
f 496/1391/496 334/1780/334 288/1548/288
vt 0.2522415 0.6192157
f 132/1754/132 131/1753/131 133/1797/133
vt 0.2598819 0.5874110
f 132/1754/132 133/1797/133 134/1798/134
vt 0.1295626 0.9743975
f 1052/1759/1052 1027/1799/1027 1040/1732/1040
vt 0.8758005 0.7347621
f 2827/1787/2827 2861/1800/2861 2825/1762/2825
f 1921/1701/1921 1915/1764/1915 1920/1788/1920
f 1040/1732/1040 1027/1799/1027 1037/1768/1037
vt 0.0036034 0.8119469
vt 0.0022769 0.8234051
f 2967/1801/2967 2968/1793/2968 2981/1802/2981
f 1928/1736/1928 1920/1788/1920 1989/1740/1989
vt 0.9299870 0.2197778
f 2679/1737/2679 2666/1803/2666 2661/1738/2661
vt 0.2517726 0.5778691
f 135/1804/135 136/1750/136 137/1668/137
vt 0.9183129 0.2242495
f 2699/1742/2699 2692/1805/2692 2693/1712/2693
f 2693/1712/2693 2692/1805/2692 2679/1737/2679
vt 0.5595914 0.1190794
f 3124/1792/3124 3125/1806/3125 3122/1746/3122
f 3122/1746/3122 3125/1806/3125 3162/1772/3162
f 479/1676/479 471/1794/471 453/1636/453
vt 0.1032389 0.4644229
f 423/1598/423 589/1807/589 591/1491/591
f 591/1491/591 589/1807/589 595/1776/595
f 1627/1779/1627 1633/1795/1633 1632/1637/1632
vt 0.3670674 0.7550984
f 496/1391/496 504/1808/504 334/1780/334
vt 0.3548741 0.7383560
f 289/1600/289 330/1809/330 290/1601/290
f 306/1394/306 327/1752/327 324/1716/324
vt 0.3034651 0.6864920
f 325/1717/325 331/1810/331 326/1639/326
f 331/1810/331 332/1781/332 326/1639/326
vt 0.2799188 0.6538835
f 332/1781/332 461/1811/461 348/1718/348
f 348/1718/348 461/1811/461 474/1602/474
vt 0.2824490 0.6455538
f 527/1782/527 474/1602/474 497/1812/497
vt 0.6217933 0.9572181
f 1936/1757/1936 1935/1813/1935 1915/1764/1915
vt 0.1309087 0.9659767
f 1052/1759/1052 1053/1814/1053 1027/1799/1027
vt 0.9560201 0.8724256
vt 0.9499653 0.8706539
vt 0.9531589 0.8913755
f 2337/1815/2337 2327/1816/2327 2331/1817/2331
vt 0.6338208 0.9322152
f 1920/1788/1920 1988/1818/1988 1989/1740/1989
vt 0.9015750 0.2250504
f 2716/1819/2716 2710/1770/2710 2715/1741/2715
f 513/1635/513 514/1774/514 471/1794/471
vt 0.1811442 0.5419210
f 471/1794/471 449/1820/449 453/1636/453
vt 0.1251883 0.5058481
f 422/1597/422 412/1715/412 411/1821/411
f 422/1597/422 411/1821/411 424/1775/424
f 330/1809/330 327/1752/327 290/1601/290
vt 0.3232801 0.7121421
f 324/1716/324 328/1822/328 325/1717/325
f 474/1602/474 461/1811/461 497/1812/497
vt 0.1295741 0.9581226
f 1066/1823/1066 1052/1759/1052 1067/1755/1067
vt 0.6299275 0.9641613
f 1936/1757/1936 1949/1824/1949 1935/1813/1935
vt 0.6155990 0.9442056
f 1915/1764/1915 1914/1825/1914 1920/1788/1920
f 134/1798/134 133/1797/133 135/1804/135
vt 0.5335169 0.1141455
vt 0.5388321 0.1101608
f 3220/1766/3220 3223/1826/3223 3155/1827/3155
vt 0.9074544 0.2355157
f 2716/1819/2716 2704/1828/2704 2710/1770/2710
vt 0.9144284 0.2327198
f 2704/1828/2704 2695/1829/2695 2699/1742/2699
f 2710/1770/2710 2704/1828/2704 2699/1742/2699
f 2699/1742/2699 2695/1829/2695 2692/1805/2692
vt 0.9243547 0.2340071
f 2692/1805/2692 2677/1830/2677 2679/1737/2679
f 3220/1766/3220 3155/1827/3155 3161/1769/3161
vt 0.5462251 0.1142872
f 3149/1831/3149 3124/1792/3124 3148/1771/3148
f 3161/1769/3161 3149/1831/3149 3148/1771/3148
f 135/1804/135 133/1797/133 136/1750/136
vt 0.2024265 0.5662079
f 540/1832/540 514/1774/514 177/1751/177
vt 0.1626965 0.5361565
f 449/1820/449 427/1833/427 453/1636/453
f 453/1636/453 427/1833/427 433/1714/433
f 424/1775/424 589/1807/589 423/1598/423
vt 0.6772973 0.0974119
f 1628/1778/1628 1625/1834/1625 1627/1779/1627
f 289/1600/289 334/1780/334 330/1809/330
f 328/1822/328 331/1810/331 325/1717/325
vt 0.2581457 0.6297807
f 541/1783/541 185/1835/185 131/1753/131
vt 0.1348747 0.9834316
f 1027/1799/1027 1028/1836/1028 1037/1768/1037
vt 0.6156205 0.9327306
f 1920/1788/1920 1987/1837/1987 1988/1818/1988
vt 0.9000689 0.2434284
f 2719/1838/2719 2704/1828/2704 2716/1819/2716
f 3155/1827/3155 3149/1831/3149 3161/1769/3161
vt 0.5479551 0.1083969
f 3149/1831/3149 3126/1839/3126 3124/1792/3124
f 3124/1792/3124 3126/1839/3126 3125/1806/3125
vt 0.1943247 0.5693564
f 514/1774/514 540/1832/540 515/1840/515
f 514/1774/514 515/1840/515 471/1794/471
vt 0.6736577 0.0607468
f 1627/1779/1627 1634/1841/1634 1633/1795/1633
vt 0.3674332 0.7641466
f 519/1796/519 525/1842/525 504/1808/504
vt 0.2827842 0.6636050
f 332/1781/332 342/1843/342 461/1811/461
vt 0.2573303 0.6234919
f 131/1753/131 167/1844/167 133/1797/133
vt 0.6120394 0.9569045
vt 0.5973191 0.9500186
f 1935/1813/1935 1937/1845/1937 1907/1846/1907
f 1935/1813/1935 1907/1846/1907 1915/1764/1915
f 1915/1764/1915 1907/1846/1907 1914/1825/1914
vt 0.9296418 0.2418461
f 2677/1830/2677 2664/1847/2664 2666/1803/2666
vt 0.2243664 0.5957470
f 133/1797/133 139/1848/139 136/1750/136
vt 0.9106069 0.2488235
f 2704/1828/2704 2702/1849/2702 2695/1829/2695
vt 0.5544588 0.1071661
f 3126/1839/3126 3127/1850/3127 3125/1806/3125
vt 0.5583062 0.1025778
f 3127/1850/3127 3165/1851/3165 3125/1806/3125
f 3125/1806/3125 3165/1851/3165 3162/1772/3162
vt 0.2175824 0.5797009
f 139/1848/139 140/1852/140 136/1750/136
vt 0.0853091 0.4690462
f 589/1807/589 585/1853/585 595/1776/595
vt 0.0850249 0.4644140
f 585/1853/585 614/1854/614 595/1776/595
vt 0.6685904 0.1057035
f 1676/1777/1676 1661/1855/1661 1628/1778/1628
f 1628/1778/1628 1661/1855/1661 1625/1834/1625
vt 0.6694320 0.0864060
f 1625/1834/1625 1626/1856/1626 1627/1779/1627
vt 0.6702145 0.0729011
f 1627/1779/1627 1626/1856/1626 1630/1857/1630
f 1627/1779/1627 1630/1857/1630 1634/1841/1634
f 327/1752/327 328/1822/328 324/1716/324
vt 0.3110659 0.7132058
f 328/1822/328 338/1858/338 331/1810/331
vt 0.2839685 0.6809588
f 332/1781/332 331/1810/331 341/1859/341
f 332/1781/332 341/1859/341 342/1843/342
vt 0.2556824 0.6460401
vt 0.2652649 0.6386250
f 497/1812/497 498/1860/498 532/1861/532
f 131/1753/131 185/1835/185 167/1844/167
vt 0.6167679 0.9643798
f 1948/1862/1948 1935/1813/1935 1949/1824/1949
vt 0.1420411 0.9596938
f 1065/1863/1065 1053/1814/1053 1066/1823/1066
vt 0.1466843 0.9668179
f 1053/1814/1053 1050/1864/1050 1027/1799/1027
vt 0.2330090 0.6076250
f 141/1865/141 139/1848/139 133/1797/133
vt 0.5990061 0.9389708
f 1914/1825/1914 1924/1866/1924 1920/1788/1920
f 1924/1866/1924 1987/1837/1987 1920/1788/1920
vt 0.9053168 0.2513875
f 2713/1867/2713 2702/1849/2702 2704/1828/2704
f 2719/1838/2719 2713/1867/2713 2704/1828/2704
vt 0.9193625 0.2434006
f 2695/1829/2695 2685/1868/2685 2692/1805/2692
f 2692/1805/2692 2685/1868/2685 2677/1830/2677
vt 0.5418982 0.1016857
f 3155/1827/3155 3129/1869/3129 3126/1839/3126
f 3155/1827/3155 3126/1839/3126 3149/1831/3149
vt 0.2088392 0.5810940
vt 0.2100428 0.5704052
f 140/1852/140 188/1870/188 187/1871/187
f 187/1871/187 188/1870/188 540/1832/540
vt 0.1876635 0.5775918
f 515/1840/515 472/1872/472 471/1794/471
vt 0.1796078 0.5620876
f 471/1794/471 448/1873/448 449/1820/449
vt 0.1463366 0.5339104
f 427/1833/427 409/1874/409 433/1714/433
f 433/1714/433 409/1874/409 412/1715/412
f 412/1715/412 409/1874/409 411/1821/411
vt 0.1074096 0.4956934
f 411/1821/411 442/1875/442 424/1775/424
f 424/1775/424 442/1875/442 589/1807/589
vt 0.3461717 0.7588683
vt 0.3398419 0.7487894
f 347/1876/347 333/1877/333 330/1809/330
f 334/1780/334 347/1876/347 330/1809/330
vt 0.3341352 0.7390305
f 329/1878/329 328/1822/328 327/1752/327
vt 0.2558600 0.6617723
f 342/1843/342 370/1879/370 461/1811/461
f 497/1812/497 461/1811/461 498/1860/498
vt 0.2417320 0.6160496
f 133/1797/133 167/1844/167 164/1880/164
f 133/1797/133 164/1880/164 141/1865/141
f 1053/1814/1053 1065/1863/1065 1050/1864/1050
vt 0.1649454 0.9745090
f 1050/1864/1050 1024/1881/1024 1027/1799/1027
vt 0.5965022 0.9438576
f 1907/1846/1907 1913/1882/1913 1914/1825/1914
vt 0.1606224 0.9773268
f 1024/1881/1024 1026/1883/1026 1027/1799/1027
f 1026/1883/1026 1028/1836/1028 1027/1799/1027
f 1914/1825/1914 1913/1882/1913 1924/1866/1924
vt 0.5281028 0.1033050
f 3223/1826/3223 3222/1884/3222 3155/1827/3155
vt 0.9163116 0.2530161
f 2688/1885/2688 2685/1868/2685 2695/1829/2695
f 2702/1849/2702 2688/1885/2688 2695/1829/2695
vt 0.2162364 0.5976835
f 140/1852/140 183/1886/183 188/1870/188
vt 0.1973851 0.5818876
f 188/1870/188 516/1887/516 540/1832/540
f 540/1832/540 516/1887/516 515/1840/515
f 472/1872/472 448/1873/448 471/1794/471
vt 0.0942737 0.4810585
f 442/1875/442 580/1888/580 589/1807/589
f 589/1807/589 580/1888/580 585/1853/585
vt 0.6622604 0.0974535
f 1625/1834/1625 1629/1889/1629 1626/1856/1626
f 330/1809/330 333/1877/333 327/1752/327
f 342/1843/342 341/1859/341 370/1879/370
vt 0.2538001 0.6533991
f 461/1811/461 462/1890/462 498/1860/498
vt 0.2557073 0.6353144
f 532/1861/532 498/1860/498 531/1891/531
vt 0.2380824 0.6253792
f 185/1835/185 531/1891/531 186/1892/186
f 167/1844/167 186/1892/186 164/1880/164
vt 0.6179954 0.9751980
vt 0.6051681 0.9737762
vt 0.6131089 0.9711249
f 1970/1893/1970 1969/1894/1969 1962/1895/1962
vt 0.5895102 0.9628245
f 1948/1862/1948 1944/1896/1944 1937/1845/1937
vt 0.5935563 0.9575160
f 1937/1845/1937 1938/1897/1938 1907/1846/1907
vt 0.1589011 0.9837481
f 1026/1883/1026 1038/1898/1038 1028/1836/1028
vt 0.1482412 0.9846026
f 1038/1898/1038 1044/1899/1044 1028/1836/1028
vt 0.9010141 0.2559292
f 2719/1838/2719 2718/1900/2718 2713/1867/2713
vt 0.5339480 0.1010918
f 3222/1884/3222 3160/1901/3160 3155/1827/3155
f 3155/1827/3155 3160/1901/3160 3129/1869/3129
vt 0.5474718 0.0959572
f 3127/1850/3127 3128/1902/3128 3165/1851/3165
f 3129/1869/3129 3128/1902/3128 3126/1839/3126
f 1661/1855/1661 1629/1889/1629 1625/1834/1625
f 504/1808/504 347/1876/347 334/1780/334
f 327/1752/327 333/1877/333 329/1878/329
vt 0.2829455 0.7023850
f 338/1858/338 340/1903/340 331/1810/331
f 331/1810/331 340/1903/340 341/1859/341
vt 0.2628823 0.6829010
f 341/1859/341 371/1904/371 370/1879/370
f 461/1811/461 370/1879/370 462/1890/462
vt 0.2286489 0.6109821
f 164/1880/164 184/1905/184 141/1865/141
vt 0.2116014 0.6026491
f 184/1905/184 533/1906/533 183/1886/183
vt 0.6033517 0.9310823
f 1924/1866/1924 1991/1907/1991 1987/1837/1987
vt 0.5931789 0.9326997
f 1924/1866/1924 1986/1908/1986 1991/1907/1991
vt 0.9236923 0.2555895
f 2685/1868/2685 2674/1909/2674 2677/1830/2677
vt 0.5379443 0.0931083
f 3160/1901/3160 3130/1910/3130 3129/1869/3129
vt 0.2010660 0.5928190
f 183/1886/183 521/1911/521 188/1870/188
f 188/1870/188 521/1911/521 516/1887/516
f 516/1887/516 472/1872/472 515/1840/515
vt 0.1807437 0.5822147
f 472/1872/472 457/1912/457 448/1873/448
vt 0.1547626 0.5582784
f 449/1820/449 426/1913/426 427/1833/427
f 525/1842/525 347/1876/347 504/1808/504
vt 0.3165337 0.7423744
f 329/1878/329 337/1914/337 328/1822/328
f 328/1822/328 337/1914/337 338/1858/338
vt 0.2424715 0.6459798
f 462/1890/462 463/1915/463 498/1860/498
f 498/1860/498 463/1915/463 531/1891/531
f 463/1915/463 186/1892/186 531/1891/531
vt 0.2230154 0.6166693
f 186/1892/186 535/1916/535 184/1905/184
vt 0.1634804 0.9669228
f 1050/1864/1050 1051/1917/1051 1024/1881/1024
f 184/1905/184 535/1916/535 533/1906/533
vt 0.9060376 0.2686454
f 2718/1900/2718 2707/1918/2707 2713/1867/2713
f 2688/1885/2688 2674/1909/2674 2685/1868/2685
vt 0.5323282 0.0907148
f 3160/1901/3160 3156/1919/3156 3130/1910/3130
vt 0.5471321 0.0822583
f 3128/1902/3128 3166/1920/3166 3165/1851/3165
f 2713/1867/2713 2707/1918/2707 2702/1849/2702
f 3129/1869/3129 3130/1910/3130 3128/1902/3128
f 533/1906/533 521/1911/521 183/1886/183
f 448/1873/448 426/1913/426 449/1820/449
f 426/1913/426 409/1874/409 427/1833/427
vt 0.0794929 0.4802558
f 585/1853/585 560/1921/560 614/1854/614
vt 0.6525851 0.1077706
f 1661/1855/1661 1662/1922/1662 1629/1889/1629
vt 0.6509882 0.0882597
f 1629/1889/1629 1637/1923/1637 1626/1856/1626
vt 0.6500788 0.0752544
f 1637/1923/1637 1636/1924/1636 1626/1856/1626
f 1626/1856/1626 1636/1924/1636 1630/1857/1630
vt 0.6524366 0.0605195
f 1630/1857/1630 1638/1925/1638 1634/1841/1634
vt 0.3707449 0.7709516
vt 0.3473581 0.7808318
f 548/1926/548 546/1927/546 525/1842/525
vt 0.3437155 0.7737319
f 525/1842/525 505/1928/505 347/1876/347
vt 0.2926718 0.7208825
f 338/1858/338 339/1929/339 340/1903/340
vt 0.2294125 0.6379629
f 463/1915/463 490/1930/490 186/1892/186
vt 0.9293064 0.2623307
f 2674/1909/2674 2663/1931/2663 2664/1847/2664
vt 0.5225608 0.0955077
f 3222/1884/3222 3224/1932/3224 3160/1901/3160
vt 0.9554662 0.8230867
vt 0.9497451 0.8260292
vt 0.9493183 0.8480112
f 2336/1933/2336 2324/1934/2324 2323/1935/2323
vt 0.8988420 0.2661329
f 2720/1936/2720 2707/1918/2707 2718/1900/2718
vt 0.1926440 0.5980570
f 521/1911/521 487/1937/487 516/1887/516
f 516/1887/516 487/1937/487 472/1872/472
vt 0.1356698 0.5580760
f 426/1913/426 407/1938/407 409/1874/409
vt 0.1152570 0.5312228
f 411/1821/411 410/1939/410 442/1875/442
vt 0.0934238 0.5057982
f 442/1875/442 581/1940/581 580/1888/580
f 580/1888/580 560/1921/560 585/1853/585
f 1636/1924/1636 1638/1925/1638 1630/1857/1630
vt 0.3245904 0.7640896
f 347/1876/347 464/1941/464 333/1877/333
vt 0.3152315 0.7550933
f 333/1877/333 464/1941/464 343/1942/343
f 333/1877/333 343/1942/343 329/1878/329
vt 0.2407776 0.6563849
f 370/1879/370 437/1943/437 462/1890/462
f 462/1890/462 437/1943/437 463/1915/463
vt 0.2163873 0.6213049
f 535/1916/535 490/1930/490 509/1944/509
vt 0.1996081 0.6098244
f 509/1944/509 488/1945/488 533/1906/533
vt 0.9183964 0.2667779
f 2688/1885/2688 2687/1946/2687 2674/1909/2674
vt 0.5241213 0.0850900
f 3224/1932/3224 3177/1947/3177 3160/1901/3160
f 3177/1947/3177 3156/1919/3156 3160/1901/3160
vt 0.5408152 0.0833520
f 3132/1948/3132 3166/1920/3166 3128/1902/3128
vt 0.9120616 0.2747183
f 2707/1918/2707 2700/1949/2700 2702/1849/2702
f 2702/1849/2702 2700/1949/2700 2688/1885/2688
f 533/1906/533 488/1945/488 521/1911/521
f 521/1911/521 488/1945/488 487/1937/487
vt 0.1863310 0.6010413
f 487/1937/487 458/1950/458 472/1872/472
f 472/1872/472 458/1950/458 457/1912/457
f 409/1874/409 410/1939/410 411/1821/411
vt 0.0823110 0.5061894
f 581/1940/581 573/1951/573 580/1888/580
vt 0.6415071 0.0985474
f 1662/1922/1662 1639/1952/1639 1629/1889/1629
f 343/1942/343 337/1914/337 329/1878/329
vt 0.5755354 0.9564194
f 1938/1897/1938 1931/1953/1931 1907/1846/1907
vt 0.5735368 0.9401041
f 1913/1882/1913 1919/1954/1919 1924/1866/1924
vt 0.5151289 0.0818127
f 3224/1932/3224 3225/1955/3225 3177/1947/3177
vt 0.5283241 0.0791969
f 3156/1919/3156 3138/1956/3138 3130/1910/3130
vt 0.5333672 0.0780132
f 3131/1957/3131 3132/1948/3132 3128/1902/3128
f 3130/1910/3130 3131/1957/3131 3128/1902/3128
vt 0.1020698 0.5233341
f 410/1939/410 583/1958/583 442/1875/442
f 580/1888/580 573/1951/573 560/1921/560
vt 0.0737387 0.4947805
vt 0.0665052 0.4873608
f 560/1921/560 558/1959/558 559/1960/559
f 1629/1889/1629 1639/1952/1639 1637/1923/1637
vt 0.3225915 0.7708809
f 347/1876/347 505/1928/505 502/1961/502
f 347/1876/347 502/1961/502 464/1941/464
vt 0.2408692 0.6920679
f 370/1879/370 372/1962/372 437/1943/437
vt 0.2233436 0.6477590
f 437/1943/437 444/1963/444 463/1915/463
vt 0.1775736 0.9606069
vt 0.1582070 0.9600523
f 1063/1964/1063 1051/1917/1051 1064/1965/1064
f 1938/1897/1938 1944/1896/1944 1931/1953/1931
vt 0.2097484 0.6266778
f 490/1930/490 489/1966/489 509/1944/509
vt 0.1791996 0.9672728
f 1051/1917/1051 1048/1967/1048 1024/1881/1024
vt 0.5554968 0.9444136
f 1907/1846/1907 1909/1968/1909 1913/1882/1913
f 1913/1882/1913 1909/1968/1909 1919/1954/1919
vt 0.1762915 0.9841928
f 1026/1883/1026 1039/1969/1039 1038/1898/1038
f 509/1944/509 489/1966/489 488/1945/488
vt 0.5697321 0.9323933
f 1924/1866/1924 1919/1954/1919 1985/1970/1985
f 1924/1866/1924 1985/1970/1985 1986/1908/1986
vt 0.9234985 0.2757518
f 2687/1946/2687 2673/1971/2673 2674/1909/2674
f 3177/1947/3177 3138/1956/3138 3156/1919/3156
f 3138/1956/3138 3131/1957/3131 3130/1910/3130
f 488/1945/488 458/1950/458 487/1937/487
vt 0.1589239 0.5863602
f 457/1912/457 458/1950/458 428/1972/428
f 448/1873/448 428/1972/428 426/1913/426
f 442/1875/442 583/1958/583 581/1940/581
vt 0.3307735 0.7774373
f 505/1928/505 506/1973/506 502/1961/502
vt 0.2734874 0.7194907
f 340/1903/340 345/1974/345 341/1859/341
f 371/1904/371 372/1962/372 370/1879/370
f 463/1915/463 444/1963/444 490/1930/490
vt 0.2065759 0.6331854
f 444/1963/444 445/1975/445 490/1930/490
f 490/1930/490 445/1975/445 489/1966/489
vt 0.1949547 0.6170484
f 489/1966/489 445/1975/445 459/1976/459
vt 0.9294752 0.2855421
f 2673/1971/2673 2662/1977/2662 2663/1931/2663
f 489/1966/489 459/1976/459 488/1945/488
vt 0.8982784 0.2899101
vt 0.9031930 0.2867897
f 2722/1978/2722 2717/1979/2717 2720/1936/2720
f 2720/1936/2720 2717/1979/2717 2707/1918/2707
f 488/1945/488 459/1976/459 458/1950/458
vt 0.1131031 0.5543700
f 407/1938/407 408/1980/408 409/1874/409
f 409/1874/409 408/1980/408 410/1939/410
f 573/1951/573 558/1959/558 560/1921/560
vt 0.6377949 0.0801888
f 1637/1923/1637 1639/1952/1639 1640/1981/1640
f 1637/1923/1637 1640/1981/1640 1636/1924/1636
vt 0.6341367 0.0612971
f 1640/1981/1640 1641/1982/1641 1636/1924/1636
f 1636/1924/1636 1641/1982/1641 1638/1925/1638
vt 0.5599411 0.0421891
vt 0.5742078 0.0490295
vt 0.5612457 0.0498983
f 1014/1983/1014 1013/1984/1013 1015/1985/1015
f 339/1929/339 345/1974/345 340/1903/340
vt 0.2582256 0.7168829
f 345/1974/345 365/1986/365 341/1859/341
f 341/1859/341 365/1986/365 371/1904/371
vt 0.5181490 0.0746026
f 3225/1955/3225 3176/1987/3176 3177/1947/3177
vt 0.9174708 0.2820064
f 2684/1988/2684 2673/1971/2673 2687/1946/2687
vt 0.5387124 0.0683864
f 3132/1948/3132 3157/1989/3157 3166/1920/3166
f 426/1913/426 428/1972/428 407/1938/407
vt 0.6254905 0.0615429
f 1640/1981/1640 1642/1990/1642 1641/1982/1641
vt 0.2993289 0.7594460
f 343/1942/343 346/1991/346 337/1914/337
vt 0.5552308 0.9503220
f 1931/1953/1931 1908/1992/1908 1907/1846/1907
vt 0.5237803 0.0689095
f 3176/1987/3176 3134/1993/3134 3177/1947/3177
f 3177/1947/3177 3134/1993/3134 3138/1956/3138
vt 0.9057790 0.2974582
f 2707/1918/2707 2705/1994/2705 2700/1949/2700
f 3138/1956/3138 3134/1993/3134 3131/1957/3131
vt 0.0877530 0.5520137
f 583/1958/583 575/1995/575 581/1940/581
vt 0.0702144 0.5083641
f 573/1951/573 556/1996/556 558/1959/558
vt 0.0608120 0.5048248
f 558/1959/558 557/1997/557 559/1960/559
vt 0.6240132 0.0984885
f 1639/1952/1639 1643/1998/1643 1640/1981/1640
f 365/1986/365 372/1962/372 371/1904/371
vt 0.2029898 0.9608498
f 1063/1964/1063 1060/1999/1060 1048/1967/1048
vt 0.5662982 0.9627938
vt 0.5574143 0.9575554
f 1931/1953/1931 1943/2000/1943 1939/2001/1939
f 1931/1953/1931 1939/2001/1939 1908/1992/1908
vt 0.1926157 0.9676055
f 1048/1967/1048 1047/2002/1047 1024/1881/1024
f 1907/1846/1907 1908/1992/1908 1909/1968/1909
vt 0.1958277 0.9848307
f 1026/1883/1026 1029/2003/1029 1039/1969/1039
vt 0.5495602 0.9390216
vt 0.5579441 0.9331003
f 1925/2004/1925 1981/2005/1981 1919/1954/1919
f 1919/1954/1919 1981/2005/1981 1985/1970/1985
f 2717/1979/2717 2705/1994/2705 2707/1918/2707
vt 0.9108300 0.3013274
vt 0.9158937 0.3019599
f 2701/2006/2701 2691/2007/2691 2700/1949/2700
f 2705/1994/2705 2701/2006/2701 2700/1949/2700
f 2700/1949/2700 2691/2007/2691 2684/1988/2684
vt 0.5287954 0.0660050
f 3134/1993/3134 3133/2008/3133 3131/1957/3131
vt 0.1626545 0.6118135
f 458/1950/458 429/2009/429 428/1972/428
vt 0.1411343 0.5818266
f 428/1972/428 406/2010/406 407/1938/407
vt 0.0783306 0.5315030
f 575/1995/575 572/2011/572 581/1940/581
f 581/1940/581 572/2011/572 573/1951/573
f 558/1959/558 556/1996/556 557/1997/557
vt 0.6162755 0.0883034
f 1643/1998/1643 1644/2012/1644 1640/1981/1640
vt 0.6148136 0.0759044
f 1644/2012/1644 1645/2013/1645 1640/1981/1640
vt 0.5763242 0.0411952
vt 0.5919939 0.0492210
f 1009/2014/1009 1010/2015/1010 1013/1984/1013
vt 0.3126684 0.7804269
f 506/1973/506 503/2016/503 502/1961/502
f 464/1941/464 346/1991/346 343/1942/343
vt 0.2224334 0.6877704
f 372/1962/372 377/2017/377 437/1943/437
f 437/1943/437 377/2017/377 444/1963/444
vt 0.2040697 0.9762204
f 1047/2002/1047 1025/2018/1025 1024/1881/1024
f 1024/1881/1024 1025/2018/1025 1026/1883/1026
f 1026/1883/1026 1025/2018/1025 1029/2003/1029
f 1919/1954/1919 1909/1968/1909 1925/2004/1925
vt 0.1881511 0.6475003
f 445/1975/445 431/2019/431 459/1976/459
vt 0.5069165 0.0664421
f 3225/1955/3225 3226/2020/3226 3176/1987/3176
f 2722/1978/2722 2705/1994/2705 2717/1979/2717
vt 0.5171945 0.0610886
f 3176/1987/3176 3143/2021/3143 3134/1993/3134
vt 0.1746335 0.6317221
f 459/1976/459 430/2022/430 429/2009/429
f 459/1976/459 429/2009/429 458/1950/458
vt 0.1392392 0.5956295
f 428/1972/428 393/2023/393 406/2010/406
f 573/1951/573 572/2011/572 556/1996/556
f 1640/1981/1640 1645/2013/1645 1642/1990/1642
vt 0.2935511 0.7807905
f 502/1961/502 494/2024/494 464/1941/464
vt 0.2750117 0.7465467
f 346/1991/346 344/2025/344 337/1914/337
f 337/1914/337 344/2025/344 339/1929/339
f 339/1929/339 344/2025/344 345/1974/345
vt 0.2120676 0.6688880
f 444/1963/444 432/2026/432 445/1975/445
vt 0.9562374 0.8045805
vt 0.9554867 0.7851249
vt 0.9498330 0.8062606
f 2334/2027/2334 2333/2028/2333 2325/2029/2325
vt 0.8971871 0.3018117
f 2721/2030/2721 2705/1994/2705 2722/1978/2722
vt 0.9235228 0.2997617
f 2691/2007/2691 2675/2031/2675 2684/1988/2684
f 2684/1988/2684 2675/2031/2675 2673/1971/2673
vt 0.5101634 0.0602478
f 3226/2020/3226 3184/2032/3184 3176/1987/3176
f 3184/2032/3184 3143/2021/3143 3176/1987/3176
vt 0.5255382 0.0550199
f 3133/2008/3133 3136/2033/3136 3157/1989/3157
f 429/2009/429 393/2023/393 428/1972/428
vt 0.0954483 0.5550967
f 410/1939/410 408/1980/408 582/2034/582
f 410/1939/410 582/2034/582 583/1958/583
vt 0.0672927 0.5166708
vt 0.0583168 0.5155116
f 556/1996/556 555/2035/555 554/2036/554
f 556/1996/556 554/2036/554 557/1997/557
f 464/1941/464 494/2024/494 346/1991/346
f 432/2026/432 431/2019/431 445/1975/445
vt 0.5358897 0.9441492
f 1908/1992/1908 1911/2037/1911 1909/1968/1909
vt 0.9043242 0.3166389
f 2721/2030/2721 2706/2038/2706 2705/1994/2705
vt 0.5311058 0.0531748
f 3136/2033/3136 3173/2039/3173 3157/1989/3157
f 459/1976/459 431/2019/431 430/2022/430
vt 0.5194256 0.0524729
f 3135/2040/3135 3136/2033/3136 3133/2008/3133
f 3134/1993/3134 3135/2040/3135 3133/2008/3133
vt 0.1128798 0.5723827
f 406/2010/406 398/2041/398 407/1938/407
f 407/1938/407 398/2041/398 408/1980/408
f 583/1958/583 582/2034/582 575/1995/575
vt 0.0660673 0.5294830
f 572/2011/572 552/2042/552 556/1996/556
vt 0.6136661 0.0988400
f 1643/1998/1643 1646/2043/1646 1644/2012/1644
vt 0.6083171 0.0630092
f 1645/2013/1645 1647/2044/1647 1642/1990/1642
f 344/2025/344 365/1986/365 345/1974/345
vt 0.5650377 0.9738523
vt 0.5437409 0.9725158
vt 0.5583858 0.9681510
f 1968/2045/1968 1964/2046/1964 1957/2047/1957
vt 0.5459608 0.9631183
vt 0.5380146 0.9565479
f 1939/2001/1939 1946/2048/1946 1932/2049/1932
f 1939/2001/1939 1932/2049/1932 1908/1992/1908
vt 0.2072375 0.9675273
f 1047/2002/1047 1049/2050/1049 1025/2018/1025
vt 0.9498267 0.7845379
vt 0.9457994 0.7999484
f 2325/2029/2325 2326/2051/2326 2312/2052/2312
vt 0.5429842 0.9326630
f 1925/2004/1925 1984/2053/1984 1981/2005/1981
vt 0.9290842 0.3085291
f 2675/2031/2675 2668/2054/2668 2662/1977/2662
f 3143/2021/3143 3135/2040/3135 3134/1993/3134
vt 0.1484225 0.6136193
f 429/2009/429 392/2055/392 393/2023/393
f 393/2023/393 398/2041/398 406/2010/406
f 556/1996/556 552/2042/552 555/2035/555
vt 0.2241484 0.7086415
f 365/1986/365 368/2056/368 372/1962/372
f 372/1962/372 368/2056/368 377/2017/377
f 1909/1968/1909 1911/2037/1911 1925/2004/1925
vt 0.9331356 0.3089622
f 2668/2054/2668 2646/2057/2646 2662/1977/2662
vt 0.4985414 0.0513813
vt 0.5027881 0.0465196
f 3227/2058/3227 3186/2059/3186 3226/2020/3226
f 3226/2020/3226 3186/2059/3186 3184/2032/3184
vt 0.8972000 0.3169733
f 2723/2060/2723 2706/2038/2706 2721/2030/2721
vt 0.5110111 0.0492674
f 3184/2032/3184 3146/2061/3146 3143/2021/3143
f 429/2009/429 430/2022/430 392/2055/392
f 398/2041/398 582/2034/582 408/1980/408
vt 0.0559766 0.5276046
f 552/2042/552 551/2062/551 554/2036/554
f 555/2035/555 552/2042/552 554/2036/554
vt 0.6020091 0.0990624
vt 0.5921720 0.0921811
f 1646/2043/1646 1655/2063/1655 1653/2064/1653
f 1646/2043/1646 1653/2064/1653 1644/2012/1644
vt 0.5902392 0.0801236
f 1653/2064/1653 1654/2065/1654 1644/2012/1644
f 1644/2012/1644 1654/2065/1654 1645/2013/1645
vt 0.2730769 0.7687786
f 494/2024/494 469/2066/469 346/1991/346
vt 0.2726544 0.7597043
f 346/1991/346 452/2067/452 344/2025/344
vt 0.2563380 0.7456191
f 344/2025/344 366/2068/366 365/1986/365
vt 0.2029627 0.6751106
f 377/2017/377 385/2069/385 432/2026/432
vt 0.5251319 0.9500180
f 1932/2049/1932 1910/2070/1910 1908/1992/1908
f 1908/1992/1908 1910/2070/1910 1911/2037/1911
vt 0.2153147 0.9848453
f 1036/2071/1036 1029/2003/1029 1025/2018/1025
vt 0.9228870 0.3160288
f 2691/2007/2691 2676/2072/2676 2675/2031/2675
f 2705/1994/2705 2706/2038/2706 2701/2006/2701
vt 0.5123221 0.0440521
f 3146/2061/3146 3142/2073/3142 3143/2021/3143
f 3143/2021/3143 3142/2073/3142 3135/2040/3135
vt 0.1741865 0.6559770
f 430/2022/430 386/2074/386 392/2055/392
vt 0.1165583 0.5976671
f 393/2023/393 394/2075/394 398/2041/398
vt 0.0743580 0.5623135
f 575/1995/575 570/2076/570 572/2011/572
f 572/2011/572 570/2076/570 552/2042/552
f 1654/2065/1654 1647/2044/1647 1645/2013/1645
f 469/2066/469 452/2067/452 346/1991/346
vt 0.1994640 0.6933494
f 377/2017/377 376/2077/376 385/2069/385
vt 0.2269767 0.9610999
f 1060/1999/1060 1061/2078/1061 1049/2050/1049
f 432/2026/432 385/2069/385 431/2019/431
f 431/2019/431 385/2069/385 386/2074/386
vt 0.5258192 0.9389442
f 1911/2037/1911 1926/2079/1926 1925/2004/1925
f 431/2019/431 386/2074/386 430/2022/430
vt 0.5306408 0.9328184
f 1925/2004/1925 1983/2080/1983 1984/2053/1984
vt 0.8966490 0.3294710
vt 0.9034809 0.3302309
f 2724/2081/2724 2708/2082/2708 2723/2060/2723
f 2723/2060/2723 2708/2082/2708 2706/2038/2706
vt 0.9162270 0.3234557
f 2690/2083/2690 2676/2072/2676 2691/2007/2691
f 3184/2032/3184 3186/2059/3186 3146/2061/3146
vt 0.9101949 0.3310325
f 2706/2038/2706 2698/2084/2698 2701/2006/2701
f 2698/2084/2698 2690/2083/2690 2691/2007/2691
f 2701/2006/2701 2698/2084/2698 2691/2007/2691
vt 0.1480277 0.6411046
f 392/2055/392 386/2074/386 390/2085/390
vt 0.0958399 0.5739914
f 398/2041/398 447/2086/447 582/2034/582
vt 0.0855002 0.5771386
f 582/2034/582 447/2086/447 576/2087/576
f 582/2034/582 576/2087/576 575/1995/575
vt 0.0628335 0.5466063
f 550/2088/550 551/2062/551 552/2042/552
vt 0.2717215 0.7812211
f 494/2024/494 495/2089/495 469/2066/469
f 344/2025/344 452/2067/452 366/2068/366
vt 0.2272345 0.7397293
f 366/2068/366 367/2090/367 365/1986/365
vt 0.5261717 0.9627849
f 1946/2048/1946 1945/2091/1945 1932/2049/1932
vt 0.2308857 0.9757867
f 1025/2018/1025 1030/2092/1030 1036/2071/1036
f 1926/2079/1926 1983/2080/1983 1925/2004/1925
vt 0.9484023 0.7715071
f 2333/2028/2333 2313/2093/2313 2326/2051/2326
vt 0.5185501 0.0417106
f 3136/2033/3136 3137/2094/3137 3173/2039/3173
vt 0.1198159 0.6223989
f 392/2055/392 391/2095/391 393/2023/393
vt 0.0664439 0.5606613
f 570/2076/570 565/2096/565 552/2042/552
f 365/1986/365 367/2090/367 368/2056/368
f 368/2056/368 376/2077/376 377/2017/377
vt 0.5192834 0.9572475
f 1945/2091/1945 1934/2097/1934 1932/2049/1932
vt 0.2253451 0.9675602
f 1055/2098/1055 1030/2092/1030 1049/2050/1049
f 1049/2050/1049 1030/2092/1030 1025/2018/1025
vt 0.5142846 0.9491673
f 1910/2070/1910 1912/2099/1912 1911/2037/1911
vt 0.2294007 0.9852551
f 1030/2092/1030 1032/2100/1032 1036/2071/1036
vt 0.5034643 0.0363535
f 3186/2059/3186 3147/2101/3147 3146/2061/3146
vt 0.5215189 0.0347043
f 3137/2094/3137 3179/2102/3179 3173/2039/3173
f 2708/2082/2708 2698/2084/2698 2706/2038/2706
f 390/2085/390 391/2095/391 392/2055/392
f 398/2041/398 394/2075/394 447/2086/447
f 565/2096/565 550/2088/550 552/2042/552
vt 0.5882384 0.0639527
f 1647/2044/1647 1654/2065/1654 1656/2103/1656
vt 0.2482854 0.7569187
f 452/2067/452 451/2104/451 366/2068/366
vt 0.2074547 0.7331586
f 367/2090/367 369/2105/369 368/2056/368
f 1932/2049/1932 1934/2097/1934 1910/2070/1910
vt 0.4927680 0.0404209
f 3227/2058/3227 3228/2106/3228 3186/2059/3186
vt 0.9230245 0.3370525
f 2690/2083/2690 2678/2107/2678 2676/2072/2676
f 3147/2101/3147 3142/2073/3142 3146/2061/3146
vt 0.5079048 0.0320388
f 3139/2108/3139 3137/2094/3137 3135/2040/3135
f 3142/2073/3142 3139/2108/3139 3135/2040/3135
f 393/2023/393 391/2095/391 394/2075/394
vt 0.1007343 0.6082361
f 394/2075/394 435/2109/435 447/2086/447
vt 0.6105866 0.0504163
vt 0.6332733 0.0444795
vt 0.6319022 0.0502159
f 1011/2110/1011 998/2111/998 1012/2112/1012
vt 0.2517172 0.7743426
f 469/2066/469 495/2089/495 470/2113/470
f 469/2066/469 470/2113/470 452/2067/452
vt 0.1856636 0.7206394
f 368/2056/368 375/2114/375 376/2077/376
vt 0.1648674 0.6710538
f 385/2069/385 376/2077/376 384/2115/384
f 385/2069/385 384/2115/384 386/2074/386
vt 0.5049053 0.9396186
f 1912/2099/1912 1916/2116/1916 1911/2037/1911
f 1911/2037/1911 1916/2116/1916 1926/2079/1926
vt 0.9551100 0.7611539
vt 0.9484795 0.7507358
f 2332/2117/2332 2315/2118/2315 2313/2093/2313
vt 0.5115588 0.9331285
f 1926/2079/1926 1982/2119/1982 1983/2080/1983
vt 0.4950536 0.0331419
f 3228/2106/3228 3191/2120/3191 3186/2059/3186
f 3191/2120/3191 3147/2101/3147 3186/2059/3186
vt 0.5115008 0.0271132
f 3141/2121/3141 3179/2102/3179 3137/2094/3137
vt 0.9162814 0.3379509
f 2698/2084/2698 2689/2122/2689 2690/2083/2690
f 3139/2108/3139 3141/2121/3141 3137/2094/3137
f 386/2074/386 384/2115/384 390/2085/390
vt 0.1383826 0.6591168
f 391/2095/391 390/2085/390 388/2123/388
f 576/2087/576 570/2076/570 575/1995/575
vt 0.5776011 0.1008296
vt 0.5678506 0.1002872
f 1657/2124/1657 1658/2125/1658 1653/2064/1653
vt 0.5709842 0.0816792
f 1658/2125/1658 1659/2126/1659 1654/2065/1654
f 1653/2064/1653 1658/2125/1658 1654/2065/1654
vt 0.6096016 0.0068581
vt 0.6311197 0.0061853
vt 0.6309363 0.0190417
f 968/2127/968 966/2128/966 960/2129/960
f 452/2067/452 470/2113/470 451/2104/451
vt 0.5051429 0.9633536
f 1945/2091/1945 1947/2130/1947 1934/2097/1934
f 1916/2116/1916 1982/2119/1982 1926/2079/1926
vt 0.8957672 0.3487813
vt 0.9020843 0.3528262
f 2725/2131/2725 2712/2132/2712 2724/2081/2724
f 2724/2081/2724 2712/2132/2712 2708/2082/2708
f 2689/2122/2689 2678/2107/2678 2690/2083/2690
f 3147/2101/3147 3139/2108/3139 3142/2073/3142
vt 0.0901519 0.6127641
f 435/2109/435 579/2133/579 447/2086/447
f 447/2086/447 579/2133/579 576/2087/576
vt 0.0619637 0.5716449
f 565/2096/565 561/2134/561 550/2088/550
vt 0.0541870 0.5532243
f 550/2088/550 561/2134/561 553/2135/553
vt 0.2238938 0.7524711
f 451/2104/451 450/2136/450 366/2068/366
f 366/2068/366 450/2136/450 367/2090/367
f 369/2105/369 375/2114/375 368/2056/368
vt 0.1664720 0.7094892
f 376/2077/376 382/2137/382 384/2115/384
vt 0.4989609 0.9575022
f 1947/2130/1947 1933/2138/1933 1934/2097/1934
vt 0.2427261 0.9614162
f 1061/2078/1061 1062/2139/1062 1055/2098/1055
f 1934/2097/1934 1912/2099/1912 1910/2070/1910
vt 0.2464086 0.9764152
vt 0.2500668 0.9854814
f 1031/2140/1031 1033/2141/1033 1032/2100/1032
f 1030/2092/1030 1031/2140/1031 1032/2100/1032
vt 0.9296247 0.3420806
vt 0.9294350 0.3256558
f 2678/2107/2678 2667/2142/2667 2665/2143/2665
vt 0.4938554 0.0201465
f 3191/2120/3191 3144/2144/3144 3147/2101/3147
vt 0.9612933 0.7478334
vt 0.9547868 0.7412515
f 2341/2145/2341 2330/2146/2330 2332/2117/2332
vt 0.9092810 0.3537649
f 2712/2132/2712 2697/2147/2697 2708/2082/2708
f 2708/2082/2708 2697/2147/2697 2698/2084/2698
f 390/2085/390 384/2115/384 388/2123/388
f 394/2075/394 391/2095/391 435/2109/435
vt 0.0757710 0.5883108
f 579/2133/579 571/2148/571 576/2087/576
f 576/2087/576 571/2148/571 570/2076/570
vt 0.0642767 0.5911117
f 570/2076/570 564/2149/564 565/2096/565
f 565/2096/565 564/2149/564 561/2134/561
vt 0.2500443 0.7808318
f 508/2150/508 470/2113/470 495/2089/495
vt 0.2548857 0.9626532
vt 0.2499098 0.9685537
f 1055/2098/1055 1057/2151/1057 1046/2152/1046
f 1934/2097/1934 1933/2138/1933 1912/2099/1912
f 1055/2098/1055 1046/2152/1046 1030/2092/1030
f 1030/2092/1030 1046/2152/1046 1031/2140/1031
vt 0.4841486 0.0245839
f 3229/2153/3229 3191/2120/3191 3228/2106/3228
vt 0.9170156 0.3568588
f 2698/2084/2698 2686/2154/2686 2689/2122/2689
f 3144/2144/3144 3139/2108/3139 3147/2101/3147
vt 0.1070212 0.6308092
f 391/2095/391 425/2155/425 435/2109/435
f 571/2148/571 564/2149/564 570/2076/570
vt 0.3414110 0.1005906
vt 0.3542878 0.0810031
vt 0.3379188 0.0821258
f 1871/2156/1871 1869/2157/1869 1873/2158/1873
vt 0.2256678 0.7711326
f 470/2113/470 473/2159/473 451/2104/451
f 451/2104/451 473/2159/473 450/2136/450
vt 0.4967112 0.9492291
f 1933/2138/1933 1917/2160/1917 1912/2099/1912
f 1912/2099/1912 1917/2160/1917 1916/2116/1916
vt 0.9486672 0.7363762
f 2330/2146/2330 2317/2161/2317 2315/2118/2315
f 2689/2122/2689 2686/2154/2686 2678/2107/2678
vt 0.9603387 0.7299461
f 2341/2145/2341 2338/2162/2338 2330/2146/2330
f 2697/2147/2697 2686/2154/2686 2698/2084/2698
vt 0.5035628 0.0236956
f 3144/2144/3144 3140/2163/3140 3139/2108/3139
f 3140/2163/3140 3141/2121/3141 3139/2108/3139
vt 0.6536359 0.0394597
vt 0.6529307 0.0484805
f 998/2111/998 958/2164/958 997/2165/997
f 367/2090/367 450/2136/450 369/2105/369
vt 0.2346708 0.9538044
vt 0.2462111 0.9509092
vt 0.2524631 0.9550679
f 1073/2166/1073 1088/2167/1088 1070/2168/1070
vt 0.1449574 0.6907839
f 382/2137/382 383/2169/383 384/2115/384
vt 0.4869254 0.9406654
f 1917/2160/1917 1918/2170/1918 1916/2116/1916
vt 0.4865192 0.0173472
f 3229/2153/3229 3200/2171/3200 3191/2120/3191
f 3191/2120/3191 3200/2171/3200 3144/2144/3144
vt 0.4954423 0.0152110
f 3144/2144/3144 3153/2172/3153 3140/2163/3140
vt 0.5045820 0.0134391
f 3140/2163/3140 3145/2173/3145 3141/2121/3141
vt 0.0806791 0.6175956
f 579/2133/579 574/2174/574 571/2148/571
vt 0.0667730 0.6060277
f 571/2148/571 567/2175/567 564/2149/564
vt 0.2374150 0.7786461
f 507/2176/507 473/2159/473 470/2113/470
vt 0.4864323 0.9569815
f 1933/2138/1933 1929/2177/1929 1917/2160/1917
vt 0.2600463 0.9762126
f 1046/2152/1046 1034/2178/1034 1031/2140/1031
f 1031/2140/1031 1034/2178/1034 1033/2141/1033
vt 0.9236336 0.3621048
vt 0.9294249 0.3578724
f 2672/2179/2672 2669/2180/2669 2667/2142/2667
vt 0.4899513 0.9337205
f 1916/2116/1916 1953/2181/1953 1982/2119/1982
vt 0.8948088 0.3705826
vt 0.9007221 0.3746656
f 2727/2182/2727 2709/2183/2709 2725/2131/2725
f 2725/2131/2725 2709/2183/2709 2712/2132/2712
f 2686/2154/2686 2672/2179/2672 2678/2107/2678
vt 0.9064915 0.3711996
f 2712/2132/2712 2703/2184/2703 2697/2147/2697
vt 0.4980893 0.0129985
f 3153/2172/3153 3151/2185/3151 3140/2163/3140
f 3151/2185/3151 3145/2173/3145 3140/2163/3140
vt 0.1264388 0.6696890
f 388/2123/388 389/2186/389 391/2095/391
vt 0.0945677 0.6315771
f 425/2155/425 584/2187/584 435/2109/435
f 435/2109/435 584/2187/584 579/2133/579
vt 0.6513503 0.0206356
vt 0.6715362 0.0057693
vt 0.6711479 0.0240903
f 959/2188/959 963/2189/963 961/2190/961
vt 0.6654056 0.0483969
f 958/2164/958 995/2191/995 997/2165/997
vt 0.2267432 0.7766148
f 507/2176/507 529/2192/529 473/2159/473
vt 0.2040283 0.7490706
f 450/2136/450 603/2193/603 369/2105/369
vt 0.4842670 0.9631740
f 1947/2130/1947 1942/2194/1942 1933/2138/1933
vt 0.2683611 0.9633730
vt 0.2669133 0.9674897
f 1057/2151/1057 1058/2195/1058 1045/2196/1045
f 1057/2151/1057 1045/2196/1045 1046/2152/1046
f 1046/2152/1046 1045/2196/1045 1034/2178/1034
vt 0.2689457 0.9856614
f 1034/2178/1034 1035/2197/1035 1033/2141/1033
f 1918/2170/1918 1953/2181/1953 1916/2116/1916
vt 0.4764425 0.0101534
f 3229/2153/3229 3230/2198/3230 3200/2171/3200
f 2709/2183/2709 2703/2184/2703 2712/2132/2712
f 389/2186/389 425/2155/425 391/2095/391
f 574/2174/574 567/2175/567 571/2148/571
vt 0.6708772 0.0390815
vt 0.6759649 0.0481210
f 995/2191/995 962/2199/962 988/2200/988
vt 0.1861005 0.7426307
f 603/2193/603 602/2201/602 369/2105/369
vt 0.1722717 0.7349013
f 369/2105/369 601/2202/601 375/2114/375
f 1942/2194/1942 1929/2177/1929 1933/2138/1933
vt 0.4830251 0.9484825
f 1929/2177/1929 1923/2203/1923 1917/2160/1917
f 1917/2160/1917 1923/2203/1923 1918/2170/1918
vt 0.4804916 0.0074227
f 3230/2198/3230 3219/2204/3219 3200/2171/3200
vt 0.9486071 0.7174484
f 2330/2146/2330 2318/2205/2318 2317/2161/2317
vt 0.4846693 0.0060395
f 3200/2171/3200 3159/2206/3159 3144/2144/3144
vt 0.9107943 0.3750576
f 2703/2184/2703 2694/2207/2694 2697/2147/2697
f 2697/2147/2697 2694/2207/2694 2686/2154/2686
f 383/2169/383 389/2186/389 388/2123/388
vt 0.0848304 0.6357393
f 584/2187/584 577/2208/577 579/2133/579
f 579/2133/579 577/2208/577 574/2174/574
vt 0.2100924 0.7711312
f 529/2192/529 534/2209/534 473/2159/473
vt 0.1970604 0.7654941
f 473/2159/473 539/2210/539 450/2136/450
f 450/2136/450 539/2210/539 603/2193/603
f 369/2105/369 602/2201/602 601/2202/601
vt 0.4892466 0.9689290
vt 0.4840065 0.9724742
f 1952/2211/1952 1963/2212/1963 1942/2194/1942
vt 0.4828803 0.9584376
f 1942/2194/1942 1940/2213/1940 1929/2177/1929
f 1929/2177/1929 1940/2213/1940 1923/2203/1923
vt 0.2694684 0.9757137
f 1045/2196/1045 1043/2214/1043 1034/2178/1034
vt 0.4822404 0.9391325
f 1923/2203/1923 1927/2215/1927 1918/2170/1918
f 1034/2178/1034 1043/2214/1043 1035/2197/1035
vt 0.4829226 0.9329966
f 1918/2170/1918 1927/2215/1927 1980/2216/1980
f 1918/2170/1918 1980/2216/1980 1953/2181/1953
vt 0.8961040 0.3776565
f 2727/2182/2727 2726/2217/2726 2709/2183/2709
vt 0.9178672 0.3763900
f 2686/2154/2686 2682/2218/2682 2672/2179/2672
f 3219/2204/3219 3159/2206/3159 3200/2171/3200
vt 0.9552900 0.7134899
f 2338/2162/2338 2329/2219/2329 2330/2146/2330
vt 0.4919734 0.0047807
f 3159/2206/3159 3152/2220/3152 3144/2144/3144
f 3144/2144/3144 3152/2220/3152 3153/2172/3153
f 3153/2172/3153 3152/2220/3152 3151/2185/3151
f 3151/2185/3151 3152/2220/3152 3145/2173/3145
vt 0.1062733 0.6576680
f 389/2186/389 588/2221/588 425/2155/425
f 425/2155/425 588/2221/588 584/2187/584
vt 0.3736293 0.0770654
vt 0.3789618 0.0630938
vt 0.3577999 0.0640252
f 1863/2222/1863 1866/2223/1866 1867/2224/1867
f 534/2209/534 539/2210/539 473/2159/473
f 375/2114/375 601/2202/601 382/2137/382
vt 0.1571987 0.7230707
f 382/2137/382 599/2225/599 383/2169/383
vt 0.2709472 0.9649420
f 1058/2195/1058 1068/2226/1068 1045/2196/1045
vt 0.0351740 0.9737667
vt 0.0316551 0.9723904
vt 0.0253803 0.9754857
f 2282/2227/2282 2273/2228/2273 2283/2229/2283
vt 0.0165200 0.9727056
f 2283/2229/2283 2273/2228/2273 2277/2230/2277
vt 0.1166606 0.6765517
f 383/2169/383 590/2231/590 389/2186/389
vt 0.9034498 0.3778908
f 2709/2183/2709 2726/2217/2726 2711/2232/2711
f 2709/2183/2709 2711/2232/2711 2694/2207/2694
f 2709/2183/2709 2694/2207/2694 2703/2184/2703
f 2694/2207/2694 2682/2218/2682 2686/2154/2686
vt 0.4965692 0.0004625
f 3152/2220/3152 3154/2233/3154 3145/2173/3145
vt 0.0694234 0.6196054
f 577/2208/577 569/2234/569 574/2174/574
f 574/2174/574 569/2234/569 567/2175/567
vt 0.0584410 0.6159501
f 567/2175/567 569/2234/569 568/2235/568
vt 0.3901829 0.0996871
vt 0.3888803 0.0795069
vt 0.3732380 0.0888630
f 1862/2236/1862 1861/2237/1861 1864/2238/1864
f 603/2193/603 539/2210/539 602/2201/602
f 382/2137/382 601/2202/601 599/2225/599
vt 0.6094694 0.8261559
vt 0.6030953 0.8142748
vt 0.6057695 0.8132300
f 2393/2239/2393 2390/2240/2390 2401/2241/2401
vt 0.6097941 0.8187327
f 2402/2242/2402 2393/2239/2393 2401/2241/2401
vt 0.1355095 0.7000668
f 599/2225/599 593/2243/593 383/2169/383
vt 0.9300048 0.3750694
f 2672/2179/2672 2655/2244/2655 2669/2180/2669
vt 0.5836763 0.8100390
vt 0.5884973 0.8128571
vt 0.5788268 0.8133162
f 2398/2245/2398 2385/2246/2385 2391/2247/2391
f 383/2169/383 593/2243/593 590/2231/590
vt 0.0132473 0.9659734
vt 0.0091491 0.9619035
vt 0.0115881 0.9689785
f 2275/2248/2275 2278/2249/2278 2285/2250/2285
vt 0.9243513 0.3766505
f 2682/2218/2682 2681/2251/2681 2672/2179/2672
vt 0.4924904 0.0007107
f 3159/2206/3159 3158/2252/3158 3152/2220/3152
f 3152/2220/3152 3158/2252/3158 3154/2233/3154
f 389/2186/389 590/2231/590 588/2221/588
vt 0.0938836 0.6577940
f 588/2221/588 586/2253/586 584/2187/584
f 584/2187/584 586/2253/586 577/2208/577
vt 0.0733467 0.6333044
f 577/2208/577 578/2254/578 569/2234/569
vt 0.6853557 0.0390183
vt 0.7032351 0.0388621
vt 0.6929682 0.0487080
f 973/2255/973 978/2256/978 989/2257/989
vt 0.1806548 0.7585337
f 539/2210/539 611/2258/611 602/2201/602
vt 0.0394626 0.9658554
vt 0.0405460 0.9473801
vt 0.0117527 0.9532670
f 2270/2259/2270 2271/2260/2271 2272/2261/2272
f 590/2231/590 586/2253/586 588/2221/588
f 577/2208/577 586/2253/586 578/2254/578
vt 0.4100719 0.1086956
vt 0.4055449 0.0994712
vt 0.3964689 0.1086862
f 1885/2262/1885 1859/2263/1859 1887/2264/1887
f 602/2201/602 611/2258/611 601/2202/601
vt 0.6061171 0.8242210
vt 0.6050285 0.8345092
vt 0.5946041 0.8386856
f 2386/2265/2386 2389/2266/2389 2388/2267/2388
vt 0.5773136 0.8313162
vt 0.5842616 0.8395005
vt 0.5770704 0.8380459
f 2387/2268/2387 2392/2269/2392 2400/2270/2400
vt 0.1101902 0.6843061
f 593/2243/593 592/2271/592 590/2231/590
f 590/2231/590 592/2271/592 586/2253/586
vt 0.0805194 0.6523823
f 586/2253/586 587/2272/587 578/2254/578
vt 0.4225392 0.0993699
f 1885/2262/1885 1855/2273/1855 1859/2263/1859
vt 0.1616016 0.7486154
f 611/2258/611 606/2274/606 601/2202/601
vt 0.1281272 0.7082946
f 599/2225/599 600/2275/600 593/2243/593
f 593/2243/593 600/2275/600 592/2271/592
vt 0.0905489 0.6745382
f 592/2271/592 610/2276/610 586/2253/586
f 586/2253/586 610/2276/610 587/2272/587
vt 0.1469490 0.7382534
f 606/2274/606 605/2277/605 601/2202/601
f 601/2202/601 605/2277/605 599/2225/599
vt 0.1376980 0.7312380
f 605/2277/605 607/2278/607 600/2275/600
f 599/2225/599 605/2277/605 600/2275/600
vt 0.1020580 0.6927548
f 592/2271/592 609/2279/609 610/2276/610
vt 0.4382403 0.1074998
vt 0.4356366 0.0992581
vt 0.4297642 0.1086195
f 1883/2280/1883 1846/2281/1846 1884/2282/1884
vt 0.1210867 0.7144192
f 607/2278/607 608/2283/608 600/2275/600
f 600/2275/600 608/2283/608 592/2271/592
f 592/2271/592 608/2283/608 609/2279/609
vt 0.7757225 0.0415463
vt 0.7962341 0.0416015
vt 0.7963604 0.0480188
f 996/2284/996 1002/2285/1002 1007/2286/1007
vt 0.5007141 0.1050027
vt 0.5019323 0.0989474
vt 0.4810446 0.0994259
f 1888/2287/1888 1879/2288/1879 1874/2289/1874
vt 0.8458655 0.7278612
vt 0.8463654 0.7291916
vt 0.8624514 0.7142584
f 50/2290/50 111/2291/111 87/2292/87
vt 0.8693836 0.7049327
f 50/2290/50 87/2292/87 51/2293/51
vt 0.2564588 0.0764448
f 2914/2294/2914 2915/17/2915 2916/23/2916
vt 0.8231381 0.7458060
vt 0.8370667 0.7361805
vt 0.8290254 0.7402780
f 113/2295/113 112/2296/112 25/2297/25
f 25/2297/25 112/2296/112 111/2291/111
f 25/2297/25 111/2291/111 50/2290/50
vt 0.8846093 0.6839257
f 50/2290/50 51/2293/51 26/2298/26
vt 0.8795840 0.6940744
f 51/2293/51 92/2299/92 26/2298/26
vt 0.8924488 0.6748441
f 92/2299/92 109/2300/109 26/2298/26
vt 0.8133538 0.7505866
f 48/2301/48 113/2295/113 25/2297/25
vt 0.8977949 0.6643711
f 26/2298/26 109/2300/109 64/2302/64
vt 0.3721409 0.0541165
f 950/2303/950 917/46/917 920/45/920
vt 0.0066005 0.7629325
f 1256/42/1256 1253/57/1253 1289/2304/1289
f 25/2297/25 50/2290/50 26/2298/26
vt 0.9037550 0.6498040
f 45/2305/45 26/2298/26 64/2302/64
f 914/68/914 917/46/917 950/2303/950
f 1253/57/1253 1251/75/1251 1289/2304/1289
vt 0.5155314 0.6729880
f 2467/2306/2467 2459/96/2459 2456/81/2456
vt 0.3367219 0.0541056
f 933/2307/933 904/88/904 914/68/914
vt 0.8017727 0.7556796
f 27/2308/27 48/2301/48 25/2297/25
vt 0.9476076 0.0072567
vt 0.9491124 0.0041776
f 2231/2309/2231 2238/2310/2238 2230/98/2230
vt 0.9493939 0.5037372
vt 0.9421691 0.5030109
vt 0.9420338 0.5125563
f 2010/2311/2010 2024/2312/2024 2009/2313/2009
f 2009/2313/2009 2024/2312/2024 2033/105/2033
vt 0.0054419 0.7283020
f 1251/75/1251 1247/86/1247 1282/2314/1282
vt 0.7686729 0.7679638
vt 0.7841159 0.7636765
f 23/2315/23 67/2316/67 27/2308/27
vt 0.9612933 0.0032377
vt 0.9545605 0.0074128
f 2269/2317/2269 2238/2310/2238 2234/2318/2234
f 2234/2318/2234 2238/2310/2238 2231/2309/2231
vt 0.9612189 0.5036768
vt 0.9551901 0.5065138
f 2049/2319/2049 2010/2311/2010 2016/2320/2016
f 1617/111/1617 1579/110/1579 1577/233/1577
f 1578/143/1578 1579/110/1579 1580/118/1580
f 2088/146/2088 2123/115/2123 2091/119/2091
f 912/156/912 911/87/911 902/181/902
vt 0.9614318 0.5171128
f 2049/2319/2049 2016/2320/2016 2048/2321/2048
vt 0.9501001 0.5168347
f 2016/2320/2016 2010/2311/2010 2008/2322/2008
f 2008/2322/2008 2010/2311/2010 2009/2313/2009
f 2422/201/2422 2444/159/2444 2417/158/2417
f 2031/243/2031 2009/2313/2009 2033/105/2033
vt 0.7626112 0.6787394
f 21/2323/21 25/2297/25 26/2298/26
f 1577/233/1577 1579/110/1579 1578/143/1578
vt 0.9107017 0.6346278
vt 0.9146900 0.6172647
f 45/2305/45 72/2324/72 7/2325/7
f 1282/2314/1282 1247/86/1247 1240/179/1240
f 910/225/910 912/156/912 902/181/902
f 903/182/903 904/88/904 933/2307/933
f 27/2308/27 25/2297/25 21/2323/21
vt 0.1378305 0.2013611
vt 0.1253026 0.1947271
f 2423/2326/2423 2424/160/2424 2437/2327/2437
vt 0.9540263 0.0171769
f 2233/2328/2233 2234/2318/2234 2231/2309/2231
vt 0.9555094 0.5211232
f 2020/2329/2020 2016/2320/2016 2008/2322/2008
vt 0.9685792 0.5125512
f 2062/2330/2062 2049/2319/2049 2048/2321/2048
vt 0.9428064 0.5289586
f 2008/2322/2008 2009/2313/2009 2006/2331/2006
f 2009/2313/2009 2031/243/2031 2006/2331/2006
vt 0.9321006 0.0271571
f 2251/100/2251 2265/102/2265 2257/2332/2257
f 2031/243/2031 2033/105/2033 2071/107/2071
vt 0.3261003 0.9800320
f 1617/111/1617 1577/233/1577 1610/2333/1610
f 2135/116/2135 2123/115/2123 2122/171/2122
vt 0.1349821 0.1947939
f 2423/2326/2423 2437/2327/2437 2438/2334/2438
vt 0.9480423 0.0358779
f 2233/2328/2233 2231/2309/2231 2228/2335/2228
f 2048/2321/2048 2016/2320/2016 2020/2329/2020
f 2414/212/2414 2417/158/2417 2424/160/2424
f 2414/212/2414 2424/160/2424 2423/2326/2423
f 2416/213/2416 2422/201/2422 2417/158/2417
vt 0.9344305 0.0319679
f 2229/185/2229 2251/100/2251 2250/2336/2250
f 2250/2336/2250 2251/100/2251 2257/2332/2257
vt 0.9253185 0.0375540
f 2257/2332/2257 2265/102/2265 2259/2337/2259
f 2031/243/2031 2071/107/2071 2069/276/2069
vt 0.9704531 0.0192137
f 1154/2338/1154 1155/268/1155 1150/229/1150
vt 0.3270221 0.9861709
f 1620/2339/1620 1617/111/1617 1610/2333/1610
vt 0.9803340 0.2836190
f 2134/2340/2134 2135/116/2135 2122/171/2122
f 1126/172/1126 1154/2338/1154 1150/229/1150
f 26/2298/26 45/2305/45 7/2325/7
f 23/2315/23 27/2308/27 21/2323/21
f 2231/2309/2231 2230/98/2230 2228/2335/2228
f 2228/2335/2228 2230/98/2230 2229/185/2229
vt 0.9673452 0.5289832
f 2061/2341/2061 2062/2330/2062 2048/2321/2048
vt 0.9512804 0.5352424
f 2007/2342/2007 2008/2322/2008 2006/2331/2006
f 2951/237/2951 2946/183/2946 2952/274/2952
f 897/248/897 896/196/896 903/182/903
vt 0.7190019 0.7756706
vt 0.7536030 0.7722169
f 22/2343/22 62/2344/62 23/2315/23
vt 0.9526871 0.0371181
f 2233/2328/2233 2228/2335/2228 2235/2345/2235
f 2048/2321/2048 2020/2329/2020 2038/317/2038
f 2020/2329/2020 2008/2322/2008 2007/2342/2007
vt 0.9395735 0.0404885
f 2229/185/2229 2250/2336/2250 2227/2346/2227
f 2006/2331/2006 2031/243/2031 2028/242/2028
vt 0.8223567 0.6413000
f 21/2323/21 26/2298/26 44/2347/44
f 1610/2333/1610 1577/233/1577 1569/232/1569
f 44/2347/44 26/2298/26 7/2325/7
f 2432/293/2432 2423/2326/2423 2438/2334/2438
f 2432/293/2432 2438/2334/2438 2443/291/2443
f 2061/2341/2061 2048/2321/2048 2038/317/2038
vt 0.9502634 0.5467304
f 2007/2342/2007 2006/2331/2006 2005/2348/2005
vt 0.9092656 0.9948177
f 1732/214/1732 1741/186/1741 1743/2349/1743
f 2250/2336/2250 2257/2332/2257 2259/2337/2259
f 2032/244/2032 2031/243/2031 2069/276/2069
f 2134/2340/2134 2122/171/2122 2121/252/2121
f 2038/317/2038 2020/2329/2020 2007/2342/2007
f 2228/2335/2228 2229/185/2229 2227/2346/2227
vt 0.9419210 0.5520430
f 2006/2331/2006 2028/242/2028 2004/2350/2004
f 2004/2350/2004 2028/242/2028 2032/244/2032
vt 0.9326941 0.0559343
f 2253/2351/2253 2250/2336/2250 2259/2337/2259
f 1613/354/1613 1620/2339/1620 1610/2333/1610
vt 0.9184253 0.6041369
vt 0.9212204 0.5618587
f 7/2325/7 57/2352/57 10/2353/10
vt 0.9211958 0.5850256
f 57/2352/57 77/2354/77 10/2353/10
vt 0.9545187 0.5531198
f 2038/317/2038 2007/2342/2007 2019/2355/2019
vt 0.1588149 0.2075758
f 2414/212/2414 2423/2326/2423 2415/2356/2415
f 2415/2356/2415 2423/2326/2423 2432/293/2432
vt 0.9666418 0.5457940
f 2061/2341/2061 2038/317/2038 2060/2357/2060
f 2005/2348/2005 2006/2331/2006 2004/2350/2004
f 2227/2346/2227 2250/2336/2250 2253/2351/2253
f 1697/215/1697 1695/251/1695 1696/260/1696
vt 0.0034898 0.6720657
f 1290/2358/1290 1239/223/1239 1241/264/1241
f 898/265/898 895/226/895 897/248/897
vt 0.9473838 0.0519177
f 2235/2345/2235 2228/2335/2228 2226/2359/2226
f 2019/2355/2019 2007/2342/2007 2005/2348/2005
f 2226/2359/2226 2228/2335/2228 2227/2346/2227
f 1623/353/1623 1620/2339/1620 1613/354/1613
f 2132/357/2132 2134/2340/2134 2121/252/2121
f 949/334/949 909/224/909 908/331/908
f 908/331/908 909/224/909 898/265/898
f 2226/2359/2226 2227/2346/2227 2221/350/2221
f 2413/266/2413 2414/212/2414 2415/2356/2415
f 2221/350/2221 2227/2346/2227 2253/2351/2253
f 1732/214/1732 1743/2349/1743 1744/302/1744
f 2004/2350/2004 2032/244/2032 2029/277/2029
f 2253/2351/2253 2259/2337/2259 2260/335/2260
vt 0.3569045 0.9796975
f 1613/354/1613 1610/2333/1610 1611/2360/1611
f 1611/2360/1611 1610/2333/1610 1569/232/1569
f 2415/2356/2415 2432/293/2432 2427/301/2427
f 2407/392/2407 2415/2356/2415 2427/301/2427
vt 0.9430037 0.0650660
f 2226/2359/2226 2221/350/2221 2225/2361/2225
vt 0.9499918 0.5682786
f 2005/2348/2005 2004/2350/2004 1996/2362/1996
f 2132/357/2132 2121/252/2121 2117/306/2117
f 2077/298/2077 2121/252/2121 2085/234/2085
f 908/331/908 898/265/898 900/329/900
f 900/329/900 898/265/898 899/286/899
vt 0.6580969 0.7018542
f 22/2343/22 23/2315/23 24/2363/24
vt 0.9476337 0.0723169
f 2235/2345/2235 2226/2359/2226 2222/2364/2222
vt 0.9545560 0.0675930
f 2242/2365/2242 2235/2345/2235 2222/2364/2222
f 2019/2355/2019 2005/2348/2005 1996/2362/1996
f 2060/2357/2060 2038/317/2038 2055/316/2055
f 2413/266/2413 2415/2356/2415 2407/392/2407
f 1730/303/1730 1695/251/1695 1732/214/1732
vt 0.9283555 0.5662125
f 2029/277/2029 2069/276/2069 2066/2366/2066
f 1715/245/1715 1696/260/1696 1713/295/1713
f 1290/2358/1290 1241/264/1241 1261/312/1261
vt 0.6811088 0.7740088
vt 0.6953050 0.7753007
f 31/2367/31 80/2368/80 22/2343/22
f 2046/315/2046 2038/317/2038 2019/2355/2019
vt 0.9425969 0.5726487
f 1996/2362/1996 2004/2350/2004 1995/2369/1995
f 2004/2350/2004 2029/277/2029 1995/2369/1995
vt 0.9369769 0.5725560
f 2030/2370/2030 2029/277/2029 2066/2366/2066
f 2226/2359/2226 2225/2361/2225 2222/2364/2222
f 2221/350/2221 2253/2351/2253 2252/337/2252
f 1995/2369/1995 2029/277/2029 2030/2370/2030
f 2252/337/2252 2253/2351/2253 2260/335/2260
f 1611/2360/1611 1569/232/1569 1566/375/1566
f 1566/375/1566 1569/232/1569 1568/305/1568
f 31/2367/31 22/2343/22 24/2363/24
vt 0.9554139 0.5765433
f 2046/315/2046 2019/2355/2019 2035/2371/2035
f 2035/2371/2035 2019/2355/2019 1996/2362/1996
f 2407/392/2407 2427/301/2427 2431/292/2431
vt 0.1895699 0.2033716
f 2407/392/2407 2431/292/2431 2426/2372/2426
vt 0.8781451 0.9980537
f 1730/303/1730 1744/302/1744 1748/2373/1748
vt 0.9339660 0.5822370
f 2042/2374/2042 2030/2370/2030 2066/2366/2066
f 2132/357/2132 2117/306/2117 2116/358/2116
f 1590/319/1590 1589/253/1589 1602/321/1602
f 2222/2364/2222 2225/2361/2225 2221/350/2221
vt 0.9449171 0.0821654
f 2222/2364/2222 2221/350/2221 2207/2375/2207
f 2207/2375/2207 2221/350/2221 2211/351/2211
vt 0.9663094 0.5732560
f 2058/2376/2058 2055/316/2055 2046/315/2046
f 2408/394/2408 2413/266/2413 2407/392/2407
f 1730/303/1730 1748/2373/1748 1745/364/1745
f 2448/318/2448 2413/266/2413 2408/394/2408
vt 0.9275248 0.5827010
f 2042/2374/2042 2066/2366/2066 2072/2377/2072
vt 0.3825906 0.9843086
f 1621/355/1621 1613/354/1613 1612/2378/1612
f 1612/2378/1612 1613/354/1613 1611/2360/1611
vt 0.8243580 0.5305960
f 44/2347/44 7/2325/7 6/2379/6
f 900/329/900 905/384/905 906/330/906
f 900/329/900 901/332/901 905/384/905
vt 0.9500234 0.5833080
f 2035/2371/2035 1996/2362/1996 1992/2380/1992
f 1992/2380/1992 1996/2362/1996 1995/2369/1995
f 1992/2380/1992 1995/2369/1995 1993/446/1993
vt 0.9366513 0.5923746
f 1995/2369/1995 2030/2370/2030 2026/2381/2026
f 2026/2381/2026 2030/2370/2030 2042/2374/2042
f 1612/2378/1612 1611/2360/1611 1566/375/1566
vt 0.9173141 0.5205362
vt 0.9211958 0.5436375
f 11/2382/11 10/2353/10 71/2383/71
vt 0.0027089 0.6303019
f 1261/312/1261 1264/328/1264 1285/2384/1285
vt 0.9508884 0.0851988
f 2239/2385/2239 2242/2365/2242 2222/2364/2222
vt 0.9429485 0.0907863
f 2207/2375/2207 2211/351/2211 2208/2386/2208
f 2406/391/2406 2408/394/2408 2407/392/2407
f 2211/351/2211 2252/337/2252 2245/401/2245
f 1993/446/1993 1995/2369/1995 2026/2381/2026
f 2245/401/2245 2252/337/2252 2258/336/2258
vt 0.9279655 0.6010208
f 2042/2374/2042 2072/2377/2072 2070/2387/2070
vt 0.9085801 0.4889094
f 7/2325/7 10/2353/10 9/2388/9
f 2404/390/2404 2407/392/2407 2426/2372/2426
f 2426/2372/2426 2431/292/2431 2429/389/2429
f 2239/2385/2239 2222/2364/2222 2207/2375/2207
vt 0.9593081 0.5890101
f 2046/315/2046 2035/2371/2035 2045/2389/2045
vt 0.9468415 0.5975168
f 1992/2380/1992 1993/446/1993 1994/2390/1994
f 1688/356/1688 1730/303/1730 1733/365/1733
f 1688/356/1688 1733/365/1733 1731/412/1731
vt 0.9803504 0.3415195
vt 0.9752475 0.3455091
f 2136/2391/2136 2133/359/2133 2129/2392/2129
f 2129/2392/2129 2133/359/2133 2116/358/2116
f 9/2388/9 10/2353/10 11/2382/11
vt 0.6533562 0.7683710
f 30/2393/30 31/2367/31 24/2363/24
f 24/2363/24 23/2315/23 21/2323/21
f 2404/390/2404 2426/2372/2426 2429/389/2429
f 2208/2386/2208 2211/351/2211 2209/402/2209
vt 0.9655014 0.5938013
f 2058/2376/2058 2046/315/2046 2057/2394/2057
f 2057/2394/2057 2046/315/2046 2045/2389/2045
vt 0.9525115 0.5951359
f 2035/2371/2035 1992/2380/1992 2017/2395/2017
f 2045/2389/2045 2035/2371/2035 2017/2395/2017
f 1733/365/1733 1745/364/1745 1746/411/1746
f 2026/2381/2026 2042/2374/2042 2025/447/2025
f 2025/447/2025 2042/2374/2042 2070/2387/2070
vt 0.3858187 0.9769248
f 1612/2378/1612 1566/375/1566 1567/2396/1567
vt 0.9693649 0.3444124
f 2118/2397/2118 2116/358/2116 2076/368/2076
f 1285/2384/1285 1264/328/1264 1268/407/1268
vt 0.2197506 0.0349766
f 921/2398/921 907/383/907 905/384/905
vt 0.2199399 0.0540113
f 905/384/905 923/2399/923 921/2398/921
vt 0.9447585 0.1064790
f 2239/2385/2239 2207/2375/2207 2206/2400/2206
f 2206/2400/2206 2207/2375/2207 2208/2386/2208
f 2017/2395/2017 1992/2380/1992 1994/2390/1994
f 2129/2392/2129 2116/358/2116 2118/2397/2118
f 1567/2396/1567 1566/375/1566 1565/415/1565
vt 0.9025116 0.4743506
f 6/2379/6 7/2325/7 8/2401/8
f 8/2401/8 7/2325/7 9/2388/9
f 922/433/922 907/383/907 921/2398/921
f 937/434/937 940/333/940 907/383/907
vt 0.6685697 0.7720317
f 30/2393/30 73/2402/73 31/2367/31
f 2206/2400/2206 2208/2386/2208 2209/402/2209
f 1994/2390/1994 1993/446/1993 1997/448/1997
f 2209/402/2209 2245/401/2245 2210/449/2210
f 1993/446/1993 2026/2381/2026 2025/447/2025
f 2254/450/2254 2245/401/2245 2258/336/2258
vt 0.4022391 0.9771823
f 1612/2378/1612 1567/2396/1567 1571/2403/1571
f 1107/340/1107 1108/403/1108 1109/376/1109
f 2079/425/2079 2118/2397/2118 2076/368/2076
vt 0.9142172 0.5046580
f 9/2388/9 11/2382/11 65/2404/65
vt 0.9503046 0.1095760
f 2241/2405/2241 2239/2385/2239 2206/2400/2206
vt 0.7566385 0.5740461
f 5/2406/5 21/2323/21 44/2347/44
vt 0.2200019 0.2038328
f 2404/390/2404 2429/389/2429 2425/2407/2425
vt 0.2263899 0.1987138
f 2429/389/2429 2439/388/2439 2435/2408/2435
f 2425/2407/2425 2429/389/2429 2435/2408/2435
vt 0.9556955 0.6122960
f 2045/2389/2045 2017/2395/2017 2036/2409/2036
vt 0.9595975 0.6061416
f 2051/2410/2051 2045/2389/2045 2036/2409/2036
f 2210/449/2210 2245/401/2245 2254/450/2254
f 2254/450/2254 2258/336/2258 2266/352/2266
vt 0.9332878 0.6135866
f 2040/2411/2040 2025/447/2025 2070/2387/2070
vt 0.4041896 0.9864256
f 1621/355/1621 1612/2378/1612 1614/2412/1614
f 1614/2412/1614 1612/2378/1612 1571/2403/1571
f 1571/2403/1571 1567/2396/1567 1565/415/1565
vt 0.2020776 0.0379832
f 921/2398/921 923/2399/923 924/2413/924
vt 0.2020659 0.0532047
f 924/2413/924 923/2399/923 925/2414/925
f 310/409/310 291/385/291 309/465/309
f 2206/2400/2206 2209/402/2209 2210/449/2210
f 2057/2394/2057 2045/2389/2045 2051/2410/2051
vt 0.9500628 0.6125682
f 2017/2395/2017 1994/2390/1994 1998/2415/1998
f 2036/2409/2036 2017/2395/2017 1998/2415/1998
f 1998/2415/1998 1994/2390/1994 1997/448/1997
f 1997/448/1997 2025/447/2025 2023/466/2023
f 2023/466/2023 2025/447/2025 2040/2411/2040
vt 0.0022769 0.5972711
f 1284/2416/1284 1268/407/1268 1272/443/1272
f 922/433/922 921/2398/921 924/2413/924
f 937/434/937 922/433/922 938/455/938
vt 0.1974743 0.0541165
f 925/2414/925 923/2399/923 945/2417/945
f 2409/459/2409 2404/390/2404 2425/2407/2425
vt 0.9195561 0.1158528
f 2254/450/2254 2266/352/2266 2264/2418/2264
f 5/2406/5 44/2347/44 6/2379/6
vt 0.9426637 0.1220895
f 2206/2400/2206 2210/449/2210 2212/2419/2212
vt 0.9654298 0.6100889
f 2057/2394/2057 2051/2410/2051 2056/2420/2056
vt 0.9490400 0.6217611
f 1998/2415/1998 1997/448/1997 1999/2421/1999
f 1999/2421/1999 1997/448/1997 2000/467/2000
f 1731/412/1731 1746/411/1746 1742/479/1742
vt 0.9267367 0.6303947
f 2040/2411/2040 2070/2387/2070 2068/2422/2068
vt 0.9796663 0.3708659
f 2136/2391/2136 2129/2392/2129 2130/2423/2130
f 1614/2412/1614 1571/2403/1571 1574/563/1574
f 2129/2392/2129 2118/2397/2118 2119/493/2119
f 2119/493/2119 2118/2397/2118 2079/425/2079
f 922/433/922 924/2413/924 926/454/926
vt 0.2366054 0.2026719
f 2425/2407/2425 2435/2408/2435 2428/2424/2428
f 2409/459/2409 2425/2407/2425 2428/2424/2428
f 1731/412/1731 1742/479/1742 1734/460/1734
vt 0.9349118 0.6299542
f 2023/466/2023 2040/2411/2040 2027/2425/2027
f 2247/451/2247 2254/450/2254 2246/523/2246
f 2246/523/2246 2254/450/2254 2264/2418/2264
f 2027/2425/2027 2040/2411/2040 2068/2422/2068
vt 0.4197249 0.9878106
f 1616/2426/1616 1614/2412/1614 1574/563/1574
f 2130/2423/2130 2129/2392/2129 2119/493/2119
f 2241/2405/2241 2206/2400/2206 2212/2419/2212
vt 0.9473575 0.1293800
f 2240/2427/2240 2241/2405/2241 2212/2419/2212
vt 0.9407235 0.1314499
f 2212/2419/2212 2210/449/2210 2213/2428/2213
vt 0.9351349 0.1308368
f 2213/2428/2213 2210/449/2210 2214/2429/2214
vt 0.9648033 0.6229682
f 2056/2420/2056 2051/2410/2051 2053/2430/2053
f 2053/2430/2053 2051/2410/2051 2036/2409/2036
vt 0.9595126 0.6235078
f 2053/2430/2053 2036/2409/2036 2047/2431/2047
vt 0.9519312 0.6321954
f 2036/2409/2036 1998/2415/1998 2018/2432/2018
f 2018/2432/2018 1998/2415/1998 1999/2421/1999
vt 0.9467636 0.6323670
f 1999/2421/1999 2000/467/2000 2001/2433/2001
f 2214/2429/2214 2210/449/2210 2247/451/2247
f 2000/467/2000 2023/466/2023 2027/2425/2027
f 2246/523/2246 2264/2418/2264 2263/524/2263
f 1572/495/1572 1571/2403/1571 1565/415/1565
f 1284/2416/1284 1272/443/1272 1273/499/1273
vt 0.1889547 0.0131184
f 938/455/938 926/454/926 936/2434/936
vt 0.2461210 0.1974250
f 2428/2424/2428 2435/2408/2435 2436/2435/2436
f 2047/2431/2047 2036/2409/2036 2018/2432/2018
f 2214/2429/2214 2247/451/2247 2246/523/2246
vt 0.8169538 0.9984158
f 1735/480/1735 1742/479/1742 1747/2436/1747
f 1574/563/1574 1571/2403/1571 1572/495/1572
vt 0.9022158 0.4708189
f 8/2401/8 9/2388/9 81/2437/81
vt 0.1838951 0.0537239
f 924/2413/924 925/2414/925 928/2438/928
f 927/518/927 924/2413/924 928/2438/928
f 927/518/927 926/454/926 924/2413/924
f 928/2438/928 925/2414/925 945/2417/945
f 265/508/265 267/463/267 266/552/266
vt 0.2556527 0.2016394
f 2428/2424/2428 2436/2435/2436 2430/2439/2430
f 2240/2427/2240 2212/2419/2212 2213/2428/2213
vt 0.9572710 0.6361855
f 2047/2431/2047 2018/2432/2018 2044/2440/2044
f 2018/2432/2018 1999/2421/1999 2001/2433/2001
vt 0.9324562 0.1431226
f 2214/2429/2214 2246/523/2246 2216/2441/2216
f 1616/2426/1616 1574/563/1574 1573/562/1573
f 936/2434/936 926/454/926 929/517/929
vt 0.2517016 0.2077075
f 2409/459/2409 2428/2424/2428 2411/2442/2411
f 2411/2442/2411 2428/2424/2428 2430/2439/2430
f 2001/2433/2001 2000/467/2000 2002/534/2002
f 2000/467/2000 2027/2425/2027 2022/533/2022
f 2216/2441/2216 2246/523/2246 2249/525/2249
f 2022/533/2022 2027/2425/2027 2067/578/2067
vt 0.9177691 0.1462737
f 2249/525/2249 2263/524/2263 2261/2443/2261
f 2027/2425/2027 2068/2422/2068 2067/578/2067
vt 0.4342942 0.9879118
f 1615/2444/1615 1616/2426/1616 1573/562/1573
vt 0.9797518 0.3867509
f 2131/2445/2131 2130/2423/2130 2119/493/2119
f 2082/528/2082 2080/472/2080 2100/475/2100
vt 0.9407488 0.1439124
f 2240/2427/2240 2213/2428/2213 2215/2446/2215
f 2213/2428/2213 2214/2429/2214 2215/2446/2215
f 2215/2446/2215 2214/2429/2214 2216/2441/2216
vt 0.9635264 0.6380982
f 2053/2430/2053 2047/2431/2047 2054/2447/2054
f 2054/2447/2054 2047/2431/2047 2044/2440/2044
vt 0.9505214 0.6470034
f 2018/2432/2018 2001/2433/2001 2003/2448/2003
f 2003/2448/2003 2001/2433/2001 2002/534/2002
f 2410/511/2410 2409/459/2409 2411/2442/2411
f 1736/536/1736 1735/480/1735 1747/2436/1747
vt 0.1643509 0.0524563
f 927/518/927 928/2438/928 931/2449/931
vt 0.1638111 0.0357756
f 930/2450/930 927/518/927 931/2449/931
vt 0.1685717 0.0135450
f 939/2451/939 936/2434/936 929/517/929
f 929/517/929 927/518/927 930/2450/930
vt 0.6322523 0.7607315
f 24/2363/24 29/2452/29 30/2393/30
vt 0.9433997 0.1504907
f 2240/2427/2240 2215/2446/2215 2236/2453/2236
vt 0.2671926 0.1952118
f 2430/2439/2430 2436/2435/2436 2440/2454/2440
f 2044/2440/2044 2018/2432/2018 2003/2448/2003
vt 0.1607265 0.0538298
f 931/2449/931 928/2438/928 944/2455/944
vt 0.9556206 0.6499720
f 2044/2440/2044 2003/2448/2003 2043/2456/2043
f 2412/609/2412 2410/511/2410 2411/2442/2411
vt 0.9318199 0.1616161
f 2218/2457/2218 2216/2441/2216 2249/525/2249
f 1736/536/1736 1747/2436/1747 1750/576/1750
vt 0.9261318 0.1568670
f 2248/2458/2248 2249/525/2249 2261/2443/2261
f 2039/580/2039 2022/533/2022 2067/578/2067
vt 0.4553980 0.9807571
f 1615/2444/1615 1573/562/1573 1586/2459/1586
vt 0.9747763 0.4011786
f 2131/2445/2131 2119/493/2119 2127/2460/2127
f 2127/2460/2127 2119/493/2119 2120/566/2120
f 1594/541/1594 1592/494/1592 1604/529/1604
vt 0.8962165 0.4589760
f 8/2401/8 81/2437/81 59/2461/59
vt 0.1612787 0.0171288
f 939/2451/939 929/517/929 932/2462/932
f 932/2462/932 929/517/929 930/2450/930
vt 0.5995116 0.7443077
vt 0.6196093 0.7558147
f 28/2463/28 61/2464/61 29/2452/29
vt 0.2715805 0.2003107
f 2430/2439/2430 2440/2454/2440 2433/2465/2433
vt 0.9372225 0.1596928
f 2215/2446/2215 2216/2441/2216 2217/2466/2217
f 2236/2453/2236 2215/2446/2215 2217/2466/2217
f 2217/2466/2217 2216/2441/2216 2218/2457/2218
vt 0.9612728 0.6541615
f 2054/2447/2054 2044/2440/2044 2052/2467/2052
f 2052/2467/2052 2044/2440/2044 2043/2456/2043
vt 0.9480904 0.6600794
f 2003/2448/2003 2002/534/2002 2011/2468/2011
vt 0.9425284 0.6641737
f 2011/2468/2011 2002/534/2002 2012/2469/2012
f 2411/2442/2411 2430/2439/2430 2418/607/2418
f 2412/609/2412 2411/2442/2411 2418/607/2418
f 2218/2457/2218 2249/525/2249 2248/2458/2248
f 2012/2469/2012 2002/534/2002 2022/533/2022
vt 0.9367892 0.6644900
f 2012/2469/2012 2022/533/2022 2021/2470/2021
f 2022/533/2022 2039/580/2039 2021/2470/2021
vt 0.9219093 0.1649907
f 2248/2458/2248 2261/2443/2261 2255/2471/2255
vt 0.9166784 0.1599885
f 2255/2471/2255 2261/2443/2261 2267/2472/2267
vt 0.9804189 0.4047870
f 2137/2473/2137 2131/2445/2131 2127/2460/2127
vt 0.4479182 0.9882883
f 1619/2474/1619 1615/2444/1615 1586/2459/1586
f 1114/504/1114 1113/539/1113 1115/572/1115
f 261/591/261 265/508/265 263/553/263
f 2418/607/2418 2430/2439/2430 2433/2465/2433
vt 0.9685792 0.6575681
f 2063/2475/2063 2054/2447/2054 2052/2467/2052
f 1586/2459/1586 1573/562/1573 1581/611/1581
f 2115/662/2115 2120/566/2120 2084/565/2084
f 281/628/281 283/520/283 274/519/274
vt 0.2860687 0.1962815
f 2433/2465/2433 2440/2454/2440 2441/2476/2441
vt 0.9530535 0.6652135
f 2043/2456/2043 2003/2448/2003 2034/2477/2034
f 2034/2477/2034 2003/2448/2003 2011/2468/2011
vt 0.9253806 0.1732157
f 2248/2458/2248 2255/2471/2255 2244/2478/2244
f 2127/2460/2127 2120/566/2120 2115/662/2115
f 2102/514/2102 2083/600/2083 2082/528/2082
vt 0.4625161 0.6897763
f 261/591/261 263/553/263 259/2479/259
vt 0.9429787 0.1696157
f 2237/2480/2237 2236/2453/2236 2217/2466/2217
f 2218/2457/2218 2248/2458/2248 2244/2478/2244
f 2410/511/2410 2412/609/2412 2419/608/2419
f 2446/571/2446 2410/511/2410 2419/608/2419
f 2137/2473/2137 2127/2460/2127 2124/686/2124
f 2124/686/2124 2127/2460/2127 2115/662/2115
vt 0.7779043 0.0589911
f 1687/2481/1687 1673/590/1673 1669/618/1669
vt 0.1429041 0.0524671
f 930/2450/930 931/2449/931 934/2482/934
f 932/2462/932 930/2450/930 934/2482/934
vt 0.6442344 0.6070637
f 24/2363/24 21/2323/21 1/2483/1
f 156/594/156 542/606/542 517/621/517
f 2418/607/2418 2433/2465/2433 2420/731/2420
vt 0.9380646 0.1736143
f 2237/2480/2237 2217/2466/2217 2219/2484/2219
f 2219/2484/2219 2217/2466/2217 2218/2457/2218
f 2052/2467/2052 2043/2456/2043 2034/2477/2034
vt 0.9484257 0.6725226
f 2034/2477/2034 2011/2468/2011 2013/2485/2013
f 2013/2485/2013 2011/2468/2011 2012/2469/2012
f 2419/608/2419 2418/607/2418 2420/731/2420
f 2421/656/2421 2419/608/2419 2420/731/2420
vt 0.9314877 0.1757293
f 2218/2457/2218 2244/2478/2244 2220/2486/2220
f 2021/2470/2021 2039/580/2039 2064/579/2064
vt 0.9148452 0.1848162
f 2255/2471/2255 2267/2472/2267 2268/2487/2268
vt 0.4725628 0.9893617
f 1618/2488/1618 1619/2474/1619 1586/2459/1586
vt 0.1458113 0.0179355
f 935/2489/935 932/2462/932 934/2482/934
f 934/2482/934 931/2449/931 944/2455/944
f 28/2463/28 29/2452/29 24/2363/24
f 2420/731/2420 2433/2465/2433 2434/729/2434
f 2434/729/2434 2433/2465/2433 2441/2476/2441
f 2219/2484/2219 2218/2457/2218 2220/2486/2220
vt 0.9379704 0.6837492
f 2012/2469/2012 2021/2470/2021 2015/2490/2015
vt 0.9340486 0.6814460
f 2015/2490/2015 2021/2470/2021 2041/2491/2041
f 684/679/684 687/651/687 697/652/697
vt 0.9190614 0.1852123
f 2244/2478/2244 2255/2471/2255 2256/2492/2256
f 2021/2470/2021 2064/579/2064 2041/2491/2041
f 2256/2492/2256 2255/2471/2255 2268/2487/2268
vt 0.9276438 0.6833771
f 2041/2491/2041 2064/579/2064 2065/2493/2065
vt 0.9784099 0.4236978
f 2137/2473/2137 2124/686/2124 2138/2494/2138
vt 0.4693212 0.9801751
f 1618/2488/1618 1586/2459/1586 1585/2495/1585
f 1585/2495/1585 1586/2459/1586 1581/611/1581
f 261/591/261 259/2479/259 258/1161/258
vt 0.4537158 0.7034066
f 258/1161/258 259/2479/259 260/2496/260
f 686/678/686 684/679/684 683/703/683
vt 0.9464614 0.6840888
f 2013/2485/2013 2012/2469/2012 2014/2497/2014
vt 0.9258559 0.1859862
f 2224/2498/2224 2220/2486/2220 2244/2478/2244
vt 0.9647481 0.6750167
f 2063/2475/2063 2052/2467/2052 2059/2499/2059
vt 0.9594666 0.6787892
f 2052/2467/2052 2034/2477/2034 2050/2500/2050
f 2059/2499/2059 2052/2467/2052 2050/2500/2050
f 2224/2498/2224 2244/2478/2244 2256/2492/2256
vt 0.4730689 0.9851107
f 1609/2501/1609 1618/2488/1618 1585/2495/1585
f 1585/2495/1585 1581/611/1581 1584/690/1584
f 1708/564/1708 1709/658/1709 1718/582/1718
f 1117/622/1117 1116/595/1116 1118/688/1118
f 1583/689/1583 1581/611/1581 1582/643/1582
f 2090/661/2090 2084/565/2084 2086/644/2086
f 1687/2481/1687 1669/618/1669 1663/674/1663
f 262/1163/262 261/591/261 258/1161/258
vt 0.5761753 0.7276289
vt 0.5476650 0.6986356
f 47/2502/47 28/2463/28 46/2503/46
f 300/676/300 299/555/299 298/675/298
f 127/629/127 517/621/517 510/649/510
f 21/2323/21 5/2406/5 1/2483/1
f 700/698/700 702/786/702 690/650/690
vt 0.8131087 0.2080030
f 700/698/700 686/678/686 701/2504/701
f 686/678/686 683/703/683 696/791/696
vt 0.3000911 0.1948369
f 2434/729/2434 2441/2476/2441 2442/2505/2442
f 2237/2480/2237 2219/2484/2219 2232/878/2232
f 2219/2484/2219 2220/2486/2220 2223/879/2223
f 2232/878/2232 2219/2484/2219 2223/879/2223
vt 0.9549780 0.6806225
f 2050/2500/2050 2034/2477/2034 2037/2506/2037
f 2034/2477/2034 2013/2485/2013 2014/2497/2014
f 2037/2506/2037 2034/2477/2034 2014/2497/2014
f 2223/879/2223 2220/2486/2220 2224/2498/2224
f 2014/2497/2014 2012/2469/2012 2015/2490/2015
vt 0.7657951 0.9982447
f 1737/577/1737 1749/2507/1749 1738/681/1738
vt 0.9048516 0.8619514
vt 0.8980733 0.8583182
f 2573/2508/2573 2565/724/2565 2567/2509/2567
vt 0.8921660 0.8579681
vt 0.8838301 0.8672926
f 2564/2510/2564 2565/724/2565 2563/2511/2563
f 2015/2490/2015 2041/2491/2041 2065/2493/2065
vt 0.9092064 0.8664481
vt 0.9051586 0.8564100
f 2631/2512/2631 2573/2508/2573 2586/2513/2586
f 2567/2509/2567 2565/724/2565 2564/2510/2564
vt 0.8809305 0.8577253
f 2564/2510/2564 2563/2511/2563 2562/2514/2562
f 2586/2513/2586 2573/2508/2573 2567/2509/2567
vt 0.9015139 0.8503493
f 2584/2515/2584 2586/2513/2586 2567/2509/2567
f 2584/2515/2584 2567/2509/2567 2564/2510/2564
vt 0.8926033 0.8483837
f 2584/2515/2584 2564/2510/2564 2583/2516/2583
vt 0.8846527 0.8500816
f 2564/2510/2564 2562/2514/2562 2569/2517/2569
f 2583/2516/2583 2564/2510/2564 2569/2517/2569
vt 0.9743527 0.4238741
f 2128/2518/2128 2138/2494/2138 2124/686/2124
f 1609/2501/1609 1585/2495/1585 1584/690/1584
f 2128/2518/2128 2124/686/2124 2125/710/2125
f 734/659/734 753/668/753 759/780/759
vt 0.8843686 0.4407909
f 8/2401/8 59/2461/59 41/2519/41
vt 0.5841258 0.7352364
f 99/2520/99 28/2463/28 47/2502/47
f 269/647/269 261/591/261 262/1163/262
vt 0.5366682 0.6826447
f 28/2463/28 24/2363/24 19/2521/19
f 701/2504/701 686/678/686 696/791/696
f 685/790/685 683/703/683 680/727/680
f 676/796/676 680/727/680 678/728/678
f 2445/730/2445 2434/729/2434 2442/2505/2442
f 2578/795/2578 2591/725/2591 2565/724/2565
f 2631/2512/2631 2578/795/2578 2573/2508/2573
f 2573/2508/2573 2578/795/2578 2565/724/2565
f 2565/724/2565 2577/726/2577 2563/2511/2563
vt 0.8621001 0.8703845
f 2563/2511/2563 2577/726/2577 2571/2522/2571
vt 0.8604606 0.8639622
f 2563/2511/2563 2571/2522/2571 2558/2523/2558
f 615/747/615 618/748/618 616/755/616
f 623/815/623 622/757/622 624/749/624
vt 0.9124929 0.8612232
f 2630/2524/2630 2631/2512/2631 2586/2513/2586
f 2562/2514/2562 2563/2511/2563 2558/2523/2558
vt 0.9131536 0.8544880
vt 0.9110579 0.8529134
f 2629/2525/2629 2630/2524/2630 2620/2526/2620
f 2620/2526/2620 2630/2524/2630 2586/2513/2586
vt 0.8592682 0.8584237
f 2562/2514/2562 2558/2523/2558 2557/2527/2557
f 2620/2526/2620 2586/2513/2586 2584/2515/2584
vt 0.8624085 0.8501991
f 2569/2517/2569 2562/2514/2562 2581/2528/2581
f 2562/2514/2562 2557/2527/2557 2581/2528/2581
vt 0.9057734 0.8434160
f 2618/2529/2618 2620/2526/2620 2584/2515/2584
vt 0.9123168 0.8421646
f 2620/2526/2620 2618/2529/2618 2628/2530/2628
vt 0.8966985 0.8399204
f 2618/2529/2618 2584/2515/2584 2616/2531/2616
f 2616/2531/2616 2584/2515/2584 2583/2516/2583
vt 0.8784324 0.8425500
f 2583/2516/2583 2569/2517/2569 2612/2532/2612
f 2569/2517/2569 2581/2528/2581 2612/2532/2612
vt 0.8899183 0.8368087
f 2616/2531/2616 2583/2516/2583 2617/2533/2617
f 2583/2516/2583 2612/2532/2612 2617/2533/2617
vt 0.1362990 0.0159713
vt 0.1340824 0.0264791
f 942/2534/942 935/2489/935 941/2535/941
f 935/2489/935 934/2482/934 941/2535/941
f 46/2503/46 28/2463/28 19/2521/19
f 127/629/127 510/649/510 144/857/144
f 701/2504/701 696/791/696 708/871/708
vt 0.7659230 0.2151527
f 704/2536/704 696/791/696 685/790/685
f 642/876/642 676/796/676 677/797/677
f 2597/872/2597 2578/795/2578 2634/794/2634
f 2578/795/2578 2597/872/2597 2591/725/2591
f 2577/726/2577 2591/725/2591 2593/789/2593
f 638/882/638 636/802/636 628/803/628
f 638/882/638 628/803/628 635/805/635
f 639/806/639 634/807/634 640/894/640
vt 0.0505464 0.2798335
vt 0.0555221 0.2807586
vt 0.0651184 0.2798335
f 3234/2537/3234 3235/2538/3235 3236/2539/3236
f 2577/726/2577 2593/789/2593 2571/2522/2571
f 2571/2522/2571 2593/789/2593 2592/888/2592
f 2632/793/2632 2578/795/2578 2631/2512/2631
vt 0.8413252 0.8710324
f 2571/2522/2571 2592/888/2592 2570/2540/2570
vt 0.9132989 0.8753000
f 2633/2541/2633 2632/793/2632 2630/2524/2630
f 2630/2524/2630 2632/793/2632 2631/2512/2631
f 2558/2523/2558 2571/2522/2571 2570/2540/2570
vt 0.8433421 0.8650598
f 2558/2523/2558 2570/2540/2570 2553/2542/2553
vt 0.7968037 0.8698104
f 2553/2542/2553 2570/2540/2570 2554/2543/2554
f 2557/2527/2557 2558/2523/2558 2553/2542/2553
vt 0.8422394 0.8583921
f 2557/2527/2557 2553/2542/2553 2555/2544/2555
vt 0.8048530 0.8600454
f 2555/2544/2555 2553/2542/2553 2552/2545/2552
f 2552/2545/2552 2553/2542/2553 2554/2543/2554
vt 0.7756306 0.8649626
f 2552/2545/2552 2554/2543/2554 2556/2546/2556
vt 0.7638440 0.8596593
f 2552/2545/2552 2556/2546/2556 2561/2547/2561
vt 0.7799774 0.8548397
f 2568/2548/2568 2552/2545/2552 2561/2547/2561
vt 0.8376777 0.8523587
f 2581/2528/2581 2557/2527/2557 2582/2549/2582
f 2557/2527/2557 2555/2544/2555 2582/2549/2582
f 2582/2549/2582 2555/2544/2555 2552/2545/2552
f 2582/2549/2582 2552/2545/2552 2568/2548/2568
vt 0.8352627 0.8483303
f 2613/2550/2613 2582/2549/2582 2568/2548/2568
f 2628/2530/2628 2629/2525/2629 2620/2526/2620
vt 0.8578584 0.8453174
f 2581/2528/2581 2582/2549/2582 2614/2551/2614
f 2614/2551/2614 2582/2549/2582 2613/2550/2613
f 2612/2532/2612 2581/2528/2581 2614/2551/2614
vt 0.8754814 0.8379083
f 2612/2532/2612 2614/2551/2614 2626/2552/2626
vt 0.9059240 0.8344841
f 2638/2553/2638 2628/2530/2628 2618/2529/2618
vt 0.9116695 0.8325095
f 2628/2530/2628 2638/2553/2638 2641/2554/2641
f 2638/2553/2638 2618/2529/2618 2616/2531/2616
vt 0.8972356 0.8314825
f 2638/2553/2638 2616/2531/2616 2639/2555/2639
f 2639/2555/2639 2616/2531/2616 2617/2533/2617
vt 0.5777082 0.8709528
vt 0.5922335 0.8724985
vt 0.5796338 0.8790631
f 1560/2556/1560 1561/2557/1561 1547/2558/1547
f 2617/2533/2617 2612/2532/2612 2626/2552/2626
vt 0.5703080 0.8761439
f 1550/2559/1550 1560/2556/1560 1547/2558/1547
f 768/842/768 733/711/733 759/780/759
vt 0.8675469 0.4178751
vt 0.8789811 0.4304969
f 43/2560/43 41/2519/41 89/2561/89
vt 0.1263550 0.0520301
f 941/2535/941 934/2482/934 943/2562/943
vt 0.1319912 0.0535845
f 943/2562/943 934/2482/934 948/2563/948
f 707/870/707 696/791/696 704/2536/704
vt 0.7718495 0.3419983
vt 0.7538978 0.3449726
f 3398/2564/3398 3396/2565/3396 3397/1076/3397
f 2597/872/2597 2603/874/2603 2591/725/2591
f 2591/725/2591 2603/874/2603 2602/788/2602
f 704/2536/704 685/790/685 676/796/676
vt 0.6846027 0.2158880
f 704/2536/704 676/796/676 675/2566/675
f 675/2566/675 676/796/676 642/876/642
vt 0.6433904 0.2144580
f 675/2566/675 642/876/642 674/2567/674
f 642/876/642 641/880/641 674/2567/674
f 641/880/641 647/881/647 674/2567/674
vt 0.6287162 0.3421857
vt 0.5200660 0.3482887
vt 0.5393342 0.3424806
f 3391/2568/3391 3392/2569/3392 3390/2570/3390
f 2643/873/2643 2597/872/2597 2634/794/2634
f 2593/789/2593 2602/788/2602 2598/889/2598
f 648/883/648 638/882/638 644/891/644
f 645/892/645 639/806/639 650/973/650
f 650/973/650 639/806/639 643/893/643
f 653/810/653 654/812/654 651/884/651
vt 0.9130307 0.8848379
f 2633/2541/2633 2635/2571/2635 2634/794/2634
f 2633/2541/2633 2634/794/2634 2632/793/2632
f 2593/789/2593 2598/889/2598 2592/888/2592
f 2592/888/2592 2595/890/2595 2570/2540/2570
f 2570/2540/2570 2595/890/2595 2579/897/2579
f 2570/2540/2570 2579/897/2579 2554/2543/2554
f 2554/2543/2554 2579/897/2579 2580/975/2580
vt 0.7616264 0.8722669
f 2554/2543/2554 2580/975/2580 2559/2572/2559
vt 0.7515514 0.8738425
f 2559/2572/2559 2580/975/2580 2572/2573/2572
f 2554/2543/2554 2559/2572/2559 2556/2546/2556
vt 0.7583129 0.8674750
f 2556/2546/2556 2559/2572/2559 2560/2574/2560
f 2560/2574/2560 2559/2572/2559 2572/2573/2572
vt 0.7473985 0.8672112
f 2560/2574/2560 2572/2573/2572 2574/2575/2574
f 2556/2546/2556 2560/2574/2560 2561/2547/2561
vt 0.7556555 0.8604316
f 2561/2547/2561 2560/2574/2560 2566/2576/2566
f 2566/2576/2566 2560/2574/2560 2574/2575/2574
vt 0.7513448 0.8565609
f 2566/2576/2566 2574/2575/2574 2587/2577/2587
vt 0.7581738 0.8528886
f 2568/2548/2568 2561/2547/2561 2585/2578/2585
f 2561/2547/2561 2566/2576/2566 2585/2578/2585
f 2585/2578/2585 2566/2576/2566 2587/2577/2587
vt 0.7736184 0.8486592
f 2613/2550/2613 2568/2548/2568 2615/2579/2615
f 2615/2579/2615 2568/2548/2568 2585/2578/2585
vt 0.8343434 0.8421592
f 2614/2551/2614 2613/2550/2613 2619/2580/2619
f 2619/2580/2619 2613/2550/2613 2615/2579/2615
vt 0.8547953 0.8375045
f 2626/2552/2626 2614/2551/2614 2627/2581/2627
f 2614/2551/2614 2619/2580/2619 2627/2581/2627
vt 0.9139344 0.8311749
f 2642/2582/2642 2628/2530/2628 2641/2554/2641
vt 0.6122204 0.8777512
f 1547/2558/1547 1561/2557/1561 1556/2583/1556
vt 0.5562411 0.8774701
vt 0.5614230 0.8742957
vt 0.5626057 0.8883983
f 1558/2584/1558 1557/2585/1557 1543/2586/1543
f 1543/2586/1543 1557/2585/1557 1550/2559/1550
f 774/925/774 750/840/750 768/842/768
f 269/647/269 262/1163/262 268/1033/268
vt 0.0851762 0.4102683
vt 0.0974142 0.4118704
vt 0.0878384 0.4135668
f 2882/2587/2882 2881/2588/2881 2873/2589/2873
f 1315/1034/1315 1332/940/1332 1330/943/1330
f 1331/948/1331 1337/951/1337 1328/1053/1328
f 1328/1053/1328 1337/951/1337 1333/954/1333
vt 0.8072866 0.3299332
f 3404/1171/3404 3403/862/3403 3402/2590/3402
f 3402/2590/3402 3403/862/3403 3400/861/3400
vt 0.7780682 0.3294309
f 3402/2590/3402 3400/861/3400 3401/2591/3401
vt 0.7731476 0.3347243
f 3401/2591/3401 3400/861/3400 3399/2592/3399
f 3400/861/3400 3398/2564/3398 3399/2592/3399
f 3399/2592/3399 3398/2564/3398 3397/1076/3397
f 3397/1076/3397 3396/2565/3396 3395/1077/3395
vt 0.6701828 0.3442023
f 3395/1077/3395 3396/2565/3396 3394/2593/3394
vt 0.6471350 0.3337933
f 3395/1077/3395 3394/2593/3394 3393/2594/3393
f 3393/2594/3393 3394/2593/3394 3391/2568/3391
vt 0.4660251 0.3421588
f 3390/2570/3390 3392/2569/3392 3413/2595/3413
vt 0.4494376 0.3479359
f 3413/2595/3413 3392/2569/3392 3431/2596/3431
vt 0.4578204 0.3369910
f 3413/2595/3413 3431/2596/3431 3387/2597/3387
vt 0.4433672 0.3442041
f 3387/2597/3387 3431/2596/3431 3432/2598/3432
vt 0.4366943 0.3421686
f 3431/2596/3431 3433/2599/3433 3432/2598/3432
vt 0.4321556 0.2175022
f 673/972/673 644/891/644 731/2600/731
f 644/891/644 645/892/645 731/2600/731
vt 0.4168332 0.3405840
vt 0.3796587 0.3467976
vt 0.3179649 0.3376347
f 3443/2601/3443 3461/2602/3461 3448/2603/3448
vt 0.3142096 0.3425038
f 3448/2603/3448 3461/2602/3461 3442/2604/3442
vt 0.2608410 0.3345862
f 3448/2603/3448 3442/2604/3442 3441/2605/3441
vt 0.2416490 0.3428742
f 3441/2605/3441 3442/2604/3442 3367/2606/3367
vt 0.1656827 0.3350229
f 3441/2605/3441 3367/2606/3367 3360/2607/3360
vt 0.1399556 0.3416489
f 3367/2606/3367 3358/2608/3358 3360/2607/3360
vt 0.1338953 0.3345457
f 3360/2607/3360 3358/2608/3358 3356/2609/3356
vt 0.0494744 0.3405843
vt 0.0593025 0.3339077
f 3358/2608/3358 3359/2610/3359 3357/2611/3357
f 3356/2609/3356 3358/2608/3358 3357/2611/3357
vt 0.0050464 0.3322538
f 3357/2611/3357 3359/2610/3359 3363/2612/3363
vt 0.0050854 0.3393587
f 3363/2612/3363 3359/2610/3359 3430/2613/3430
f 2635/2571/2635 2643/873/2643 2634/794/2634
f 2579/897/2579 2599/974/2599 2580/975/2580
f 2572/2573/2572 2580/975/2580 2575/976/2575
f 2572/2573/2572 2575/976/2575 2574/2575/2574
vt 0.7370700 0.8735026
f 2574/2575/2574 2575/976/2575 2576/2614/2576
vt 0.7394236 0.8665183
f 2574/2575/2574 2576/2614/2576 2594/2615/2594
vt 0.7334831 0.8566732
f 2587/2577/2587 2574/2575/2574 2608/2616/2608
f 2574/2575/2574 2594/2615/2594 2608/2616/2608
vt 0.7490742 0.8492719
f 2611/2617/2611 2587/2577/2587 2608/2616/2608
f 2585/2578/2585 2587/2577/2587 2611/2617/2611
vt 0.7610911 0.8434015
f 2623/2618/2623 2585/2578/2585 2611/2617/2611
vt 0.8382450 0.8357572
f 2640/2619/2640 2619/2580/2619 2623/2618/2623
vt 0.6941059 0.8864204
vt 0.6282575 0.8824702
vt 0.7059845 0.8834310
f 1546/2620/1546 1551/2621/1551 1549/2622/1549
f 2619/2580/2619 2615/2579/2615 2623/2618/2623
f 2615/2579/2615 2585/2578/2585 2623/2618/2623
vt 0.6100783 0.8840402
f 1545/2623/1545 1556/2583/1556 1551/2621/1551
vt 0.6299781 0.8884212
f 1545/2623/1545 1551/2621/1551 1544/2624/1544
f 2627/2581/2627 2619/2580/2619 2640/2619/2640
vt 0.5539125 0.8786599
vt 0.5546466 0.8872030
f 1559/2625/1559 1558/2584/1558 1548/2626/1548
vt 0.6018589 0.8873260
f 1531/2627/1531 1547/2558/1547 1545/2623/1545
f 1547/2558/1547 1556/2583/1556 1545/2623/1545
vt 0.5752159 0.8879927
f 1543/2586/1543 1550/2559/1550 1511/2628/1511
f 1511/2628/1511 1550/2559/1550 1547/2558/1547
vt 0.5843593 0.8892672
f 1511/2628/1511 1547/2558/1547 1512/2629/1512
f 1512/2629/1512 1547/2558/1547 1531/2627/1531
f 3167/994/3167 3188/782/3188 3182/846/3182
f 2794/1119/2794 2799/1002/2799 2795/1010/2795
f 2786/1017/2786 2802/1016/2802 2793/1021/2793
f 1825/1025/1825 1841/1019/1841 1829/1024/1829
f 2788/1023/2788 2796/1027/2796 2789/1139/2789
vt 0.7841613 0.4214144
f 6/2379/6 8/2401/8 13/2630/13
vt 0.1013563 0.4190468
f 2873/2589/2873 2881/2588/2881 2875/2631/2875
vt 0.0775962 0.4150815
f 2880/2632/2880 2882/2587/2882 2873/2589/2873
vt 0.7485772 0.9429539
f 1320/1035/1320 1315/1034/1315 1312/2633/1312
f 1307/1166/1307 1322/1042/1322 1318/1045/1318
f 1326/1052/1326 1328/1053/1328 1299/1274/1299
f 1295/1272/1295 1326/1052/1326 1299/1274/1299
f 1299/1274/1299 1328/1053/1328 1316/1056/1316
vt 0.8776979 0.9439371
f 1316/1056/1316 1323/1059/1323 1300/2634/1300
vt 0.8895691 0.9448297
f 1323/1059/1323 1324/1065/1324 1301/2635/1301
vt 0.9072759 0.9443160
f 1301/2635/1301 1324/1065/1324 1304/2636/1304
vt 0.8128664 0.3251132
f 3404/1171/3404 3402/2590/3402 3407/2637/3407
vt 0.9284159 0.9426879
f 1324/1065/1324 1329/965/1329 1319/2638/1319
vt 0.9160886 0.9454035
f 1308/2639/1308 1324/1065/1324 1319/2638/1319
f 3399/2592/3399 3397/1076/3397 3408/1075/3408
f 1450/866/1450 1482/963/1482 1462/1074/1462
vt 0.5506493 0.3360886
f 3393/2594/3393 3391/2568/3391 3389/2640/3389
f 3389/2640/3389 3391/2568/3391 3390/2570/3390
f 3389/2640/3389 3390/2570/3390 3387/2597/3387
f 3387/2597/3387 3390/2570/3390 3413/2595/3413
vt 0.6489071 0.2914444
vt 0.6543716 0.2983348
vt 0.6543716 0.2779833
f 3462/2641/3462 3463/2642/3463 3464/2643/3464
vt 0.4298385 0.3357289
vt 0.4001959 0.3327272
f 3324/2644/3324 3443/2601/3443 3318/2645/3318
vt 0.3109368 0.3334590
f 3318/2645/3318 3443/2601/3443 3361/2646/3361
f 3361/2646/3361 3443/2601/3443 3448/2603/3448
vt 0.1556408 0.3305565
f 3340/2647/3340 3441/2605/3441 3360/2607/3360
f 3360/2607/3360 3356/2609/3356 3340/2647/3340
vt 0.0343317 0.3278929
f 3340/2647/3340 3356/2609/3356 3341/2648/3341
f 3356/2609/3356 3357/2611/3357 3341/2648/3341
f 3341/2648/3341 3357/2611/3357 3363/2612/3363
vt 0.0382969 0.8977798
f 1483/2649/1483 1463/1073/1463 1482/963/1482
f 1478/967/1478 1435/868/1435 1421/1178/1421
f 3448/2603/3448 3441/2605/3441 3361/2646/3361
f 1478/967/1478 1421/1178/1421 1464/968/1464
f 1484/971/1484 1465/970/1465 1481/1081/1481
f 2575/976/2575 2599/974/2599 2588/1083/2588
f 2575/976/2575 2588/1083/2588 2576/2614/2576
vt 0.7283577 0.8790101
f 2576/2614/2576 2588/1083/2588 2589/2650/2589
f 2576/2614/2576 2589/2650/2589 2590/1084/2590
f 2594/2615/2594 2576/2614/2576 2590/1084/2590
f 2594/2615/2594 2590/1084/2590 2601/1086/2601
f 2608/2616/2608 2594/2615/2594 2601/1086/2601
vt 0.7391524 0.8476218
f 2611/2617/2611 2608/2616/2608 2610/2651/2610
vt 0.7440174 0.8433107
f 2611/2617/2611 2610/2651/2610 2636/2652/2636
vt 0.7187743 0.8943034
f 1546/2620/1546 1549/2622/1549 1530/2653/1530
f 2623/2618/2623 2611/2617/2611 2636/2652/2636
vt 0.7222368 0.8886081
f 1530/2653/1530 1549/2622/1549 1555/2654/1555
f 1544/2624/1544 1551/2621/1551 1546/2620/1546
vt 0.6660805 0.8941358
vt 0.7032406 0.8976460
f 1508/2655/1508 1546/2620/1546 1496/2656/1496
vt 0.6252046 0.8944327
f 1531/2627/1531 1545/2623/1545 1507/2657/1507
f 1507/2657/1507 1545/2623/1545 1544/2624/1544
f 1548/2626/1548 1558/2584/1558 1543/2586/1543
f 3021/1195/3021 3174/982/3174 3110/1089/3110
vt 0.5662934 0.8951816
f 1504/2658/1504 1543/2586/1543 1511/2628/1511
f 1805/1198/1805 1821/1102/1821 1822/1104/1822
f 1811/1115/1811 1821/1102/1821 1805/1198/1805
vt 0.0453623 0.0774986
f 2745/2659/2745 2759/1116/2759 2761/1120/2761
f 1795/1203/1795 1813/1124/1813 1814/1123/1814
f 2758/1122/2758 2787/1011/2787 2757/1127/2757
vt 0.0804761 0.0776516
f 2758/1122/2758 2757/1127/2757 2740/2660/2740
f 2757/1127/2757 2762/1126/2762 2737/1131/2737
f 1804/1207/1804 1812/1132/1812 1815/1128/1815
f 2763/1031/2763 2764/1145/2764 2735/1151/2735
f 2742/1217/2742 2753/1150/2753 2765/1159/2765
vt 0.1129379 0.0120426
vt 0.1132751 0.0177644
f 954/2661/954 942/2534/942 946/2662/946
f 942/2534/942 941/2535/941 946/2662/946
f 1312/2633/1312 1315/1034/1315 1311/1264/1311
f 1315/1034/1315 1317/1041/1317 1311/1264/1311
f 1311/1264/1311 1317/1041/1317 1307/1166/1307
f 1307/1166/1307 1318/1045/1318 1305/1267/1305
f 1305/1267/1305 1318/1045/1318 1293/1271/1293
f 1318/1045/1318 1325/1049/1325 1293/1271/1293
f 1293/1271/1293 1325/1049/1325 1326/1052/1326
f 1293/1271/1293 1326/1052/1326 1295/1272/1295
f 1299/1274/1299 1316/1056/1316 1296/1277/1296
f 1296/1277/1296 1316/1056/1316 1300/2634/1300
f 1300/2634/1300 1323/1059/1323 1301/2635/1301
f 3445/1172/3445 3404/1171/3404 3407/2637/3407
f 1304/2636/1304 1324/1065/1324 1308/2639/1308
f 3407/2637/3407 3402/2590/3402 3401/2591/3401
f 3401/2591/3401 3399/2592/3399 3408/1075/3408
vt 0.9278989 0.9480502
f 1308/2639/1308 1319/2638/1319 1314/2663/1314
vt 0.7488477 0.3325091
f 3449/2664/3449 3408/1075/3408 3395/1077/3395
f 3449/2664/3449 3395/1077/3395 3393/2594/3393
f 3409/1287/3409 3393/2594/3393 3389/2640/3389
f 3409/1287/3409 3389/2640/3389 3386/1291/3386
f 3389/2640/3389 3387/2597/3387 3386/1291/3386
f 3386/1291/3386 3387/2597/3387 3385/1293/3385
f 3385/1293/3385 3387/2597/3387 3388/1295/3388
vt 0.4193766 0.3319182
f 3324/2644/3324 3318/2645/3318 3316/2665/3316
vt 0.3073454 0.3290423
f 3318/2645/3318 3361/2646/3361 3322/2666/3322
f 3322/2666/3322 3361/2646/3361 3441/2605/3441
vt 0.2663183 0.3274490
f 3322/2666/3322 3441/2605/3441 3447/2667/3447
f 3441/2605/3441 3340/2647/3340 3447/2667/3447
vt 0.1470236 0.3265774
f 3447/2667/3447 3340/2647/3340 3339/2668/3339
vt 0.0695347 0.3242319
f 3339/2668/3339 3340/2647/3340 3336/2669/3336
f 3340/2647/3340 3341/2648/3341 3336/2669/3336
vt 0.0050091 0.3241866
f 3336/2669/3336 3341/2648/3341 3338/2670/3338
f 3338/2670/3338 3341/2648/3341 3363/2612/3363
f 1421/1178/1421 1411/1179/1411 1464/968/1464
f 2589/2650/2589 2588/1083/2588 2596/1185/2596
f 2589/2650/2589 2596/1185/2596 2605/1187/2605
f 2590/1084/2590 2589/2650/2589 2605/1187/2605
f 2888/1189/2888 2900/1188/2900 2911/5/2911
f 2622/1085/2622 2590/1084/2590 2605/1187/2605
vt 0.7302176 0.8512921
f 2610/2651/2610 2608/2616/2608 2609/2671/2609
f 2609/2671/2609 2608/2616/2608 2601/1086/2601
f 2609/2671/2609 2601/1086/2601 2621/1087/2621
vt 0.7259567 0.8479779
f 2609/2671/2609 2621/1087/2621 2625/2672/2625
vt 0.7296823 0.8463428
f 2610/2651/2610 2609/2671/2609 2624/2673/2624
vt 0.7324004 0.8944945
vt 0.7368532 0.8916427
vt 0.7378610 0.9001930
f 1552/2674/1552 1553/2675/1553 1529/2676/1529
f 2624/2673/2624 2609/2671/2609 2625/2672/2625
vt 0.7408925 0.8923519
f 1529/2676/1529 1553/2675/1553 1554/2677/1554
vt 0.7272339 0.8986502
f 1530/2653/1530 1555/2654/1555 1509/2678/1509
vt 0.7326084 0.8421163
f 2636/2652/2636 2610/2651/2610 2637/2679/2637
f 1509/2678/1509 1555/2654/1555 1552/2674/1552
f 2610/2651/2610 2624/2673/2624 2637/2679/2637
f 1546/2620/1546 1530/2653/1530 1496/2656/1496
f 1544/2624/1544 1546/2620/1546 1508/2655/1508
f 1507/2657/1507 1544/2624/1544 1508/2655/1508
vt 0.5542530 0.8957040
f 1548/2626/1548 1543/2586/1543 1527/2680/1527
vt 0.6009786 0.8962901
f 1512/2629/1512 1531/2627/1531 1498/2681/1498
f 1531/2627/1531 1507/2657/1507 1498/2681/1498
vt 0.5787794 0.8953345
f 1502/2682/1502 1511/2628/1511 1512/2629/1512
f 1502/2682/1502 1512/2629/1512 1498/2681/1498
f 2751/1099/2751 2760/1098/2760 2749/1201/2749
f 2747/1200/2747 2760/1098/2760 2759/1116/2759
f 2747/1200/2747 2759/1116/2759 2745/2659/2745
f 2745/2659/2745 2761/1120/2761 2744/1202/2744
f 2744/1202/2744 2758/1122/2758 2740/2660/2740
f 2740/2660/2740 2757/1127/2757 2737/1131/2737
vt 0.1439792 0.0783408
f 2729/1208/2729 2754/1133/2754 2730/2683/2730
f 2730/2683/2730 2754/1133/2754 2756/1135/2756
f 1802/1212/1802 1817/1140/1817 1803/1210/1803
f 2730/2683/2730 2756/1135/2756 2733/1211/2733
vt 0.1118618 0.0522783
f 941/2535/941 943/2562/943 947/2684/947
f 946/2662/946 941/2535/941 947/2684/947
f 947/2684/947 943/2562/943 948/2563/948
vt 0.0994229 0.4327937
vt 0.1024590 0.4321926
f 2874/2685/2874 2875/2631/2875 2883/2686/2883
vt 0.0799588 0.4267120
f 2872/2687/2872 2873/2589/2873 2874/2685/2874
vt 0.7473838 0.9544863
f 1320/1035/1320 1312/2633/1312 1313/2688/1313
f 282/1039/282 275/627/275 278/1263/278
vt 0.0733151 0.4256480
f 2879/2689/2879 2880/2632/2880 2873/2589/2873
f 1313/2688/1313 1312/2633/1312 1310/1265/1310
f 1310/1265/1310 1312/2633/1312 1311/1264/1311
f 1305/1267/1305 1293/1271/1293 1292/1268/1292
f 1294/1273/1294 1295/1272/1295 1299/1274/1299
f 1298/1275/1298 1299/1274/1299 1296/1277/1296
f 1296/1277/1296 1300/2634/1300 1297/1278/1297
f 144/857/144 512/856/512 528/1279/528
vt 0.8081914 0.3162245
f 3445/1172/3445 3407/2637/3407 3435/2690/3435
vt 0.7716520 0.3232438
f 3455/2691/3455 3401/2591/3401 3408/1075/3408
f 3449/2664/3449 3393/2594/3393 3410/1286/3410
f 3410/1286/3410 3393/2594/3393 3409/1287/3409
f 3409/1287/3409 3386/1291/3386 3412/1289/3412
f 3384/1294/3384 3385/1293/3385 3388/1295/3388
vt 0.4274510 0.3309501
f 3315/2692/3315 3324/2644/3324 3316/2665/3316
vt 0.3466514 0.3237659
f 3316/2665/3316 3318/2645/3318 3317/2693/3317
f 3317/2693/3317 3318/2645/3318 3322/2666/3322
vt 0.1582932 0.3229593
f 3335/2694/3335 3447/2667/3447 3339/2668/3339
f 3335/2694/3335 3339/2668/3339 3336/2669/3336
vt 0.0076787 0.3178245
f 3336/2669/3336 3338/2670/3338 3337/2695/3337
f 1437/1080/1437 1419/1181/1419 1424/1182/1424
vt 0.7135701 0.8836178
f 2606/1186/2606 2596/1185/2596 2607/2696/2607
f 2888/1189/2888 2911/5/2911 2909/2/2909
f 2902/1367/2902 2895/1193/2895 2893/1239/2893
f 1509/2678/1509 1552/2674/1552 1529/2676/1529
vt 0.7161542 0.9010808
f 1496/2656/1496 1530/2653/1530 1494/2697/1494
f 1494/2697/1494 1530/2653/1530 1509/2678/1509
vt 0.6215858 0.8980377
vt 0.6541517 0.8992205
f 1487/2698/1487 1507/2657/1507 1488/2699/1488
f 1488/2699/1488 1507/2657/1507 1508/2655/1508
vt 0.6945295 0.8998127
f 1508/2655/1508 1496/2656/1496 1492/2700/1492
f 1488/2699/1488 1508/2655/1508 1492/2700/1492
f 1487/2698/1487 1498/2681/1498 1507/2657/1507
f 1527/2680/1527 1543/2586/1543 1504/2658/1504
f 1501/1418/1501 1502/2682/1502 1498/2681/1498
f 1504/2658/1504 1511/2628/1511 1502/2682/1502
vt 0.5730891 0.9040762
f 1503/2701/1503 1504/2658/1504 1502/2682/1502
f 2745/2659/2745 2744/1202/2744 2741/1343/2741
f 2741/1343/2741 2744/1202/2744 2740/2660/2740
vt 0.1577903 0.0864215
f 2732/2702/2732 2730/2683/2730 2733/1211/2733
vt 0.1967238 0.0857782
f 2735/1151/2735 2742/1217/2742 2736/2703/2736
f 13/2630/13 8/2401/8 41/2519/41
vt 0.7496061 0.0589601
f 1672/2704/1672 1663/674/1663 1650/1262/1650
f 268/1033/268 262/1163/262 264/1162/264
f 2874/2685/2874 2873/2589/2873 2875/2631/2875
vt 0.7425088 0.9540406
f 1321/2705/1321 1320/1035/1320 1313/2688/1313
f 2879/2689/2879 2873/2589/2873 2872/2687/2872
f 1310/1265/1310 1307/1166/1307 1306/1269/1306
f 1307/1166/1307 1305/1267/1305 1306/1269/1306
f 1292/1268/1292 1293/1271/1293 1294/1273/1294
f 1300/2634/1300 1301/2635/1301 1297/1278/1297
f 158/1225/158 144/857/144 528/1279/528
vt 0.8897754 0.9560496
f 1297/1278/1297 1301/2635/1301 1302/2706/1302
vt 0.9055512 0.9562823
f 1302/2706/1302 1301/2635/1301 1303/2707/1303
f 1301/2635/1301 1304/2636/1304 1303/2707/1303
f 1304/2636/1304 1308/2639/1308 1303/2707/1303
vt 0.7905129 0.3182995
f 3435/2690/3435 3407/2637/3407 3434/2708/3434
f 3434/2708/3434 3407/2637/3407 3401/2591/3401
f 3434/2708/3434 3401/2591/3401 3455/2691/3455
vt 0.9276423 0.9569843
f 1303/2707/1303 1308/2639/1308 1309/2709/1309
f 1309/2709/1309 1308/2639/1308 1314/2663/1314
vt 0.8948088 0.7007400
vt 0.9100313 0.6905643
vt 0.9193989 0.7007400
f 3494/2710/3494 3492/2711/3492 3491/2712/3491
vt 0.9182928 0.6923249
f 3491/2712/3491 3492/2711/3492 3493/2713/3493
f 1430/1228/1430 1433/1175/1433 1451/1232/1451
vt 0.7475308 0.3288748
vt 0.7043702 0.3277746
f 3425/2714/3425 3449/2664/3449 3424/2715/3424
vt 0.4672765 0.2861423
vt 0.5122951 0.2909343
vt 0.4127070 0.2909343
f 3481/2716/3481 3482/2717/3482 3479/2718/3479
vt 0.4258994 0.3221424
vt 0.4110168 0.3215140
f 3312/2719/3312 3315/2692/3315 3313/2720/3313
f 3337/2695/3337 3338/2670/3338 3352/1398/3352
f 3412/1289/3412 3386/1291/3386 3428/1290/3428
f 3383/1292/3383 3385/1293/3385 3384/1294/3384
f 3315/2692/3315 3316/2665/3316 3313/2720/3313
f 3316/2665/3316 3317/2693/3317 3313/2720/3313
vt 0.2949752 0.3182868
f 3320/2721/3320 3317/2693/3317 3322/2666/3322
f 3320/2721/3320 3322/2666/3322 3447/2667/3447
vt 0.2659646 0.3182327
f 3320/2721/3320 3447/2667/3447 3326/2722/3326
vt 0.1527773 0.3188314
f 3447/2667/3447 3335/2694/3335 3328/2723/3328
f 3326/2722/3326 3447/2667/3447 3328/2723/3328
vt 0.0636687 0.3149085
f 3328/2723/3328 3335/2694/3335 3330/2724/3330
f 3335/2694/3335 3336/2669/3336 3330/2724/3330
f 3336/2669/3336 3337/2695/3337 3330/2724/3330
f 2903/1301/2903 2909/2/2909 2910/4/2910
f 2903/1301/2903 2888/1189/2888 2909/2/2909
vt 0.7325220 0.9069567
f 1510/2725/1510 1509/2678/1509 1529/2676/1529
vt 0.7189382 0.9065960
f 1495/2726/1495 1494/2697/1494 1509/2678/1509
f 1495/2726/1495 1509/2678/1509 1510/2725/1510
vt 0.6634831 0.9067520
f 1490/1407/1490 1488/2699/1488 1491/2727/1491
f 1491/2727/1491 1488/2699/1488 1492/2700/1492
vt 0.7022957 0.9074862
f 1491/2727/1491 1492/2700/1492 1493/2728/1493
f 1492/2700/1492 1496/2656/1496 1494/2697/1494
f 1493/2728/1493 1492/2700/1492 1494/2697/1494
f 1493/2728/1493 1494/2697/1494 1495/2726/1495
vt 0.6029268 0.9026198
f 1497/2729/1497 1498/2681/1498 1487/2698/1487
f 1497/2729/1497 1487/2698/1487 1489/1406/1489
f 1487/2698/1487 1488/2699/1488 1489/1406/1489
vt 0.5526730 0.9079703
vt 0.5552145 0.9081838
f 1528/2730/1528 1527/2680/1527 1524/2731/1524
f 1527/2680/1527 1504/2658/1504 1506/1424/1506
f 1524/2731/1524 1527/2680/1527 1506/1424/1506
f 1501/1418/1501 1498/2681/1498 1497/2729/1497
f 1506/1424/1506 1504/2658/1504 1503/2701/1503
f 1503/2701/1503 1502/2682/1502 1501/1418/1501
f 3096/1243/3096 3115/1092/3115 3025/1332/3025
vt 0.0013014 0.0891503
f 2750/2732/2750 2751/1099/2751 2749/1201/2749
f 2750/2732/2750 2749/1201/2749 2748/1379/2748
f 2748/1379/2748 2749/1201/2749 2747/1200/2747
f 2748/1379/2748 2747/1200/2747 2746/1342/2746
f 1794/1204/1794 1799/1118/1799 1767/1310/1767
f 2746/1342/2746 2747/1200/2747 2745/2659/2745
f 2746/1342/2746 2745/2659/2745 2741/1343/2741
vt 0.0862508 0.0854114
f 2741/1343/2741 2740/2660/2740 2739/2733/2739
f 2739/2733/2739 2740/2660/2740 2737/1131/2737
vt 0.0975465 0.0868932
f 2739/2733/2739 2737/1131/2737 2738/2734/2738
f 2738/2734/2738 2737/1131/2737 2728/1386/2728
f 2728/1386/2728 2737/1131/2737 2729/1208/2729
f 2728/1386/2728 2729/1208/2729 2730/2683/2730
f 2728/1386/2728 2730/2683/2730 2731/1384/2731
f 2731/1384/2731 2730/2683/2730 2732/2702/2732
vt 0.1806465 0.0867922
f 2732/2702/2732 2733/1211/2733 2734/2735/2734
f 2734/2735/2734 2733/1211/2733 2735/1151/2735
f 2734/2735/2734 2735/1151/2735 2736/2703/2736
vt 0.2038829 0.0853847
f 2736/2703/2736 2742/1217/2742 2752/2736/2752
f 3438/1458/3438 3445/1172/3445 3435/2690/3435
f 3411/1288/3411 3412/1289/3412 3428/1290/3428
vt 0.0075787 0.3116462
f 3330/2724/3330 3337/2695/3337 3342/2737/3342
f 3342/2737/3342 3337/2695/3337 3352/1398/3352
vt 0.3524083 0.3194420
f 3313/2720/3313 3317/2693/3317 3319/2738/3319
f 3317/2693/3317 3320/2721/3320 3319/2738/3319
vt 0.2101484 0.3156403
f 3326/2722/3326 3328/2723/3328 3327/2739/3327
vt 0.1319783 0.3142900
f 3327/2739/3327 3328/2723/3328 3329/2740/3329
f 3329/2740/3329 3328/2723/3328 3330/2724/3330
f 2903/1301/2903 2910/4/2910 2908/6/2908
f 2904/1327/2904 2903/1301/2903 2908/6/2908
f 1499/1419/1499 1497/2729/1497 1489/1406/1489
f 1489/1406/1489 1488/2699/1488 1490/1407/1490
f 1501/1418/1501 1497/2729/1497 1499/1419/1499
f 2743/1344/2743 2741/1343/2741 2739/2733/2739
f 2743/1344/2743 2739/2733/2739 2738/2734/2738
vt 0.5604811 0.7148857
f 82/2741/82 47/2502/47 46/2503/46
vt 0.0955506 0.4435707
f 2877/2742/2877 2874/2685/2874 2883/2686/2883
vt 0.0738912 0.4375886
f 2878/2743/2878 2879/2689/2879 2872/2687/2872
vt 0.0831149 0.4423717
f 2878/2743/2878 2872/2687/2872 2876/2744/2876
vt 0.3309555 0.9185533
vt 0.3379507 0.9081361
vt 0.3448642 0.9183332
f 1220/2745/1220 1227/2746/1227 1221/2747/1221
vt 0.3542114 0.9079556
vt 0.3822084 0.9084310
vt 0.3607040 0.9174567
f 1228/2748/1228 1230/2749/1230 1224/2750/1224
vt 0.4034081 0.9088120
vt 0.3967876 0.9196471
f 1230/2749/1230 1231/2751/1231 1226/2752/1226
vt 0.4200124 0.9090103
vt 0.4192641 0.9201855
f 1231/2751/1231 1233/2753/1233 1222/2754/1222
vt 0.4334927 0.9198706
vt 0.4322599 0.9091111
vt 0.4481483 0.9096439
f 1223/2755/1223 1234/2756/1234 1235/2757/1235
vt 0.8158417 0.3049064
f 3438/1458/3438 3435/2690/3435 3437/2758/3437
vt 0.7989741 0.3075603
f 3435/2690/3435 3434/2708/3434 3436/2759/3436
vt 0.4473605 0.3279052
vt 0.4469741 0.3165230
f 3332/2760/3332 3312/2719/3312 3331/2761/3331
vt 0.7730004 0.3118743
f 3434/2708/3434 3455/2691/3455 3439/2762/3439
vt 0.4903469 0.3939762
vt 0.4931694 0.4028677
vt 0.4767759 0.4028677
f 3487/2763/3487 3488/2764/3488 3489/2765/3489
vt 0.7594497 0.3197851
f 3455/2691/3455 3425/2714/3425 3423/2766/3423
vt 0.7363786 0.3193289
f 3422/2767/3422 3425/2714/3425 3424/2715/3424
vt 0.6562132 0.3172309
f 3422/2767/3422 3424/2715/3424 3419/2768/3419
vt 0.4183640 0.2807586
f 3478/2769/3478 3481/2716/3481 3479/2718/3479
vt 0.6051123 0.3146384
f 3410/1286/3410 3411/1288/3411 3429/2770/3429
vt 0.9644037 0.9836280
vt 0.9658470 0.9838113
vt 0.9658470 0.9736355
f 3484/2771/3484 3486/2772/3486 3485/2773/3485
vt 0.4278828 0.3146801
f 3311/2774/3311 3312/2719/3312 3313/2720/3313
vt 0.3448455 0.3119960
f 3321/2775/3321 3319/2738/3319 3320/2721/3320
vt 0.2840998 0.3107644
f 3320/2721/3320 3326/2722/3326 3325/2776/3325
f 3325/2776/3325 3326/2722/3326 3327/2739/3327
vt 0.1008127 0.3070087
f 3362/2777/3362 3329/2740/3329 3330/2724/3330
vt 0.0652139 0.3057547
f 3362/2777/3362 3330/2724/3330 3344/2778/3344
vt 0.7302330 0.9154617
vt 0.7393571 0.9158531
f 1514/2779/1514 1510/2725/1510 1525/2780/1525
f 1510/2725/1510 1529/2676/1529 1525/2780/1525
vt 0.7131697 0.9121144
f 1500/2781/1500 1495/2726/1495 1514/2779/1514
f 1495/2726/1495 1510/2725/1510 1514/2779/1514
vt 0.6623667 0.9162451
f 1517/1405/1517 1490/1407/1490 1516/2782/1516
f 1490/1407/1490 1491/2727/1491 1516/2782/1516
vt 0.6972484 0.9153506
f 1516/2782/1516 1491/2727/1491 1513/2783/1513
f 1491/2727/1491 1493/2728/1493 1513/2783/1513
f 1513/2783/1513 1493/2728/1493 1500/2781/1500
f 1493/2728/1493 1495/2726/1495 1500/2781/1500
f 1524/2731/1524 1506/1424/1506 1521/1423/1521
f 1506/1424/1506 1503/2701/1503 1518/1425/1518
vt 0.5779992 0.9130911
f 1503/2701/1503 1501/1418/1501 1505/2784/1505
vt 0.0015198 0.0976342
f 2775/2785/2775 2750/2732/2750 2748/1379/2748
f 1759/1382/1759 1767/1310/1767 1770/1380/1770
vt 0.0479210 0.0962555
f 2746/1342/2746 2743/1344/2743 2779/2786/2779
vt 0.6996439 0.4736155
f 3/2787/3 5/2406/5 6/2379/6
vt 0.0807167 0.0941574
f 2743/1344/2743 2738/2734/2738 2774/2788/2774
vt 0.1012093 0.0952266
f 2774/2788/2774 2738/2734/2738 2773/2789/2773
f 2773/2789/2773 2738/2734/2738 2728/1386/2728
vt 0.1439528 0.0953451
f 2772/1385/2772 2731/1384/2731 2770/2790/2770
vt 0.1572377 0.0961358
f 2731/1384/2731 2732/2702/2732 2769/2791/2769
f 2770/2790/2770 2731/1384/2731 2769/2791/2769
f 1764/1388/1764 1765/1257/1765 1762/1315/1762
vt 0.1741389 0.0960880
f 2769/2791/2769 2732/2702/2732 2771/2792/2771
f 2732/2702/2732 2734/2735/2734 2771/2792/2771
vt 0.1936540 0.0960493
f 2771/2792/2771 2734/2735/2734 2768/2793/2768
f 2734/2735/2734 2736/2703/2736 2768/2793/2768
vt 0.2040142 0.0965411
f 2736/2703/2736 2752/2736/2752 2767/2794/2767
f 2768/2793/2768 2736/2703/2736 2767/2794/2767
vt 0.4098026 0.7445696
vt 0.4311302 0.7299635
f 544/2795/544 264/1162/264 547/2796/547
vt 0.0883730 0.0521144
f 946/2662/946 947/2684/947 951/2797/951
f 2876/2744/2876 2872/2687/2872 2874/2685/2874
vt 0.2847762 0.9229740
vt 0.2850270 0.9100739
vt 0.2897485 0.9090948
f 1214/2798/1214 1236/2799/1236 1232/2800/1232
vt 0.2929700 0.9219522
vt 0.3097211 0.9084730
f 1213/2801/1213 1232/2800/1232 1229/2802/1229
f 1369/1220/1369 1378/1219/1378 1377/1392/1377
vt 0.3166443 0.9189522
f 1213/2801/1213 1229/2802/1229 1219/2803/1219
f 1219/2803/1219 1229/2802/1229 1227/2746/1227
f 1219/2803/1219 1227/2746/1227 1220/2745/1220
f 1224/2750/1224 1221/2747/1221 1227/2746/1227
f 1224/2750/1224 1227/2746/1227 1228/2748/1228
vt 0.9954555 0.8324097
f 1359/1270/1359 1366/1347/1366 1365/2804/1365
f 1359/1270/1359 1365/2804/1365 1360/1348/1360
vt 0.3836377 0.9195254
f 1224/2750/1224 1230/2749/1230 1225/2805/1225
f 1225/2805/1225 1230/2749/1230 1226/2752/1226
f 1361/1221/1361 1360/1348/1360 1362/1349/1362
f 1363/1276/1363 1361/1221/1361 1362/1349/1362
f 1226/2752/1226 1231/2751/1231 1222/2754/1222
f 1222/2754/1222 1233/2753/1233 1223/2755/1223
f 522/1395/522 158/1225/158 528/1279/528
vt 0.9965272 0.7588785
f 1371/1322/1371 1364/1350/1364 1372/2806/1372
f 1223/2755/1223 1233/2753/1233 1234/2756/1234
vt 0.4639617 0.3216507
f 3334/2807/3334 3332/2760/3332 3331/2761/3331
vt 0.9977814 0.7479066
f 1371/1322/1371 1372/2806/1372 1373/2808/1373
f 3437/2758/3437 3435/2690/3435 3436/2759/3436
f 1371/1322/1371 1373/2808/1373 1374/1351/1374
f 3436/2759/3436 3434/2708/3434 3439/2762/3439
vt 0.4380921 0.3142360
f 3331/2761/3331 3312/2719/3312 3314/2809/3314
f 3314/2809/3314 3312/2719/3312 3311/2774/3311
f 3423/2766/3423 3425/2714/3425 3422/2767/3422
vt 0.3674863 0.2846615
f 3478/2769/3478 3479/2718/3479 3480/2810/3480
vt 0.6498178 0.9939870
vt 0.6501017 0.9828862
vt 0.7408925 0.9939870
f 3477/2811/3477 3475/2812/3475 3474/2813/3474
vt 0.7353685 0.9856387
f 3474/2813/3474 3475/2812/3475 3476/2814/3476
vt 0.5142505 0.3147484
f 3428/1290/3428 3383/1292/3383 3382/2815/3382
vt 0.4693174 0.3128984
f 3383/1292/3383 3378/2816/3378 3382/2815/3382
f 3378/2816/3378 3383/1292/3383 3384/1294/3384
vt 0.9558288 0.9752759
f 3483/2817/3483 3484/2771/3484 3485/2773/3485
vt 0.4287844 0.3123080
f 3311/2774/3311 3313/2720/3313 3457/2818/3457
vt 0.3932599 0.3118449
f 3457/2818/3457 3313/2720/3313 3323/2819/3323
f 3313/2720/3313 3319/2738/3319 3323/2819/3323
f 3319/2738/3319 3321/2775/3321 3323/2819/3323
f 3325/2776/3325 3321/2775/3321 3320/2721/3320
vt 0.2173488 0.3089669
f 3333/2820/3333 3325/2776/3325 3327/2739/3327
f 3333/2820/3333 3327/2739/3327 3329/2740/3329
f 3333/2820/3333 3329/2740/3329 3362/2777/3362
f 3344/2778/3344 3330/2724/3330 3343/1400/3343
f 3343/1400/3343 3330/2724/3330 3342/2737/3342
f 3342/2737/3342 3352/1398/3352 3343/1400/3343
vt 0.7380758 0.9199023
f 1514/2779/1514 1525/2780/1525 1526/2821/1526
vt 0.7183699 0.9199540
f 1513/2783/1513 1500/2781/1500 1520/2822/1520
f 1500/2781/1500 1514/2779/1514 1520/2822/1520
f 1515/1417/1515 1499/1419/1499 1519/1532/1519
f 1499/1419/1499 1489/1406/1489 1519/1532/1519
f 1519/1532/1519 1489/1406/1489 1517/1405/1517
f 1505/2784/1505 1501/1418/1501 1515/1417/1515
f 1518/1425/1518 1503/2701/1503 1505/2784/1505
vt 0.0145950 0.0976940
f 2775/2785/2775 2748/1379/2748 2778/2823/2778
f 2778/2823/2778 2748/1379/2748 2777/1378/2777
f 2746/1342/2746 2779/2786/2779 2777/1378/2777
vt 0.0627814 0.0968492
f 2779/2786/2779 2743/1344/2743 2780/2824/2780
f 2743/1344/2743 2774/2788/2774 2780/2824/2780
vt 0.1130719 0.0965229
f 2773/2789/2773 2728/1386/2728 2776/2825/2776
f 2728/1386/2728 2772/1385/2772 2776/2825/2776
f 1760/1314/1760 1755/1383/1755 1761/1387/1761
f 268/1033/268 264/1162/264 530/1493/530
f 530/1493/530 264/1162/264 544/2795/544
f 2876/2744/2876 2874/2685/2874 2877/2742/2877
f 1214/2798/1214 1232/2800/1232 1213/2801/1213
vt 0.3063419 0.9226812
f 1213/2801/1213 1219/2803/1219 1207/2826/1207
vt 0.3351797 0.9227839
f 1220/2745/1220 1221/2747/1221 1205/2827/1205
vt 0.3693664 0.9220414
f 1211/2828/1211 1224/2750/1224 1225/2805/1225
vt 0.4054479 0.9232356
f 1226/2752/1226 1222/2754/1222 1210/2829/1210
f 3440/1459/3440 3438/1458/3438 3437/2758/3437
vt 0.4771844 0.3917669
f 3490/2830/3490 3487/2763/3487 3489/2765/3489
vt 0.7376918 0.3129767
f 3423/2766/3423 3422/2767/3422 3421/2831/3421
f 3422/2767/3422 3419/2768/3419 3421/2831/3421
vt 0.6789556 0.3132461
f 3421/2831/3421 3419/2768/3419 3420/2832/3420
f 3314/2809/3314 3311/2774/3311 3457/2818/3457
vt 0.5082091 0.3115047
f 3429/2770/3429 3382/2815/3382 3381/2833/3381
f 3381/2833/3381 3382/2815/3382 3378/2816/3378
vt 0.4601451 0.3148810
vt 0.4571102 0.3106405
f 3378/2816/3378 3380/2834/3380 3379/2835/3379
vt 0.3459448 0.3062477
f 3364/2836/3364 3323/2819/3323 3321/2775/3321
f 3321/2775/3321 3325/2776/3325 3364/2836/3364
vt 0.2951387 0.3052577
f 3364/2836/3364 3325/2776/3325 3365/2837/3365
vt 0.2545832 0.3038319
f 3365/2837/3365 3325/2776/3325 3444/2838/3444
f 3444/2838/3444 3325/2776/3325 3333/2820/3333
vt 0.3756831 0.2058280
vt 0.4127270 0.2002775
vt 0.4799488 0.2058280
f 3468/2839/3468 3465/2840/3465 3467/2841/3467
vt 0.5286885 0.2026872
f 3465/2840/3465 3466/2842/3466 3467/2841/3467
vt 0.1497855 0.3039881
f 3347/2843/3347 3362/2777/3362 3344/2778/3344
vt 0.0056709 0.3003212
f 3345/2844/3345 3344/2778/3344 3343/1400/3343
vt 0.7305046 0.9230477
f 1520/2822/1520 1514/2779/1514 1540/2845/1540
vt 0.7226867 0.9251435
f 1542/2846/1542 1520/2822/1520 1540/2845/1540
f 1540/2845/1540 1514/2779/1514 1526/2821/1526
vt 0.6424767 0.9223878
vt 0.6899476 0.9242405
f 1534/2847/1534 1516/2782/1516 1535/2848/1535
f 1516/2782/1516 1513/2783/1513 1535/2848/1535
f 1535/2848/1535 1513/2783/1513 1520/2822/1520
vt 0.6204383 0.9229693
f 1519/1532/1519 1517/1405/1517 1533/2849/1533
f 1533/2849/1533 1517/1405/1517 1534/2847/1534
f 1534/2847/1534 1517/1405/1517 1516/2782/1516
vt 0.5532066 0.9196861
f 1528/2730/1528 1524/2731/1524 1532/2850/1532
f 1532/2850/1532 1524/2731/1524 1521/1423/1521
vt 0.5706408 0.9207214
f 1521/1423/1521 1518/1425/1518 1522/2851/1522
f 1522/2851/1522 1518/1425/1518 1505/2784/1505
f 1505/2784/1505 1515/1417/1515 1523/1534/1523
vt 0.0016295 0.1012951
f 2775/2785/2775 2778/2823/2778 2782/2852/2782
vt 0.1751529 0.9350482
f 2160/1540/2160 2192/1542/2192 2195/2853/2195
vt 0.1722912 0.9284890
vt 0.1597560 0.9342514
f 2159/2854/2159 2195/2853/2195 2196/2855/2196
vt 0.0839517 0.0977469
f 2780/2824/2780 2774/2788/2774 2781/2856/2781
f 2774/2788/2774 2773/2789/2773 2781/2856/2781
vt 0.0523679 0.3622943
f 1776/1437/1776 1766/1389/1766 1792/2857/1792
vt 0.2053734 0.1012951
f 2783/2858/2783 2768/2793/2768 2767/2794/2767
vt 0.8440375 0.3955899
f 41/2519/41 43/2560/43 42/2859/42
vt 0.8602218 0.4081687
f 42/2859/42 43/2560/43 84/2860/84
vt 0.4141543 0.0365403
vt 0.3893443 0.0393155
vt 0.4157559 0.0393155
f 3308/2861/3308 3309/2862/3309 3310/2863/3310
vt 0.0869763 0.0182011
f 946/2662/946 951/2797/951 952/2864/952
vt 0.0787580 0.4435707
f 2884/2865/2884 2878/2743/2878 2876/2744/2876
vt 0.3213989 0.9230493
f 1207/2826/1207 1219/2803/1219 1206/2866/1206
f 1206/2866/1206 1219/2803/1219 1220/2745/1220
f 1206/2866/1206 1220/2745/1220 1205/2827/1205
f 24/2363/24 1/2483/1 19/2521/19
vt 0.3474439 0.9228917
f 1205/2827/1205 1221/2747/1221 1204/2867/1204
f 1204/2867/1204 1221/2747/1221 1224/2750/1224
f 1204/2867/1204 1224/2750/1224 1211/2828/1211
f 1197/1500/1197 1198/1448/1198 1183/1498/1183
f 1211/2828/1211 1225/2805/1225 1210/2829/1210
f 1200/1450/1200 1197/1500/1197 1172/1451/1172
f 1210/2829/1210 1225/2805/1225 1226/2752/1226
vt 0.4227030 0.9244294
f 1210/2829/1210 1222/2754/1222 1209/2868/1209
f 1209/2868/1209 1222/2754/1222 1223/2755/1223
vt 0.4398729 0.9236650
f 1209/2868/1209 1223/2755/1223 1208/2869/1208
vt 0.4513834 0.9202138
f 1208/2869/1208 1223/2755/1223 1217/2870/1217
f 1189/1506/1189 1184/1502/1184 1178/1503/1178
vt 0.4600536 0.9253567
f 1208/2869/1208 1217/2870/1217 1212/2871/1212
f 3437/2758/3437 3436/2759/3436 3440/1459/3440
vt 0.4606133 0.9199251
f 1212/2871/1212 1217/2870/1217 1216/2872/1216
vt 0.7830428 0.3002757
f 3446/2873/3446 3436/2759/3436 3439/2762/3439
vt 0.7649011 0.3084725
f 3446/2873/3446 3439/2762/3439 3456/2874/3456
f 3456/2874/3456 3423/2766/3423 3421/2831/3421
vt 0.4713115 0.9288526
vt 0.4709013 0.9189909
f 1203/2875/1203 1216/2872/1216 1218/2876/1218
f 1212/2871/1212 1216/2872/1216 1203/2875/1203
vt 0.6396583 0.3064528
f 3420/2832/3420 3419/2768/3419 3417/2877/3417
vt 0.5703946 0.3061296
f 3419/2768/3419 3429/2770/3429 3414/2878/3414
f 3417/2877/3417 3419/2768/3419 3414/2878/3414
f 3429/2770/3429 3381/2833/3381 3414/2878/3414
vt 0.4840073 0.3047707
f 3414/2878/3414 3381/2833/3381 3376/2879/3376
f 3381/2833/3381 3378/2816/3378 3376/2879/3376
vt 0.4533399 0.3066385
f 3376/2879/3376 3378/2816/3378 3377/2880/3377
f 3377/2880/3377 3378/2816/3378 3379/2835/3379
vt 0.3971002 0.3021170
f 3457/2818/3457 3323/2819/3323 3368/2881/3368
f 3368/2881/3368 3323/2819/3323 3364/2836/3364
vt 0.0665381 0.2966470
f 3346/2882/3346 3347/2843/3347 3344/2778/3344
f 3346/2882/3346 3344/2778/3344 3345/2844/3345
vt 0.7037828 0.9291946
f 1535/2848/1535 1520/2822/1520 1541/2883/1541
f 1541/2883/1541 1520/2822/1520 1542/2846/1542
f 1536/1533/1536 1519/1532/1519 1533/2849/1533
vt 0.5602615 0.9254355
f 1532/2850/1532 1521/1423/1521 1537/2884/1537
f 1537/2884/1537 1521/1423/1521 1522/2851/1522
f 1515/1417/1515 1519/1532/1519 1523/1534/1523
f 1522/2851/1522 1505/2784/1505 1523/1534/1523
f 3067/1420/3067 3066/1477/3066 3065/1408/3065
vt 0.0510236 0.5482552
vt 0.0523679 0.5589722
f 1788/2885/1788 1773/1421/1773 1791/2886/1791
f 1771/1426/1771 1773/1421/1773 1788/2885/1788
vt 0.2061610 0.9272607
vt 0.2062842 0.9338117
f 2192/1542/2192 2191/2887/2191 2194/2888/2194
f 2191/2887/2191 2192/1542/2192 2163/1541/2163
vt 0.0507903 0.5281264
f 1771/1426/1771 1788/2885/1788 1787/2889/1787
f 1769/1377/1769 1771/1426/1771 1787/2889/1787
f 2159/2854/2159 2160/1540/2160 2195/2853/2195
f 1780/1486/1780 1769/1377/1769 1787/2889/1787
vt 0.1554008 0.9271337
f 2159/2854/2159 2196/2855/2196 2151/2890/2151
vt 0.0509307 0.4984179
f 1770/1380/1770 1780/1486/1780 1783/2891/1783
f 1759/1382/1759 1770/1380/1770 1783/2891/1783
vt 0.1449126 0.9330975
f 2151/2890/2151 2196/2855/2196 2197/2892/2197
f 2150/1545/2150 2151/2890/2151 2197/2892/2197
vt 0.0511194 0.4798801
f 1758/1430/1758 1759/1382/1759 1784/2893/1784
f 1784/2893/1784 1759/1382/1759 1783/2891/1783
f 1752/1432/1752 1758/1430/1758 1784/2893/1784
f 2150/1545/2150 2197/2892/2197 2198/1489/2198
vt 0.0513726 0.4579710
f 1790/2894/1790 1752/1432/1752 1784/2893/1784
f 1753/1434/1753 1752/1432/1752 1790/2894/1790
vt 0.0935151 0.9287854
f 2147/1488/2147 2203/1487/2203 2142/2895/2142
vt 0.0944589 0.9340398
f 2142/2895/2142 2203/1487/2203 2204/2896/2204
vt 0.0511594 0.4348893
f 1753/1434/1753 1790/2894/1790 1785/2897/1785
vt 0.0798994 0.9353147
f 2142/2895/2142 2204/2896/2204 2205/2898/2205
f 1755/1383/1755 1753/1434/1753 1785/2897/1785
vt 0.0716376 0.9290122
f 2142/2895/2142 2205/2898/2205 2143/2899/2143
vt 0.0510697 0.4194597
f 1755/1383/1755 1785/2897/1785 1786/2900/1786
f 1761/1387/1761 1755/1383/1755 1786/2900/1786
vt 0.0634289 0.9357077
f 2143/2899/2143 2205/2898/2205 2200/2901/2200
vt 0.0519971 0.4079155
f 1761/1387/1761 1786/2900/1786 1789/2902/1789
vt 0.0502334 0.9287907
f 2143/2899/2143 2200/2901/2200 2146/2903/2146
vt 0.0507586 0.3967998
f 1763/1436/1763 1761/1387/1761 1781/2904/1781
f 1781/2904/1781 1761/1387/1761 1789/2902/1789
vt 0.0500724 0.9348041
f 2146/2903/2146 2200/2901/2200 2201/2905/2201
vt 0.0500447 0.3860036
f 1782/2906/1782 1763/1436/1763 1781/2904/1781
vt 0.0330548 0.9350538
f 2146/2903/2146 2201/2905/2201 2202/2907/2202
f 1764/1388/1764 1763/1436/1763 1782/2906/1782
vt 0.0268457 0.9287719
f 2154/2908/2154 2146/2903/2146 2202/2907/2202
f 1766/1389/1766 1764/1388/1764 1782/2906/1782
f 1766/1389/1766 1782/2906/1782 1792/2857/1792
vt 0.0133868 0.9351107
f 2154/2908/2154 2202/2907/2202 2199/2909/2199
vt 0.0018937 0.9292078
f 2164/2910/2164 2154/2908/2154 2199/2909/2199
vt 0.0913273 0.0534660
f 951/2797/951 947/2684/947 953/2911/953
vt 0.2827869 0.9353584
vt 0.2886264 0.9310395
f 1215/2912/1215 1214/2798/1214 1194/2913/1194
f 1187/1495/1187 1215/2912/1215 1194/2913/1194
f 1194/2913/1194 1214/2798/1214 1213/2801/1213
vt 0.2969331 0.9277992
f 1202/2914/1202 1194/2913/1194 1213/2801/1213
vt 0.2928442 0.9356347
f 1186/1496/1186 1187/1495/1187 1171/2915/1171
f 1194/2913/1194 1202/2914/1202 1171/2915/1171
vt 0.3146503 0.9342251
f 1171/2915/1171 1202/2914/1202 1168/2916/1168
f 1202/2914/1202 1213/2801/1213 1207/2826/1207
vt 0.3039472 0.9476435
f 1185/2917/1185 1186/1496/1186 1171/2915/1171
vt 0.3023185 0.9381924
f 1185/2917/1185 1171/2915/1171 1170/2918/1170
f 1168/2916/1168 1202/2914/1202 1207/2826/1207
f 1168/2916/1168 1207/2826/1207 1206/2866/1206
f 1185/2917/1185 1170/2918/1170 1182/1497/1182
f 1182/1497/1182 1170/2918/1170 1167/1551/1167
f 1168/2916/1168 1206/2866/1206 1166/1549/1166
f 1166/1549/1166 1206/2866/1206 1205/2827/1205
f 1181/1447/1181 1182/1497/1182 1167/1551/1167
f 1166/1549/1166 1205/2827/1205 1204/2867/1204
f 1181/1447/1181 1167/1551/1167 1165/1550/1165
vt 0.3579044 0.9344757
f 1166/1549/1166 1204/2867/1204 1164/2919/1164
f 1181/1447/1181 1165/1550/1165 1183/1498/1183
f 1165/1550/1165 1164/2919/1164 1160/1552/1160
f 1183/1498/1183 1165/1550/1165 1160/1552/1160
f 1164/2919/1164 1204/2867/1204 1161/1553/1161
f 1161/1553/1161 1204/2867/1204 1211/2828/1211
f 1163/1555/1163 1161/1553/1161 1211/2828/1211
f 1172/1451/1172 1183/1498/1183 1160/1552/1160
f 1172/1451/1172 1160/1552/1160 1162/1554/1162
f 1163/1555/1163 1211/2828/1211 1210/2829/1210
vt 0.4029062 0.9327788
f 1163/1555/1163 1210/2829/1210 1201/2920/1201
f 1172/1451/1172 1162/1554/1162 1169/1556/1169
f 1173/1455/1173 1172/1451/1172 1169/1556/1169
f 1173/1455/1173 1169/1556/1169 1174/1457/1174
f 1175/1557/1175 1201/2920/1201 1210/2829/1210
f 1175/1557/1175 1210/2829/1210 1209/2868/1209
f 1174/1457/1174 1169/1556/1169 1175/1557/1175
f 1174/1457/1174 1175/1557/1175 1176/1501/1176
f 1177/1558/1177 1175/1557/1175 1209/2868/1209
f 1177/1558/1177 1209/2868/1209 1208/2869/1208
f 1178/1503/1178 1176/1501/1176 1177/1558/1177
vt 0.4491640 0.9352235
f 1177/1558/1177 1208/2869/1208 1179/2921/1179
f 1178/1503/1178 1177/1558/1177 1179/2921/1179
f 1178/1503/1178 1179/2921/1179 1180/1504/1180
vt 0.4594973 0.9353586
f 1192/2922/1192 1179/2921/1179 1208/2869/1208
f 1192/2922/1192 1208/2869/1208 1212/2871/1212
f 3440/1459/3440 3436/2759/3436 3446/2873/3446
f 1192/2922/1192 1212/2871/1212 1203/2875/1203
f 1180/1504/1180 1179/2921/1179 1191/1510/1191
f 1191/1510/1191 1179/2921/1179 1192/2922/1192
vt 0.4697467 0.9373950
f 1191/1510/1191 1192/2922/1192 1193/2923/1193
vt 0.7444890 0.3070045
f 3456/2874/3456 3421/2831/3421 3426/2924/3426
f 3421/2831/3421 3420/2832/3420 3426/2924/3426
f 3426/2924/3426 3420/2832/3420 3417/2877/3417
f 1193/2923/1193 1192/2922/1192 1203/2875/1203
vt 0.6376958 0.3010315
f 3416/2925/3416 3417/2877/3417 3414/2878/3414
vt 0.5643840 0.3000686
f 3416/2925/3416 3414/2878/3414 3415/2926/3415
vt 0.4822050 0.2990091
f 3415/2926/3415 3414/2878/3414 3375/2927/3375
f 3414/2878/3414 3376/2879/3376 3375/2927/3375
vt 0.4437667 0.3027759
f 3376/2879/3376 3377/2880/3377 3372/2928/3372
vt 0.4357525 0.3056356
vt 0.4269838 0.2992690
f 3372/2928/3372 3371/2929/3371 3370/2930/3370
f 3371/2929/3371 3457/2818/3457 3368/2881/3368
f 3370/2930/3370 3371/2929/3371 3368/2881/3368
vt 0.3064896 0.2986416
f 3368/2881/3368 3364/2836/3364 3366/2931/3366
f 3364/2836/3364 3365/2837/3365 3366/2931/3366
vt 0.1634791 0.1184778
vt 0.1522814 0.1253469
vt 0.1127554 0.1185763
f 3469/2932/3469 3470/2933/3470 3471/2934/3471
vt 0.1115665 0.1253469
f 3471/2934/3471 3470/2933/3470 3472/2935/3472
vt 0.2559721 0.2970229
vt 0.1597169 0.2968540
f 3354/2936/3354 3444/2838/3444 3350/2937/3350
f 3350/2937/3350 3444/2838/3444 3347/2843/3347
f 3350/2937/3350 3347/2843/3347 3346/2882/3346
vt 0.0398536 0.2907754
f 3350/2937/3350 3346/2882/3346 3348/2938/3348
f 3346/2882/3346 3345/2844/3345 3348/2938/3348
vt 0.0058861 0.2902964
f 3348/2938/3348 3345/2844/3345 3349/2939/3349
f 2526/1622/2526 2523/1573/2523 2510/1572/2510
f 2526/1622/2526 2529/1577/2529 2548/1578/2548
vt 0.7057463 0.5188163
f 1/2483/1 5/2406/5 2/2940/2
f 2521/1579/2521 2546/1575/2546 2520/1574/2520
vt 0.5514572 0.9291176
vt 0.5539111 0.9291946
f 1563/2941/1563 1532/2850/1532 1562/2942/1562
f 1562/2942/1562 1532/2850/1532 1537/2884/1537
vt 0.5701530 0.9288710
f 1537/2884/1537 1522/2851/1522 1539/2943/1539
f 1522/2851/1522 1523/1534/1523 1538/1633/1538
f 1539/2943/1539 1522/2851/1522 1538/1633/1538
f 3066/1477/3066 3073/1581/3073 3069/1536/3069
f 3069/1536/3069 3070/1583/3070 3061/1479/3061
f 3070/1583/3070 3060/1523/3060 3061/1479/3061
vt 0.1964720 0.9138064
f 2187/1527/2187 2190/1526/2190 2171/2944/2171
vt 0.2048465 0.9219073
f 2171/2944/2171 2190/1526/2190 2189/2945/2189
f 2171/2944/2171 2189/2945/2189 2163/1541/2163
f 2163/1541/2163 2189/2945/2189 2191/2887/2191
f 3042/1480/3042 3048/1586/3048 3047/1587/3047
f 3042/1480/3042 3047/1587/3047 3026/1410/3026
f 3047/1587/3047 3043/1481/3043 3026/1410/3026
f 3041/1483/3041 3045/1529/3045 3044/1530/3044
f 3071/1538/3071 3068/1535/3068 3067/1420/3067
vt 0.1832723 0.9068460
f 2183/2946/2183 2187/1527/2187 2171/2944/2171
vt 0.1925935 0.9223405
f 2162/2947/2162 2171/2944/2171 2163/1541/2163
vt 0.1729965 0.9196193
f 2158/2948/2158 2171/2944/2171 2162/2947/2162
f 2162/2947/2162 2163/1541/2163 2160/1540/2160
f 3079/1543/3079 3077/1539/3077 3078/1374/3078
vt 0.1642725 0.9119382
f 2173/2949/2173 2183/2946/2183 2171/2944/2171
vt 0.1635580 0.9063455
f 2184/2950/2184 2183/2946/2183 2173/2949/2173
f 2173/2949/2173 2171/2944/2171 2158/2948/2158
f 2158/2948/2158 2162/2947/2162 2160/1540/2160
f 2159/2854/2159 2158/2948/2158 2160/1540/2160
vt 0.1546133 0.9170219
f 2157/2951/2157 2173/2949/2173 2158/2948/2158
vt 0.1490371 0.9053507
vt 0.1441261 0.9126979
f 2185/2952/2185 2184/2950/2184 2172/2953/2172
f 2172/2953/2172 2184/2950/2184 2173/2949/2173
f 2158/2948/2158 2159/2854/2159 2151/2890/2151
f 2172/2953/2172 2173/2949/2173 2157/2951/2157
f 2157/2951/2157 2158/2948/2158 2151/2890/2151
vt 0.1345754 0.9060767
f 2180/2954/2180 2185/2952/2185 2172/2953/2172
vt 0.1393379 0.9197776
f 2149/2955/2149 2157/2951/2157 2151/2890/2151
f 2172/2953/2172 2157/2951/2157 2149/2955/2149
f 2149/2955/2149 2151/2890/2151 2150/1545/2150
vt 0.1308608 0.9173218
f 2180/2954/2180 2172/2953/2172 2168/2956/2168
f 2168/2956/2168 2172/2953/2172 2149/2955/2149
vt 0.1164125 0.9064637
vt 0.1205899 0.9133405
f 2181/2957/2181 2180/2954/2180 2175/2958/2175
f 2175/2958/2175 2180/2954/2180 2168/2956/2168
f 2147/1488/2147 2149/2955/2149 2150/1545/2150
vt 0.1178611 0.9186630
f 2175/2958/2175 2168/2956/2168 2148/2959/2148
f 2148/2959/2148 2168/2956/2168 2149/2955/2149
f 2148/2959/2148 2149/2955/2149 2147/1488/2147
vt 0.1042222 0.9164719
f 2166/2960/2166 2181/2957/2181 2175/2958/2175
f 2166/2960/2166 2175/2958/2175 2148/2959/2148
vt 0.0948737 0.9072039
f 2178/2961/2178 2181/2957/2181 2166/2960/2166
vt 0.1029237 0.9228238
f 2141/2962/2141 2148/2959/2148 2147/1488/2147
f 2166/2960/2166 2148/2959/2148 2141/2962/2141
f 2142/2895/2142 2141/2962/2141 2147/1488/2147
vt 0.0897400 0.9128637
f 2174/2963/2174 2178/2961/2178 2166/2960/2166
vt 0.0861240 0.9199575
f 2140/2964/2140 2174/2963/2174 2166/2960/2166
f 2140/2964/2140 2166/2960/2166 2141/2962/2141
vt 0.0759361 0.9192635
f 2144/2965/2144 2174/2963/2174 2140/2964/2140
f 2140/2964/2140 2141/2962/2141 2142/2895/2142
vt 0.0721101 0.9073939
vt 0.0679877 0.9185137
f 2179/2966/2179 2178/2961/2178 2165/2967/2165
f 2178/2961/2178 2174/2963/2174 2144/2965/2144
f 2165/2967/2165 2178/2961/2178 2144/2965/2144
f 2143/2899/2143 2140/2964/2140 2142/2895/2142
f 2144/2965/2144 2140/2964/2140 2143/2899/2143
vt 0.0568688 0.9078888
vt 0.0575030 0.9153426
f 2186/2968/2186 2179/2966/2179 2167/2969/2167
f 2167/2969/2167 2179/2966/2179 2165/2967/2165
vt 0.0592190 0.9223601
f 2145/2970/2145 2144/2965/2144 2143/2899/2143
f 2165/2967/2165 2144/2965/2144 2145/2970/2145
f 2167/2969/2167 2165/2967/2165 2145/2970/2145
vt 0.0454795 0.9092763
f 2177/2971/2177 2186/2968/2186 2167/2969/2167
vt 0.0478423 0.9211072
f 2152/2972/2152 2167/2969/2167 2145/2970/2145
f 2145/2970/2145 2143/2899/2143 2146/2903/2146
f 2177/2971/2177 2167/2969/2167 2152/2972/2152
f 2152/2972/2152 2145/2970/2145 2146/2903/2146
vt 0.0344406 0.9082353
vt 0.0297563 0.9183311
f 2182/2973/2182 2177/2971/2177 2161/2974/2161
f 2161/2974/2161 2177/2971/2177 2152/2972/2152
vt 0.0378994 0.9208388
f 2153/2975/2153 2152/2972/2152 2146/2903/2146
f 2161/2974/2161 2152/2972/2152 2153/2975/2153
f 2153/2975/2153 2146/2903/2146 2154/2908/2154
vt 0.0230289 0.9242676
f 2155/2976/2155 2161/2974/2161 2153/2975/2153
vt 0.0237432 0.9078552
vt 0.0145226 0.9157389
f 2188/2977/2188 2182/2973/2182 2170/2978/2170
f 2170/2978/2170 2182/2973/2182 2161/2974/2161
f 2155/2976/2155 2153/2975/2153 2154/2908/2154
vt 0.0004554 0.9116662
f 2176/2979/2176 2188/2977/2188 2170/2978/2170
vt 0.0049531 0.9241886
f 2170/2978/2170 2161/2974/2161 2156/2980/2156
f 2156/2980/2156 2161/2974/2161 2155/2976/2155
f 2156/2980/2156 2155/2976/2155 2154/2908/2154
vt 0.0015936 0.9200658
f 2176/2979/2176 2170/2978/2170 2169/2981/2169
f 2169/2981/2169 2170/2978/2170 2156/2980/2156
f 2164/2910/2164 2156/2980/2156 2154/2908/2154
f 1892/1439/1892 1903/1546/1903 1900/1547/1900
f 2169/2981/2169 2156/2980/2156 2164/2910/2164
f 1187/1495/1187 1194/2913/1194 1171/2915/1171
f 1170/2918/1170 1171/2915/1171 1168/2916/1168
f 1167/1551/1167 1170/2918/1170 1168/2916/1168
f 1167/1551/1167 1168/2916/1168 1166/1549/1166
f 1165/1550/1165 1166/1549/1166 1164/2919/1164
f 1160/1552/1160 1164/2919/1164 1161/1553/1161
f 1169/1556/1169 1163/1555/1163 1201/2920/1201
f 1169/1556/1169 1201/2920/1201 1175/1557/1175
f 143/1226/143 522/1395/522 526/1603/526
vt 0.7983489 0.2909307
f 3440/1459/3440 3446/2873/3446 3450/2982/3450
vt 0.7664373 0.2941516
f 3453/2983/3453 3446/2873/3446 3456/2874/3456
vt 0.8647541 0.0655767
vt 0.8756831 0.0661424
vt 0.8756831 0.0513414
f 3495/2984/3495 3496/2985/3496 3497/2986/3497
vt 0.7558548 0.3017327
f 3456/2874/3456 3426/2924/3426 3427/2987/3427
vt 0.7030575 0.3016348
f 3418/2988/3418 3426/2924/3426 3417/2877/3417
f 3418/2988/3418 3417/2877/3417 3416/2925/3416
f 3375/2927/3375 3376/2879/3376 3372/2928/3372
f 3375/2927/3375 3372/2928/3372 3370/2930/3370
vt 0.3888184 0.8092359
vt 0.4206349 0.8129637
vt 0.3652225 0.8168764
f 847/2989/847 854/2990/854 855/2991/855
vt 0.3583805 0.8114716
f 847/2989/847 855/2991/855 848/2992/848
vt 0.3868711 0.2962694
f 3370/2930/3370 3368/2881/3368 3369/2993/3369
vt 0.3244676 0.8164044
f 855/2991/855 856/2994/856 848/2992/848
f 3369/2993/3369 3368/2881/3368 3366/2931/3366
vt 0.3081573 0.2943581
f 3369/2993/3369 3366/2931/3366 3373/2995/3373
vt 0.2798660 0.2936464
f 3373/2995/3373 3366/2931/3366 3374/2996/3374
vt 0.1366746 0.1142461
f 3473/2997/3473 3469/2932/3469 3471/2934/3471
vt 0.2159481 0.8211086
vt 0.1917122 0.8265495
vt 0.2050747 0.8169572
f 858/2998/858 882/2999/882 860/3000/860
vt 0.2696610 0.2885998
vt 0.1999985 0.2932531
f 3355/3001/3355 3354/2936/3354 3353/3002/3353
f 3353/3002/3353 3354/2936/3354 3350/2937/3350
vt 0.0948898 0.2906367
f 3353/3002/3353 3350/2937/3350 3351/3003/3351
f 3351/3003/3351 3350/2937/3350 3348/2938/3348
f 2520/1574/2520 2529/1577/2529 2511/1620/2511
vt 0.2763785 0.8459759
f 2543/1666/2543 2541/1662/2541 2551/3004/2551
f 2543/1666/2543 2551/3004/2551 2549/1670/2549
f 2543/1666/2543 2549/1670/2549 2528/1669/2528
f 3101/1631/3101 3092/1582/3092 3073/1581/3073
f 3058/1584/3058 3059/1524/3059 3060/1523/3060
f 3053/1585/3053 3055/1627/3055 3047/1587/3047
f 3055/1627/3055 3051/1588/3051 3047/1587/3047
f 3051/1588/3051 3054/1628/3054 3046/1528/3046
f 3046/1528/3046 3054/1628/3054 3050/1589/3050
vt 0.6592570 0.1468850
f 3050/1589/3050 3057/3005/3057 3052/1590/3052
vt 0.8326020 0.1468660
f 3052/1590/3052 3056/3006/3056 3049/1531/3049
f 155/1381/155 169/1595/169 179/1596/179
vt 0.8083746 0.3722194
f 40/3007/40 13/2630/13 41/2519/41
vt 0.7172548 0.0587419
f 1675/3008/1675 1650/1262/1650 1635/1638/1635
f 522/1395/522 474/1602/474 526/1603/526
f 3451/1559/3451 3440/1459/3440 3450/2982/3450
f 3450/2982/3450 3446/2873/3446 3453/2983/3453
vt 0.2742903 0.9053577
f 2532/1640/2532 2534/3009/2534 2491/1643/2491
f 3427/2987/3427 3426/2924/3426 3418/2988/3418
vt 0.6866816 0.8101843
vt 0.6369778 0.8080304
vt 0.6187716 0.8028617
f 866/3010/866 879/3011/879 862/3012/862
vt 0.5758696 0.8049942
f 862/3012/862 879/3011/879 852/3013/852
f 2534/3009/2534 2538/1611/2538 2491/1643/2491
vt 0.5899134 0.7984028
f 861/3014/861 862/3012/862 852/3013/852
vt 0.5800771 0.7996863
f 861/3014/861 852/3013/852 859/3015/859
vt 0.5736001 0.7971312
f 859/3015/859 852/3013/852 845/3016/845
vt 0.4981340 0.8029540
f 845/3016/845 852/3013/852 846/3017/846
vt 0.5287050 0.7937433
f 845/3016/845 846/3017/846 824/3018/824
vt 0.5030102 0.8087210
f 846/3017/846 852/3013/852 853/3019/853
f 846/3017/846 853/3019/853 854/2990/854
f 846/3017/846 854/2990/854 847/2989/847
vt 0.4510265 0.7976135
f 846/3017/846 847/2989/847 818/3020/818
f 818/3020/818 847/2989/847 819/1686/819
vt 0.3577427 0.8020409
f 847/2989/847 848/2992/848 827/3021/827
vt 0.2602655 0.8146769
f 848/2992/848 856/2994/856 849/3022/849
f 848/2992/848 849/3022/849 827/3021/827
vt 0.2606672 0.8094852
f 827/3021/827 849/3022/849 834/3023/834
vt 0.2446830 0.8196872
f 849/3022/849 856/2994/856 857/3024/857
vt 0.2188874 0.8108479
f 834/3023/834 849/3022/849 835/3025/835
f 849/3022/849 857/3024/857 858/2998/858
vt 0.2139072 0.8144862
f 849/3022/849 858/2998/858 850/3026/850
f 849/3022/849 850/3026/850 835/3025/835
f 850/3026/850 858/2998/858 860/3000/860
vt 0.8839813 0.1278881
vt 0.8869989 0.1207216
vt 0.8869029 0.1727504
f 811/3027/811 812/3028/812 810/3029/810
vt 0.8925703 0.1908588
f 812/3028/812 816/3030/816 810/3029/810
vt 0.8864408 0.2391096
f 810/3029/810 816/3030/816 808/3031/808
vt 0.8923265 0.2970093
f 808/3031/808 816/3030/816 815/3032/815
vt 0.8868141 0.3520157
f 808/3031/808 815/3032/815 809/3033/809
vt 0.8937417 0.3525718
f 815/3032/815 814/3034/814 809/3033/809
vt 0.8938980 0.3868811
f 809/3033/809 814/3034/814 813/3035/813
vt 0.8822701 0.3870927
f 809/3033/809 813/3035/813 807/3036/807
f 2494/1653/2494 2473/1652/2473 2469/1650/2469
f 2472/1690/2472 2494/1653/2494 2469/1650/2469
f 2509/1696/2509 2539/1663/2539 2543/1666/2543
f 2989/1623/2989 2980/1700/2980 2986/1624/2986
vt 0.1742303 0.8341796
f 2980/1700/2980 2977/3037/2977 2986/1624/2986
f 2986/1624/2986 2993/1657/2993 2991/1626/2991
vt 0.2903118 0.8402819
f 2991/1626/2991 2992/3038/2992 2990/1625/2990
vt 0.3364629 0.8453899
f 2990/1625/2990 2992/3038/2992 3005/3039/3005
vt 0.3470273 0.8397349
f 2992/3038/2992 2997/3040/2997 3005/3039/3005
vt 0.3733490 0.8462497
f 3005/3039/3005 2997/3040/2997 3006/3041/3006
vt 0.3764537 0.8414698
f 3006/3041/3006 2997/3040/2997 2999/3042/2999
vt 0.4345181 0.8438891
f 2999/3042/2999 3001/3043/3001 3006/3041/3006
vt 0.5493963 0.8506013
f 3006/3041/3006 3001/3043/3001 3007/3044/3007
vt 0.5088732 0.8448265
f 3007/3044/3007 3001/3043/3001 3002/3045/3002
f 3007/3044/3007 3002/3045/3002 2959/1706/2959
vt 0.5596539 0.8469276
f 3007/3044/3007 2959/1706/2959 3008/3046/3008
vt 0.6522983 0.1411368
f 3120/1629/3120 3213/3047/3213 3050/1589/3050
f 3050/1589/3050 3213/3047/3213 3057/3005/3057
vt 0.7479101 0.1415291
f 3057/3005/3057 3213/3047/3213 3212/3048/3212
f 3057/3005/3057 3212/3048/3212 3052/1590/3052
f 3052/1590/3052 3212/3048/3212 3056/3006/3056
vt 0.8500181 0.3020857
vt 0.8517825 0.3871274
vt 0.8447177 0.3868811
f 798/3049/798 796/3050/796 817/3051/817
vt 0.0903499 0.8379026
f 2982/3052/2982 2980/1700/2980 2989/1623/2989
f 3076/1594/3076 3103/1672/3103 3071/1538/3071
f 2/2940/2 5/2406/5 3/2787/3
vt 0.5447782 0.6971615
f 107/3053/107 46/2503/46 19/2521/19
vt 0.8203198 0.2789084
f 3452/3054/3452 3451/1559/3451 3450/2982/3450
vt 0.7324074 0.8214222
vt 0.7478988 0.8158228
f 880/1720/880 881/3055/881 878/3056/878
vt 0.7202498 0.8077238
f 878/3056/878 881/3055/881 872/3057/872
vt 0.7029189 0.8129424
f 872/3057/872 881/3055/881 868/3058/868
vt 0.6977471 0.8060502
f 872/3057/872 868/3058/868 867/3059/867
f 867/3059/867 868/3058/868 866/3010/866
vt 0.6822074 0.7996072
f 865/3060/865 867/3059/867 866/3010/866
f 865/3060/865 866/3010/866 862/3012/862
vt 0.6205366 0.7952679
f 865/3060/865 862/3012/862 864/3061/864
vt 0.5790141 0.7912278
f 859/3015/859 845/3016/845 889/3062/889
vt 0.5981282 0.7937987
f 864/3061/864 862/3012/862 863/3063/863
f 863/3063/863 862/3012/862 861/3014/861
vt 0.5681905 0.7919610
vt 0.5691870 0.7876630
f 845/3016/845 826/3064/826 851/3065/851
f 826/3064/826 845/3016/845 824/3018/824
vt 0.4890537 0.7954960
f 821/3066/821 824/3018/824 846/3017/846
f 821/3066/821 846/3017/846 818/3020/818
f 819/1686/819 847/2989/847 827/3021/827
vt 0.8789856 0.1320022
f 805/3067/805 811/3027/811 810/3029/810
vt 0.8812016 0.1716537
f 805/3067/805 810/3029/810 806/3068/806
f 810/3029/810 808/3031/808 806/3068/806
vt 0.8787285 0.2678364
f 806/3068/806 808/3031/808 804/3069/804
f 804/3069/804 808/3031/808 809/3033/809
f 804/3069/804 809/3033/809 807/3036/807
vt 0.1471515 0.8062001
vt 0.1709613 0.8069966
vt 0.1677523 0.8108956
f 3015/3070/3015 3017/3071/3017 3016/3072/3016
vt 0.2622099 0.8055781
f 830/3073/830 827/3021/827 834/3023/834
vt 0.2215578 0.8077002
f 834/3023/834 835/3025/835 832/3074/832
f 830/3073/830 834/3023/834 832/3074/832
vt 0.8768439 0.1635177
f 805/3067/805 806/3068/806 803/3075/803
f 803/3075/803 806/3068/806 804/3069/804
vt 0.8772517 0.3716163
f 804/3069/804 807/3036/807 802/3076/802
vt 0.8744001 0.3871415
f 802/3076/802 807/3036/807 801/3077/801
vt 0.5655442 0.7816774
f 851/3065/851 826/3064/826 825/3078/825
f 825/3078/825 826/3064/826 824/3018/824
vt 0.5240945 0.7834436
f 825/3078/825 824/3018/824 823/3079/823
f 824/3018/824 821/3066/821 823/3079/823
f 823/3079/823 821/3066/821 820/1688/820
f 821/3066/821 818/3020/818 820/1688/820
f 819/1686/819 827/3021/827 822/1687/822
vt 0.2990935 0.7952080
f 827/3021/827 830/3073/830 829/3080/829
vt 0.2565625 0.7969398
f 831/3081/831 830/3073/830 832/3074/832
vt 0.2250419 0.7990626
f 831/3081/831 832/3074/832 833/3082/833
vt 0.8704565 0.2375115
f 803/3075/803 804/3069/804 781/3083/781
vt 0.8707764 0.3019876
f 804/3069/804 782/3084/782 781/3083/781
vt 0.8692175 0.3586344
f 782/3084/782 804/3069/804 786/3085/786
f 804/3069/804 802/3076/802 786/3085/786
vt 0.8697642 0.3848965
f 792/3086/792 802/3076/802 801/3077/801
f 818/3020/818 819/1686/819 820/1688/820
vt 0.3604372 0.7920551
f 822/1687/822 827/3021/827 828/3087/828
f 828/3087/828 827/3021/827 829/3080/829
f 829/3080/829 830/3073/830 831/3081/831
vt 0.5651222 0.7714417
vt 0.5649580 0.7771457
f 843/3088/843 840/3089/840 823/3079/823
vt 0.4946785 0.7750689
f 843/3088/843 823/3079/823 839/3090/839
f 823/3079/823 820/1688/820 839/3090/839
vt 0.4318285 0.7789279
f 839/3090/839 820/1688/820 838/3091/838
f 838/3091/838 820/1688/820 822/1687/822
vt 0.3889361 0.7805479
f 838/3091/838 822/1687/822 837/3092/837
f 837/3092/837 822/1687/822 828/3087/828
vt 0.3217779 0.7840462
f 837/3092/837 828/3087/828 836/3093/836
f 828/3087/828 829/3080/829 836/3093/836
f 829/3080/829 831/3081/831 836/3093/836
vt 0.2562718 0.7869122
f 836/3093/836 831/3081/831 841/3094/841
vt 0.2233329 0.7877010
f 831/3081/831 833/3082/833 842/3095/842
f 841/3094/841 831/3081/831 842/3095/842
vt 0.5688080 0.7720479
f 840/3089/840 843/3088/843 844/3096/844
vt 0.5380644 0.8291833
f 2956/1704/2956 2957/3097/2957 2958/1705/2958
vt 0.1665713 0.8248681
f 2975/1699/2975 2976/3098/2976 2977/3037/2977
f 2980/1700/2980 2975/1699/2975 2977/3037/2977
f 3004/1656/3004 2994/1658/2994 2993/1657/2993
vt 0.9316889 0.1938020
f 2661/1738/2661 2683/3099/2683 2680/1713/2680
vt 0.2730791 0.8310313
vt 0.3354848 0.8321013
f 2995/3100/2995 2996/3101/2996 2992/3038/2992
f 2992/3038/2992 2996/3101/2996 2997/3040/2997
vt 0.3779491 0.8335294
f 2997/3040/2997 2996/3101/2996 2998/3102/2998
f 2997/3040/2997 2998/3102/2998 2999/3042/2999
vt 0.4441489 0.8351067
f 2999/3042/2999 2998/3102/2998 3000/3103/3000
vt 0.5085613 0.8369622
f 3002/3045/3002 3000/3103/3000 3003/3104/3003
vt 0.8604010 0.1668274
vt 0.8559645 0.2073301
f 793/1709/793 789/3105/789 794/3106/794
vt 0.8596576 0.3044387
f 789/3105/789 788/3107/788 794/3106/794
vt 0.8556366 0.3283966
f 794/3106/794 788/3107/788 795/3108/795
vt 0.8591721 0.3625487
f 795/3108/795 788/3107/788 787/3109/787
f 795/3108/795 787/3109/787 796/3050/796
vt 0.8603460 0.3871334
f 787/3109/787 791/3110/791 796/3050/796
f 2991/1626/2991 2994/1658/2994 2995/3100/2995
f 2991/1626/2991 2995/3100/2995 2992/3038/2992
f 2999/3042/2999 3000/3103/3000 3001/3043/3001
f 3001/3043/3001 3000/3103/3000 3002/3045/3002
f 3003/3104/3003 2956/1704/2956 3002/3045/3002
f 3002/3045/3002 2956/1704/2956 2959/1706/2959
vt 0.8503012 0.2063363
f 800/1707/800 793/1709/793 799/3111/799
f 793/1709/793 794/3106/794 799/3111/799
f 799/3111/799 794/3106/794 795/3108/795
f 799/3111/799 795/3108/795 798/3049/798
f 798/3049/798 795/3108/795 796/3050/796
vt 0.0730957 0.8341512
f 2978/3112/2978 2979/1697/2979 2982/3052/2982
f 2982/3052/2982 2979/1697/2979 2980/1700/2980
vt 0.0578909 0.8336742
vt 0.0671664 0.8414168
f 2971/3113/2971 2978/3112/2978 2983/3114/2983
f 2983/3114/2983 2978/3112/2978 2982/3052/2982
vt 0.0466304 0.8428919
f 2987/3115/2987 2971/3113/2971 2983/3114/2983
vt 0.0265513 0.1318526
f 3081/1634/3081 3105/3116/3105 3104/1673/3104
f 3105/3116/3105 3081/1634/3081 3093/1675/3093
f 40/3007/40 41/2519/41 42/2859/42
vt 0.8246012 0.3804444
vt 0.8385702 0.3894839
f 69/3117/69 42/2859/42 100/3118/100
f 519/1796/519 530/1493/530 544/2795/544
vt 0.3896786 0.7595032
f 519/1796/519 544/2795/544 545/3119/545
vt 0.4099911 0.7476897
f 545/3119/545 544/2795/544 549/3120/549
vt 0.7020369 0.7989647
f 872/3057/872 867/3059/867 870/3121/870
vt 0.7099333 0.7968900
f 872/3057/872 870/3121/870 871/3122/871
vt 0.6557513 0.9688786
vt 0.6616576 0.9777769
vt 0.6527611 0.9782149
f 1951/3123/1951 1976/3124/1976 1975/3125/1975
vt 0.6501126 0.9737481
f 1965/3126/1965 1951/3123/1951 1975/3125/1975
vt 0.5858719 0.7943924
f 891/3127/891 859/3015/859 889/3062/889
vt 0.1028062 0.9491538
f 1078/1723/1078 1079/1722/1079 1084/3128/1084
vt 0.0924408 0.9477888
f 1079/1722/1079 1087/3129/1087 1084/3128/1084
vt 0.0997530 0.9431902
f 1084/3128/1084 1087/3129/1087 1098/3130/1098
vt 0.9186143 0.8832652
vt 0.9148667 0.8911871
vt 0.9226830 0.8922105
f 2372/3131/2372 2384/3132/2384 2359/3133/2359
vt 0.6886839 0.7962777
f 869/3134/869 870/3121/870 867/3059/867
f 869/3134/869 867/3059/867 865/3060/865
f 1941/1756/1941 1951/3123/1951 1950/1786/1950
vt 0.0752094 0.8065988
vt 0.0819648 0.8030952
vt 0.1029816 0.8078165
f 3010/3135/3010 3018/3136/3018 3011/3137/3011
f 3011/3137/3011 3018/3136/3018 3015/3070/3015
vt 0.0944933 0.8161035
f 3010/3135/3010 3011/3137/3011 2973/3138/2973
vt 0.0718560 0.8147622
f 2962/3139/2962 3010/3135/3010 2973/3138/2973
vt 0.1349865 0.8163775
f 3011/3137/3011 3015/3070/3015 3012/3140/3012
vt 0.1654693 0.8178419
f 3012/3140/3012 3015/3070/3015 2974/3141/2974
f 2974/3141/2974 3015/3070/3015 3016/3072/3016
vt 0.8703341 0.1347184
f 785/3142/785 805/3067/805 803/3075/803
f 2973/3138/2973 3011/3137/3011 3012/3140/3012
vt 0.8704661 0.1648318
f 785/3142/785 803/3075/803 784/3143/784
f 803/3075/803 781/3083/781 784/3143/784
f 786/3085/786 802/3076/802 792/3086/792
f 2973/3138/2973 3012/3140/3012 2974/3141/2974
f 840/3089/840 825/3078/825 823/3079/823
vt 0.8669599 0.1665143
f 790/1735/790 785/3142/785 783/3144/783
f 785/3142/785 784/3143/784 783/3144/783
f 784/3143/784 781/3083/781 783/3144/783
vt 0.8665391 0.3083265
f 783/3144/783 781/3083/781 780/3145/780
f 780/3145/780 781/3083/781 782/3084/782
f 780/3145/780 782/3084/782 786/3085/786
f 792/3086/792 801/3077/801 791/3110/791
vt 0.0729022 0.8254525
f 2963/3146/2963 2962/3139/2962 2972/1698/2972
f 2972/1698/2972 2962/3139/2962 2973/3138/2973
f 2972/1698/2972 2973/3138/2973 2974/3141/2974
f 2972/1698/2972 2974/3141/2974 2975/1699/2975
f 2974/3141/2974 2976/3098/2976 2975/1699/2975
f 825/3078/825 840/3089/840 844/3096/844
f 790/1735/790 783/3144/783 789/3105/789
f 789/3105/789 783/3144/783 780/3145/780
f 789/3105/789 780/3145/780 788/3107/788
f 788/3107/788 780/3145/780 787/3109/787
f 780/3145/780 786/3085/786 787/3109/787
f 787/3109/787 786/3085/786 791/3110/791
f 791/3110/791 786/3085/786 792/3086/792
f 793/1709/793 790/1735/790 789/3105/789
f 2963/3146/2963 2972/1698/2972 2979/1697/2979
f 2971/3113/2971 2963/3146/2963 2978/3112/2978
f 2978/3112/2978 2963/3146/2963 2979/1697/2979
f 2970/1791/2970 2971/3113/2971 2987/3115/2987
f 2985/1749/2985 2970/1791/2970 2987/3115/2987
f 880/1720/880 878/3056/878 877/1721/877
f 877/1721/877 878/3056/878 872/3057/872
vt 0.7365773 0.8047374
f 873/3147/873 877/1721/877 872/3057/872
f 873/3147/873 872/3057/872 871/3122/871
f 1950/1786/1950 1951/3123/1951 1965/3126/1965
vt 0.6394506 0.9696479
f 1961/3148/1961 1950/1786/1950 1965/3126/1965
vt 0.1079444 0.9456974
f 1092/3149/1092 1084/3128/1084 1098/3130/1098
vt 0.9241251 0.8693678
f 2372/3131/2372 2359/3133/2359 2365/3150/2365
vt 0.5800022 0.7823090
f 889/3062/889 845/3016/845 886/3151/886
f 1052/1759/1052 1059/1724/1059 1067/1755/1067
f 871/3122/871 870/3121/870 869/3134/869
f 886/3151/886 845/3016/845 851/3065/851
vt 0.9292837 0.8915400
vt 0.9323813 0.8845861
f 2359/3133/2359 2355/3152/2355 2349/3153/2349
vt 0.9301113 0.8772146
f 2350/3154/2350 2359/3133/2359 2349/3153/2349
vt 0.0493486 0.8135548
vt 0.0532925 0.8044491
f 2961/3155/2961 3013/3156/3013 2962/3139/2962
f 2962/3139/2962 3013/3156/3013 3010/3135/3010
f 1040/1732/1040 1054/1761/1054 1052/1759/1052
vt 0.9385695 0.8908247
f 2355/3152/2355 2321/3157/2321 2349/3153/2349
vt 0.0568595 0.8240377
f 2960/3158/2960 2961/3155/2961 2962/3139/2962
vt 0.9406081 0.1958424
vt 0.9331132 0.2094046
f 2660/3159/2660 2661/1738/2661 2659/3160/2659
f 2960/3158/2960 2962/3139/2962 2963/3146/2963
f 2971/3113/2971 2960/3158/2960 2963/3146/2963
vt 0.0343144 0.8226388
f 2964/3161/2964 2960/3158/2960 2971/3113/2971
f 2970/1791/2970 2964/3161/2964 2971/3113/2971
vt 0.9612933 0.8931545
f 2331/1817/2331 2340/3162/2340 2337/1815/2337
f 2985/1749/2985 2969/1773/2969 2970/1791/2970
f 3/2787/3 6/2379/6 13/2630/13
vt 0.0981879 0.7552890
vt 0.1308157 0.7784459
vt 0.0969945 0.7784459
f 3242/3163/3242 3243/3164/3243 3244/3165/3244
vt 0.5319391 0.6782314
f 110/3166/110 107/3053/107 19/2521/19
f 526/1603/526 527/1782/527 541/1783/541
f 161/1604/161 526/1603/526 541/1783/541
f 875/1784/875 877/1721/877 873/3147/873
vt 0.7322626 0.7961801
f 875/1784/875 873/3147/873 874/3167/874
vt 0.6396686 0.9757075
f 1961/3148/1961 1965/3126/1965 1974/3168/1974
f 1974/3168/1974 1965/3126/1965 1975/3125/1975
vt 0.5925289 0.7806560
f 890/3169/890 891/3127/891 889/3062/889
f 1078/1723/1078 1084/3128/1084 1092/3149/1092
f 874/3167/874 873/3147/873 871/3122/871
f 2365/3150/2365 2359/3133/2359 2350/3154/2350
f 1/2483/1 2/2940/2 3/2787/3
vt 0.0303714 0.8023164
f 2961/3155/2961 3014/3170/3014 3013/3156/3013
vt 0.5753127 0.7759677
f 851/3065/851 825/3078/825 884/3171/884
vt 0.9379465 0.8742917
f 2349/3153/2349 2321/3157/2321 2320/3172/2320
vt 0.9435956 0.8663982
f 2320/3172/2320 2321/3157/2321 2311/3173/2311
f 2964/3161/2964 2961/3155/2961 2960/3158/2960
vt 0.9406919 0.2086406
f 2658/3174/2658 2660/3159/2660 2659/3160/2659
vt 0.9452962 0.8912880
f 2311/3173/2311 2321/3157/2321 2322/3175/2322
f 2327/1816/2327 2322/3175/2322 2331/1817/2331
f 2964/3161/2964 2970/1791/2970 2966/1790/2966
vt 0.1334244 0.7556099
f 3245/3176/3245 3243/3164/3243 3242/3163/3242
vt 0.5545155 0.5772766
vt 0.5922397 0.5109787
f 20/3177/20 1/2483/1 4/3178/4
f 1949/1824/1949 1950/1786/1950 1961/3148/1961
vt 0.4177820 0.3791803
vt 0.4048270 0.3763381
vt 0.4205860 0.3745865
f 3290/3179/3290 3281/3180/3281 3279/3181/3279
vt 0.4192576 0.3682063
f 3279/3181/3279 3281/3180/3281 3280/3182/3280
vt 0.1209606 0.9533616
f 1077/3183/1077 1067/1755/1067 1078/1723/1078
vt 0.9155778 0.8750449
f 2381/3184/2381 2372/3131/2372 2365/3150/2365
vt 0.9184193 0.8679442
f 2380/3185/2380 2381/3184/2381 2365/3150/2365
f 876/1785/876 875/1784/875 874/3167/874
f 1936/1757/1936 1950/1786/1950 1949/1824/1949
vt 0.5894334 0.7762884
f 890/3169/890 889/3062/889 888/3186/888
f 889/3062/889 886/3151/886 888/3186/888
vt 0.0038514 0.7987974
vt 0.0174873 0.8121226
f 3009/3187/3009 3014/3170/3014 2965/3188/2965
f 2965/3188/2965 3014/3170/3014 2961/3155/2961
vt 0.5895958 0.7672043
f 886/3151/886 851/3065/851 885/3189/885
f 2350/3154/2350 2349/3153/2349 2320/3172/2320
f 885/3189/885 851/3065/851 884/3171/884
f 2965/3188/2965 2961/3155/2961 2964/3161/2964
f 2966/1790/2966 2965/3188/2965 2964/3161/2964
f 2659/3160/2659 2661/1738/2661 2666/1803/2666
f 2968/1793/2968 2966/1790/2966 2969/1773/2969
f 154/1544/154 136/1750/136 177/1751/177
f 40/3007/40 42/2859/42 69/3117/69
vt 0.5253696 0.6655489
f 110/3166/110 19/2521/19 66/3190/66
vt 0.1147199 0.9426227
f 1078/1723/1078 1092/3149/1092 1094/3191/1094
f 888/3186/888 886/3151/886 885/3189/885
f 2967/1801/2967 3009/3187/3009 2965/3188/2965
f 2967/1801/2967 2965/3188/2965 2966/1790/2966
vt 0.9357990 0.2248369
f 2658/3174/2658 2659/3160/2659 2657/3192/2657
f 2657/3192/2657 2659/3160/2659 2666/1803/2666
f 2311/3173/2311 2322/3175/2322 2327/1816/2327
f 2968/1793/2968 2967/1801/2967 2966/1790/2966
f 496/1391/496 519/1796/519 504/1808/504
f 19/2521/19 1/2483/1 20/3177/20
f 142/1605/142 541/1783/541 131/1753/131
vt 0.6239669 0.9692789
f 1960/3193/1960 1949/1824/1949 1961/3148/1961
f 1960/3193/1960 1961/3148/1961 1970/1893/1970
f 1970/1893/1970 1961/3148/1961 1974/3168/1974
vt 0.4393581 0.3801810
f 3288/3194/3288 3290/3179/3290 3279/3181/3279
f 1066/1823/1066 1067/1755/1067 1077/3183/1077
vt 0.1295262 0.9479825
f 1080/3195/1080 1078/1723/1078 1094/3191/1094
f 1053/1814/1053 1052/1759/1052 1066/1823/1066
vt 0.9308855 0.8598392
f 2365/3150/2365 2350/3154/2350 2344/3196/2344
f 2344/3196/2344 2350/3154/2350 2320/3172/2320
vt 0.9412568 0.2265131
f 2656/3197/2656 2658/3174/2658 2657/3192/2657
f 525/1842/525 519/1796/519 545/3119/545
vt 0.5207842 0.6545472
f 66/3190/66 19/2521/19 55/3198/55
f 541/1783/541 527/1782/527 497/1812/497
f 532/1861/532 541/1783/541 497/1812/497
f 1077/3183/1077 1078/1723/1078 1080/3195/1080
vt 0.1246613 0.9412581
f 1080/3195/1080 1094/3191/1094 1099/3199/1099
vt 0.9197813 0.8576848
f 2371/3200/2371 2380/3185/2380 2365/3150/2365
f 2677/1830/2677 2666/1803/2666 2679/1737/2679
f 177/1751/177 136/1750/136 187/1871/187
f 177/1751/177 187/1871/187 540/1832/540
vt 0.1330891 0.7340425
f 3246/3201/3246 3245/3176/3245 3242/3163/3242
vt 0.1141362 0.7355877
f 3246/3201/3246 3242/3163/3242 3247/3202/3247
vt 0.0979097 0.7408283
f 3247/3202/3247 3242/3163/3242 3248/3203/3248
f 541/1783/541 532/1861/532 185/1835/185
f 1948/1862/1948 1949/1824/1949 1960/3193/1960
vt 0.4348584 0.3750104
f 3288/3194/3288 3279/3181/3279 3274/3204/3274
vt 0.4416334 0.3680576
f 3274/3204/3274 3279/3181/3279 3266/3205/3266
f 3266/3205/3266 3279/3181/3279 3280/3182/3280
f 1066/1823/1066 1077/3183/1077 1080/3195/1080
vt 0.9255260 0.8518448
f 2371/3200/2371 2365/3150/2365 2362/3206/2362
vt 0.5990901 0.7696618
f 890/3169/890 888/3186/888 887/3207/887
f 2362/3206/2362 2365/3150/2365 2344/3196/2344
vt 0.9384869 0.8485413
f 2344/3196/2344 2320/3172/2320 2309/3208/2309
f 2309/3208/2309 2320/3172/2320 2311/3173/2311
f 2311/3173/2311 2327/1816/2327 2323/1935/2323
vt 0.6744649 0.0592511
f 1678/3209/1678 1633/1795/1633 1634/1841/1634
f 525/1842/525 545/3119/545 548/1926/548
f 1948/1862/1948 1960/3193/1960 1962/1895/1962
f 1962/1895/1962 1960/3193/1960 1970/1893/1970
vt 0.1432817 0.9540551
f 1072/3210/1072 1066/1823/1066 1080/3195/1080
vt 0.1332796 0.9445437
f 1097/3211/1097 1080/3195/1080 1099/3199/1099
vt 0.9165221 0.8487775
vt 0.9224890 0.8445572
f 2382/3212/2382 2371/3200/2371 2367/3213/2367
f 2367/3213/2367 2371/3200/2371 2362/3206/2362
f 1937/1845/1937 1935/1813/1935 1948/1862/1948
f 887/3207/887 888/3186/888 885/3189/885
f 2657/3192/2657 2666/1803/2666 2664/1847/2664
vt 0.9437009 0.8438452
f 2310/3214/2310 2311/3173/2311 2323/1935/2323
vt 0.9553878 0.8494296
f 2323/1935/2323 2327/1816/2327 2335/3215/2335
f 2327/1816/2327 2337/1815/2337 2335/3215/2335
f 136/1750/136 140/1852/140 187/1871/187
vt 0.5183709 0.6519865
f 102/3216/102 66/3190/66 55/3198/55
vt 0.5137482 0.6367290
f 55/3198/55 19/2521/19 18/3217/18
f 1/2483/1 3/2787/3 4/3178/4
f 185/1835/185 532/1861/532 531/1891/531
vt 0.6045429 0.9675495
f 1955/3218/1955 1948/1862/1948 1962/1895/1962
vt 0.4461296 0.3739747
f 3288/3194/3288 3274/3204/3274 3272/3219/3272
f 1065/1863/1065 1066/1823/1066 1072/3210/1072
vt 0.6097372 0.7689868
f 892/3220/892 890/3169/890 887/3207/887
vt 0.6102544 0.7639467
f 892/3220/892 887/3207/887 893/3221/893
vt 0.6045858 0.7627197
f 887/3207/887 885/3189/885 894/3222/894
vt 0.9354228 0.2479571
f 2656/3197/2656 2657/3192/2657 2654/3223/2654
f 2309/3208/2309 2311/3173/2311 2310/3214/2310
f 2654/3223/2654 2657/3192/2657 2664/1847/2664
vt 0.5324855 0.0241843
vt 0.5259563 0.0083755
vt 0.5410681 0.0086780
f 1022/3224/1022 1023/3225/1023 1018/3226/1018
vt 0.5469810 0.0307029
vt 0.5355607 0.0430684
f 1019/3227/1019 1021/3228/1021 1022/3224/1022
f 167/1844/167 185/1835/185 186/1892/186
f 3272/3219/3272 3274/3204/3274 3266/3205/3266
vt 0.1515923 0.9508285
f 1072/3210/1072 1080/3195/1080 1082/3229/1082
f 1082/3229/1082 1080/3195/1080 1097/3211/1097
vt 0.1439758 0.9427131
f 1082/3229/1082 1097/3211/1097 1095/3230/1095
vt 0.9183636 0.8378041
f 2378/3231/2378 2382/3212/2382 2367/3213/2367
f 1938/1897/1938 1937/1845/1937 1944/1896/1944
f 1050/1864/1050 1065/1863/1065 1064/1965/1064
f 893/3221/893 887/3207/887 894/3222/894
vt 0.9310169 0.8407491
f 2351/3232/2351 2344/3196/2344 2309/3208/2309
f 3127/1850/3127 3126/1839/3126 3128/1902/3128
f 140/1852/140 139/1848/139 183/1886/183
f 1019/3227/1019 1022/3224/1022 1018/3226/1018
f 1944/1896/1944 1948/1862/1948 1955/3218/1955
vt 0.4521043 0.3819398
f 3289/3233/3289 3288/3194/3288 3272/3219/3272
vt 0.4568751 0.3760036
f 3275/3234/3275 3289/3233/3289 3272/3219/3272
vt 0.1583059 0.9477741
f 1086/3235/1086 1082/3229/1082 1095/3230/1095
vt 0.9249819 0.8316487
f 2363/3236/2363 2367/3213/2367 2362/3206/2362
f 184/1905/184 164/1880/164 186/1892/186
f 2351/3232/2351 2362/3206/2362 2344/3196/2344
vt 0.4405162 0.3592160
vt 0.4242690 0.3544742
vt 0.4553258 0.3532574
f 3268/3237/3268 3303/3238/3303 3302/3239/3302
vt 0.9392356 0.2580271
f 2653/3240/2653 2656/3197/2656 2654/3223/2654
f 139/1848/139 141/1865/141 184/1905/184
f 139/1848/139 184/1905/184 183/1886/183
f 1638/1925/1638 1678/3209/1678 1634/1841/1634
f 1955/3218/1955 1962/1895/1962 1969/1894/1969
f 1064/1965/1064 1065/1863/1065 1072/3210/1072
f 2378/3231/2378 2367/3213/2367 2363/3236/2363
f 2363/3236/2363 2362/3206/2362 2351/3232/2351
vt 0.4450015 0.3637327
vt 0.4539178 0.3601912
f 3265/3241/3265 3268/3237/3268 3264/3242/3264
f 2664/1847/2664 2677/1830/2677 2674/1909/2674
vt 0.7777343 0.3594664
vt 0.7887594 0.3622460
f 39/3243/39 40/3007/40 68/3244/68
f 1014/1983/1014 1021/3228/1021 1019/3227/1019
f 102/3216/102 55/3198/55 18/3217/18
vt 0.5829322 0.9675712
f 1954/3245/1954 1944/1896/1944 1955/3218/1955
vt 0.5937201 0.9729684
f 1954/3245/1954 1955/3218/1955 1967/3246/1967
f 1967/3246/1967 1955/3218/1955 1969/1894/1969
vt 0.4616924 0.3677536
f 3272/3219/3272 3266/3205/3266 3256/3247/3256
vt 0.1576122 0.9422945
f 1104/3248/1104 1086/3235/1086 1095/3230/1095
f 1051/1917/1051 1050/1864/1050 1064/1965/1064
f 3264/3242/3264 3268/3237/3268 3302/3239/3302
f 2654/3223/2654 2664/1847/2664 2663/1931/2663
f 535/1916/535 509/1944/509 533/1906/533
f 2336/1933/2336 2323/1935/2323 2335/3215/2335
vt 0.5597994 0.0263158
f 1019/3227/1019 1018/3226/1018 1016/3249/1016
vt 0.5582528 0.0081546
f 1016/3249/1016 1018/3226/1018 1017/3250/1017
f 505/1928/505 525/1842/525 546/1927/546
vt 0.5116479 0.6359442
f 96/3251/96 102/3216/102 18/3217/18
vt 0.4634916 0.3831080
f 3292/3252/3292 3289/3233/3289 3275/3234/3275
f 3275/3234/3275 3272/3219/3272 3256/3247/3256
vt 0.1663661 0.9552579
f 1071/3253/1071 1064/1965/1064 1072/3210/1072
f 1071/3253/1071 1072/3210/1072 1082/3229/1082
vt 0.9187655 0.8238790
f 2375/3254/2375 2378/3231/2378 2363/3236/2363
f 3256/3247/3256 3266/3205/3266 3265/3241/3265
vt 0.9315493 0.8287263
f 2363/3236/2363 2351/3232/2351 2347/3255/2347
f 186/1892/186 490/1930/490 535/1916/535
f 2347/3255/2347 2351/3232/2351 2309/3208/2309
f 2310/3214/2310 2323/1935/2323 2324/1934/2324
vt 0.6589877 0.4048110
f 12/3256/12 3/2787/3 13/2630/13
f 1014/1983/1014 1019/3227/1019 1016/3249/1016
vt 0.5822732 0.9722384
f 1954/3245/1954 1967/3246/1967 1966/3257/1966
vt 0.4705859 0.3779310
f 3282/3258/3282 3292/3252/3292 3275/3234/3275
f 1071/3253/1071 1082/3229/1082 1086/3235/1086
f 3264/3242/3264 3256/3247/3256 3265/3241/3265
vt 0.4711767 0.3621125
f 3254/3259/3254 3256/3247/3256 3264/3242/3264
vt 0.4687756 0.3546000
f 3296/3260/3296 3264/3242/3264 3302/3239/3302
vt 0.9432459 0.8153716
f 2309/3208/2309 2310/3214/2310 2307/3261/2307
vt 0.9337391 0.2741299
f 2653/3240/2653 2654/3223/2654 2645/3262/2645
f 2645/3262/2645 2654/3223/2654 2663/1931/2663
f 2307/3261/2307 2310/3214/2310 2324/1934/2324
f 448/1873/448 457/1912/457 428/1972/428
f 13/2630/13 40/3007/40 39/3243/39
vt 0.5016661 0.5715070
f 17/3263/17 18/3217/18 19/2521/19
f 338/1858/338 337/1914/337 339/1929/339
vt 0.5867179 0.9782609
f 1966/3257/1966 1967/3246/1967 1977/3264/1977
vt 0.4725179 0.3686628
f 3282/3258/3282 3275/3234/3275 3255/3265/3255
f 3255/3265/3255 3275/3234/3275 3256/3247/3256
f 1063/1964/1063 1064/1965/1064 1071/3253/1071
vt 0.1747967 0.9502277
f 1081/3266/1081 1071/3253/1071 1086/3235/1086
vt 0.1674263 0.9454443
f 1096/3267/1096 1086/3235/1086 1104/3248/1104
f 3254/3259/3254 3264/3242/3264 3296/3260/3296
vt 0.9390711 0.8057399
f 2347/3255/2347 2309/3208/2309 2306/3268/2306
f 2306/3268/2306 2309/3208/2309 2307/3261/2307
f 2663/1931/2663 2674/1909/2674 2673/1971/2673
f 2684/1988/2684 2687/1946/2687 2688/1885/2688
f 2700/1949/2700 2684/1988/2684 2688/1885/2688
f 1009/2014/1009 1014/1983/1014 1016/3249/1016
f 1081/3266/1081 1086/3235/1086 1096/3267/1096
vt 0.9252706 0.8092228
f 2357/3269/2357 2375/3254/2375 2363/3236/2363
f 1931/1953/1931 1944/1896/1944 1943/2000/1943
f 1048/1967/1048 1051/1917/1051 1063/1964/1063
f 2363/3236/2363 2347/3255/2347 2357/3269/2357
vt 0.9319686 0.8138937
f 2357/3269/2357 2347/3255/2347 2346/3270/2346
f 2346/3270/2346 2347/3255/2347 2306/3268/2306
vt 0.9404527 0.2716887
vt 0.9386730 0.2810414
f 2671/3271/2671 2653/3240/2653 2644/3272/2644
f 2644/3272/2644 2653/3240/2653 2645/3262/2645
vt 0.7715281 0.3562843
f 75/3273/75 39/3243/39 68/3244/68
vt 0.5748970 0.0075282
f 1008/3274/1008 1016/3249/1016 1017/3250/1017
vt 0.5073703 0.6166754
f 96/3251/96 18/3217/18 56/3275/56
f 1968/2045/1968 1966/3257/1966 1977/3264/1977
vt 0.4921772 0.3827032
vt 0.4839203 0.3777329
f 3293/3276/3293 3282/3258/3282 3283/3277/3283
vt 0.4835239 0.3695925
f 3283/3277/3283 3282/3258/3282 3253/3278/3253
f 3253/3278/3253 3282/3258/3282 3255/3265/3255
vt 0.1863077 0.9554223
f 1074/3279/1074 1063/1964/1063 1071/3253/1071
f 1074/3279/1074 1071/3253/1071 1081/3266/1081
vt 0.9156705 0.8138838
f 2379/3280/2379 2375/3254/2375 2357/3269/2357
vt 0.9193069 0.8074089
f 2373/3281/2373 2379/3280/2379 2357/3269/2357
f 3255/3265/3255 3256/3247/3256 3254/3259/3254
f 2645/3262/2645 2663/1931/2663 2662/1977/2662
f 2307/3261/2307 2324/1934/2324 2325/2029/2325
f 2324/1934/2324 2336/1933/2336 2325/2029/2325
f 2325/2029/2325 2336/1933/2336 2334/2027/2334
f 1013/1984/1013 1014/1983/1014 1009/2014/1009
f 1009/2014/1009 1016/3249/1016 1008/3274/1008
vt 0.5068751 0.6197470
f 96/3251/96 56/3275/56 108/3282/108
f 17/3263/17 19/2521/19 20/3177/20
f 1943/2000/1943 1944/1896/1944 1954/3245/1954
f 1957/2047/1957 1954/3245/1954 1966/3257/1966
f 1957/2047/1957 1966/3257/1966 1968/2045/1968
vt 0.4861401 0.3615836
f 3254/3259/3254 3296/3260/3296 3252/3283/3252
f 2312/2052/2312 2307/3261/2307 2325/2029/2325
vt 0.6992097 0.3548400
f 38/3284/38 13/2630/13 39/3243/39
f 56/3275/56 18/3217/18 17/3263/17
f 1943/2000/1943 1954/3245/1954 1957/2047/1957
vt 0.1738469 0.9418233
f 1081/3266/1081 1096/3267/1096 1100/3285/1100
vt 0.1875860 0.9464904
f 1093/3286/1093 1081/3266/1081 1100/3285/1100
f 3253/3278/3253 3255/3265/3255 3254/3259/3254
f 3132/1948/3132 3131/1957/3131 3133/2008/3133
f 3157/1989/3157 3132/1948/3132 3133/2008/3133
f 12/3256/12 13/2630/13 38/3284/38
vt 0.7190680 0.3486710
f 38/3284/38 39/3243/39 49/3287/49
vt 0.5037022 0.6051125
f 108/3282/108 56/3275/56 79/3288/79
vt 0.4984194 0.3783703
f 3284/3289/3284 3293/3276/3293 3283/3277/3283
vt 0.1900891 0.9504341
f 1074/3279/1074 1081/3266/1081 1083/3290/1083
f 1083/3290/1083 1081/3266/1081 1093/3286/1093
vt 0.9148452 0.7934265
vt 0.9208285 0.7924467
f 2383/3291/2383 2373/3281/2373 2368/3292/2368
f 2368/3292/2368 2373/3281/2373 2357/3269/2357
f 1047/2002/1047 1048/1967/1048 1060/1999/1060
f 3252/3283/3252 3253/3278/3253 3254/3259/3254
vt 0.9318933 0.7942241
f 2357/3269/2357 2346/3270/2346 2345/3293/2345
vt 0.4779883 0.3527674
f 3252/3283/3252 3296/3260/3296 3300/3294/3300
f 2345/3293/2345 2346/3270/2346 2306/3268/2306
vt 0.7632601 0.3539081
f 63/3295/63 39/3243/39 75/3273/75
vt 0.5921930 0.0271577
f 970/3296/970 1009/2014/1009 1008/3274/1008
vt 0.4959244 0.3689466
f 3283/3277/3283 3253/3278/3253 3250/3297/3250
f 1060/1999/1060 1063/1964/1063 1074/3279/1074
vt 0.9255416 0.7874735
f 2368/3292/2368 2357/3269/2357 2358/3298/2358
f 1939/2001/1939 1943/2000/1943 1946/2048/1946
vt 0.4943016 0.3591759
f 3267/3299/3267 3252/3283/3252 3300/3294/3300
f 2662/1977/2662 2673/1971/2673 2675/2031/2675
f 49/3287/49 39/3243/39 63/3295/63
vt 0.5934352 0.0407226
f 1010/2015/1010 1009/2014/1009 971/3300/971
f 971/3300/971 1009/2014/1009 970/3296/970
vt 0.5896488 0.0066759
f 970/3296/970 1008/3274/1008 972/3301/972
f 494/2024/494 502/1961/502 503/2016/503
f 444/1963/444 377/2017/377 432/2026/432
f 1946/2048/1946 1943/2000/1943 1957/2047/1957
f 3284/3289/3284 3283/3277/3283 3250/3297/3250
f 3250/3297/3250 3253/3278/3253 3252/3283/3252
f 1049/2050/1049 1047/2002/1047 1060/1999/1060
f 2358/3298/2358 2357/3269/2357 2345/3293/2345
f 2644/3272/2644 2645/3262/2645 2646/2057/2646
f 2646/2057/2646 2645/3262/2645 2662/1977/2662
vt 0.5023205 0.5884587
f 79/3288/79 56/3275/56 70/3302/70
f 70/3302/70 56/3275/56 17/3263/17
vt 0.2043238 0.9486651
f 1090/3303/1090 1083/3290/1083 1093/3286/1093
vt 0.5042602 0.3768591
f 3273/3304/3273 3284/3289/3284 3250/3297/3250
vt 0.2080551 0.9543989
f 1075/3305/1075 1060/1999/1060 1074/3279/1074
f 1075/3305/1075 1074/3279/1074 1083/3290/1083
f 1075/3305/1075 1083/3290/1083 1090/3303/1090
vt 0.9187238 0.7817095
f 2376/3306/2376 2383/3291/2383 2368/3292/2368
vt 0.5021312 0.3623580
f 3250/3297/3250 3252/3283/3252 3251/3307/3251
f 3251/3307/3251 3252/3283/3252 3267/3299/3267
vt 0.5098287 0.3526791
f 3267/3299/3267 3300/3294/3300 3299/3308/3299
vt 0.9397066 0.7824759
f 2306/3268/2306 2307/3261/2307 2308/3309/2308
vt 0.9391611 0.3133461
f 2647/3310/2647 2644/3272/2644 2646/2057/2646
f 2308/3309/2308 2307/3261/2307 2312/2052/2312
f 2325/2029/2325 2333/2028/2333 2326/2051/2326
f 970/3296/970 972/3301/972 968/2127/968
vt 0.5588406 0.9782149
f 1964/2046/1964 1968/2045/1968 1978/3311/1978
vt 0.5405315 0.9680003
f 1958/3312/1958 1946/2048/1946 1957/2047/1957
f 1958/3312/1958 1957/2047/1957 1964/2046/1964
f 2376/3306/2376 2368/3292/2368 2358/3298/2358
vt 0.5126339 0.3599055
f 3257/3313/3257 3267/3299/3267 3299/3308/3299
f 2308/3309/2308 2345/3293/2345 2306/3268/2306
vt 0.7465659 0.3501266
f 49/3287/49 63/3295/63 83/3314/83
vt 0.6131521 0.0409174
f 969/3315/969 1010/2015/1010 971/3300/971
f 969/3315/969 971/3300/971 970/3296/970
vt 0.6060880 0.0053993
f 968/2127/968 972/3301/972 1020/3316/1020
vt 0.5104472 0.5469241
f 17/3263/17 20/3177/20 15/3317/15
vt 0.1992293 0.9429307
f 1090/3303/1090 1093/3286/1093 1106/3318/1106
vt 0.5143769 0.3738182
vt 0.5126406 0.3678616
f 3271/3319/3271 3273/3304/3273 3249/3320/3249
f 3249/3320/3249 3273/3304/3273 3250/3297/3250
vt 0.9248009 0.7721952
f 2376/3306/2376 2358/3298/2358 2364/3321/2364
vt 0.9307935 0.7733445
f 2353/3322/2353 2358/3298/2358 2345/3293/2345
f 3251/3307/3251 3267/3299/3267 3257/3313/3257
f 2308/3309/2308 2312/2052/2312 2313/2093/2313
f 2313/2093/2313 2312/2052/2312 2326/2051/2326
f 2668/2054/2668 2675/2031/2675 2676/2072/2676
vt 0.6102775 0.0263084
f 969/3315/969 970/3296/970 967/3323/967
f 1011/2110/1011 1010/2015/1010 969/3315/969
vt 0.5134183 0.3843663
f 3294/3324/3294 3284/3289/3284 3273/3304/3273
vt 0.2158639 0.9439399
f 1105/3325/1105 1090/3303/1090 1106/3318/1106
f 1061/2078/1061 1060/1999/1060 1075/3305/1075
f 3249/3320/3249 3250/3297/3250 3251/3307/3251
f 2364/3321/2364 2358/3298/2358 2353/3322/2353
f 2353/3322/2353 2345/3293/2345 2308/3309/2308
f 967/3323/967 970/3296/970 968/2127/968
vt 0.5248060 0.3759521
f 3294/3324/3294 3273/3304/3273 3276/3326/3276
vt 0.2261312 0.9485962
f 1089/3327/1089 1075/3305/1075 1090/3303/1090
f 3276/3326/3276 3273/3304/3273 3271/3319/3271
vt 0.9180179 0.7647956
f 2377/3328/2377 2376/3306/2376 2364/3321/2364
f 3249/3320/3249 3251/3307/3251 3257/3313/3257
f 1055/2098/1055 1049/2050/1049 1061/2078/1061
vt 0.9399161 0.7683964
f 2314/3329/2314 2308/3309/2308 2313/2093/2313
f 3135/2040/3135 3137/2094/3137 3136/2033/3136
vt 0.7267528 0.3479216
f 104/3330/104 49/3287/49 83/3314/83
vt 0.5258117 0.9698927
vt 0.5232714 0.9758077
f 1956/3331/1956 1964/2046/1964 1972/3332/1972
vt 0.5339131 0.3814139
f 3291/3333/3291 3294/3324/3294 3276/3326/3276
vt 0.2217515 0.9539473
f 1076/3334/1076 1075/3305/1075 1089/3327/1089
f 1089/3327/1089 1090/3303/1090 1105/3325/1105
f 1945/2091/1945 1946/2048/1946 1956/3331/1956
f 1956/3331/1956 1946/2048/1946 1958/3312/1958
f 1956/3331/1956 1958/3312/1958 1964/2046/1964
f 1076/3334/1076 1061/2078/1061 1075/3305/1075
vt 0.9315785 0.7583223
f 2342/3335/2342 2353/3322/2353 2308/3309/2308
f 2313/2093/2313 2333/2028/2333 2332/2117/2332
f 550/2088/550 553/2135/553 551/2062/551
vt 0.6326813 0.0403773
f 955/3336/955 969/3315/969 967/3323/967
vt 0.6311120 0.0294875
f 956/3337/956 967/3323/967 960/2129/960
f 960/2129/960 967/3323/967 968/2127/968
vt 0.5004489 0.5850930
f 115/3338/115 70/3302/70 17/3263/17
vt 0.9252642 0.7522516
f 2360/3339/2360 2364/3321/2364 2353/3322/2353
vt 0.5319953 0.3617921
f 3258/3340/3258 3249/3320/3249 3257/3313/3257
f 2342/3335/2342 2308/3309/2308 2314/3329/2314
vt 0.9388989 0.3321419
f 2648/3341/2648 2647/3310/2647 2646/2057/2646
f 2646/2057/2646 2668/2054/2668 2665/2143/2665
f 2668/2054/2668 2676/2072/2676 2665/2143/2665
f 1657/2124/1657 1653/2064/1653 1655/2063/1655
vt 0.5700729 0.0647128
vt 0.5805050 0.0630274
f 1660/3342/1660 1686/3343/1686 1656/2103/1656
f 998/2111/998 1011/2110/1011 969/3315/969
f 998/2111/998 969/3315/969 955/3336/955
f 955/3336/955 967/3323/967 956/3337/956
vt 0.4995446 0.5632547
f 115/3338/115 17/3263/17 97/3344/97
vt 0.5351732 0.3764199
f 3278/3345/3278 3291/3333/3291 3276/3326/3276
vt 0.5313829 0.3675659
f 3276/3326/3276 3271/3319/3271 3259/3346/3259
f 3259/3346/3259 3271/3319/3271 3249/3320/3249
f 1061/2078/1061 1076/3334/1076 1073/2166/1073
f 2377/3328/2377 2364/3321/2364 2360/3339/2360
vt 0.5305083 0.3578740
f 3258/3340/3258 3257/3313/3257 3270/3347/3270
f 3270/3347/3270 3257/3313/3257 3299/3308/3299
vt 0.9333165 0.3385528
f 2648/3341/2648 2646/2057/2646 2649/3348/2649
f 2649/3348/2649 2646/2057/2646 2665/2143/2665
f 2665/2143/2665 2676/2072/2676 2678/2107/2678
f 1654/2065/1654 1660/3342/1660 1656/2103/1656
f 1073/2166/1073 1076/3334/1076 1089/3327/1089
vt 0.2333779 0.9445314
f 1089/3327/1089 1105/3325/1105 1102/3349/1102
vt 0.9177140 0.7469686
f 2374/3350/2374 2377/3328/2377 2360/3339/2360
f 3259/3346/3259 3249/3320/3249 3258/3340/3258
f 2342/3335/2342 2360/3339/2360 2353/3322/2353
f 2314/3329/2314 2313/2093/2313 2315/2118/2315
f 4/3178/4 3/2787/3 12/3256/12
vt 0.5021890 0.5351552
f 17/3263/17 15/3317/15 58/3351/58
vt 0.5027828 0.9707651
f 1959/3352/1959 1956/3331/1956 1972/3332/1972
f 1947/2130/1947 1945/2091/1945 1956/3331/1956
f 3278/3345/3278 3276/3326/3276 3259/3346/3259
vt 0.5283900 0.3518698
f 3270/3347/3270 3299/3308/3299 3298/3353/3298
f 2649/3348/2649 2665/2143/2665 2667/2142/2667
f 1654/2065/1654 1659/2126/1659 1660/3342/1660
vt 0.6476535 0.0062686
f 960/2129/960 966/2128/966 965/3354/965
f 997/2165/997 1012/2112/1012 998/2111/998
f 97/3344/97 17/3263/17 58/3351/58
f 15/3317/15 20/3177/20 4/3178/4
f 1959/3352/1959 1947/2130/1947 1956/3331/1956
f 1062/2139/1062 1061/2078/1061 1073/2166/1073
f 1057/2151/1057 1055/2098/1055 1062/2139/1062
vt 0.9314831 0.7375874
f 2343/3355/2343 2342/3335/2342 2314/3329/2314
vt 0.9396103 0.7329014
f 2343/3355/2343 2314/3329/2314 2316/3356/2316
f 2316/3356/2316 2314/3329/2314 2315/2118/2315
f 2315/2118/2315 2332/2117/2332 2330/2146/2330
f 998/2111/998 955/3336/955 958/2164/958
vt 0.6521696 0.0291887
f 955/3336/955 956/3337/956 957/3357/957
f 958/2164/958 955/3336/955 957/3357/957
f 956/3337/956 960/2129/960 959/2188/959
f 957/3357/957 956/3337/956 959/2188/959
f 959/2188/959 960/2129/960 965/3354/965
vt 0.6588627 0.0046008
f 966/2128/966 964/3358/964 965/3354/965
vt 0.5050651 0.5219025
f 58/3351/58 15/3317/15 52/3359/52
vt 0.5039116 0.9762869
f 1959/3352/1959 1972/3332/1972 1973/3360/1973
vt 0.5532569 0.3810953
f 3287/3361/3287 3291/3333/3291 3278/3345/3278
vt 0.5530270 0.3750097
f 3287/3361/3287 3278/3345/3278 3277/3362/3277
f 1088/2167/1088 1073/2166/1073 1089/3327/1089
f 1088/2167/1088 1089/3327/1089 1102/3349/1102
vt 0.5482217 0.3683684
f 3260/3363/3260 3278/3345/3278 3259/3346/3259
f 1062/2139/1062 1073/2166/1073 1070/2168/1070
vt 0.9254318 0.7369043
f 2361/3364/2361 2374/3350/2374 2360/3339/2360
f 3260/3363/3260 3259/3346/3259 3258/3340/3258
f 2361/3364/2361 2360/3339/2360 2342/3335/2342
f 2361/3364/2361 2342/3335/2342 2343/3355/2343
vt 0.9397486 0.3555974
f 2650/3365/2650 2648/3341/2648 2649/3348/2649
vt 0.0544951 0.5849211
f 561/2134/561 562/3366/562 553/2135/553
vt 0.0532787 0.5634111
f 553/2135/553 562/3366/562 563/3367/563
vt 0.3374317 0.0650060
f 1873/2158/1873 1869/2157/1869 1872/3368/1872
vt 0.6874752 0.3491610
vt 0.7086758 0.3473636
f 74/3369/74 49/3287/49 88/3370/88
f 507/2176/507 470/2113/470 508/2150/508
vt 0.2523272 0.9445622
f 1088/2167/1088 1102/3349/1102 1101/3371/1101
f 3277/3362/3277 3278/3345/3278 3260/3363/3260
vt 0.5495324 0.3580837
f 3269/3372/3269 3258/3340/3258 3270/3347/3270
f 3269/3372/3269 3270/3347/3270 3298/3353/3298
f 2672/2179/2672 2667/2142/2667 2678/2107/2678
vt 0.6663194 0.3528443
f 54/3373/54 38/3284/38 49/3287/49
f 54/3373/54 49/3287/49 74/3369/74
vt 0.3610017 0.1008303
vt 0.3582068 0.0899161
f 1868/3374/1868 1870/3375/1870 1871/2156/1871
f 1871/2156/1871 1870/3375/1870 1869/2157/1869
f 1869/2157/1869 1867/2224/1867 1872/3368/1872
f 959/2188/959 965/3354/965 964/3358/964
f 376/2077/376 375/2114/375 382/2137/382
f 1952/2211/1952 1947/2130/1947 1959/3352/1959
f 1057/2151/1057 1062/2139/1062 1070/2168/1070
vt 0.9181878 0.7277144
f 2369/3376/2369 2374/3350/2374 2361/3364/2361
vt 0.5541673 0.3617291
f 3260/3363/3260 3258/3340/3258 3261/3377/3261
f 3261/3377/3261 3258/3340/3258 3269/3372/3269
vt 0.5516112 0.3520111
f 3269/3372/3269 3298/3353/3298 3297/3378/3297
f 562/3366/562 561/2134/561 564/2149/564
f 963/2189/963 959/2188/959 964/3358/964
f 958/2164/958 957/3357/957 961/2190/961
f 961/2190/961 957/3357/957 959/2188/959
vt 0.5095020 0.5063137
f 14/3379/14 52/3359/52 15/3317/15
vt 0.5589682 0.4503169
f 14/3379/14 15/3317/15 16/3380/16
f 16/3380/16 15/3317/15 4/3178/4
vt 0.4881269 0.9754572
f 1971/3381/1971 1959/3352/1959 1973/3360/1973
vt 0.2653377 0.9499130
f 1070/2168/1070 1088/2167/1088 1085/3382/1085
f 1085/3382/1085 1088/2167/1088 1101/3371/1101
vt 0.9322078 0.3655776
f 2650/3365/2650 2649/3348/2649 2651/3383/2651
f 2316/3356/2316 2315/2118/2315 2317/2161/2317
f 2649/3348/2649 2667/2142/2667 2669/2180/2669
f 2651/3383/2651 2649/3348/2649 2669/2180/2669
f 388/2123/388 384/2115/384 383/2169/383
f 1868/3374/1868 1864/2238/1864 1870/3375/1870
f 1870/3375/1870 1864/2238/1864 1869/2157/1869
f 1864/2238/1864 1863/2222/1863 1869/2157/1869
f 1869/2157/1869 1863/2222/1863 1867/2224/1867
f 995/2191/995 958/2164/958 962/2199/962
f 962/2199/962 958/2164/958 961/2190/961
vt 0.5028382 0.5222409
f 58/3351/58 52/3359/52 114/3384/114
f 1952/2211/1952 1959/3352/1959 1971/3381/1971
vt 0.5689971 0.3817890
f 3286/3385/3286 3287/3361/3287 3277/3362/3277
f 1942/2194/1942 1947/2130/1947 1952/2211/1952
vt 0.2676494 0.9565599
f 1069/3386/1069 1057/2151/1057 1070/2168/1070
vt 0.9305754 0.7210009
f 2361/3364/2361 2343/3355/2343 2348/3387/2348
vt 0.6501343 0.3582830
f 12/3256/12 38/3284/38 37/3388/37
f 37/3388/37 38/3284/38 54/3373/54
vt 0.0554452 0.6001606
f 564/2149/564 567/2175/567 566/3389/566
f 564/2149/564 566/3389/566 562/3366/562
vt 0.3750472 0.0997438
f 1868/3374/1868 1865/3390/1865 1864/2238/1864
f 962/2199/962 961/2190/961 973/2255/973
vt 0.5177575 0.4800549
f 14/3379/14 16/3380/16 36/3391/36
f 1963/2212/1963 1952/2211/1952 1971/3381/1971
f 1069/3386/1069 1070/2168/1070 1085/3382/1085
vt 0.2673557 0.9444412
f 1103/3392/1103 1085/3382/1085 1101/3371/1101
vt 0.5732560 0.3748056
f 3285/3393/3285 3286/3385/3286 3277/3362/3277
vt 0.5698720 0.3675683
f 3285/3393/3285 3277/3362/3277 3262/3394/3262
f 3262/3394/3262 3277/3362/3277 3260/3363/3260
f 1058/2195/1058 1057/2151/1057 1069/3386/1069
vt 0.9267120 0.7129435
f 2356/3395/2356 2369/3376/2369 2361/3364/2361
f 2348/3387/2348 2343/3355/2343 2316/3356/2316
f 2316/3356/2316 2317/2161/2317 2318/2205/2318
f 16/3380/16 4/3178/4 12/3256/12
f 2318/2205/2318 2330/2146/2330 2329/2219/2329
f 988/2200/988 962/2199/962 973/2255/973
vt 0.6863801 0.0216089
f 973/2255/973 961/2190/961 974/3396/974
f 974/3396/974 961/2190/961 963/2189/963
vt 0.5078532 0.5046353
f 52/3359/52 14/3379/14 94/3397/94
f 114/3384/114 52/3359/52 94/3397/94
vt 0.5733151 0.3843663
f 3295/3398/3295 3286/3385/3286 3285/3393/3285
vt 0.9192280 0.7124917
f 2370/3399/2370 2369/3376/2369 2356/3395/2356
f 3262/3394/3262 3260/3363/3260 3261/3377/3261
f 2348/3387/2348 2356/3395/2356 2361/3364/2361
vt 0.5708311 0.3598398
f 3263/3400/3263 3261/3377/3261 3269/3372/3269
f 1043/2214/1043 1045/2196/1045 1068/2226/1068
vt 0.9605255 0.7119594
f 2329/2219/2329 2338/2162/2338 2339/3401/2339
f 566/3389/566 567/2175/567 568/2235/568
vt 0.6526375 0.3558136
f 91/3402/91 37/3388/37 54/3373/54
f 1865/3390/1865 1862/2236/1862 1864/2238/1864
f 1864/2238/1864 1861/2237/1861 1863/2222/1863
vt 0.6895728 0.0050858
f 974/3396/974 963/2189/963 975/3403/975
f 989/2257/989 988/2200/988 973/2255/973
vt 0.5132816 0.4896003
f 94/3397/94 14/3379/14 76/3404/76
f 76/3404/76 14/3379/14 36/3391/36
vt 0.5265362 0.4605204
f 36/3391/36 16/3380/16 35/3405/35
vt 0.2697697 0.9494213
f 1091/3406/1091 1069/3386/1069 1085/3382/1085
f 1091/3406/1091 1085/3382/1085 1103/3392/1103
vt 0.0440230 0.9631938
vt 0.0441712 0.9533156
f 2270/2259/2270 2286/3407/2286 2280/3408/2280
vt 0.0397431 0.9718630
f 2288/3409/2288 2286/3407/2286 2270/2259/2270
f 2282/2227/2282 2288/3409/2288 2270/2259/2270
f 3262/3394/3262 3261/3377/3261 3263/3400/3263
f 2273/2228/2273 2282/2227/2282 2270/2259/2270
f 3263/3400/3263 3269/3372/3269 3297/3378/3297
vt 0.5677488 0.3510638
f 3263/3400/3263 3297/3378/3297 3301/3410/3301
vt 0.5934653 0.8098983
f 2396/3411/2396 2390/2240/2390 2385/2246/2385
vt 0.9384512 0.7150558
f 2319/3412/2319 2348/3387/2348 2316/3356/2316
f 2277/2230/2277 2273/2228/2273 2275/2248/2275
vt 0.9392826 0.3719583
f 2652/3413/2652 2650/3365/2650 2651/3383/2651
f 2398/2245/2398 2396/3411/2396 2385/2246/2385
f 2319/3412/2319 2316/3356/2316 2318/2205/2318
f 2651/3383/2651 2669/2180/2669 2655/2244/2655
f 2285/2250/2285 2277/2230/2277 2275/2248/2275
f 2655/2244/2655 2672/2179/2672 2681/2251/2681
vt 0.3929526 0.0635570
f 1863/2222/1863 1861/2237/1861 1860/3414/1860
f 1863/2222/1863 1860/3414/1860 1866/2223/1866
vt 0.7026492 0.0095108
f 974/3396/974 975/3403/975 977/3415/977
vt 0.7019435 0.0250276
f 978/2256/978 973/2255/973 976/3416/976
f 976/3416/976 973/2255/973 974/3396/974
f 976/3416/976 974/3396/974 977/3415/977
vt 0.7066933 0.0500982
f 992/3417/992 989/2257/989 978/2256/978
vt 0.0440230 0.9447434
f 2280/3408/2280 2290/3418/2290 2271/2260/2271
vt 0.6106557 0.8315360
f 2393/2239/2393 2403/3419/2403 2389/2266/2389
vt 0.9248648 0.7090657
f 2366/3420/2366 2370/3399/2370 2356/3395/2356
f 2390/2240/2390 2393/2239/2393 2386/2265/2386
vt 0.9316044 0.7107650
f 2356/3395/2356 2348/3387/2348 2352/3421/2352
f 2390/2240/2390 2386/2265/2386 2385/2246/2385
f 2352/3421/2352 2348/3387/2348 2319/3412/2319
vt 0.5719224 0.3534064
f 3304/3422/3304 3263/3400/3263 3301/3410/3301
f 2385/2246/2385 2386/2265/2386 2387/2268/2387
f 2273/2228/2273 2270/2259/2270 2272/2261/2272
f 2275/2248/2275 2273/2228/2273 2272/2261/2272
f 2652/3413/2652 2651/3383/2651 2655/2244/2655
f 2391/2247/2391 2385/2246/2385 2387/2268/2387
vt 0.9483141 0.7106799
f 2318/2205/2318 2329/2219/2329 2328/3423/2328
f 2278/2249/2278 2275/2248/2275 2272/2261/2272
vt 0.5750831 0.8170722
f 2394/3424/2394 2391/2247/2391 2387/2268/2387
vt 0.5743256 0.8283222
f 2394/3424/2394 2387/2268/2387 2395/3425/2395
vt 0.0068306 0.9541902
f 2278/2249/2278 2272/2261/2272 2289/3426/2289
vt 0.0105406 0.9476501
f 2289/3426/2289 2272/2261/2272 2281/3427/2281
vt 0.6079529 0.3760728
f 12/3256/12 37/3388/37 32/3428/32
vt 0.6291922 0.3656321
f 32/3428/32 37/3388/37 60/3429/60
vt 0.6378979 0.3605028
f 60/3429/60 37/3388/37 86/3430/86
f 1887/2264/1887 1859/2263/1859 1862/2236/1862
vt 0.4069213 0.0877853
f 1859/2263/1859 1858/3431/1858 1862/2236/1862
f 1862/2236/1862 1858/3431/1858 1861/2237/1861
vt 0.4069075 0.0775614
f 1861/2237/1861 1858/3431/1858 1856/3432/1856
f 86/3430/86 37/3388/37 91/3402/91
f 1856/3432/1856 1860/3414/1860 1861/2237/1861
vt 0.7053598 0.0041628
f 979/3433/979 977/3415/977 975/3403/975
f 2270/2259/2270 2280/3408/2280 2271/2260/2271
vt 0.0375487 0.9398274
f 2271/2260/2271 2290/3418/2290 2287/3434/2287
f 2386/2265/2386 2393/2239/2393 2389/2266/2389
f 2366/3420/2366 2356/3395/2356 2352/3421/2352
f 2387/2268/2387 2386/2265/2386 2388/2267/2388
f 2352/3421/2352 2319/3412/2319 2328/3423/2328
vt 0.0283079 0.9421352
f 2272/2261/2272 2271/2260/2271 2274/3435/2274
vt 0.9412568 0.3763428
f 2670/3436/2670 2652/3413/2652 2655/2244/2655
f 2319/3412/2319 2318/2205/2318 2328/3423/2328
vt 0.0310588 0.9384829
vt 0.0195398 0.9387004
vt 0.0151056 0.9427826
f 2279/3437/2279 2284/3438/2284 2276/3439/2276
f 2272/2261/2272 2274/3435/2274 2276/3439/2276
f 2281/3427/2281 2272/2261/2272 2276/3439/2276
vt 0.5742258 0.8331084
f 2395/3425/2395 2387/2268/2387 2399/3440/2399
f 2399/3440/2399 2387/2268/2387 2400/2270/2400
f 16/3380/16 12/3256/12 32/3428/32
vt 0.4085777 0.0634158
f 1856/3432/1856 1857/3441/1857 1860/3414/1860
vt 0.7205058 0.0388960
f 981/3442/981 978/2256/978 976/3416/976
f 992/3417/992 978/2256/978 981/3442/981
vt 0.7192470 0.0298001
f 981/3442/981 976/3416/976 982/3443/982
vt 0.7193985 0.0167455
f 982/3443/982 976/3416/976 983/3444/983
vt 0.7193432 0.0050239
f 976/3416/976 977/3415/977 980/3445/980
f 983/3444/983 976/3416/976 980/3445/980
vt 0.7239060 0.0500450
f 992/3417/992 981/3442/981 993/3446/993
vt 0.5175759 0.4760822
f 76/3404/76 36/3391/36 106/3447/106
vt 0.5396706 0.4388720
f 35/3405/35 16/3380/16 34/3448/34
f 2271/2260/2271 2287/3434/2287 2279/3437/2279
f 2274/3435/2274 2271/2260/2271 2279/3437/2279
vt 0.6006410 0.8395005
f 2389/2266/2389 2397/3449/2397 2388/2267/2388
vt 0.9377295 0.7094278
f 2354/3450/2354 2352/3421/2352 2328/3423/2328
f 2276/3439/2276 2274/3435/2274 2279/3437/2279
f 2387/2268/2387 2388/2267/2388 2392/2269/2392
f 1885/2262/1885 1884/2282/1884 1855/2273/1855
vt 0.4200776 0.0883763
vt 0.4336025 0.0775006
f 1854/3451/1854 1847/3452/1847 1856/3432/1856
f 1858/3431/1858 1854/3451/1854 1856/3432/1856
vt 0.6228755 0.3669035
f 90/3453/90 60/3429/60 86/3430/86
f 1855/2273/1855 1854/3451/1854 1858/3431/1858
f 1859/2263/1859 1855/2273/1855 1858/3431/1858
f 1856/3432/1856 1847/3452/1847 1857/3441/1857
f 980/3445/980 977/3415/977 979/3433/979
vt 0.5244955 0.4614273
f 106/3447/106 36/3391/36 98/3454/98
f 36/3391/36 35/3405/35 98/3454/98
vt 0.5584635 0.4141955
f 34/3448/34 16/3380/16 33/3455/33
f 33/3455/33 16/3380/16 32/3428/32
vt 0.0829341 0.6609282
f 587/2272/587 610/2276/610 613/3456/613
f 32/3428/32 60/3429/60 90/3453/90
f 1855/2273/1855 1884/2282/1884 1846/2281/1846
vt 0.4364097 0.0869902
f 1855/2273/1855 1845/3457/1845 1854/3451/1854
vt 0.4251693 0.0631110
f 1857/3441/1857 1847/3452/1847 1853/3458/1853
vt 0.7353402 0.0048607
f 983/3444/983 980/3445/980 984/3459/984
vt 0.7452156 0.0403014
f 993/3446/993 981/3442/981 986/3460/986
vt 0.7446579 0.0498486
f 999/3461/999 993/3446/993 986/3460/986
vt 0.5884234 0.3884262
f 33/3455/33 32/3428/32 53/3462/53
vt 0.6091375 0.3736356
f 105/3463/105 32/3428/32 90/3453/90
f 1855/2273/1855 1846/2281/1846 1845/3457/1845
f 1854/3451/1854 1845/3457/1845 1847/3452/1847
vt 0.7458475 0.0201916
f 983/3444/983 984/3459/984 985/3464/985
f 986/3460/986 981/3442/981 982/3443/982
f 986/3460/986 982/3443/982 985/3464/985
f 982/3443/982 983/3444/983 985/3464/985
vt 0.5327057 0.4466316
f 98/3454/98 35/3405/35 95/3465/95
vt 0.7619706 0.0503021
f 1005/3466/1005 999/3461/999 986/3460/986
f 35/3405/35 34/3448/34 95/3465/95
vt 0.7632319 0.0405952
f 1005/3466/1005 986/3460/986 991/3467/991
vt 0.4532254 0.1079041
vt 0.4737535 0.1079224
vt 0.4678870 0.1035948
f 1882/3468/1882 1886/3469/1886 1880/3470/1880
vt 0.4538935 0.0988603
f 1882/3468/1882 1880/3470/1880 1843/3471/1843
vt 0.5951383 0.3820647
f 53/3462/53 32/3428/32 101/3472/101
f 1883/2280/1883 1882/3468/1882 1843/3471/1843
f 1883/2280/1883 1843/3471/1843 1846/2281/1846
vt 0.4551634 0.0797307
f 1845/3457/1845 1844/3473/1844 1847/3452/1847
f 1846/2281/1846 1843/3471/1843 1845/3457/1845
f 1843/3471/1843 1844/3473/1844 1845/3457/1845
vt 0.4406894 0.0630305
f 1847/3452/1847 1844/3473/1844 1852/3474/1852
f 101/3472/101 32/3428/32 105/3463/105
f 1847/3452/1847 1852/3474/1852 1853/3458/1853
vt 0.7520422 0.0052100
f 985/3464/985 984/3459/984 987/3475/987
vt 0.7702709 0.0280120
f 991/3467/991 986/3460/986 990/3476/990
f 990/3476/990 986/3460/986 985/3464/985
vt 0.5450908 0.4280115
f 95/3465/95 34/3448/34 85/3477/85
vt 0.7732276 0.0504163
f 1006/3478/1006 1005/3466/1005 991/3467/991
f 996/2284/996 991/3467/991 990/3476/990
f 1006/3478/1006 991/3467/991 996/2284/996
f 85/3477/85 34/3448/34 33/3455/33
vt 0.5002314 0.1086862
vt 0.5214025 0.1079168
f 1889/3479/1889 1890/3480/1890 1888/2287/1888
f 1007/2286/1007 1006/3478/1006 996/2284/996
f 1886/3469/1886 1889/3479/1889 1888/2287/1888
vt 0.5742726 0.3978457
f 33/3455/33 53/3462/53 78/3481/78
f 1886/3469/1886 1888/2287/1888 1874/2289/1874
vt 0.4695337 0.0982182
vt 0.4703929 0.0887150
f 1849/3482/1849 1874/2289/1874 1848/3483/1848
vt 0.5844221 0.3894758
f 78/3481/78 53/3462/53 93/3484/93
f 1880/3470/1880 1886/3469/1886 1874/2289/1874
f 1880/3470/1880 1874/2289/1874 1849/3482/1849
vt 0.4701827 0.0627264
f 1844/3473/1844 1848/3483/1848 1850/3485/1850
f 1843/3471/1843 1880/3470/1880 1849/3482/1849
vt 0.4571594 0.0629934
f 1844/3473/1844 1850/3485/1850 1851/3486/1851
f 93/3484/93 53/3462/53 101/3472/101
f 1849/3482/1849 1848/3483/1848 1843/3471/1843
f 1843/3471/1843 1848/3483/1848 1844/3473/1844
f 1844/3473/1844 1851/3486/1851 1852/3474/1852
f 990/3476/990 985/3464/985 987/3475/987
vt 0.7741685 0.0054799
f 990/3476/990 987/3475/987 994/3487/994
vt 0.7774652 0.0217721
f 1000/3488/1000 990/3476/990 994/3487/994
vt 0.7982696 0.0349916
f 1002/2285/1002 996/2284/996 1001/3489/1001
f 996/2284/996 990/3476/990 1001/3489/1001
f 1001/3489/1001 990/3476/990 1000/3488/1000
vt 0.7971952 0.0059260
f 1000/3488/1000 994/3487/994 1003/3490/1003
vt 0.7978180 0.0209494
f 1004/3491/1004 1000/3488/1000 1003/3490/1003
vt 0.5600910 0.4102772
f 85/3477/85 33/3455/33 103/3492/103
f 1001/3489/1001 1000/3488/1000 1004/3491/1004
vt 0.4998513 0.0922744
f 1874/2289/1874 1879/2288/1879 1876/3493/1876
vt 0.5003478 0.0780627
vt 0.4806702 0.0799720
f 1876/3493/1876 1878/3494/1878 1875/3495/1875
vt 0.4831064 0.0624422
f 1875/3495/1875 1878/3494/1878 1877/3496/1877
f 103/3492/103 33/3455/33 78/3481/78
f 1874/2289/1874 1876/3493/1876 1848/3483/1848
f 1848/3483/1848 1876/3493/1876 1875/3495/1875
f 1875/3495/1875 1877/3496/1877 1850/3485/1850
f 1848/3483/1848 1875/3495/1875 1850/3485/1850
vt 0.5013030 0.0628455
f 1877/3496/1877 1878/3494/1878 1881/3497/1881
# 5286 faces, 3497 coords texture

# End of File
