# https://github.com/mikedh/trimesh
mtllib material.mtl

o mug_tree.obj
usemtl material_0
v -0.01796360 -0.49988890 -0.08507040
v -0.03692380 -0.49991110 0.02897340
v -0.07565520 -0.49988110 0.05859540
v -0.13041050 -0.49990310 -0.05197500
v 0.04391840 -0.49987850 0.02603120
v 0.06346670 -0.49986390 0.11083880
v 0.19840440 -0.49993290 0.11424030
v 0.08143390 -0.49991330 0.21334070
v 0.09707540 -0.49995510 0.20694020
v 0.16173840 -0.49987880 0.16127340
v 0.12762040 -0.49987940 0.18963210
v -0.15881560 -0.49990770 0.07967440
v -0.04973100 -0.49987960 0.16290040
v -0.19775510 -0.49976120 -0.11177070
v -0.16646570 -0.49987290 -0.14185840
v -0.20174650 -0.49990930 -0.03142230
v -0.15475200 -0.49982810 -0.16724340
v -0.09631810 -0.49980560 -0.20746620
v -0.04406990 -0.49995840 -0.22476570
v -0.10961760 -0.49990780 -0.13115670
v 0.12733120 -0.49989670 -0.04882640
v 0.16664170 -0.49994260 -0.15574990
v 0.19916670 -0.49998900 -0.11187830
v 0.06408520 -0.49989860 -0.14637320
v 0.22490290 -0.49995270 -0.04467460
v 0.22537780 -0.49996690 0.04063740
v 0.21545980 -0.50000790 -0.07722060
v 0.05083770 -0.49991590 -0.22343130
v 0.08846210 -0.49996800 -0.21082610
v 0.11049560 -0.49997990 -0.20046590
v 0.13615260 -0.49989330 -0.18349740
v -0.21982740 -0.49979920 0.06241200
v -0.22932920 -0.49970280 -0.00439780
v -0.22526310 -0.49977360 -0.03752110
v -0.21907270 -0.49973100 -0.06399670
v -0.21114960 -0.49975100 -0.08553330
v -0.20066690 -0.49979510 0.10819870
v -0.16539030 -0.49990450 0.14837720
v -0.10131760 -0.49987560 0.20497940
v -0.06807600 -0.49990550 0.21875890
v 0.04217420 -0.49982440 0.22491140
v -0.02296750 -0.49980590 0.22832890
v 0.01194660 -0.49974790 0.22941830
v 0.14525250 -0.49989680 0.02531750
v 0.21445440 -0.49993820 0.08118000
v -0.02354450 -0.49988820 -0.22846420
v 0.02027760 -0.49990100 -0.22863910
v 0.22055390 -0.49996490 -0.06448870
v -0.15470960 -0.49975540 0.16825780
v 0.22853790 -0.49989130 -0.02235830
v 0.22942010 -0.49991040 0.01303960
v -0.18944990 -0.49969520 -0.12699670
v -0.22559670 -0.49971140 0.03808870
v -0.19226240 -0.49955960 0.12470780
v -0.07747510 -0.49978280 -0.21559430
v -0.11633130 -0.49968440 -0.19713010
v 0.19140300 -0.49981260 0.12705770
v -0.18166970 -0.49929170 -0.13922510
v 0.06500320 -0.49977170 0.22018220
v -0.21130490 -0.49970570 0.08659640
v 0.07500520 -0.49986020 -0.21677230
v 0.19073650 -0.49983740 -0.12663860
v -0.11666300 -0.49960000 0.19810560
v 0.22080190 -0.49975430 0.06556170
v 0.11327600 -0.49978930 0.19930270
v -0.06564990 -0.49969490 -0.22041300
v 0.20784710 -0.49983660 -0.09680050
v -0.09071180 -0.49968000 0.21129670
v -0.04936210 -0.49960600 0.22492540
v -0.14144390 -0.49958530 -0.17955770
v 0.14799450 -0.49964460 0.17506650
v 0.20837550 -0.49965770 0.09800350
v 0.12497970 -0.49979080 -0.19158290
v -0.17866150 -0.49910540 0.14365610
v -0.10848210 -0.49953690 0.20260710
v -0.20735340 -0.49932440 -0.09616790
v 0.17909660 -0.49934290 0.14362770
v -0.22926680 -0.49893270 0.02009620
v -0.12777030 -0.49896550 -0.19102910
v 0.14803750 -0.49962390 -0.17356570
v 0.07850900 -0.49940620 0.21569380
v -0.00142300 -0.49878210 -0.23071380
v -0.13225570 -0.49875800 0.18801890
v -0.00100390 -0.49867660 0.23087780
v -0.22885150 -0.49851610 -0.02507280
v -0.20812590 -0.49863420 0.09700330
v 0.23077430 -0.49883070 0.00066670
v -0.16349270 -0.49866570 0.16110230
v 0.03022170 -0.49871290 0.22825990
v -0.21487020 -0.49870850 0.08065830
v -0.20029560 -0.49877660 0.11183000
v 0.22871120 -0.49874850 0.02902300
v -0.22754390 -0.49868100 0.03417510
v -0.19988660 -0.49841370 -0.11153550
v -0.22430870 -0.49850630 -0.04863760
v -0.09834090 -0.49861550 -0.20809300
v -0.16214210 -0.49818830 -0.16216090
v -0.21957200 -0.49869670 -0.06612380
v 0.03206870 -0.49879930 -0.22791580
v -0.03172470 -0.49870840 0.22838670
v -0.22472020 -0.49849240 0.04794740
v -0.08108430 -0.49875360 -0.21506500
v -0.23049710 -0.49850000 -0.00017150
v -0.14910660 -0.49864920 0.17440520
v -0.22026340 -0.49860280 0.06502260
v -0.21375480 -0.49842140 -0.08245480
v -0.02679630 -0.49873910 -0.22907570
v -0.11415850 -0.49863770 -0.19941910
v 0.22404410 -0.49872660 0.05342470
v -0.05091400 -0.49864690 -0.22442430
v 0.22936300 -0.49875290 -0.02292810
v 0.22759270 -0.49891290 -0.03534540
v 0.22392820 -0.49880010 -0.05324980
v -0.19010660 -0.49783230 -0.12844150
v -0.14484660 -0.49810110 -0.17780500
v 0.05099450 -0.38872540 -0.02678520
v 0.03157080 -0.38871370 -0.01685360
v 0.03522140 -0.38876530 -0.00153610
v 0.02169040 -0.38865120 -0.02822560
v 0.00986060 -0.38859530 -0.03197910
v 0.03375420 -0.38877030 0.00881380
v 0.02824740 -0.38882110 0.04991740
v 0.05443770 -0.38894010 0.04687970
v 0.06961590 -0.38896860 0.01838350
v 0.07155220 -0.38900540 -0.01523210
v 0.06376090 -0.38897410 -0.03733140
v 0.03670580 -0.38901070 -0.06131420
v -0.01581130 -0.38873600 -0.05687390
v -0.00061400 -0.38864190 -0.03426360
v -0.02019190 -0.38850780 -0.02962470
v -0.05663850 -0.38896680 -0.04633190
v -0.03058620 -0.38854130 -0.01428130
v -0.06697820 -0.38892910 -0.02774960
v -0.03386010 -0.38857200 -0.00644280
v -0.03311300 -0.38862150 0.00870170
v -0.05498860 -0.38890080 0.04773690
v -0.02900790 -0.38866280 0.01698750
v -0.01459760 -0.38885390 0.05436650
v -0.07212870 -0.38917290 0.01609840
v -0.06498930 -0.38908590 0.03580460
v -0.07430770 -0.38919410 -0.00154550
v -0.04504160 -0.38906190 -0.05628510
v -0.01468850 -0.38917950 -0.06979720
v 0.01520890 -0.38918280 -0.06975650
v -0.02339100 -0.38875960 0.02637180
v -0.01384730 -0.38875760 0.02967490
v -0.00268280 -0.38855640 0.03277960
v 0.02892180 -0.38887650 0.01769580
v 0.02459790 -0.38889910 0.02251490
v 0.01202650 -0.38883410 0.03042200
v 0.02652760 -0.38915170 0.06587210
v 0.04131190 -0.38915690 0.05839950
v 0.00780070 -0.38919270 0.06990760
v -0.03547700 -0.38916020 0.06144430
v -0.01355150 -0.38947490 0.06929210
v 0.04989710 -0.38939540 -0.05351040
v 0.07299840 -0.38935330 0.00014160
v -0.00042990 -0.38964870 -0.07194890
v 0.01753440 -0.38843460 -0.02857970
v 0.02363360 -0.38829460 -0.02429370
v -0.02990860 -0.38953160 -0.06499230
v -0.02411040 -0.38842900 0.02279550
v -0.02080070 -0.38836020 0.02558010
v -0.07345760 -0.38993310 -0.01620440
v 0.02805870 -0.38838150 -0.01964520
v 0.03196710 -0.38849880 -0.01352760
v -0.06580990 -0.38987100 -0.03555260
v 0.06464670 -0.38977590 0.03239540
v -0.02733740 -0.38988100 0.06593200
v 0.07851960 -0.39701840 -0.01915900
v 0.08139880 -0.39806930 -0.00100770
v 0.00133210 -0.39426280 0.07455830
v 0.07499040 -0.39495870 0.01832130
v 0.07414170 -0.40089010 0.03668540
v 0.06487560 -0.40091760 0.05006560
v 0.05749930 -0.39498930 0.04993870
v -0.04555460 -0.39584700 0.06197810
v -0.01588880 -0.39748910 0.07630120
v -0.03056040 -0.39647760 0.07073300
v 0.04634320 -0.39608900 0.06112630
v 0.02980490 -0.39489270 0.06952420
v 0.01244000 -0.39682210 0.07593590
v -0.07744850 -0.39644580 0.02025760
v -0.07854210 -0.39414070 -0.00081980
v -0.06803220 -0.39510530 -0.04028810
v -0.08013450 -0.39869730 -0.02010830
v -0.06122220 -0.39543260 0.04808810
v -0.07027750 -0.39731990 0.03985550
v 0.22885810 -0.45488670 0.00145440
v 0.23053150 -0.45834190 0.00174340
v 0.22906500 -0.45789760 -0.02298620
v 0.22834350 -0.45776510 0.02929570
v 0.22348720 -0.45063620 -0.02246040
v 0.22274640 -0.45067250 0.02739320
v 0.22403280 -0.45011120 0.00088820
v 0.22163990 -0.45481520 0.05439340
v 0.21746250 -0.45041360 0.05226870
v 0.21493460 -0.45358440 0.07244940
v 0.21125150 -0.45050790 0.07247950
v 0.20166670 -0.45068820 0.09495030
v 0.21449190 -0.44536200 0.00099430
v 0.20683030 -0.44668710 0.06208410
v 0.20857730 -0.44399090 0.02740090
v 0.21188760 -0.44482450 -0.02279150
v 0.19611290 -0.44654970 0.08788690
v 0.19921520 -0.44270160 0.05178950
v 0.18882830 -0.44252780 0.08098790
v 0.19324580 -0.43729400 0.00037350
v 0.18881990 -0.43692040 0.02588120
v 0.17990400 -0.43697830 0.05834270
v 0.18917150 -0.43704220 -0.02850880
v 0.17004770 -0.43748450 0.08694460
v 0.18126710 -0.44629500 0.11466420
v 0.17502670 -0.44173130 0.10305180
v 0.19904790 -0.44232710 -0.05379200
v 0.20923830 -0.44633140 -0.05330750
v 0.21834680 -0.45051370 -0.04989140
v 0.16526830 -0.44413720 0.12870570
v 0.14245050 -0.43764510 0.12678950
v 0.14593730 -0.44279450 0.14482890
v 0.12785210 -0.43753550 0.14148720
v 0.13288980 -0.44494150 0.16420410
v 0.10764530 -0.44300480 0.17610520
v 0.09715950 -0.43755060 0.16454980
v 0.15122730 -0.44647310 0.15148500
v 0.19974850 -0.44626300 -0.08062320
v 0.18884150 -0.44206350 -0.08008900
v 0.08688760 -0.44558640 0.19527580
v 0.07841260 -0.43756510 0.17542150
v 0.06055270 -0.44255830 0.19689510
v 0.05361110 -0.43752220 0.18356250
v 0.03226370 -0.43778070 0.19018230
v 0.03596940 -0.44267440 0.20360260
v 0.11502620 -0.44637280 0.18070610
v 0.06474570 -0.44659670 0.20603940
v 0.18432240 -0.44623430 -0.10923580
v 0.17588460 -0.44084270 -0.09768170
v 0.15662820 -0.44212870 -0.13134660
v 0.17127380 -0.44629640 -0.12859580
v 0.14680220 -0.44619960 -0.15661240
v 0.17196890 -0.45070260 0.14063990
v 0.15681630 -0.45064430 0.15708890
v 0.21063300 -0.45032020 -0.07232580
v 0.18880960 -0.45054850 0.11717610
v 0.14142180 -0.45183430 0.17291840
v 0.20065890 -0.45053850 -0.09587370
v 0.18531610 -0.45046490 -0.12122720
v 0.16581190 -0.45017560 -0.14569960
v 0.11550900 -0.45061480 0.18901220
v 0.09416820 -0.45027150 0.20078410
v 0.06177950 -0.45119380 0.21531190
v 0.12320310 -0.45416610 0.18907340
v 0.20299850 -0.45404540 0.10055010
v 0.17689440 -0.45375320 0.13976350
v 0.18647920 -0.45417040 0.12778060
v 0.15977350 -0.45437560 0.15979980
v 0.09501800 -0.45426260 0.20466790
v 0.02473100 -0.46025200 -0.22864670
v 0.05138920 -0.46131450 -0.22419360
v 0.03495640 -0.46226690 -0.22738770
v 0.04772200 -0.45352580 -0.22098570
v 0.02219320 -0.45438050 -0.22572280
v 0.05852520 -0.45767960 -0.22066470
v -0.00062440 -0.45658080 -0.22880890
v 0.07144920 -0.45361810 -0.21415650
v 0.07933440 -0.45712300 -0.21348900
v 0.09359020 -0.45387220 -0.20559960
v -0.00088750 -0.45137720 -0.22426000
v 0.02949050 -0.44969730 -0.21959060
v 0.05297990 -0.45010680 -0.21573850
v 0.08005190 -0.44977150 -0.20645660
v 0.09822790 -0.44984950 -0.19836680
v 0.10785150 -0.45393940 -0.19806280
v 0.06268370 -0.44582380 -0.20620370
v 0.02719550 -0.44637410 -0.21481400
v 0.12080000 -0.45036630 -0.18553950
v 0.08543180 -0.44558460 -0.19702880
v -0.00276790 -0.44643910 -0.21680210
v 0.10038430 -0.44609310 -0.19038410
v 0.12088260 -0.44612270 -0.17731620
v 0.03342230 -0.44200790 -0.20304170
v -0.00224690 -0.44130910 -0.20401180
v 0.06701150 -0.43782950 -0.18140360
v 0.03056820 -0.43762120 -0.19034150
v -0.00124550 -0.43766820 -0.19343940
v 0.11147680 -0.44232420 -0.17242230
v 0.08801510 -0.43740870 -0.17034400
v -0.03625640 -0.44594790 -0.21215900
v -0.03753510 -0.44210590 -0.20273820
v -0.03286220 -0.43795150 -0.19049830
v 0.10925080 -0.43709820 -0.15454470
v 0.13813800 -0.44190050 -0.15023610
v 0.13405740 -0.43722860 -0.13566690
v 0.06399940 -0.43395920 -0.16262050
v 0.03083620 -0.43391150 -0.17050980
v 0.03365240 -0.42812210 -0.14469070
v 0.05299240 -0.42664520 -0.13386870
v 0.02745310 -0.42200130 -0.12363850
v 0.04654270 -0.42260950 -0.12040160
v 0.02038000 -0.41539650 -0.10441460
v 0.04639300 -0.41569910 -0.09708540
v -0.00149760 -0.41529640 -0.10692100
v -0.00029960 -0.42236090 -0.12845860
v -0.00023860 -0.42877640 -0.15137230
v -0.00019250 -0.43385920 -0.17273270
v -0.02313440 -0.43395060 -0.17094910
v 0.06427030 -0.42118460 -0.10670310
v 0.07790960 -0.42665690 -0.12187700
v 0.08731820 -0.43361090 -0.15071470
v 0.10839920 -0.43377230 -0.13692620
v 0.07293040 -0.41587230 -0.08050550
v 0.09021960 -0.42485350 -0.10489040
v 0.07287060 -0.41883620 -0.09145920
v -0.02885770 -0.42347620 -0.12852770
v -0.02094090 -0.41538620 -0.10463780
v -0.02589030 -0.43204100 -0.16161750
v -0.00127520 -0.41141890 -0.09806600
v 0.02248810 -0.41167880 -0.09591990
v 0.12569300 -0.43404900 -0.12283760
v 0.10849800 -0.42636130 -0.09608500
v 0.08991470 -0.41950440 -0.07842270
v 0.04300130 -0.40762320 -0.07977620
v 0.13198680 -0.43124720 -0.09860820
v -0.05334480 -0.43243480 -0.15522720
v -0.04771300 -0.42349560 -0.12342710
v -0.03785750 -0.41558990 -0.10034440
v -0.06644190 -0.43783000 -0.18102880
v -0.07146270 -0.43216650 -0.14777860
v -0.08248270 -0.43804680 -0.17582950
v -0.06580840 -0.44052950 -0.19032520
v -0.06862540 -0.42333800 -0.11444210
v -0.05012530 -0.41563860 -0.09541330
v -0.08497170 -0.44172410 -0.18695090
v -0.06563950 -0.44589800 -0.20535200
v -0.02372830 -0.41178940 -0.09585200
v 0.15935700 -0.43685290 -0.10168290
v -0.09849330 -0.43787400 -0.16530420
v -0.08173120 -0.43150490 -0.13960420
v -0.10152250 -0.43244680 -0.13174460
v -0.09600110 -0.42687090 -0.11097020
v -0.08002660 -0.42058450 -0.09593230
v -0.06855800 -0.41551480 -0.08212200
v -0.10847850 -0.44161590 -0.17350740
v -0.13349080 -0.43779100 -0.13776080
v -0.11541130 -0.43165090 -0.11656560
v -0.12380800 -0.44228400 -0.16500880
v -0.08707130 -0.44663100 -0.19834360
v -0.04354050 -0.41149980 -0.08816460
v 0.14607330 -0.43489920 -0.10129480
v 0.16017430 -0.43450040 -0.07388510
v 0.12458820 -0.42690970 -0.07559030
v 0.11141270 -0.42275110 -0.06800250
v 0.09373280 -0.41653590 -0.05881270
v 0.17411300 -0.43712200 -0.07654890
v 0.18169040 -0.43682370 -0.05442830
v 0.16623360 -0.43415820 -0.05292850
v 0.16712110 -0.43269620 -0.02299170
v 0.13738720 -0.42792480 -0.05467120
v 0.14464940 -0.42771430 -0.02487170
v 0.10180070 -0.41585180 -0.03997220
v 0.12342420 -0.42321990 -0.04498640
v 0.12821950 -0.42308070 -0.02317530
v 0.17140630 -0.43277870 0.00066270
v 0.14603640 -0.42715560 0.00159310
v -0.12533350 -0.43127020 -0.10330780
v -0.14715030 -0.43788620 -0.12327010
v -0.16524890 -0.43772320 -0.09737600
v -0.14560470 -0.43126750 -0.07184070
v -0.17568440 -0.43755180 -0.07784870
v -0.08859490 -0.41519050 -0.06053920
v -0.09791430 -0.42124790 -0.08163220
v -0.12125400 -0.42547220 -0.07195340
v 0.16656450 -0.43248290 0.02372140
v 0.12510770 -0.42160770 0.00175720
v -0.18333820 -0.43719820 -0.05236940
v -0.15355620 -0.43061430 -0.04201610
v -0.13225170 -0.42649430 -0.05491860
v 0.13476660 -0.42527750 0.02414720
v 0.15511760 -0.43176050 0.05000920
v 0.13315910 -0.42599040 0.04140310
v 0.15432940 -0.43455450 0.08626860
v -0.18994930 -0.43748100 -0.02985850
v -0.19295390 -0.43734940 0.00003090
v -0.16401090 -0.43121900 0.00040040
v -0.13804290 -0.42638820 -0.03082810
v -0.14629030 -0.42734050 0.00504340
v 0.12832080 -0.42770580 0.07233490
v -0.17543460 -0.43437650 0.02886520
v -0.19185560 -0.43793430 0.02949860
v -0.15532270 -0.43079860 0.03558240
v -0.16346390 -0.43377780 0.07043730
v -0.13552080 -0.42733860 0.05643460
v -0.12961120 -0.42779530 0.07699350
v -0.14828150 -0.43277900 0.09181330
v 0.12984420 -0.43507190 0.12538390
v 0.13226590 -0.43216830 0.10462250
v 0.10442650 -0.42499950 0.09045970
v -0.13288780 -0.43275040 0.11392770
v 0.11761800 -0.43156530 0.11922660
v 0.09037410 -0.42471580 0.10441150
v 0.09454450 -0.43077650 0.13511200
v 0.07992050 -0.42653540 0.12145280
v 0.05521430 -0.42503920 0.12671370
v 0.07308320 -0.43111130 0.14859260
v 0.11339160 -0.42335650 0.06554260
v -0.11823310 -0.42663000 0.08626830
v -0.10513410 -0.42757930 0.10850470
v -0.11964480 -0.43272770 0.12759780
v -0.07929530 -0.42587400 0.11933980
v -0.10110920 -0.43301190 0.14373680
v -0.07493690 -0.43251110 0.15587560
v -0.04722050 -0.42604920 0.13434330
v 0.04814520 -0.43078670 0.15546000
v 0.02726270 -0.42226230 0.12385310
v 0.06395510 -0.42231080 0.11149270
v 0.02239930 -0.43186630 0.16620230
v 0.02464400 -0.42718340 0.14463420
v 0.00337120 -0.42364450 0.13201590
v -0.00338080 -0.43159230 0.16651790
v -0.00194480 -0.43788440 0.19401030
v -0.01963630 -0.42437100 0.13328630
v -0.03375700 -0.43171100 0.16338490
v -0.03308900 -0.43761130 0.18958910
v -0.05752570 -0.43738450 0.18254440
v -0.17892020 -0.43780080 0.07315060
v -0.09078250 -0.42270540 0.09463710
v -0.06844290 -0.42159310 0.10590280
v -0.10814060 -0.42206300 0.06993640
v -0.12357730 -0.42364100 0.04748410
v -0.12875010 -0.42358990 0.02333290
v -0.12985640 -0.42301770 0.00122930
v -0.12684950 -0.42332340 -0.03291600
v -0.04826370 -0.42271040 0.12039140
v 0.09846590 -0.41590230 0.04064430
v -0.16760130 -0.43772020 0.09493440
v 0.03801360 -0.41583230 0.09862080
v -0.09645350 -0.41521210 -0.04507120
v 0.06737690 -0.41536570 0.08045630
v 0.08093090 -0.41561320 0.06729400
v 0.04730570 -0.41496790 0.09260200
v 0.09350030 -0.41567270 0.04883690
v -0.08101660 -0.43802620 0.17610130
v 0.10437920 -0.41593550 0.02278650
v -0.10373520 -0.41546410 -0.02532660
v -0.10621570 -0.41515230 -0.00147050
v 0.10885860 -0.41650850 -0.02193170
v -0.14676640 -0.43782440 0.12472100
v -0.07479730 -0.41541280 0.07386310
v -0.05865310 -0.41560600 0.08840010
v -0.17645810 -0.44206580 -0.10418150
v -0.16103550 -0.44188880 -0.12548440
v -0.14432440 -0.44233010 -0.14541000
v -0.03857290 -0.41576200 0.09969890
v -0.01683500 -0.41564240 0.10475710
v -0.00037580 -0.41552310 0.10527240
v 0.01764430 -0.41559570 0.10379150
v -0.08888360 -0.41507430 0.05743860
v -0.09841920 -0.41502280 0.03867020
v -0.10343110 -0.41505910 0.01978120
v 0.10804440 -0.41558160 0.00012740
v -0.06412240 -0.41127160 -0.07300440
v -0.08468530 -0.41170970 -0.05285680
v -0.08856550 -0.41009850 -0.03873430
v -0.10724790 -0.44657620 -0.18619150
v 0.05776560 -0.40767190 -0.06996010
v 0.06979410 -0.40714790 -0.05821500
v 0.07974920 -0.40739890 -0.04824750
v 0.08710830 -0.40750560 -0.03414450
v -0.14988840 -0.44648870 -0.15186820
v -0.16950490 -0.44988460 -0.13988420
v -0.05665530 -0.41131920 0.07814240
v -0.08064990 -0.41151070 0.05627880
v -0.18685810 -0.45046300 -0.11840730
v -0.03871040 -0.40761900 -0.08244100
v -0.01895630 -0.40779670 -0.08940040
v -0.00111770 -0.40755760 -0.09141190
v 0.01547340 -0.40776930 -0.08994460
v 0.03496890 -0.40770280 -0.08435250
v -0.03660170 -0.41172470 0.09052080
v -0.01722140 -0.41098300 0.09443980
v 0.00122310 -0.41147920 0.09643370
v 0.09145300 -0.40724650 -0.02075650
v 0.01423300 -0.40888980 0.09026470
v 0.07464630 -0.40792560 0.05103480
v 0.05479340 -0.40821640 0.07099150
v 0.06298090 -0.40729560 0.06194950
v -0.09192430 -0.41171450 0.03653210
v -0.09544020 -0.41093820 0.02214750
v -0.09971750 -0.41173120 0.00121130
v -0.09329420 -0.40925990 -0.02261970
v 0.03309420 -0.40840950 0.08434320
v 0.04527440 -0.40759740 0.07659800
v 0.14191340 -0.45021810 -0.16939060
v -0.14183950 -0.45311250 -0.17453630
v -0.15867430 -0.45292620 -0.15897720
v -0.03877510 -0.44980300 -0.21823320
v -0.05647970 -0.40694250 -0.06917710
v -0.07873540 -0.40733550 -0.04912690
v 0.09345040 -0.40752410 0.00017600
v 0.08376610 -0.40812350 0.03719660
v 0.09050630 -0.40823580 0.02031730
v -0.11313880 -0.45007240 -0.18893870
v -0.12674350 -0.45460520 -0.18770800
v -0.06798200 -0.44949640 -0.21009400
v -0.09848030 -0.45500480 -0.20510290
v -0.11072190 -0.45535810 -0.19822760
v -0.18245630 -0.45376080 -0.13193210
v -0.17444140 -0.45388860 -0.14268810
v -0.09195300 -0.40646520 0.00041100
v 0.02995620 -0.39936520 -0.07466530
v 0.00138170 -0.40674850 0.08882460
v 0.01407550 -0.39864540 -0.07869100
v -0.03643530 -0.40659590 0.08209720
v -0.05164800 -0.40744280 0.07385990
v -0.06997600 -0.40750440 0.05830720
v -0.07771460 -0.40579260 0.04653190
v 0.04105900 -0.39891460 -0.06828020
v 0.05180760 -0.40049260 -0.06330770
v -0.05214700 -0.45458460 -0.22096120
v 0.07816000 -0.40073980 -0.03208480
v -0.08301430 -0.40558230 0.03498090
v -0.01629490 -0.39891620 -0.07852920
v 0.07128120 -0.39921890 -0.04209650
v 0.08143170 -0.40114070 0.01919770
v -0.07356010 -0.45529570 -0.21510240
v -0.03197320 -0.39843400 -0.07286900
v -0.04968530 -0.40156790 -0.06648100
v -0.00027600 -0.39777140 -0.07959740
v -0.18900030 -0.45379910 -0.12263250
v -0.02948610 -0.45435080 -0.22458400
v -0.07269090 -0.40007200 -0.04183430
v -0.06670480 -0.40170940 -0.05157220
v -0.08335690 -0.40150120 0.01936760
v -0.19786500 -0.45310320 -0.10658460
v -0.08513710 -0.40060990 -0.00101240
v 0.15125170 -0.45384440 -0.16602100
v 0.12652400 -0.45416410 -0.18649520
v 0.06088030 -0.39663480 -0.05048780
v -0.20427940 -0.45156260 -0.09324520
v -0.06236440 -0.40176450 0.05584560
v -0.04914850 -0.39449570 -0.05847710
v 0.05370770 -0.39463060 -0.05489310
v 0.03202100 -0.40215770 0.07674100
v -0.02674760 -0.46021000 -0.22809520
v -0.05232930 -0.46128500 -0.22396770
v -0.09880410 -0.46275200 -0.20787420
v -0.00008300 -0.46228340 -0.23078360
v -0.07417470 -0.46277410 -0.21742480
v -0.02845410 -0.46289510 -0.22849110
v -0.15003330 -0.45329130 0.16712920
v -0.13857310 -0.46138860 0.18263220
v -0.13563360 -0.45207240 0.17814820
v -0.15855610 -0.46058820 0.16543830
v -0.12836690 -0.46109350 0.18996820
v -0.12530880 -0.45277380 0.18669870
v -0.11734270 -0.45178760 0.19124260
v -0.11894350 -0.46103150 0.19599220
v -0.10483500 -0.45188120 0.19889670
v -0.10256180 -0.46026150 0.20532770
v -0.09010700 -0.45123240 0.20570330
v -0.16858560 -0.45340520 0.14878050
v -0.18029750 -0.46074470 0.14115000
v -0.16593050 -0.46154370 0.15799870
v -0.18103920 -0.45228540 0.13257670
v -0.15798110 -0.45047920 0.15452910
v -0.18950270 -0.46152620 0.12863510
v -0.18974060 -0.45193310 0.11946670
v -0.19810730 -0.46126300 0.11466280
v -0.19704740 -0.45195490 0.10722010
v -0.15378920 -0.44640280 0.14822780
v -0.17136200 -0.44625910 0.12736070
v -0.12859840 -0.44589590 0.16887610
v -0.10720830 -0.44621610 0.18518750
v -0.18834540 -0.44616340 0.10147490
v -0.13679160 -0.44084570 0.14712940
v -0.15651760 -0.44178860 0.12940350
v -0.19797110 -0.44648470 0.08479570
v -0.20373340 -0.45169850 0.09426410
v -0.17841270 -0.44179060 0.09879330
v -0.08007660 -0.44449070 0.19581030
v -0.09882730 -0.44177620 0.17809570
v -0.13339430 -0.43796100 0.13948760
v -0.10526720 -0.43736420 0.15899060
v -0.18838520 -0.44206780 0.08130070
v -0.07774470 -0.45076870 0.21000650
v -0.20681230 -0.44629240 0.06171570
v -0.21184320 -0.45148530 0.07490850
v -0.19809890 -0.44183970 0.05311260
v -0.06120280 -0.44424620 0.20189510
v -0.20363260 -0.44192240 0.03132550
v -0.03222270 -0.44286850 0.20498820
v -0.21324860 -0.44602130 0.03004130
v -0.20605480 -0.44196900 -0.00007510
v -0.00006360 -0.44288990 0.20748000
v -0.04951150 -0.45030270 0.21815070
v -0.02641440 -0.45013560 0.22226420
v 0.00064340 -0.45009560 0.22416080
v 0.01894420 -0.45035970 0.22304220
v -0.20578730 -0.44339990 -0.03312250
v -0.21661310 -0.44647650 -0.00087710
v -0.20280580 -0.44377890 -0.05299140
v -0.19780400 -0.44388340 -0.06889570
v -0.18892170 -0.44330280 -0.08690070
v 0.03314510 -0.45044940 0.22138540
v -0.22245350 -0.45187050 -0.03668070
v -0.21881660 -0.45194490 -0.05496190
v -0.22443170 -0.45188850 -0.02476060
v -0.22513410 -0.45101530 -0.00034840
v -0.22392680 -0.45180520 0.02936320
v -0.21972980 -0.45195430 0.05116260
v -0.21165370 -0.45157220 -0.07617590
v 0.04750040 -0.45081970 0.21877430
v -0.21570350 -0.45250940 0.06670300
v -0.07443360 -0.45244680 0.21306970
v 0.03209380 0.22088010 -0.00963470
v 0.03335930 0.14539130 -0.00035310
v 0.03188180 0.08353650 -0.01015870
v 0.03343270 0.19540340 -0.00137300
v 0.03340470 0.28387230 -0.00120620
v 0.03293150 0.28476330 -0.00565150
v 0.03150590 0.28730660 -0.01242270
v 0.03357390 0.06007190 -0.00119440
v 0.03185670 -0.03660410 -0.00974690
v 0.03341920 -0.04326000 -0.00055130
v 0.03282080 -0.08233530 -0.00893500
v 0.03434640 -0.07942650 -0.00242000
v 0.03101270 0.20218160 -0.01285920
v 0.03092470 0.08743600 -0.01290580
v 0.03070270 -0.03633060 -0.01291290
v 0.03409080 -0.07956690 0.00327960
v 0.03340030 0.06498780 0.00188310
v 0.03326330 0.20419040 0.00175960
v 0.03305930 0.28392760 0.00328910
v 0.03084590 -0.08767200 -0.01317820
v 0.02791320 0.05400560 -0.01861980
v 0.02798590 0.16960200 -0.01856130
v 0.02860080 0.29360420 -0.01759370
v 0.02693100 0.08922580 -0.01979670
v 0.02757290 -0.04983190 -0.01837770
v 0.02898500 -0.09371730 -0.01605740
v 0.02420200 0.27587110 -0.02338940
v 0.02438380 0.32325840 -0.02364570
v 0.02508150 -0.09545450 -0.02099480
v 0.02373400 0.07049100 -0.02386160
v 0.02371130 0.01971630 -0.02361440
v 0.02910750 -0.10858820 -0.01667340
v 0.02376690 0.16697460 -0.02373620
v 0.02326600 0.09076920 -0.02407630
v 0.02333000 -0.13297940 -0.02293420
v 0.02267140 -0.05465540 -0.02355460
v 0.02372050 -0.24274660 -0.02334090
v 0.02791640 -0.14535660 -0.01800900
v 0.02810790 -0.23595280 -0.01841470
v 0.02845460 -0.33536130 -0.01903280
v 0.02414610 -0.34039410 -0.02387950
v 0.02363360 -0.38829460 -0.02429370
v 0.03150620 -0.29641990 -0.01281590
v 0.03258350 -0.36793580 -0.01191920
v 0.03285620 -0.30269140 -0.00916900
v 0.03277890 -0.21100600 -0.00863350
v 0.03221550 -0.14833530 -0.01029600
v 0.03247920 -0.11519340 -0.01139460
v 0.02805870 -0.38838150 -0.01964520
v 0.03484050 -0.11879840 -0.00125240
v 0.03413890 -0.15366550 -0.00128760
v 0.03492850 -0.34929570 -0.00127810
v 0.03522140 -0.38876530 -0.00153610
v 0.03441840 -0.28465980 -0.00143270
v 0.03196710 -0.38849880 -0.01352760
v 0.03402990 -0.20850470 0.00190880
v 0.03423810 -0.31362060 0.00234130
v 0.03439650 -0.11865490 0.00319500
v 0.01857790 0.07706620 -0.02808480
v 0.01907800 0.28420940 -0.02760910
v 0.02104790 0.32893880 -0.02650540
v 0.02682340 0.34918550 -0.02119450
v 0.02890880 0.31340980 -0.01845620
v 0.03253980 0.35530890 -0.01135120
v 0.03340700 0.32214730 -0.01001630
v 0.03031700 0.42129390 -0.01659020
v 0.03327930 0.41806450 -0.00959760
v 0.03438860 0.43699550 -0.01164760
v 0.03197130 0.44238560 -0.01807460
v 0.03742860 0.45250370 -0.01123240
v 0.02679230 0.42165350 -0.02179690
v 0.03618730 0.47083450 -0.02314870
v 0.04174460 0.47282950 -0.01212300
v 0.04330210 0.49941050 -0.02111840
v 0.04644010 0.49913100 -0.01213630
v 0.04004080 0.49909750 -0.02651150
v 0.03407270 0.35634830 -0.00125280
v 0.03504500 0.32573000 -0.00063870
v 0.03610310 0.43618150 -0.00074830
v 0.03419080 0.41215400 -0.00097910
v 0.04474250 0.47819250 -0.00108270
v 0.02717150 0.44279330 -0.02476560
v 0.03974940 0.45516140 -0.00102740
v 0.04808230 0.49914430 -0.00089600
v 0.04488860 0.50012270 -0.01741030
v 0.03209400 0.49623070 -0.03540890
v 0.02772930 0.47264080 -0.03318770
v 0.03382670 0.50021050 -0.03383660
v 0.02802390 0.30193150 -0.01895210
v 0.02220420 0.41925140 -0.02631600
v 0.03104120 0.31569250 -0.01511940
v 0.04685650 0.49887780 0.01007960
v 0.02071550 0.43853640 -0.02958810
v 0.02095660 0.46120360 -0.03496030
v 0.02155970 0.49923980 -0.04352080
v 0.03261520 0.36482020 0.00927500
v 0.03305420 0.41574000 0.00941500
v 0.03583280 0.44072140 0.00845040
v 0.03295540 0.33612670 0.00889890
v 0.03344030 0.32316920 0.00882980
v 0.04307370 0.47605860 0.00958050
v 0.03375420 -0.38877030 0.00881380
v 0.03303540 -0.33053510 0.00918990
v 0.03279490 -0.25176860 0.00956130
v 0.03192740 0.03896200 0.00992710
v 0.03176070 -0.03403260 0.00971630
v 0.03240460 -0.07198040 0.00933490
v 0.03275910 -0.08409600 0.01056380
v 0.03146740 0.10184110 0.01106760
v 0.03128580 0.17159930 0.01091610
v 0.03160600 0.21315920 0.01073880
v 0.03139890 0.28658040 0.01062040
v 0.03256090 -0.19465440 0.00919880
v 0.03243590 -0.14687030 0.01010430
v 0.03284620 -0.11654900 0.01011260
v 0.04419300 0.49904960 0.01955310
v 0.01803710 0.05623150 -0.02785770
v 0.02992500 0.39395400 0.01567520
v 0.03022030 0.43058800 0.01804040
v 0.03811050 0.46944920 0.01897410
v 0.03291480 0.44307950 0.01693270
v 0.03118280 -0.34309730 0.01349120
v 0.03049270 0.05860050 0.01321750
v 0.02968720 -0.03785740 0.01429410
v 0.04583630 0.50023470 0.01096410
v 0.02898050 -0.07853420 0.01642710
v 0.02824500 -0.27571850 0.01863720
v 0.02795520 -0.19597530 0.01857020
v 0.02834120 -0.12123840 0.01783600
v 0.02743420 0.32285700 0.01934830
v 0.02981050 0.31518750 0.01575720
v 0.02741160 0.16989050 0.01813350
v 0.02892180 -0.38887650 0.01769580
v 0.02725980 0.23440710 0.01851560
v 0.02875940 0.29120940 0.01609910
v 0.02763540 0.41114760 0.01994860
v 0.02701120 0.05901430 0.01927410
v 0.02562640 0.10986110 0.02074340
v 0.03713920 0.48269160 0.02594770
v 0.02624110 -0.02724000 0.01993280
v 0.03119990 -0.11353410 0.01280350
v 0.02891120 -0.10830360 0.01681630
v 0.04020980 0.50012140 0.02671500
v 0.02938190 -0.09416390 0.01652310
v 0.02924690 0.45355100 0.02569160
v 0.02748730 0.30661540 0.01865610
v 0.02425830 0.30911320 0.02337760
v 0.02733070 0.29824700 0.01868160
v 0.02372450 0.27761780 0.02296130
v 0.02555240 -0.09906520 0.02094370
v 0.02378700 0.17565940 0.02275810
v 0.02355540 0.22369780 0.02315180
v 0.02582220 -0.36797380 0.02154830
v 0.02378050 0.43029600 0.02598570
v 0.03197440 0.48948710 0.03405290
v 0.02383050 0.33775140 0.02322030
v 0.02363600 -0.21014940 0.02343260
v 0.03329620 0.50018370 0.03464510
v 0.03117590 0.49955220 0.03689690
v 0.02201780 0.40994830 0.02612860
v 0.02459790 -0.38889910 0.02251490
v 0.02211110 0.12375920 0.02456640
v 0.04265370 0.50043210 -0.02061050
v 0.02256420 0.00039000 0.02369840
v 0.02256970 0.07579400 0.02372470
v -0.03340630 -0.30438110 0.00221110
v -0.03361900 -0.22872040 -0.00190340
v -0.03350590 -0.29760140 -0.00232880
v -0.03369430 -0.15288160 0.00194130
v -0.03377970 -0.15107870 -0.00180960
v -0.03472520 -0.11885640 -0.00166510
v -0.03386170 -0.35811540 -0.00075110
v -0.03225760 -0.36233090 0.00989960
v -0.03222500 -0.30024020 0.00951410
v -0.03253660 -0.15321380 0.00888350
v -0.03386660 -0.11783260 0.00533890
v -0.03311300 -0.38862150 0.00870170
v -0.03436940 -0.38622990 -0.00140600
v -0.03224760 -0.11649650 0.01060960
v -0.03064280 -0.19648910 0.01326590
v -0.03062230 -0.32584790 0.01346560
v -0.02900790 -0.38866280 0.01698750
v -0.03227560 -0.11365960 0.01234930
v -0.02769170 -0.29774150 0.01882000
v -0.02772340 -0.19542540 0.01861180
v -0.02828310 -0.10787160 0.01761000
v -0.03386010 -0.38857200 -0.00644280
v -0.03245770 -0.37199110 -0.00925020
v -0.03263860 -0.14965140 -0.00855210
v -0.03187870 -0.26110560 -0.01067090
v -0.03270140 -0.11590570 -0.01077790
v -0.03091760 -0.15833060 -0.01293310
v -0.03058620 -0.38854130 -0.01428130
v -0.02823550 -0.23039800 -0.01806760
v -0.02821600 -0.35105870 -0.01857020
v -0.02794360 -0.15947080 -0.01828840
v -0.03006470 -0.11145990 -0.01545080
v -0.02837130 -0.10376520 -0.01817590
v -0.02320590 -0.38830780 -0.02436320
v -0.02354200 -0.35164940 -0.02436510
v -0.02429660 -0.29227620 -0.02303020
v -0.02386870 -0.17881480 -0.02294120
v -0.02411040 -0.38842900 0.02279550
v -0.03109110 0.15918160 -0.01120870
v -0.03097670 0.10587370 -0.01159720
v -0.03266300 0.14221010 -0.00068250
v -0.03146110 0.20014200 -0.01109360
v -0.03284500 0.08973980 -0.00089230
v -0.03310540 0.23845960 -0.00035880
v -0.03139170 0.24282860 -0.01137570
v -0.03338160 0.28356760 -0.00093680
v -0.03140270 0.28516720 -0.01207200
v -0.03090910 0.05903180 -0.01095350
v -0.03256780 0.06242770 -0.00078780
v -0.03253350 -0.00297410 -0.00091410
v -0.03121170 -0.04267690 -0.00972270
v -0.03275700 -0.04825750 -0.00059170
v -0.03217610 -0.08588230 -0.01022780
v -0.03358250 -0.08179830 -0.00148880
v -0.02969640 -0.04451180 -0.01339890
v -0.03094850 -0.08886900 -0.01313580
v -0.03124770 0.02169000 0.00950590
v -0.03123650 0.09342560 0.00967350
v -0.03122200 0.13950190 0.00925630
v -0.03138320 0.20723490 0.01000080
v -0.03275450 0.28308440 0.00389140
v -0.03130760 -0.04813110 0.00977280
v -0.03185270 -0.08318450 0.01030420
v -0.03144360 0.28359740 0.00981470
v -0.03386430 0.28690620 0.00949040
v -0.02903330 0.29074450 -0.01699880
v -0.02772460 0.20950240 -0.01857610
v -0.02681910 0.09186540 -0.01910440
v -0.02633800 0.05922710 -0.01973050
v -0.02698130 -0.04520840 -0.01803620
v -0.02943070 -0.09433080 -0.01633630
v -0.03348020 0.28568150 -0.00838870
v -0.02423220 0.29356740 -0.02370650
v -0.02389310 0.21446750 -0.02364510
v -0.02345920 0.12580110 -0.02354220
v -0.02260410 0.06623800 -0.02443910
v -0.02399720 0.02292770 -0.02221050
v -0.02444500 -0.06201290 -0.02157720
v -0.02498360 -0.09253900 -0.02172830
v -0.02848180 0.29821770 -0.01878840
v -0.02837130 -0.10376520 -0.01817590
v -0.02976920 0.30943490 -0.01739790
v -0.02765120 0.34288780 -0.01991960
v -0.03198070 0.31859610 -0.01211440
v -0.03195800 0.34445850 -0.01241140
v -0.03199230 0.41532830 -0.01387630
v -0.02575750 0.42103820 -0.02362660
v -0.02963180 0.43325850 -0.01988960
v -0.02596060 0.43951630 -0.02619510
v -0.03367630 0.42256300 -0.01023310
v -0.03411040 0.43772440 -0.01316960
v -0.03631740 0.44650180 -0.01138660
v -0.03324410 0.45824750 -0.02286630
v -0.03856560 0.47609450 -0.02128440
v -0.04120180 0.47120190 -0.01220140
v -0.04424590 0.49882520 -0.02076710
v -0.04664020 0.49983440 -0.01421310
v -0.04002210 0.50018290 -0.02793950
v -0.03423630 0.48922140 -0.03235410
v -0.02477300 0.36408490 -0.02362980
v -0.03387630 0.49848320 -0.03493620
v -0.02611870 0.47283450 -0.03523740
v -0.02170530 -0.11833880 -0.02446690
v -0.02715500 0.50024580 -0.04069640
v -0.04572640 0.28938200 -0.00116240
v -0.06266410 0.29811200 -0.00219190
v -0.04501850 0.29214080 -0.01015550
v -0.06853280 0.30413790 -0.00999530
v -0.05639460 0.29800910 -0.01047910
v -0.03677650 0.29394970 -0.01553900
v -0.05463710 0.30217080 -0.01477690
v -0.03719580 0.30222990 -0.01849930
v -0.07639380 0.31290300 -0.01424620
v -0.08105900 0.31168420 -0.01096350
v -0.07773310 0.30741460 -0.00684420
v 0.17421370 -0.46214960 -0.14785860
v 0.17916330 -0.49927930 -0.14170090
v 0.16664170 -0.49994260 -0.15574990
v 0.15886950 -0.46253400 -0.16418660
v 0.14803750 -0.49962390 -0.17356570
v 0.14359190 -0.46226080 -0.17778430
v 0.13615260 -0.49989330 -0.18349740
v 0.19100560 -0.46156200 -0.12609160
v 0.19073650 -0.49983740 -0.12663860
v 0.19837630 -0.49891610 -0.11463040
v 0.12497970 -0.49979080 -0.19158290
v 0.13002200 -0.46106030 -0.18811600
v 0.11785200 -0.46156000 -0.19625020
v 0.15049520 -0.45932390 -0.17085390
v 0.17133080 -0.45892660 -0.14995440
v 0.18620560 -0.45804900 -0.13104230
v 0.19963140 -0.48201000 -0.11190090
v 0.19548370 -0.46016210 -0.11884690
v 0.20245340 -0.45932730 -0.10697070
v 0.20784710 -0.49983660 -0.09680050
v 0.20834650 -0.47923400 -0.09538620
v 0.21143730 -0.45940050 -0.08922560
v 0.21498890 -0.49884500 -0.08058540
v 0.21426030 -0.48055110 -0.08168880
v 0.21914090 -0.45872800 -0.06880950
v 0.22055390 -0.49996490 -0.06448870
v 0.11019310 -0.47980140 -0.20049750
v 0.10445010 -0.46203350 -0.20395200
v 0.11049560 -0.49997990 -0.20046590
v 0.09316560 -0.48309110 -0.20931580
v 0.09327410 -0.49923700 -0.20939160
v 0.08939860 -0.46149660 -0.21124670
v 0.07614380 -0.48381010 -0.21618960
v 0.07500520 -0.49986020 -0.21677230
v 0.07162060 -0.46267390 -0.21800720
v 0.05416410 -0.48101930 -0.22344410
v 0.05483540 -0.49867630 -0.22326560
v 0.05138920 -0.46131450 -0.22419360
v 0.19916670 -0.49998900 -0.11187830
v 0.03206870 -0.49879930 -0.22791580
v 0.03495640 -0.46226690 -0.22738770
v 0.07933440 -0.45712300 -0.21348900
v 0.10785150 -0.45393940 -0.19806280
v 0.09359020 -0.45387220 -0.20559960
v 0.05852520 -0.45767960 -0.22066470
v 0.12652400 -0.45416410 -0.18649520
v 0.02244010 -0.47137200 -0.22922240
v 0.02473100 -0.46025200 -0.22864670
v 0.01424940 -0.49845390 -0.22987900
v 0.05083770 -0.49991590 -0.22343130
v 0.08846210 -0.49996800 -0.21082610
v -0.00008300 -0.46228340 -0.23078360
v -0.00142300 -0.49878210 -0.23071380
v 0.02027760 -0.49990100 -0.22863910
v 0.15125170 -0.45384440 -0.16602100
v 0.21545980 -0.50000790 -0.07722060
v -0.02679630 -0.49873910 -0.22907570
v -0.02845410 -0.46289510 -0.22849110
v -0.02354450 -0.49988820 -0.22846420
v -0.00062440 -0.45658080 -0.22880890
v -0.16290580 -0.46207340 -0.16164480
v -0.16112220 -0.47362650 -0.16194300
v -0.17634110 -0.47350450 -0.14483390
v -0.17795550 -0.46262370 -0.14431530
v -0.17579940 -0.48255770 -0.14534010
v -0.16121240 -0.48466320 -0.16195200
v -0.18860840 -0.47858550 -0.12821950
v -0.18903470 -0.46274610 -0.12908730
v -0.19010660 -0.49783230 -0.12844150
v -0.18166970 -0.49929170 -0.13922510
v -0.17415070 -0.49778910 -0.14883130
v -0.16214210 -0.49818830 -0.16216090
v -0.14447230 -0.47757590 -0.17713610
v -0.14484660 -0.49810110 -0.17780500
v -0.14704210 -0.46201720 -0.17597810
v -0.12910890 -0.47728320 -0.18938920
v -0.13020380 -0.46287430 -0.18942550
v -0.12777030 -0.49896550 -0.19102910
v -0.19710890 -0.46268580 -0.11551760
v -0.19720790 -0.48105760 -0.11412220
v -0.19988660 -0.49841370 -0.11153550
v -0.20519630 -0.47734420 -0.09929060
v -0.20625920 -0.49369590 -0.09890950
v -0.20649510 -0.46269150 -0.09841690
v -0.20735340 -0.49932440 -0.09616790
v -0.21375480 -0.49842140 -0.08245480
v -0.21405170 -0.46265350 -0.08109750
v -0.21293970 -0.47228120 -0.08216670
v -0.21303020 -0.48608430 -0.08206990
v -0.21957200 -0.49869670 -0.06612380
v -0.22209420 -0.48264590 -0.05484140
v -0.22246480 -0.46136180 -0.05544830
v -0.22430870 -0.49850630 -0.04863760
v -0.18900030 -0.45379910 -0.12263250
v -0.19786500 -0.45310320 -0.10658460
v -0.22727440 -0.47469240 -0.02876340
v -0.22670770 -0.46127860 -0.03623490
v -0.20427940 -0.45156260 -0.09324520
v -0.21165370 -0.45157220 -0.07617590
v -0.22885150 -0.49851610 -0.02507280
v -0.18245630 -0.45376080 -0.13193210
v -0.22849430 -0.46049310 -0.02269440
v -0.17444140 -0.45388860 -0.14268810
v -0.16204790 -0.45805860 -0.16003510
v -0.21881660 -0.45194490 -0.05496190
v -0.22831430 -0.48141200 -0.02114390
v -0.22974300 -0.46790370 0.00161110
v -0.23018400 -0.46094580 -0.00049860
v -0.23049710 -0.49850000 -0.00017150
v -0.22974040 -0.48269390 0.00084360
v -0.22245350 -0.45187050 -0.03668070
v -0.22443170 -0.45188850 -0.02476060
v -0.22759640 -0.45474830 -0.00001130
v -0.11415850 -0.49863770 -0.19941910
v -0.11426600 -0.46310200 -0.19909880
v -0.12674350 -0.45460520 -0.18770800
v -0.14183950 -0.45311250 -0.17453630
v -0.15867430 -0.45292620 -0.15897720
v -0.11072190 -0.45535810 -0.19822760
v -0.09880410 -0.46275200 -0.20787420
v -0.09848030 -0.45500480 -0.20510290
v -0.09899810 -0.47944910 -0.20720090
v -0.09834090 -0.49861550 -0.20809300
v -0.08108430 -0.49875360 -0.21506500
v -0.08603110 -0.47533900 -0.21252510
v -0.14144390 -0.49958530 -0.17955770
v -0.07417470 -0.46277410 -0.21742480
v -0.07164750 -0.48278180 -0.21809100
v -0.06564990 -0.49969490 -0.22041300
v -0.09151720 -0.05334260 -0.00120810
v -0.12996620 -0.03496970 -0.00008450
v -0.08737880 -0.05541560 0.00186770
v -0.05731680 -0.07045600 -0.00048890
v -0.06332060 -0.06931090 0.00874660
v -0.12274210 -0.04033450 0.00897690
v -0.15643500 -0.02273170 -0.00094250
v -0.17187610 -0.01585380 -0.00049480
v -0.15584910 -0.02504500 0.00890080
v -0.17626710 -0.01568660 0.00891340
v -0.18549580 -0.00969390 -0.00084570
v -0.19499190 -0.00719780 0.00911600
v -0.14194640 -0.03143900 0.00866290
v -0.04685270 -0.07728560 0.00913500
v -0.08646530 -0.05748440 0.00851580
v -0.10354160 -0.04944570 0.00864310
v -0.03372590 -0.08116610 0.00099560
v -0.03771770 -0.08065150 0.00800520
v -0.03211380 -0.08527830 0.01118240
v -0.19533510 -0.00662580 -0.00135610
v -0.07644980 -0.06317940 0.00952830
v -0.19319680 -0.00866080 -0.01004450
v -0.17598640 -0.01593540 -0.00868970
v -0.11941090 -0.04213570 -0.00878510
v -0.10617700 -0.04835110 -0.00896580
v -0.13387230 -0.03548670 -0.00907030
v -0.07458760 -0.06408970 -0.00858570
v -0.09089600 -0.05606590 -0.00887330
v -0.04331300 -0.07974520 -0.00944940
v -0.05954110 -0.07202100 -0.00895850
v -0.03358250 -0.08179830 -0.00148880
v -0.15182450 -0.02742680 -0.00921160
v -0.03217610 -0.08588230 -0.01022780
v -0.18224030 -0.01679230 -0.01407320
v -0.19542320 -0.01037140 -0.01376650
v -0.03094850 -0.08886900 -0.01313580
v -0.13145740 -0.04145670 -0.01450660
v -0.15510660 -0.03052600 -0.01461750
v -0.17059270 -0.02321720 -0.01464660
v -0.10638440 -0.05314350 -0.01446000
v -0.08770790 -0.06285010 -0.01423740
v -0.07209930 -0.07071620 -0.01416040
v -0.06056670 -0.07771590 -0.01489770
v -0.04332210 -0.08554540 -0.01499120
v -0.19784170 -0.01008570 -0.01186830
v -0.19696630 -0.01589000 -0.01813030
v -0.18248310 -0.02396140 -0.01859010
v -0.09746880 -0.06284280 -0.01711600
v -0.07545800 -0.07475680 -0.01720790
v -0.16545400 -0.03323260 -0.01838440
v -0.11697910 -0.05345720 -0.01732000
v -0.13886290 -0.04453820 -0.01799740
v -0.15257890 -0.03877960 -0.01846340
v -0.05399650 -0.08556870 -0.01735120
v -0.04566550 -0.09155030 -0.01818360
v -0.02943070 -0.09433080 -0.01633630
v -0.06472760 -0.08678870 -0.01844970
v -0.10785840 -0.06347720 -0.01895370
v -0.08494520 -0.07377890 -0.01836630
v -0.12280840 -0.05631260 -0.01888090
v -0.03790330 -0.09765600 -0.01853830
v -0.19751580 -0.02311170 -0.02002150
v -0.09287150 -0.07353700 -0.01881070
v -0.02837130 -0.10376520 -0.01817590
v -0.17802870 -0.03068070 -0.01948160
v -0.15921150 -0.04194770 -0.01925390
v -0.13763190 -0.05163630 -0.01894750
v -0.20202330 -0.02173080 -0.01880090
v -0.04448800 -0.09860920 -0.01867410
v -0.12207490 -0.06121530 -0.01894930
v -0.05247020 -0.09853170 -0.01789250
v -0.08120270 -0.08503470 -0.01788190
v -0.10282790 -0.07146110 -0.01882470
v -0.06993680 -0.08833940 -0.01835660
v -0.03759250 -0.10472070 -0.01791490
v -0.06285530 -0.09533080 -0.01735390
v -0.11064990 -0.07183320 -0.01768240
v -0.18683270 -0.03398940 -0.01876410
v -0.16811310 -0.04251150 -0.01844290
v -0.20174950 -0.02747740 -0.01875540
v -0.09467900 -0.07897490 -0.01784050
v -0.15106910 -0.05095110 -0.01829450
v -0.13504410 -0.05930810 -0.01778660
v 0.12962310 0.36655530 0.01422190
v 0.10413010 0.35830560 0.00938310
v 0.11899050 0.36025820 0.01497780
v 0.10111390 0.35223420 0.01427150
v 0.08105320 0.34734480 0.00845160
v 0.08481780 0.34344220 0.01449020
v 0.06299300 0.33713030 0.00965140
v 0.07102520 0.33560810 0.01505120
v 0.05704830 0.32885390 0.01460950
v 0.04781350 0.32981850 0.00918410
v 0.04033520 0.32060940 0.01487890
v 0.02981050 0.31518750 0.01575720
v 0.03344030 0.32316920 0.00882980
v 0.12890350 0.37141610 0.00822050
v 0.14664710 0.37990440 0.00861250
v 0.15034280 0.37664090 0.01438380
v 0.16565980 0.38825790 0.00950860
v 0.17359020 0.38772030 0.01456450
v 0.19329320 0.39686180 0.01432670
v 0.19498410 0.40027790 0.01029170
v 0.19441420 0.39190820 0.01830260
v 0.16667030 0.37871150 0.01804510
v 0.14551350 0.36692850 0.01820620
v 0.13046360 0.35957850 0.01802630
v 0.09667460 0.34227150 0.01794570
v 0.11288350 0.35014870 0.01820480
v 0.05077670 0.31911970 0.01755800
v 0.06791550 0.32872140 0.01701020
v 0.04136000 0.31282930 0.01789050
v 0.08214350 0.33250730 0.01825410
v 0.02748730 0.30661540 0.01865610
v 0.06287100 0.32088490 0.01816150
v 0.19668590 0.38413400 0.02016740
v 0.17762220 0.37731670 0.01944800
v 0.16439560 0.36854240 0.01937380
v 0.19865270 0.39123540 0.01801870
v 0.13216870 0.35326890 0.01884940
v 0.19806230 0.39697410 0.01320620
v 0.09915580 0.33633410 0.01857320
v 0.04343510 0.30726160 0.01797400
v 0.03394270 0.30268450 0.01899600
v 0.02733070 0.29824700 0.01868160
v 0.06227820 0.33888210 0.00541150
v 0.17647920 0.39444910 0.00630800
v 0.11153030 0.36401070 0.00455020
v 0.09004460 0.35321220 0.00435650
v 0.14795000 0.38252040 -0.00017790
v 0.19408900 0.40211450 0.00094420
v 0.17835800 0.39650570 -0.00063840
v 0.05207970 0.33482610 -0.00099680
v 0.03504500 0.32573000 -0.00063870
v 0.08713240 0.35231470 -0.00135850
v 0.13928170 0.37828550 -0.00185280
v -0.01730810 0.13080820 -0.12375730
v -0.01881280 0.12363280 -0.12238600
v -0.01682250 0.12379660 -0.10808340
v -0.01855940 0.11648460 -0.10681840
v -0.01878220 0.13094970 -0.13673640
v -0.01812270 0.14147870 -0.14941680
v -0.01921050 0.14124750 -0.15770800
v -0.01776960 0.15193080 -0.17094400
v -0.01898690 0.15061770 -0.17966030
v -0.01840760 0.11286210 -0.09146810
v -0.01841400 0.16036120 -0.19013060
v -0.01912850 0.16258760 -0.20087080
v -0.01401350 0.12845470 -0.10397760
v -0.01372740 0.11949910 -0.08148850
v -0.01385940 0.11461440 -0.07076670
v -0.01830250 0.10253350 -0.07390130
v -0.01614980 0.10537560 -0.06176530
v -0.01844170 0.09614880 -0.05666160
v -0.01429460 0.10214150 -0.04405710
v -0.01846780 0.09119120 -0.04724250
v -0.01595500 0.09548760 -0.03309440
v -0.01437840 0.14806360 -0.14592760
v -0.01383410 0.15898470 -0.16743080
v -0.01414160 0.13840010 -0.12502390
v -0.01187260 0.10964250 -0.05247820
v -0.01352960 0.16758110 -0.18452770
v -0.01222220 0.17409010 -0.19749720
v -0.01724700 0.17042720 -0.20590970
v -0.01314170 0.09894530 -0.03076180
v -0.01136460 0.10541840 -0.04196210
v -0.01231960 0.17681630 -0.20475700
v -0.01651390 0.09479270 -0.02840270
v -0.01896090 0.08687240 -0.03723840
v -0.01987640 0.08440060 -0.02645360
v -0.01883350 0.16014660 -0.20769310
v -0.01074550 0.11474940 -0.06299270
v -0.01114480 0.15494290 -0.15292370
v -0.01075920 0.13931520 -0.11930550
v -0.01023890 0.14657850 -0.13447930
v -0.01067050 0.12397210 -0.08488470
v -0.00994660 0.13198450 -0.10272380
v -0.01824280 0.10915260 -0.09326790
v -0.01717230 0.15288270 -0.20043450
v -0.01739040 0.07580340 -0.02836950
v -0.01432340 0.12531380 -0.15187950
v -0.01434900 0.13079830 -0.16406070
v -0.01446760 0.13736160 -0.17765500
v -0.01421190 0.14405170 -0.19292530
v -0.01388940 0.08499590 -0.06077100
v -0.01431640 0.09316380 -0.07720900
v -0.01421670 0.09957940 -0.09461350
v -0.01395720 0.11454890 -0.13062030
v -0.01454960 0.07797130 -0.04040220
v -0.01391290 0.14954880 -0.20698010
v -0.01359480 0.15497390 -0.21450980
v -0.01511200 0.16727640 -0.20956320
v -0.01113930 0.07355430 -0.04160760
v -0.01128360 0.07772300 -0.05056540
v -0.01077800 0.06855710 -0.03175720
v -0.01139150 0.13670000 -0.18370580
v -0.01111460 0.12983040 -0.16959150
v -0.01095020 0.12333000 -0.15588410
v -0.01145820 0.09162790 -0.08197230
v -0.01090980 0.08534120 -0.06808320
v -0.01028480 0.11549980 -0.14053180
v -0.01171020 0.10672140 -0.11723950
v -0.01150110 0.10112430 -0.10419600
v -0.00080050 0.12280480 -0.16436250
v -0.00090380 0.11501230 -0.14852740
v -0.00073400 0.13616280 -0.19224360
v -0.00082190 0.10341270 -0.12058290
v -0.00059100 0.09475010 -0.09946360
v -0.00040740 0.14664420 -0.21170360
v -0.00031770 0.08786560 -0.08299040
v -0.00022420 0.08251750 -0.07097250
v -0.00044950 0.07584530 -0.05525830
v -0.00065360 0.15018610 -0.21558990
v 0.18995380 -0.48450690 0.12841870
v 0.17648770 -0.47786420 0.14504690
v 0.17909660 -0.49934290 0.14362770
v 0.19140300 -0.49981260 0.12705770
v 0.16346100 -0.49877550 0.16112890
v 0.16186240 -0.47827600 0.16146330
v 0.18950570 -0.46018160 0.12986430
v 0.17814070 -0.45937050 0.14418360
v 0.16191510 -0.45925250 0.16258440
v 0.19667320 -0.47905360 0.11725110
v 0.20162780 -0.49894020 0.11018220
v 0.20001980 -0.45976270 0.11285230
v 0.20657700 -0.48000680 0.10018430
v 0.20734640 -0.45946740 0.09991400
v 0.20837550 -0.49965770 0.09800350
v 0.21320510 -0.48161680 0.08502640
v 0.21518360 -0.49889350 0.08162460
v 0.21849370 -0.45925720 0.07240370
v 0.22026040 -0.48284290 0.06583320
v 0.22080190 -0.49975430 0.06556170
v 0.22312180 -0.47975310 0.05584910
v 0.22389780 -0.45849280 0.05357930
v 0.22404410 -0.49872660 0.05342470
v 0.14532210 -0.48229000 0.17638540
v 0.14799450 -0.49964460 0.17506650
v 0.14422250 -0.46191730 0.17781500
v 0.13874470 -0.45977670 0.18211560
v 0.13106030 -0.49887700 0.18825650
v 0.13014390 -0.47888120 0.18750530
v 0.11695660 -0.46027840 0.19654320
v 0.11780440 -0.48433130 0.19566560
v 0.11327600 -0.49978930 0.19930270
v 0.09978860 -0.48509410 0.20562170
v 0.09835070 -0.47135700 0.20629020
v 0.09772410 -0.45970460 0.20700710
v 0.09876460 -0.49887410 0.20689040
v 0.07850900 -0.49940620 0.21569380
v 0.08076410 -0.47928730 0.21347110
v 0.07921650 -0.45969400 0.21466010
v 0.06809810 -0.47670410 0.21806880
v 0.06742580 -0.45984190 0.21892490
v 0.12320310 -0.45416610 0.18907340
v 0.06500320 -0.49977170 0.22018220
v 0.05096290 -0.46026670 0.22369570
v 0.18647920 -0.45417040 0.12778060
v 0.19840440 -0.49993290 0.11424030
v 0.17689440 -0.45375320 0.13976350
v 0.09707540 -0.49995510 0.20694020
v 0.12762040 -0.49987940 0.18963210
v 0.14142180 -0.45183430 0.17291840
v 0.15977350 -0.45437560 0.15979980
v 0.09501800 -0.45426260 0.20466790
v 0.21445440 -0.49993820 0.08118000
v 0.16173840 -0.49987880 0.16127340
v 0.06177950 -0.45119380 0.21531190
v -0.00090380 0.11501230 -0.14852740
v 0.01045080 0.11635330 -0.14388340
v -0.00082190 0.10341270 -0.12058290
v 0.01173090 0.10738550 -0.12089030
v 0.00976670 0.09711600 -0.09758470
v -0.00031770 0.08786560 -0.08299040
v -0.00059100 0.09475010 -0.09946360
v 0.01181470 0.10230300 -0.10830230
v 0.01184480 0.09116470 -0.08145150
v 0.01104910 0.08554620 -0.06993130
v -0.00022420 0.08251750 -0.07097250
v -0.00044950 0.07584530 -0.05525830
v 0.01154820 0.07832260 -0.05229340
v 0.01029230 0.12392390 -0.15956580
v -0.00080050 0.12280480 -0.16436250
v 0.01104980 0.13229330 -0.17754710
v 0.01075170 0.07392990 -0.04389520
v -0.00046240 0.06547990 -0.03368200
v -0.00073400 0.13616280 -0.19224360
v 0.01045910 0.13828800 -0.18968710
v 0.01162660 0.14880080 -0.20990960
v -0.00040740 0.14664420 -0.21170360
v 0.00870960 0.06733150 -0.03282800
v 0.01459220 0.14839200 -0.20552400
v 0.01392960 0.09949520 -0.09653490
v 0.01343060 0.13928540 -0.18735800
v 0.01363800 0.12570080 -0.15786090
v 0.01337360 0.07010870 -0.03109980
v 0.01228910 0.15429920 -0.21530210
v -0.00065360 0.15018610 -0.21558990
v 0.01422750 0.13499030 -0.17602480
v 0.01382750 0.09056680 -0.07508330
v 0.01434860 0.07911530 -0.04653320
v 0.01392790 0.12050980 -0.14500010
v 0.01377330 0.11195680 -0.12593100
v 0.01865290 0.15865900 -0.21110740
v 0.01687740 0.11112050 -0.10983120
v 0.01857790 0.07706620 -0.02808480
v 0.01794340 0.14121390 -0.17349010
v 0.01740590 0.12551980 -0.14026660
v 0.01824600 0.15237590 -0.19951990
v 0.01801170 0.10624080 -0.09502250
v 0.01906800 0.10202910 -0.07582580
v 0.01887050 0.08995320 -0.04784250
v 0.01938940 0.08763310 -0.03808590
v 0.01940560 0.11929730 -0.11251940
v 0.01957760 0.11357130 -0.09748790
v 0.01963350 0.13023460 -0.13419090
v 0.01996030 0.14188390 -0.15863720
v 0.01990090 0.14978390 -0.17726480
v 0.02027160 0.15944140 -0.19558970
v 0.01931400 0.09802800 -0.06054230
v 0.02017190 0.16365960 -0.20536640
v 0.02009780 0.08423370 -0.02642630
v 0.01757650 0.17112190 -0.20687050
v 0.01828850 0.11470640 -0.08778270
v 0.01771810 0.10744930 -0.07290490
v 0.01780470 0.12312760 -0.10678800
v 0.01793750 0.15415470 -0.17045360
v 0.01790970 0.13369250 -0.12769220
v 0.01799290 0.14301080 -0.14750140
v 0.01821920 0.16111680 -0.18506710
v 0.01577130 0.09501790 -0.03023510
v 0.01372000 0.09985720 -0.03041320
v 0.01230350 0.10045530 -0.03215560
v 0.01450440 0.10154400 -0.04171240
v 0.01544420 0.10949910 -0.06445900
v -0.00077670 0.14764480 -0.12911230
v -0.01075920 0.13931520 -0.11930550
v -0.00044210 0.13944680 -0.11188600
v -0.00994660 0.13198450 -0.10272380
v -0.00067420 0.12987210 -0.09012200
v -0.01067050 0.12397210 -0.08488470
v -0.01023890 0.14657850 -0.13447930
v -0.01114480 0.15494290 -0.15292370
v -0.00150830 0.16653270 -0.17064660
v -0.01022890 0.16700540 -0.17831360
v -0.00010010 0.17453700 -0.18798330
v -0.01222220 0.17409010 -0.19749720
v -0.00125990 0.12022740 -0.06704890
v -0.01074550 0.11474940 -0.06299270
v -0.01187260 0.10964250 -0.05247820
v -0.01136460 0.10541840 -0.04196210
v 0.00000100 0.10625820 -0.03476080
v -0.00911590 0.10226690 -0.03257360
v -0.01231960 0.17681630 -0.20475700
v -0.00047040 0.18013880 -0.20466030
v -0.01314170 0.09894530 -0.03076180
v -0.01352960 0.16758110 -0.18452770
v -0.01383410 0.15898470 -0.16743080
v 0.00112380 0.16621370 -0.17014140
v 0.00127180 0.12068910 -0.06853120
v 0.01107730 0.17789020 -0.20513630
v 0.00964890 0.14748400 -0.13448810
v 0.01007450 0.13180600 -0.10095120
v 0.01009380 0.12339840 -0.08124010
v 0.01122230 0.17116710 -0.18686470
v 0.01018160 0.15793270 -0.15756090
v 0.01039300 0.10740940 -0.04544350
v 0.01110750 0.11444000 -0.06215160
v 0.01230350 0.10045530 -0.03215560
v 0.01315030 0.10765890 -0.05034740
v 0.01345300 0.16979620 -0.18772680
v 0.01393000 0.15831020 -0.16466860
v 0.01395350 0.13986120 -0.12560870
v 0.01437690 0.14859220 -0.14570280
v 0.01409950 0.12836960 -0.10150290
v 0.01412530 0.11851860 -0.07929850
v 0.01757650 0.17112190 -0.20687050
v 0.01544420 0.10949910 -0.06445900
v 0.01450440 0.10154400 -0.04171240
v 0.01577130 0.09501790 -0.03023510
v 0.01821920 0.16111680 -0.18506710
v 0.01793750 0.15415470 -0.17045360
v 0.01799290 0.14301080 -0.14750140
v 0.01790970 0.13369250 -0.12769220
v 0.01828850 0.11470640 -0.08778270
v 0.01771810 0.10744930 -0.07290490
v 0.01780470 0.12312760 -0.10678800
v 0.01044270 0.42049460 -0.02942260
v -0.00209800 0.43712840 -0.03250800
v -0.00114720 0.42011090 -0.03062240
v 0.00483200 0.43826070 -0.03224210
v 0.00727070 0.39124180 -0.02910330
v -0.00148130 0.38092900 -0.02937550
v 0.01170660 0.38696290 -0.02827280
v 0.00674410 0.31373200 -0.02766230
v 0.01181910 0.31913960 -0.02696780
v -0.00091420 0.33457640 -0.02848800
v 0.01351740 0.43955920 -0.03041910
v -0.00182780 0.31023870 -0.02733360
v -0.00143230 0.29606580 -0.02558540
v 0.00920310 0.29780680 -0.02551120
v -0.00706630 0.32883270 -0.02767280
v -0.00194520 0.46170060 -0.03776300
v 0.00946850 0.46661490 -0.03708780
v -0.00106720 0.47618100 -0.03961390
v 0.01282630 0.47819410 -0.03721920
v 0.00149580 0.48691570 -0.03905340
v -0.00379620 0.48302670 -0.03947010
v 0.01065310 0.44914460 -0.03328490
v 0.00794450 0.48950230 -0.03721220
v 0.00748220 0.28246360 -0.02210250
v 0.01837540 0.46937470 -0.03387410
v -0.00983550 0.46705550 -0.03754650
v 0.01438350 0.31830820 -0.02577220
v -0.00908380 0.43609710 -0.03158880
v -0.00925490 0.37797790 -0.02818840
v -0.00958600 0.41979700 -0.02949160
v -0.00935710 0.30727530 -0.02567300
v 0.00281740 0.28625620 -0.02283090
v 0.00031850 0.28106270 -0.02152200
v -0.00240150 0.29027490 -0.02230500
v -0.00821400 0.29561850 -0.02222640
v -0.01649540 0.47049120 -0.03573340
v -0.01111510 0.48711190 -0.03706320
v -0.01296580 0.33341710 -0.02582990
v -0.01553240 0.44150700 -0.03007500
v 0.01793090 0.48905390 -0.03380340
v 0.00110150 0.49507380 -0.03646010
v -0.01763630 0.42095480 -0.02624820
v -0.01586960 0.37247530 -0.02523650
v -0.02017460 0.42785020 -0.02508530
v -0.02127430 0.48194460 -0.03302740
v -0.02111290 0.46936170 -0.03286740
v -0.01923460 0.48985150 -0.03256700
v -0.01275350 0.29876640 -0.02103420
v -0.00968710 0.49503720 -0.03411620
v 0.00190390 0.49805610 -0.03694630
v -0.01094720 0.49794780 -0.03456870
v 0.01289590 0.49525690 -0.03339090
v 0.01518040 0.49757070 -0.03389850
v 0.01772970 0.42096890 -0.02616900
v 0.01598660 0.36803900 -0.02583660
v 0.02021560 0.48119380 -0.03336440
v -0.01796840 0.49555080 -0.03003740
v -0.02173070 0.49770310 -0.02888240
v -0.02112170 0.37234940 -0.02103750
v -0.01816690 0.32272170 -0.02143000
v 0.01280020 0.29199780 -0.02184390
v 0.01021090 0.28642690 -0.02182210
v -0.02617260 0.48903400 -0.02764220
v -0.02758040 0.48027070 -0.02774330
v -0.02475300 0.49480840 -0.02521260
v -0.02615950 0.46855890 -0.02832670
v 0.02494670 0.48774480 -0.02965290
v 0.02368670 0.44249270 -0.02396210
v 0.02456790 0.46972750 -0.02967500
v 0.01724320 0.30562770 -0.02148520
v 0.02106340 0.33214920 -0.02121740
v 0.02086790 0.49465030 -0.02871020
v 0.02489470 0.49664970 -0.02603510
v 0.02140110 0.36574210 -0.02130460
v 0.02460390 0.41966750 -0.02004390
v -0.02511590 0.42768340 -0.02003580
v 0.00727170 0.42365910 0.03004440
v 0.00671730 0.38903410 0.02812360
v -0.00063390 0.41987800 0.03081180
v -0.00145770 0.39917520 0.02939560
v -0.00087820 0.37890710 0.02837040
v 0.00705110 0.34581280 0.02677020
v -0.00095100 0.33727830 0.02691060
v 0.00605340 0.32237430 0.02513400
v 0.00017930 0.31919760 0.02523360
v 0.00951150 0.33649760 0.02572100
v 0.00226050 0.44340630 0.03306650
v 0.00889700 0.44569080 0.03263860
v -0.00472290 0.44207060 0.03270600
v -0.00576010 0.32547370 0.02547030
v 0.00068090 0.46484730 0.03740240
v 0.00998500 0.47016780 0.03692690
v 0.00000520 0.47646200 0.03866930
v 0.00979120 0.48464900 0.03716250
v -0.00993240 0.47055520 0.03702650
v -0.00014470 0.48823790 0.03735380
v 0.01089790 0.41995540 0.02858280
v 0.01205390 0.37647690 0.02611820
v 0.00854460 0.31083030 0.02165050
v -0.00007300 0.30493260 0.02129170
v 0.01767310 0.47458930 0.03422150
v 0.01630410 0.46419080 0.03354630
v -0.00926880 0.34267710 0.02600130
v -0.00905960 0.30738710 0.02140100
v -0.01221550 0.45560890 0.03371510
v -0.01063940 0.38000140 0.02665630
v -0.00998020 0.41503290 0.02853620
v -0.00934910 0.48043860 0.03702160
v -0.01359930 0.43837110 0.02998990
v -0.01353960 0.32021410 0.02195560
v -0.01260690 0.48951930 0.03418520
v -0.01790720 0.47868320 0.03370350
v -0.01874060 0.46515200 0.03258170
v -0.00497820 0.49584320 0.03432450
v -0.00913190 0.29870890 0.01719470
v -0.01313170 0.30004140 0.01700210
v 0.00802190 0.49746000 0.03334760
v -0.00503660 0.49842680 0.03517220
v 0.00676160 0.30046120 0.01752270
v 0.01269500 0.32010690 0.02189850
v 0.01766490 0.44529910 0.02880700
v -0.01609280 0.49716290 0.02965130
v -0.01776520 0.42478450 0.02577070
v -0.01663940 0.40119510 0.02432940
v -0.01733730 0.35064890 0.02160250
v -0.02400320 0.45037100 0.02532930
v -0.02194850 0.48951520 0.02918780
v -0.02500520 0.46743180 0.02827550
v -0.02515150 0.47884160 0.02880880
v -0.01537000 0.30816900 0.01676990
v -0.02117770 0.33618710 0.01725040
v -0.01741210 0.31620420 0.01757580
v 0.01643930 0.48879440 0.03338570
v 0.01656530 0.41519810 0.02533190
v 0.02035940 0.43675850 0.02538000
v 0.01953210 0.34690780 0.02042600
v 0.02587360 0.47004080 0.02832910
v 0.01619010 0.49699720 0.03000950
v 0.02200490 0.33446860 0.01734520
v 0.02793690 0.48037480 0.02658120
v 0.02156490 0.41741000 0.02180210
v 0.01178130 0.30658540 0.01726510
v 0.01447070 0.30280850 0.01467020
v 0.01385800 0.29892580 0.01337840
v 0.01687950 0.31740840 0.01706980
v 0.02523620 0.43505570 0.02055360
v 0.02820050 0.48976230 0.02358020
v 0.02466040 0.49513580 0.02433690
v 0.02418690 0.49740900 0.02588810
v 0.03189690 0.47275460 0.02226570
v 0.02990780 0.45716190 0.02062020
v -0.02438170 0.49526020 0.02443660
v -0.02502460 0.49771680 0.02509440
v 0.12104520 0.33450280 0.01443590
v 0.09981350 0.32402420 0.01433370
v 0.13170900 0.33408680 0.00879260
v 0.11650810 0.32714860 0.00893910
v 0.13781500 0.34204510 0.01442460
v 0.16260180 0.34858790 0.00927550
v 0.15477940 0.34966870 0.01439150
v 0.10048420 0.31957510 0.00904780
v 0.07920300 0.31382800 0.01410740
v 0.06762360 0.30317330 0.00871690
v 0.08338500 0.31092500 0.00855980
v 0.05445470 0.30249840 0.01451600
v 0.16914010 0.35657900 0.01456840
v 0.19291040 0.36257040 0.00880530
v 0.18924620 0.36561240 0.01434890
v 0.20493560 0.36770280 0.00853570
v 0.20466220 0.37325670 0.01459320
v 0.04786950 0.29394150 0.00951960
v 0.04126940 0.29600450 0.01442240
v 0.02875940 0.29120940 0.01609910
v 0.03139890 0.28658040 0.01062040
v 0.03596610 0.28729890 0.00810180
v 0.04952290 0.29347660 0.00706300
v 0.20110670 0.37683400 0.01785380
v 0.18202600 0.36876940 0.01812090
v 0.15840800 0.35873900 0.01823240
v 0.13470440 0.34761470 0.01797370
v 0.11583900 0.33962750 0.01804020
v 0.07666170 0.32027630 0.01779760
v 0.09384230 0.32872920 0.01796010
v 0.06188880 0.31192840 0.01706530
v 0.03394270 0.30268450 0.01899600
v 0.05071430 0.30694070 0.01719370
v 0.04343510 0.30726160 0.01797400
v 0.02733070 0.29824700 0.01868160
v 0.19668590 0.38413400 0.02016740
v 0.16439560 0.36854240 0.01937380
v 0.20246940 0.38202170 0.01793390
v 0.13216870 0.35326890 0.01884940
v 0.09915580 0.33633410 0.01857320
v 0.06287100 0.32088490 0.01816150
v 0.08214350 0.33250730 0.01825410
v 0.02425830 0.30911320 0.02337760
v 0.20539570 0.37650920 0.01447710
v 0.19865270 0.39123540 0.01801870
v 0.03305930 0.28392760 0.00328910
v 0.17586180 0.35330570 0.00487710
v 0.14524720 0.33949450 0.00566000
v 0.12040950 0.32669600 0.00134930
v 0.15115220 0.34115180 0.00157690
v 0.09937020 0.31648580 -0.00037350
v 0.07032840 0.30198980 -0.00097840
v 0.08440350 0.30888420 -0.00132940
v 0.20404850 0.36521880 -0.00178340
v 0.03340470 0.28387230 -0.00120620
v 0.05719430 0.29550220 -0.00093590
v 0.17532720 0.35176920 -0.00156650
v 0.11292220 0.32298840 -0.00152720
v 0.20716420 0.37006810 0.00659940
v 0.15114860 0.34108790 -0.00212630
v 0.20744900 0.36979950 -0.00650970
v -0.06634440 -0.45993700 0.21976280
v -0.07398840 -0.47187000 0.21664880
v -0.05318820 -0.47910450 0.22256780
v -0.05129920 -0.45947830 0.22385730
v -0.08194990 -0.46045800 0.21448410
v -0.07282440 -0.48609040 0.21721390
v -0.03236860 -0.45908360 0.22759990
v -0.03249810 -0.48152300 0.22714130
v -0.04936210 -0.49960600 0.22492540
v -0.06926890 -0.49874960 0.21946180
v -0.03172470 -0.49870840 0.22838670
v -0.09312350 -0.48432410 0.20917920
v -0.09269640 -0.47063160 0.20943410
v -0.09071180 -0.49968000 0.21129670
v -0.10256180 -0.46026150 0.20532770
v -0.10503890 -0.47963350 0.20302360
v -0.10848210 -0.49953690 0.20260710
v -0.11666300 -0.49960000 0.19810560
v -0.11894350 -0.46103150 0.19599220
v -0.12546180 -0.47200670 0.19146620
v -0.12642000 -0.48502820 0.19096710
v -0.12836690 -0.46109350 0.18996820
v -0.13225570 -0.49875800 0.18801890
v -0.02222470 -0.45944010 0.22859870
v -0.01615110 -0.48160480 0.22869460
v -0.00100390 -0.49867660 0.23087780
v -0.00014610 -0.47992070 0.22979850
v 0.00023130 -0.45909270 0.23044460
v -0.14628970 -0.46899150 0.17578550
v -0.14731210 -0.48167600 0.17455220
v -0.13857310 -0.46138860 0.18263220
v -0.14910660 -0.49864920 0.17440520
v -0.15855610 -0.46058820 0.16543830
v -0.16593050 -0.46154370 0.15799870
v -0.16253750 -0.48089070 0.16042450
v -0.16349270 -0.49866570 0.16110230
v -0.07443360 -0.45244680 0.21306970
v -0.09010700 -0.45123240 0.20570330
v 0.03022170 -0.49871290 0.22825990
v 0.01862150 -0.48205080 0.22833990
v 0.01800070 -0.46683350 0.22855730
v 0.02088540 -0.45936960 0.22868010
v 0.03491240 -0.46019970 0.22709970
v 0.03352550 -0.47913540 0.22648670
v 0.04883560 -0.49865580 0.22443010
v 0.05159040 -0.47742220 0.22262590
v 0.05096290 -0.46026670 0.22369570
v 0.01194660 -0.49974790 0.22941830
v 0.06500320 -0.49977170 0.22018220
v 0.06809810 -0.47670410 0.21806880
v -0.02296750 -0.49980590 0.22832890
v -0.04951150 -0.45030270 0.21815070
v -0.02641440 -0.45013560 0.22226420
v -0.06807600 -0.49990550 0.21875890
v 0.00064340 -0.45009560 0.22416080
v 0.01894420 -0.45035970 0.22304220
v 0.03314510 -0.45044940 0.22138540
v 0.04750040 -0.45081970 0.21877430
v 0.06742580 -0.45984190 0.21892490
v 0.06177950 -0.45119380 0.21531190
v 0.07921650 -0.45969400 0.21466010
v -0.15470960 -0.49975540 0.16825780
v 0.04217420 -0.49982440 0.22491140
v 0.12737950 -0.03624780 -0.00039270
v 0.09410040 -0.05141520 -0.00064830
v 0.09702670 -0.05065890 0.00332350
v 0.07762620 -0.05929900 0.00347120
v 0.11518410 -0.04383560 0.00856870
v 0.14055670 -0.03231900 0.00858410
v 0.13955210 -0.03069120 -0.00041290
v 0.16309920 -0.01993290 -0.00119440
v 0.15694310 -0.02522390 0.00922270
v 0.17911730 -0.01479950 0.00877230
v 0.18287700 -0.01114540 -0.00106620
v 0.19416580 -0.00908860 0.00912510
v 0.09314700 -0.05473800 0.00945520
v 0.19440480 -0.00774260 -0.00118040
v 0.07646880 -0.05952730 -0.00195520
v 0.05305660 -0.07080000 -0.00206510
v 0.03809000 -0.07837370 0.00318470
v 0.05978340 -0.06782670 0.00312210
v 0.03434640 -0.07942650 -0.00242000
v 0.07531160 -0.06317150 0.00968280
v 0.05288450 -0.07396810 0.00934590
v 0.03275910 -0.08409600 0.01056380
v 0.03409080 -0.07956690 0.00327960
v 0.18438400 -0.01628960 0.01393010
v 0.19643730 -0.01145800 0.01423340
v 0.13831240 -0.03808830 0.01421490
v 0.11937030 -0.04705500 0.01452030
v 0.16432680 -0.02644280 0.01447550
v 0.09594190 -0.05794230 0.01426520
v 0.07130500 -0.07007220 0.01457890
v 0.04840180 -0.08210800 0.01502170
v 0.19762850 -0.01455180 0.01767690
v 0.18172330 -0.02353590 0.01839210
v 0.02938190 -0.09416390 0.01652310
v 0.16489690 -0.03234300 0.01829930
v 0.14710060 -0.04066240 0.01813030
v 0.12534670 -0.05111420 0.01812680
v 0.19753470 -0.00943040 0.00816730
v 0.10597520 -0.06073390 0.01808610
v 0.09054010 -0.06833160 0.01808180
v 0.06843170 -0.07703790 0.01703200
v 0.19435060 -0.00932480 -0.01067220
v 0.13999730 -0.03286050 -0.00918170
v 0.10829900 -0.04731990 -0.00905770
v 0.16861960 -0.01981770 -0.00947020
v 0.12300080 -0.04088570 -0.00940480
v 0.09671570 -0.05253940 -0.00855650
v 0.08282220 -0.05949090 -0.00962360
v 0.06229300 -0.06938940 -0.00945200
v 0.04689520 -0.07779300 -0.01046300
v 0.03282080 -0.08233530 -0.00893500
v 0.19740470 -0.00845900 -0.00239770
v 0.19739960 -0.00994450 -0.01151430
v 0.18754800 -0.01485130 -0.01397760
v 0.09371430 -0.05932130 -0.01451300
v 0.17193920 -0.02285420 -0.01466030
v 0.15576480 -0.03066090 -0.01480980
v 0.12919370 -0.04283770 -0.01461460
v 0.10951570 -0.05231500 -0.01470890
v 0.08144870 -0.06538460 -0.01458300
v 0.14191640 -0.03865700 -0.01598030
v 0.03084590 -0.08767200 -0.01317820
v 0.06726130 -0.07301030 -0.01485640
v 0.19876130 -0.01667410 -0.01873750
v -0.00996660 0.18557680 0.10506710
v -0.01019490 0.19867150 0.12711160
v -0.00139750 0.19853210 0.11999670
v -0.00943450 0.20923580 0.14375960
v 0.00009660 0.19030110 0.10594240
v -0.00046300 0.17991280 0.08868860
v -0.01014400 0.17609730 0.08958490
v -0.00946200 0.16958160 0.07733340
v -0.00052360 0.21507480 0.14810430
v -0.00952200 0.21686700 0.15696970
v -0.00055950 0.22638760 0.16748080
v -0.01012050 0.22491610 0.17158320
v -0.00984690 0.23351850 0.18493020
v -0.00029490 0.24285600 0.19495140
v -0.01017810 0.24135450 0.19851780
v 0.00036130 0.16457450 0.06404560
v -0.00276800 0.14752020 0.03929940
v -0.00969590 0.15484440 0.05447220
v -0.00958310 0.16235340 0.06614150
v -0.01064660 0.14731060 0.04412330
v -0.00922550 0.14094210 0.03304830
v -0.01092140 0.13867670 0.03041170
v -0.00350230 0.14296840 0.03275280
v -0.00110570 0.24637310 0.20278060
v -0.01032840 0.24373150 0.20552390
v 0.00199510 0.20170790 0.12491080
v 0.00167360 0.14306620 0.03323230
v -0.00091630 0.24660420 0.20523490
v -0.01457540 0.15726930 0.06732680
v -0.01507070 0.22062590 0.17395740
v -0.01449860 0.22696730 0.18361940
v -0.01480310 0.16501320 0.08098860
v -0.01487000 0.17509330 0.09788720
v -0.01503160 0.19972070 0.13900840
v -0.01491730 0.20799290 0.15326470
v -0.01509960 0.14804020 0.05452070
v -0.01578910 0.13618630 0.03672140
v -0.01546260 0.21342280 0.16439280
v -0.01484840 0.18679150 0.11805700
v -0.01632260 0.12858090 0.02812330
v -0.01570670 0.23725800 0.20686670
v 0.00927800 0.20947960 0.14148780
v 0.00777540 0.17410350 0.08168080
v 0.00951260 0.18241590 0.09625650
v 0.00946390 0.19365780 0.11467900
v 0.00951020 0.21905150 0.15856900
v 0.00917570 0.15129650 0.04769110
v 0.00982030 0.16189230 0.06388030
v 0.00874490 0.24172930 0.19658790
v 0.01058910 0.24343550 0.20116500
v 0.00972970 0.23450380 0.18495680
v 0.00945220 0.22620110 0.17096000
v 0.00944370 0.20201630 0.12857900
v 0.01080730 0.13717560 0.03039350
v 0.01007150 0.16982220 0.07655440
v 0.01102090 0.24363670 0.20595540
v 0.01402720 0.14938110 0.05093500
v 0.01388810 0.18444290 0.10555040
v 0.01424690 0.21042370 0.15025430
v 0.01452510 0.14168470 0.04139240
v 0.01471330 0.20265790 0.13820580
v 0.01468550 0.17684140 0.09500150
v 0.01453970 0.16870950 0.08163980
v 0.01484750 0.19187390 0.12004500
v 0.01449970 0.22038120 0.16904900
v 0.01471340 0.22683200 0.18023940
v 0.01471050 0.15854560 0.06647820
v 0.01533140 0.21381580 0.15944680
v 0.01434210 0.24016030 0.20535780
v 0.01628030 0.13431190 0.03565540
v 0.01755030 0.12559960 0.02818590
v 0.01795800 0.17715460 0.10642480
v 0.01718910 0.14733810 0.05770570
v 0.01767010 0.20706100 0.15674750
v 0.01824260 0.19474820 0.13739470
v 0.01801680 0.18681610 0.12347240
v 0.01787480 0.16290910 0.08425640
v 0.01769140 0.20097380 0.14669960
v 0.01700130 0.23451080 0.20629910
v 0.01797610 0.15490430 0.07401880
v 0.01807860 0.21303740 0.17146780
v 0.01919050 0.21290820 0.18105680
v 0.01855950 0.22494680 0.19639460
v 0.01877350 0.21884290 0.18815650
v 0.01811940 0.12917720 0.03796350
v 0.01902280 0.14406580 0.06530050
v 0.01886260 0.13102690 0.04908890
v 0.01947440 0.17843430 0.12193970
v 0.01928390 0.16337250 0.09672100
v 0.01940490 0.19419550 0.14954840
v 0.01914330 0.20271870 0.16550730
v -0.22337690 -0.46121690 0.05166450
v -0.22307140 -0.48113870 0.04983020
v -0.21749370 -0.47377480 0.06918300
v -0.21834900 -0.46097190 0.07056380
v -0.21680360 -0.48367240 0.07198580
v -0.22650250 -0.47168000 0.03390520
v -0.22689130 -0.46177310 0.03516720
v -0.22754390 -0.49868100 0.03417510
v -0.22472020 -0.49849240 0.04794740
v -0.22026340 -0.49860280 0.06502260
v -0.21487020 -0.49870850 0.08065830
v -0.21140250 -0.47254900 0.08549660
v -0.21342210 -0.46103080 0.08361610
v -0.20599930 -0.48399780 0.09829580
v -0.20812590 -0.49863420 0.09700330
v -0.20582730 -0.47336570 0.09835880
v -0.20612210 -0.46119020 0.10020530
v -0.20029560 -0.49877660 0.11183000
v -0.19650040 -0.48232620 0.11524970
v -0.19810730 -0.46126300 0.11466280
v -0.18820530 -0.48517610 0.12943620
v -0.18770920 -0.47291900 0.12985970
v -0.18950270 -0.46152620 0.12863510
v -0.19226240 -0.49955960 0.12470780
v -0.17866150 -0.49910540 0.14365610
v -0.18029750 -0.46074470 0.14115000
v -0.17498460 -0.48158170 0.14649690
v -0.17768510 -0.47220370 0.14318550
v -0.16593050 -0.46154370 0.15799870
v -0.16349270 -0.49866570 0.16110230
v -0.16253750 -0.48089070 0.16042450
v -0.22842850 -0.46047690 0.02264910
v -0.22805500 -0.48073560 0.02265870
v -0.22974300 -0.46790370 0.00161110
v -0.22926680 -0.49893270 0.02009620
v -0.22974040 -0.48269390 0.00084360
v -0.23018400 -0.46094580 -0.00049860
v -0.22490890 -0.45625610 0.03636400
v -0.23049710 -0.49850000 -0.00017150
v -0.21972980 -0.45195430 0.05116260
v -0.21570350 -0.45250940 0.06670300
v -0.21184320 -0.45148530 0.07490850
v -0.20373340 -0.45169850 0.09426410
v -0.22392680 -0.45180520 0.02936320
v -0.19704740 -0.45195490 0.10722010
v -0.22759640 -0.45474830 -0.00001130
v -0.22513410 -0.45101530 -0.00034840
v -0.22443170 -0.45188850 -0.02476060
v -0.00091630 0.24660420 0.20523490
v -0.01343000 0.23565060 0.20947640
v -0.00239340 0.21941580 0.21681410
v 0.01102090 0.24363670 0.20595540
v 0.01369860 0.22097200 0.21546150
v -0.01416880 0.22135640 0.21503800
v -0.01032840 0.24373150 0.20552390
v 0.01575100 0.23572850 0.20856770
v 0.00152910 0.21624070 0.21688210
v -0.01705410 0.22923350 0.21049450
v -0.01001310 0.21819240 0.21557400
v 0.01047310 0.21699650 0.21570130
v -0.01570670 0.23725800 0.20686670
v 0.01739220 0.22349800 0.21037430
v 0.01434210 0.24016030 0.20535780
v 0.01700130 0.23451080 0.20629910
v -0.08054630 0.34901370 -0.00204880
v -0.12145450 0.36944950 -0.00240610
v -0.12125630 0.36920320 0.00390420
v -0.15083960 0.38385850 -0.00208320
v -0.14041300 0.37852870 0.00417740
v -0.16141760 0.38914800 -0.00116050
v -0.08155550 0.34901250 0.00451160
v -0.06312290 0.33950120 0.00419700
v -0.04874250 0.33275990 -0.00134870
v -0.17132300 0.39210850 0.00898860
v -0.17880110 0.39749320 -0.00119320
v -0.18912340 0.40052670 0.00807470
v -0.10420980 0.35949300 0.00841950
v -0.05270540 0.33249130 0.00906170
v -0.03314010 0.32296350 0.00673030
v -0.03381780 0.32430310 -0.00067950
v -0.19285500 0.40264480 -0.00027170
v -0.07988460 0.34633670 0.00946840
v -0.12782870 0.37046060 0.00936900
v -0.15097170 0.38184370 0.00951840
v -0.19427030 0.40120670 0.00942360
v -0.03775610 0.32352010 0.01015740
v -0.19000600 0.40006060 -0.00930900
v -0.03300110 0.32199180 -0.00804050
v -0.10252410 0.35797150 -0.00868100
v -0.13910740 0.37594020 -0.00877680
v -0.17764420 0.39407770 -0.00975700
v -0.15759420 0.38452180 -0.00945780
v -0.05796770 0.33475660 -0.00926200
v -0.04355900 0.32671700 -0.01018370
v -0.06726650 0.33983630 -0.00904250
v -0.08534950 0.34853310 -0.00962450
v -0.12049220 0.36604990 -0.00966360
v -0.19401750 0.40029410 -0.01042320
v -0.03198070 0.31859610 -0.01211440
v -0.19375350 0.39730920 -0.01458050
v -0.11336120 0.35872440 -0.01409770
v -0.09084190 0.34738280 -0.01408100
v -0.15243690 0.37795910 -0.01411090
v -0.13329330 0.36820040 -0.01424340
v -0.17325380 0.38753940 -0.01459010
v -0.06519570 0.33261950 -0.01482180
v -0.05243970 0.32627120 -0.01473650
v -0.03700780 0.31741600 -0.01532770
v -0.02976920 0.30943490 -0.01739790
v -0.19101830 0.39049280 -0.01823330
v -0.18752040 0.39570380 0.01443560
v -0.09911530 0.34683370 -0.01689950
v -0.07825280 0.33617110 -0.01674280
v -0.15558030 0.37238030 -0.01821410
v -0.12320610 0.35819710 -0.01713490
v -0.14050890 0.36686030 -0.01703820
v -0.17847680 0.38249760 -0.01869630
v -0.06040310 0.32493770 -0.01721320
v -0.04569330 0.31691540 -0.01749540
v -0.07167840 0.32869180 -0.01793380
v -0.19774560 0.38924780 -0.01855790
v -0.13938520 0.36126650 -0.01866090
v -0.03749910 0.30775550 -0.01847520
v -0.10186280 0.34296350 -0.01857790
v -0.09115940 0.33667250 -0.01870190
v -0.11933610 0.34977430 -0.01885190
v -0.08056460 0.33020260 -0.01860100
v -0.06896700 0.32245400 -0.01854260
v -0.19493700 0.38474520 -0.01960080
v -0.16078050 0.36802100 -0.01937840
v -0.17986790 0.37671440 -0.01956800
v -0.04844050 0.31116920 -0.01849380
v -0.03719580 0.30222990 -0.01849930
v -0.02848180 0.29821770 -0.01878840
v -0.10044860 0.33507300 -0.01877270
v -0.12741180 0.34858250 -0.01888780
v -0.03176840 0.31608430 0.01425560
v -0.19489940 0.39755060 0.01473830
v -0.12134680 0.36304180 0.01442520
v -0.16655790 0.38517000 0.01446050
v -0.14804180 0.37589090 0.01463740
v -0.13609810 0.36981270 0.01468000
v -0.11021330 0.35675630 0.01484060
v -0.08740190 0.34553330 0.01471150
v -0.06596660 0.33410140 0.01448770
v -0.04878930 0.32445820 0.01486170
v -0.04016500 0.31947700 0.01528000
v -0.02928640 0.31442510 0.01561620
v -0.07836250 0.33907050 0.01561710
v 0.12593670 -0.06209150 -0.01841000
v 0.12411170 -0.07143450 -0.01440060
v 0.11344520 -0.07110280 -0.01707510
v 0.13917080 -0.06386810 -0.01475540
v 0.14062530 -0.05572670 -0.01881790
v 0.10451080 -0.07958480 -0.01483280
v 0.09754050 -0.07462500 -0.01828440
v 0.08905080 -0.07955430 -0.01798660
v 0.08863990 -0.08743510 -0.01460090
v 0.07968380 -0.08624130 -0.01717880
v 0.07168770 -0.09480070 -0.01490090
v 0.06387420 -0.08895760 -0.01824180
v 0.15937400 -0.05531260 -0.01399670
v 0.16145290 -0.04602960 -0.01861980
v 0.18146070 -0.04445920 -0.01420090
v 0.17222080 -0.04016760 -0.01906320
v 0.19073640 -0.03329180 -0.01870710
v 0.19790850 -0.03813310 -0.01387370
v 0.20382930 -0.02818750 -0.01821270
v 0.05208760 -0.09694370 -0.01788920
v 0.05026150 -0.10376270 -0.01542230
v 0.03966090 -0.10189020 -0.01778010
v 0.02910750 -0.10858820 -0.01667340
v 0.03247920 -0.11519340 -0.01139460
v 0.19879040 -0.02377340 -0.02021440
v 0.11339710 -0.06477630 -0.01882740
v 0.07767250 -0.08123850 -0.01845040
v 0.15341070 -0.04470700 -0.01946180
v 0.18416150 -0.02991270 -0.01979280
v 0.05184510 -0.10813780 -0.01126460
v 0.07266010 -0.09969710 -0.01012470
v 0.09813150 -0.08721520 -0.01083420
v 0.20674090 -0.03303390 -0.01291330
v 0.11099060 -0.08199540 -0.00971510
v 0.12186390 -0.07661700 -0.01036250
v 0.08597800 -0.09415770 -0.00932800
v 0.17690240 -0.04956200 -0.01146480
v 0.15349090 -0.06140940 -0.01046750
v 0.14090930 -0.06756750 -0.01032350
v 0.18535930 -0.04663880 -0.01015030
v 0.16884830 -0.05434280 -0.01016700
v 0.20483200 -0.03777640 -0.00876490
v 0.04488470 -0.09420270 -0.01853070
v 0.13020870 -0.05395170 -0.01905610
v 0.09537470 -0.06901310 -0.01851240
v 0.02895780 -0.09876270 -0.01706100
v 0.16262890 -0.03439740 -0.01869290
v 0.05421670 -0.10929550 -0.00770860
v 0.10199250 -0.08739570 -0.00738460
v 0.03563200 -0.11605620 -0.00781480
v 0.13215180 -0.07327800 -0.00762070
v 0.05880550 -0.08525290 -0.01779590
v 0.07151000 -0.07774690 -0.01774710
v 0.11644100 -0.05554480 -0.01808110
v 0.13398380 -0.04740420 -0.01836140
v 0.08289840 -0.07016420 -0.01731010
v 0.18555070 -0.02238850 -0.01871400
v 0.19876130 -0.01667410 -0.01873750
v 0.02898500 -0.09371730 -0.01605740
v 0.09971790 -0.06267860 -0.01752420
v 0.05247840 -0.08183470 -0.01565750
v 0.08144870 -0.06538460 -0.01458300
v 0.06726130 -0.07301030 -0.01485640
v 0.14191640 -0.03865700 -0.01598030
v 0.09371430 -0.05932130 -0.01451300
v 0.10951570 -0.05231500 -0.01470890
v 0.12919370 -0.04283770 -0.01461460
v 0.03084590 -0.08767200 -0.01317820
v 0.15576480 -0.03066090 -0.01480980
v 0.17193920 -0.02285420 -0.01466030
v 0.18754800 -0.01485130 -0.01397760
v 0.04689520 -0.07779300 -0.01046300
v 0.05361490 -0.11144070 -0.00228950
v 0.03484050 -0.11879840 -0.00125240
v 0.14811330 -0.06747490 -0.00144070
v 0.07118970 -0.10390480 -0.00114350
v 0.08649550 -0.09668820 -0.00095150
v 0.17042010 -0.05677290 -0.00153500
v 0.11460860 -0.08310170 -0.00163970
v 0.20401690 -0.04047840 -0.00190320
v 0.13239750 -0.07524370 -0.00099620
v 0.20842740 -0.03583390 -0.00044680
v 0.12188280 -0.06518530 0.01820160
v 0.10593080 -0.07333710 0.01787980
v 0.12430020 -0.07189790 0.01425780
v 0.14288940 -0.06260790 0.01455140
v 0.14075110 -0.05728940 0.01803970
v 0.10234030 -0.08216040 0.01409680
v 0.08609430 -0.08239120 0.01787290
v 0.08111280 -0.09170340 0.01438390
v 0.06488470 -0.09194980 0.01801690
v 0.05395240 -0.09729950 0.01786730
v 0.05530480 -0.10401220 0.01430740
v 0.16716910 -0.05175650 0.01416970
v 0.02891120 -0.10830360 0.01681630
v 0.17241900 -0.04257550 0.01819260
v 0.19180420 -0.04004910 0.01428300
v 0.20022430 -0.03054450 0.01807640
v 0.03119990 -0.11353410 0.01280350
v 0.20485980 -0.03323040 0.01433720
v 0.20372600 -0.02621790 0.01810680
v 0.19807470 -0.02193950 0.02012490
v 0.17963980 -0.03189200 0.01945000
v 0.02878490 -0.10354520 0.01788090
v 0.14468120 -0.04897020 0.01912830
v 0.12317410 -0.05858770 0.01887430
v 0.16173360 -0.04100480 0.01913830
v 0.04781950 -0.09429510 0.01856550
v 0.08428360 -0.07858670 0.01844990
v 0.10472850 -0.06767930 0.01857900
v 0.06205020 -0.08452820 0.01823650
v 0.09054010 -0.06833160 0.01808180
v 0.10597520 -0.06073390 0.01808610
v 0.04124360 -0.09296820 0.01788460
v 0.12534670 -0.05111420 0.01812680
v 0.16489690 -0.03234300 0.01829930
v 0.14710060 -0.04066240 0.01813030
v 0.18172330 -0.02353590 0.01839210
v 0.02938190 -0.09416390 0.01652310
v 0.02555240 -0.09906520 0.02094370
v 0.06843170 -0.07703790 0.01703200
v 0.19762850 -0.01455180 0.01767690
v 0.04840180 -0.08210800 0.01502170
v 0.05146050 -0.10939910 0.00988710
v 0.13186310 -0.07320000 0.00896140
v 0.14730060 -0.06534590 0.00909380
v 0.11064310 -0.08203650 0.00970120
v 0.08231970 -0.09621590 0.00855680
v 0.06566570 -0.10381130 0.00914210
v 0.16677260 -0.05631820 0.00916510
v 0.18462790 -0.04783020 0.00906270
v 0.20441850 -0.03827110 0.00869210
v 0.03843080 -0.11606880 0.00457150
v 0.03284620 -0.11654900 0.01011260
v 0.20772670 -0.03444200 0.00880890
v 0.05675850 -0.10964850 0.00393360
v 0.03439650 -0.11865490 0.00319500
v 0.11050190 -0.08441650 0.00377000
v 0.08649550 -0.09668820 -0.00095150
v 0.07118970 -0.10390480 -0.00114350
v 0.14811330 -0.06747490 -0.00144070
v 0.13239750 -0.07524370 -0.00099620
v 0.17042010 -0.05677290 -0.00153500
v 0.20401690 -0.04047840 -0.00190320
v 0.11460860 -0.08310170 -0.00163970
v 0.05361490 -0.11144070 -0.00228950
v 0.03484050 -0.11879840 -0.00125240
v 0.20842740 -0.03583390 -0.00044680
v -0.01761390 0.18069970 0.13305610
v -0.01661750 0.16861090 0.11917940
v -0.01405400 0.16916210 0.13084690
v -0.01421580 0.18143520 0.15109980
v -0.01765360 0.18717360 0.14200350
v -0.01698680 0.19406630 0.15900280
v -0.01408740 0.19410210 0.17046570
v -0.01447900 0.15509880 0.10670370
v -0.01776390 0.16364610 0.10321260
v -0.01740030 0.15031230 0.08412530
v -0.01429470 0.14191470 0.08528150
v -0.01482010 0.13484990 0.07331550
v -0.01759460 0.20164900 0.16875830
v -0.01755680 0.20764360 0.17770450
v -0.01437850 0.20740620 0.19194830
v -0.01624220 0.21329810 0.19314170
v -0.01672760 0.22361350 0.20979810
v -0.01774890 0.14400130 0.06858260
v -0.01797250 0.13098460 0.05327540
v -0.01426720 0.12406780 0.05845980
v -0.01405560 0.11407560 0.04493740
v -0.01771330 0.21459190 0.18373610
v -0.01789360 0.11719080 0.03690240
v -0.01752100 0.10877210 0.02997660
v -0.01416880 0.22135640 0.21503800
v -0.01776760 0.19243130 0.14885250
v -0.01762700 0.17347770 0.11447790
v -0.01736990 0.20131080 0.15666800
v -0.01762280 0.15737270 0.09052470
v -0.01705410 0.22923350 0.21049450
v -0.01717130 0.22566690 0.19625480
v -0.01806060 0.12252970 0.02854390
v -0.01699300 0.15387680 0.07577120
v -0.01675890 0.14283970 0.05691950
v -0.01659010 0.18492070 0.12580400
v -0.01696840 0.16679860 0.09774610
v -0.01570670 0.23725800 0.20686670
v -0.01546260 0.21342280 0.16439280
v -0.01484840 0.18679150 0.11805700
v -0.01503160 0.19972070 0.13900840
v -0.01480310 0.16501320 0.08098860
v -0.01487000 0.17509330 0.09788720
v -0.01507070 0.22062590 0.17395740
v -0.01578910 0.13618630 0.03672140
v -0.01509960 0.14804020 0.05452070
v -0.01457540 0.15726930 0.06732680
v -0.01491730 0.20799290 0.15326470
v -0.01632260 0.12858090 0.02812330
v -0.01449860 0.22696730 0.18361940
v -0.01970730 0.11035200 0.02592270
v -0.01931950 0.12410760 0.02595700
v -0.01762850 0.10487270 0.02736080
v -0.01016360 0.10687770 0.04244540
v -0.01092140 0.13867670 0.03041170
v -0.01315780 0.10009060 0.02984680
v -0.00943970 0.11818260 0.05836680
v -0.00950340 0.12783210 0.07207410
v -0.01019100 0.13717610 0.08524970
v -0.01098420 0.15000300 0.10433150
v -0.00951090 0.21126980 0.20670310
v -0.00866280 0.18244310 0.16094390
v -0.00944490 0.19055130 0.17290480
v -0.00940550 0.20012120 0.18861680
v -0.00872020 0.15857580 0.12105810
v -0.00986670 0.16555300 0.13193320
v -0.00900120 0.17315190 0.14576920
v 0.10297320 0.33632790 -0.01898350
v 0.12696910 0.34610010 -0.01844110
v 0.11915750 0.34085660 -0.01786450
v 0.11405230 0.33303590 -0.01545040
v 0.10006490 0.32506430 -0.01471370
v 0.12928470 0.33909800 -0.01468650
v 0.08833380 0.32809230 -0.01861150
v 0.07982700 0.32250930 -0.01807170
v 0.08242100 0.31769640 -0.01546920
v 0.06749830 0.31760100 -0.01828280
v 0.07120060 0.31047400 -0.01429330
v 0.05328380 0.30793740 -0.01735630
v 0.05330730 0.30232630 -0.01483750
v 0.03930510 0.30312390 -0.01800070
v 0.03964950 0.29628400 -0.01525260
v 0.14767620 0.34773950 -0.01488100
v 0.13568960 0.35258490 -0.01912830
v 0.02860080 0.29360420 -0.01759370
v 0.03150590 0.28730660 -0.01242270
v 0.14459690 0.35096830 -0.01740090
v 0.15609650 0.36019180 -0.01900250
v 0.17010090 0.35770280 -0.01481100
v 0.17181530 0.36702390 -0.01906060
v 0.18215230 0.36437140 -0.01570640
v 0.20418580 0.37320120 -0.01541060
v 0.20054920 0.37767740 -0.01868590
v 0.02802390 0.30193150 -0.01895210
v 0.18817510 0.38019200 -0.01999060
v 0.19767940 0.38446560 -0.02023510
v 0.16878270 0.37120120 -0.01961160
v 0.05993940 0.31763830 -0.01865560
v 0.04119960 0.30962220 -0.01842780
v 0.20282840 0.38054520 -0.01832600
v 0.12160870 0.35087760 -0.01901050
v 0.07924630 0.32993660 -0.01870380
v 0.09769960 0.34066330 -0.01871850
v 0.13770850 0.36135760 -0.01867150
v 0.02438380 0.32325840 -0.02364570
v 0.04375180 0.29285760 -0.01068030
v 0.11972080 0.32962880 -0.01010340
v 0.08530020 0.31256320 -0.00977230
v 0.09611410 0.31844600 -0.01022950
v 0.05941470 0.30026370 -0.01023490
v 0.07205020 0.30586920 -0.00946660
v 0.17983010 0.35752290 -0.01045850
v 0.20387090 0.36828110 -0.01065360
v 0.13605170 0.33733750 -0.01013520
v 0.15657020 0.34673170 -0.00998940
v 0.10446700 0.32115620 -0.00789630
v 0.05216960 0.29474510 -0.00677170
v 0.03293150 0.28476330 -0.00565150
v 0.18491140 0.35847330 -0.00797590
v 0.12757610 0.33124880 -0.00585820
v 0.17532720 0.35176920 -0.00156650
v 0.15114860 0.34108790 -0.00212630
v 0.07032840 0.30198980 -0.00097840
v 0.20744900 0.36979950 -0.00650970
v 0.08440350 0.30888420 -0.00132940
v 0.09937020 0.31648580 -0.00037350
v 0.20404850 0.36521880 -0.00178340
v 0.11292220 0.32298840 -0.00152720
v 0.05719430 0.29550220 -0.00093590
v 0.03340470 0.28387230 -0.00120620
v 0.19787340 0.39260950 -0.01806000
v -0.19831730 0.39307300 -0.01458790
v -0.20565750 0.37494680 -0.01424630
v -0.20207200 0.38302000 0.01626850
v -0.19557160 0.40007820 -0.00673840
v -0.20687240 0.37086510 -0.00047490
v -0.19749240 0.39534180 0.01355180
v -0.20531260 0.37232710 0.01349450
v -0.19427030 0.40120670 0.00942360
v -0.19791670 0.39128070 0.01807950
v -0.20716860 0.36687590 -0.00301480
v -0.20220450 0.38025130 -0.01812110
v -0.20271910 0.37724370 0.01773310
v -0.19401750 0.40029410 -0.01042320
v -0.19285500 0.40264480 -0.00027170
v -0.20550630 0.36784910 0.00904470
v -0.19489940 0.39755060 0.01473830
v -0.19774560 0.38924780 -0.01855790
v -0.20534600 0.36765580 -0.00958830
v -0.19375350 0.39730920 -0.01458050
v -0.19836720 0.38322670 0.02009490
v -0.20194170 0.37223880 -0.01546240
v 0.19806230 0.39697410 0.01320620
v 0.20539570 0.37650920 0.01447710
v 0.19828630 0.39581520 -0.01371440
v 0.20451070 0.37961190 -0.01577440
v 0.19670430 0.40091040 0.00167930
v 0.20744900 0.36979950 -0.00650970
v 0.20716420 0.37006810 0.00659940
v 0.19865270 0.39123540 0.01801870
v 0.20246940 0.38202170 0.01793390
v 0.19509810 0.40081530 -0.00920220
v 0.19787340 0.39260950 -0.01806000
v 0.20282840 0.38054520 -0.01832600
v 0.19498410 0.40027790 0.01029170
v 0.20418580 0.37320120 -0.01541060
v 0.19408900 0.40211450 0.00094420
v -0.11745920 -0.08173260 -0.00159980
v -0.10810720 -0.08590090 0.00282720
v -0.13996830 -0.07142240 -0.00099340
v -0.07646140 -0.10152300 -0.00214480
v -0.08078560 -0.09888340 0.00335980
v -0.05887860 -0.10901000 0.00345700
v -0.12270690 -0.07840420 0.00546060
v -0.14970820 -0.06468540 0.00805780
v -0.15339620 -0.06475190 -0.00080550
v -0.16999820 -0.05552610 0.00827310
v -0.18810550 -0.04859490 -0.00120750
v -0.18397160 -0.04880230 0.00853150
v -0.20206560 -0.03903250 0.00852530
v -0.20501430 -0.03872550 -0.00247660
v -0.05116680 -0.11258340 -0.00255270
v -0.03472520 -0.11885640 -0.00166510
v -0.03386660 -0.11783260 0.00533890
v -0.07598300 -0.09901240 0.00904130
v -0.09698260 -0.08882880 0.00938730
v -0.11594390 -0.07980510 0.00944610
v -0.13692390 -0.07008540 0.00950560
v -0.05378300 -0.10844010 0.00985300
v -0.20788790 -0.03476630 0.00803300
v -0.20377460 -0.03363260 0.01462560
v -0.17756270 -0.04779840 0.01396470
v -0.03227560 -0.11365960 0.01234930
v -0.15810260 -0.05649780 0.01401340
v -0.13478180 -0.06700150 0.01427230
v -0.11576630 -0.07523400 0.01478930
v -0.07302680 -0.09609200 0.01417560
v -0.09824220 -0.08416580 0.01420390
v -0.05052390 -0.10526240 0.01476510
v -0.18621470 -0.03817090 0.01784570
v -0.20316450 -0.02905070 0.01818370
v -0.02828310 -0.10787160 0.01761000
v -0.16873730 -0.04578170 0.01800890
v -0.16208920 -0.05795980 -0.00937380
v -0.18232010 -0.04850930 -0.00962020
v -0.06451660 -0.10450960 -0.00995110
v -0.12765880 -0.07469490 -0.00900800
v -0.10872830 -0.08362570 -0.00879740
v -0.09452700 -0.09044390 -0.00923770
v -0.19818450 -0.03992810 -0.01074620
v -0.04020330 -0.11493980 -0.00804840
v -0.04715620 -0.11131440 -0.01050340
v -0.08287100 -0.09566690 -0.00967710
v -0.20764300 -0.03445010 -0.00954520
v -0.14738710 -0.06436620 -0.00995270
v -0.20853480 -0.03345540 -0.00308530
v -0.03270140 -0.11590570 -0.01077790
v -0.20463660 -0.03353050 -0.01426960
v -0.11129950 -0.07755780 -0.01441330
v -0.13229920 -0.06775220 -0.01431570
v -0.03006470 -0.11145990 -0.01545080
v -0.16609970 -0.05133790 -0.01461470
v -0.18102750 -0.04431740 -0.01453040
v -0.07065730 -0.09745930 -0.01421680
v -0.08975790 -0.08771000 -0.01451950
v -0.14664440 -0.05999570 -0.01468080
v -0.05322030 -0.10413270 -0.01525930
v -0.20656720 -0.02934430 -0.01430670
v -0.07648710 -0.09171250 -0.01603010
v -0.12566710 -0.06622280 -0.01699710
v -0.18683270 -0.03398940 -0.01876410
v -0.20174950 -0.02747740 -0.01875540
v -0.06285530 -0.09533080 -0.01735390
v -0.03759250 -0.10472070 -0.01791490
v -0.11064990 -0.07183320 -0.01768240
v -0.16811310 -0.04251150 -0.01844290
v -0.09467900 -0.07897490 -0.01784050
v -0.13504410 -0.05930810 -0.01778660
v -0.15106910 -0.05095110 -0.01829450
v -0.08120270 -0.08503470 -0.01788190
v -0.10282790 -0.07146110 -0.01882470
v -0.05247020 -0.09853170 -0.01789250
v -0.04448800 -0.09860920 -0.01867410
v -0.06993680 -0.08833940 -0.01835660
v -0.12207490 -0.06121530 -0.01894930
v -0.02837130 -0.10376520 -0.01817590
v -0.19771790 -0.00873740 0.00399050
v -0.20228230 -0.01943210 -0.01534300
v -0.20527880 -0.02682020 0.01584790
v -0.20853480 -0.03345540 -0.00308530
v -0.20656720 -0.02934430 -0.01430670
v -0.19784170 -0.01008570 -0.01186830
v -0.19678210 -0.00994850 0.01437210
v -0.20788790 -0.03476630 0.00803300
v -0.20202330 -0.02173080 -0.01880090
v -0.19750620 -0.01403630 0.01814820
v -0.20308730 -0.02427540 0.01888290
v -0.19533510 -0.00662580 -0.00135610
v -0.20764300 -0.03445010 -0.00954520
v -0.19499190 -0.00719780 0.00911600
v -0.20316450 -0.02905070 0.01818370
v -0.20377460 -0.03363260 0.01462560
v -0.19542320 -0.01037140 -0.01376650
v -0.19696630 -0.01589000 -0.01813030
v -0.20174950 -0.02747740 -0.01875540
v 0.11272310 0.35775110 -0.01438460
v 0.09644200 0.35454090 -0.00940240
v 0.11824130 0.36553630 -0.00902590
v 0.14134500 0.37203640 -0.01431510
v 0.13259150 0.37287090 -0.00897210
v 0.08657890 0.34485710 -0.01418600
v 0.07031350 0.34156790 -0.00911110
v 0.06948700 0.33607670 -0.01415830
v 0.05885520 0.33503020 -0.00998940
v 0.15005910 0.38106300 -0.00934170
v 0.17416690 0.38795450 -0.01440600
v 0.15956490 0.38035570 -0.01501280
v 0.17541160 0.39300720 -0.00933580
v 0.19461790 0.39673270 -0.01474420
v 0.05316130 0.32674620 -0.01482720
v 0.04655420 0.32903600 -0.00936720
v 0.03104120 0.31569250 -0.01511940
v 0.03340700 0.32214730 -0.01001630
v 0.19509810 0.40081530 -0.00920220
v 0.18247630 0.38511800 -0.01872810
v 0.19787340 0.39260950 -0.01806000
v 0.10165830 0.34825820 -0.01679200
v 0.13135110 0.36234550 -0.01720760
v 0.14804230 0.37022810 -0.01744880
v 0.08607430 0.33930460 -0.01719020
v 0.11656380 0.35313290 -0.01798200
v 0.06811990 0.32920120 -0.01741810
v 0.13770850 0.36135760 -0.01867150
v 0.16532240 0.37584100 -0.01872120
v 0.05332060 0.32032340 -0.01783490
v 0.03240770 0.31290250 -0.01677350
v 0.09769960 0.34066330 -0.01871850
v 0.07924630 0.32993660 -0.01870380
v 0.19767940 0.38446560 -0.02023510
v 0.18817510 0.38019200 -0.01999060
v 0.12160870 0.35087760 -0.01901050
v 0.05993940 0.31763830 -0.01865560
v 0.04119960 0.30962220 -0.01842780
v 0.02802390 0.30193150 -0.01895210
v 0.16878270 0.37120120 -0.01961160
v 0.19828630 0.39581520 -0.01371440
v 0.02890880 0.31340980 -0.01845620
v 0.05207970 0.33482610 -0.00099680
v 0.03504500 0.32573000 -0.00063870
v 0.13928170 0.37828550 -0.00185280
v 0.08713240 0.35231470 -0.00135850
v 0.17835800 0.39650570 -0.00063840
v 0.14795000 0.38252040 -0.00017790
v 0.19408900 0.40211450 0.00094420
v 0.20315020 -0.02274300 -0.01585060
v 0.19753470 -0.00943040 0.00816730
v 0.20474140 -0.02646710 0.01225430
v 0.20842740 -0.03583390 -0.00044680
v 0.19740470 -0.00845900 -0.00239770
v 0.20772670 -0.03444200 0.00880890
v 0.20674090 -0.03303390 -0.01291330
v 0.19739960 -0.00994450 -0.01151430
v 0.20372600 -0.02621790 0.01810680
v 0.19762850 -0.01455180 0.01767690
v 0.19876130 -0.01667410 -0.01873750
v 0.20382930 -0.02818750 -0.01821270
v 0.19643730 -0.01145800 0.01423340
v 0.20485980 -0.03323040 0.01433720
v 0.20483200 -0.03777640 -0.00876490
v -0.03088340 0.42322940 -0.00400060
v -0.02943910 0.39048970 0.00014580
v -0.02927360 0.39635410 -0.00929860
v -0.02843780 0.37116810 -0.00484000
v -0.03063770 0.42358950 0.00240450
v -0.02873730 0.38263940 0.00285920
v -0.02694840 0.33256040 0.00227850
v -0.02676770 0.33220100 -0.00609800
v -0.03257600 0.43941330 -0.00477260
v -0.03242910 0.43960120 0.00326590
v -0.02542400 0.32266930 -0.00103120
v -0.03731570 0.46759070 -0.00007040
v -0.02925940 0.41921560 -0.01285800
v -0.03223520 0.44275850 -0.01121960
v -0.02602450 0.34044690 -0.01245060
v -0.02835390 0.39076790 -0.01161300
v -0.03693800 0.47491450 -0.00996190
v -0.03815260 0.47734250 -0.00040280
v -0.02529150 0.32624880 -0.00966230
v -0.03719220 0.48692040 -0.00204600
v -0.03712950 0.47308270 0.00730600
v -0.03371750 0.46981640 -0.01792650
v -0.03719270 0.48573680 0.00356870
v -0.03363490 0.48921760 -0.01619700
v -0.03421810 0.47990910 -0.01748570
v -0.02586950 0.33058200 0.00833690
v -0.02919370 0.42034540 0.00848310
v -0.02775970 0.37771590 0.00726470
v -0.03217180 0.44643890 0.01048820
v -0.02271150 0.31740940 0.00477610
v -0.02002220 0.31248510 -0.01056340
v -0.03377200 0.47169790 0.01771610
v -0.01870350 0.30879480 -0.00047980
v -0.01717640 0.30183990 -0.01178320
v -0.01684070 0.30270880 -0.00064250
v -0.01737010 0.30915910 -0.01755670
v -0.01816690 0.32272170 -0.02143000
v -0.01720340 0.30870540 0.01053860
v -0.01687440 0.30226530 0.01149290
v -0.01537000 0.30816900 0.01676990
v -0.02579870 0.36705220 0.01203630
v -0.03305180 0.48780410 0.01671400
v -0.02082890 0.31970380 0.01287780
v -0.02591800 0.38767930 0.01262670
v -0.03427930 0.49601670 0.00053630
v -0.03302850 0.49750220 -0.00865990
v -0.01275350 0.29876640 -0.02103420
v -0.02607680 0.38855620 -0.01634440
v -0.02910770 0.43975170 -0.01680380
v -0.03309230 0.49768180 0.00513380
v -0.03531050 0.49864520 -0.00663770
v -0.02106610 0.32947090 -0.01870980
v -0.02450520 0.41671160 0.01784730
v -0.02643350 0.43709600 0.01898170
v -0.03034690 0.46363070 0.02094140
v -0.01741210 0.31620420 0.01757580
v -0.01452850 0.29866460 0.01003060
v -0.01489090 0.29866640 -0.00881450
v -0.02117770 0.33618710 0.01725040
v -0.01313170 0.30004140 0.01700210
v -0.02914660 0.47754950 0.02486290
v -0.02234970 0.39785230 0.01869710
v -0.02955720 0.46820910 -0.02438340
v -0.02511590 0.42768340 -0.02003580
v -0.02758040 0.48027070 -0.02774330
v -0.02615950 0.46855890 -0.02832670
v -0.02617260 0.48903400 -0.02764220
v -0.02112170 0.37234940 -0.02103750
v -0.03008690 0.49576340 -0.01754840
v -0.02881360 0.49782010 -0.02116570
v -0.02475300 0.49480840 -0.02521260
v -0.02954940 0.49534510 0.01626970
v -0.03051990 0.49759310 0.01559960
v -0.02438170 0.49526020 0.02443660
v -0.02502460 0.49771680 0.02509440
v -0.02765610 0.49032730 0.02361360
v -0.02500520 0.46743180 0.02827550
v -0.02400320 0.45037100 0.02532930
v -0.01776520 0.42478450 0.02577070
v -0.01663940 0.40119510 0.02432940
v -0.01733730 0.35064890 0.02160250
v -0.02515150 0.47884160 0.02880880
v -0.02173070 0.49770310 -0.02888240
v -0.02194850 0.48951520 0.02918780
v 0.03034680 0.38051920 0.00022570
v 0.03124140 0.42144590 -0.00607780
v 0.02890060 0.37169390 -0.00962960
v 0.03162800 0.42043170 0.00084050
v 0.02944930 0.34897470 -0.00422490
v 0.03330190 0.43852560 0.00035230
v 0.03305970 0.43968160 -0.00545440
v 0.02773470 0.33378770 -0.01165580
v 0.02845530 0.33008320 -0.00661240
v 0.02886380 0.33631260 0.00169040
v 0.03752000 0.46216010 0.00056930
v 0.03690300 0.46526690 -0.01011690
v 0.03915970 0.47504060 0.00014290
v 0.03720930 0.47749740 -0.01299640
v 0.02787250 0.32726430 0.00101820
v 0.03900720 0.48199030 -0.00029680
v 0.02887690 0.35398860 0.00630690
v 0.03712220 0.46651100 0.00895310
v 0.02959490 0.41920750 -0.01202030
v 0.03184640 0.44139030 -0.01210120
v 0.02540600 0.32303960 -0.01317710
v 0.03745270 0.48980950 -0.00439570
v 0.02550490 0.31845950 -0.00617340
v 0.02180980 0.31355370 -0.01754110
v 0.02141840 0.30799780 -0.01257860
v 0.03384530 0.46571620 -0.01793700
v 0.03345850 0.48928520 -0.01815500
v 0.02565180 0.36751440 -0.01614650
v 0.02591420 0.33499110 -0.01547770
v 0.03286500 0.44219630 0.00887270
v 0.03017960 0.41580560 0.00709510
v 0.03743320 0.47560920 0.01090090
v 0.03714910 0.48589130 0.00865090
v 0.02660800 0.33043160 0.00892600
v 0.03722270 0.49004510 0.00182110
v 0.02580590 0.32283490 0.00509740
v 0.01724320 0.30562770 -0.02148520
v 0.01748540 0.29962070 -0.01800970
v 0.01767700 0.29880290 -0.01346150
v 0.03158330 0.47684840 -0.02339150
v 0.02954550 0.44127220 -0.01628330
v 0.02986450 0.46218110 -0.02254690
v 0.02190370 0.31060890 -0.00545330
v 0.02460390 0.41966750 -0.02004390
v 0.01280020 0.29199780 -0.02184390
v 0.02906470 0.48877500 -0.02519580
v 0.02368670 0.44249270 -0.02396210
v 0.02106340 0.33214920 -0.02121740
v 0.02140110 0.36574210 -0.02130460
v 0.01642920 0.30123180 0.00277480
v 0.02456790 0.46972750 -0.02967500
v 0.02494670 0.48774480 -0.02965290
v 0.01438350 0.31830820 -0.02577220
v 0.01417740 0.29452430 -0.01481810
v 0.01047660 0.28859390 -0.01801430
v 0.01021090 0.28642690 -0.02182210
v 0.01732550 0.30565040 0.00435710
v 0.01710260 0.30245300 0.01016160
v 0.01690370 0.31222550 0.01302630
v 0.02206300 0.32141140 0.01214000
v 0.03316100 0.45998630 0.01652270
v 0.02857580 0.41341940 0.01104880
v 0.03015650 0.43766340 0.01362560
v 0.02593340 0.34747230 0.01243990
v 0.03338980 0.48020570 0.01940820
v 0.03189690 0.47275460 0.02226570
v 0.03326840 0.49026820 0.01552410
v 0.02543140 0.41278570 0.01668910
v 0.03332000 0.49547920 0.00514910
v 0.01443390 0.29874240 0.00086100
v 0.01283340 0.29678930 -0.00637730
v 0.02200490 0.33446860 0.01734520
v 0.01447070 0.30280850 0.01467020
v 0.01385800 0.29892580 0.01337840
v 0.02990780 0.45716190 0.02062020
v 0.02523620 0.43505570 0.02055360
v 0.02974090 0.49663530 0.01576500
v 0.03373570 0.49768370 0.00356790
v 0.03331350 0.49708450 -0.00336450
v 0.03343210 0.49353580 -0.00880080
v 0.03026250 0.49538810 -0.01685610
v 0.03105610 0.49735850 -0.01797950
v 0.02646600 0.49448220 -0.02293850
v 0.02489470 0.49664970 -0.02603510
v 0.01687950 0.31740840 0.01706980
v 0.01178130 0.30658540 0.01726510
v 0.02820050 0.48976230 0.02358020
v 0.02793690 0.48037480 0.02658120
v 0.02156490 0.41741000 0.02180210
v 0.02466040 0.49513580 0.02433690
v 0.02418690 0.49740900 0.02588810
v 0.02086790 0.49465030 -0.02871020
v -0.11485400 0.32398810 -0.00032590
v -0.10777460 0.32177870 0.00493140
v -0.14151860 0.33741040 0.00551570
v -0.14627370 0.33831920 -0.00086860
v -0.16464830 0.34655420 -0.00046470
v -0.17038600 0.35043680 0.00549670
v -0.18759100 0.35688250 -0.00118830
v -0.19673760 0.36255200 0.00691840
v -0.20354360 0.36410950 -0.00061850
v -0.09271150 0.31329770 -0.00066410
v -0.08292580 0.30901050 0.00359160
v -0.20550630 0.36784910 0.00904470
v -0.06266410 0.29811200 -0.00219190
v -0.06092180 0.29786290 0.00369030
v -0.04572640 0.28938200 -0.00116240
v -0.04588730 0.29120010 0.00683710
v -0.03338160 0.28356760 -0.00093680
v -0.03386430 0.28690620 0.00949040
v -0.11824200 0.32818750 0.00925750
v -0.09578520 0.31779080 0.00954010
v -0.07627550 0.30799380 0.00957960
v -0.15719260 0.34605260 0.00936300
v -0.05520990 0.29747760 0.00964570
v -0.17318710 0.35336420 0.00919190
v -0.14039830 0.33872870 0.00954760
v -0.18862340 0.36037190 0.00960390
v -0.20716860 0.36687590 -0.00301480
v -0.10574020 0.31984030 -0.00211810
v -0.19108820 0.36586920 0.01453110
v -0.10708590 0.32744950 0.01430810
v -0.08770660 0.31812820 0.01428580
v -0.13031210 0.33824930 0.01416570
v -0.14588720 0.34596830 0.01468990
v -0.06722530 0.30763460 0.01406620
v -0.16631650 0.35535100 0.01452070
v -0.04549740 0.29778180 0.01461360
v -0.02895820 0.29117580 0.01592430
v -0.20531260 0.37232710 0.01349450
v -0.20271910 0.37724370 0.01773310
v -0.03144360 0.28359740 0.00981470
v -0.11079490 0.33531260 0.01765280
v -0.07428040 0.31612630 0.01677170
v -0.18335450 0.36914870 0.01815790
v -0.09639200 0.32771220 0.01702370
v -0.08223070 0.32329420 0.01800920
v -0.16454860 0.36148090 0.01811630
v -0.15045360 0.35501020 0.01818690
v -0.12941810 0.34578410 0.01805880
v -0.05535140 0.30843160 0.01698460
v -0.03745420 0.30117120 0.01768900
v -0.19836720 0.38322670 0.02009490
v -0.06178540 0.31592860 0.01800030
v -0.02739410 0.30085960 0.01824170
v -0.17690670 0.37520960 0.01992840
v -0.15512690 0.36421530 0.01940210
v -0.04220020 0.30917160 0.01822970
v -0.10132980 0.33719410 0.01888690
v -0.12655400 0.35037050 0.01899040
v -0.07557870 0.32693650 0.01851730
v -0.19271840 0.38586220 0.02012190
v -0.06130430 0.32397020 0.01767860
v -0.12053600 0.35355430 0.01851870
v -0.13852400 0.36353540 0.01841930
v -0.09272100 0.34032400 0.01817280
v -0.15138980 0.37037830 0.01830680
v -0.19366990 0.39298750 0.01843200
v -0.04820910 0.31507900 0.01786630
v -0.19791670 0.39128070 0.01807950
v -0.17283990 0.38173170 0.01825820
v -0.07572810 0.33314340 0.01733380
v -0.02928640 0.31442510 0.01561620
v -0.04016500 0.31947700 0.01528000
v -0.04878930 0.32445820 0.01486170
v -0.10910670 0.35113380 0.01738030
v -0.07836250 0.33907050 0.01561710
v -0.06596660 0.33410140 0.01448770
v -0.08740190 0.34553330 0.01471150
v -0.12134680 0.36304180 0.01442520
v -0.11021330 0.35675630 0.01484060
v -0.13609810 0.36981270 0.01468000
v -0.14804180 0.37589090 0.01463740
v -0.16655790 0.38517000 0.01446050
v -0.19489940 0.39755060 0.01473830
v -0.18752040 0.39570380 0.01443560
v 0.00010300 0.16781030 0.14190430
v 0.00933820 0.16871130 0.13954440
v 0.00895010 0.18186020 0.16134750
v 0.00021430 0.17916290 0.16020030
v 0.00050040 0.18860490 0.17483360
v 0.00992120 0.19316170 0.17856870
v 0.00008850 0.20151600 0.19612610
v 0.01064560 0.20416330 0.19589240
v 0.00113130 0.21101810 0.21102060
v 0.00941600 0.15726320 0.11979520
v -0.00024730 0.15450890 0.11882260
v 0.00126710 0.14823220 0.10836190
v 0.00920980 0.14642990 0.10210850
v 0.00258490 0.13489300 0.08742460
v 0.01047310 0.21699650 0.21570130
v -0.00136870 0.13397810 0.08638870
v 0.00967840 0.13598710 0.08490750
v 0.00960540 0.12599960 0.07037290
v -0.00012420 0.11982440 0.06538850
v 0.00925660 0.11737070 0.05807170
v -0.00071800 0.10744720 0.04887090
v 0.00913870 0.10697900 0.04466860
v -0.00123990 0.09628680 0.03248330
v 0.01020370 0.09768420 0.03077400
v 0.00152910 0.21624070 0.21688210
v 0.01396750 0.21406230 0.20690870
v 0.01438080 0.17903960 0.14962410
v 0.01468310 0.17002490 0.13390620
v 0.01413920 0.18767950 0.16363880
v 0.01391490 0.15141110 0.10340760
v 0.01440830 0.14092230 0.08478740
v 0.01444100 0.12402720 0.06063320
v 0.01389970 0.11213560 0.04499610
v 0.01435870 0.13126690 0.07065970
v 0.01495860 0.15974290 0.11484500
v 0.01493620 0.20078430 0.18253240
v 0.01461500 0.20650190 0.19256790
v 0.01369860 0.22097200 0.21546150
v 0.01828770 0.10657070 0.02797750
v -0.01001310 0.21819240 0.21557400
v -0.00951090 0.21126980 0.20670310
v -0.00944490 0.19055130 0.17290480
v -0.00866280 0.18244310 0.16094390
v -0.00940550 0.20012120 0.18861680
v -0.00900120 0.17315190 0.14576920
v -0.00872020 0.15857580 0.12105810
v -0.00764530 0.14660230 0.10231870
v -0.00989740 0.09834780 0.03105770
v -0.00986670 0.16555300 0.13193320
v -0.00943970 0.11818260 0.05836680
v -0.01016360 0.10687770 0.04244540
v -0.00950340 0.12783210 0.07207410
v -0.01019100 0.13717610 0.08524970
v -0.01098420 0.15000300 0.10433150
v -0.01315780 0.10009060 0.02984680
v -0.01416880 0.22135640 0.21503800
v 0.01739220 0.22349800 0.21037430
v 0.01811950 0.16220510 0.10779730
v 0.01823600 0.17429830 0.12880670
v 0.01720530 0.15311580 0.09476820
v 0.01802190 0.18964060 0.15383470
v 0.01560960 0.19406260 0.16849370
v 0.01693800 0.21212050 0.19266330
v 0.01886420 0.11989540 0.04003790
v 0.01869550 0.12922310 0.05247950
v 0.01818850 0.18414480 0.14280000
v 0.01709890 0.13807720 0.07004700
v 0.01834920 0.15089190 0.08436770
v 0.01914330 0.20271870 0.16550730
v 0.01919050 0.21290820 0.18105680
v 0.01928390 0.16337250 0.09672100
v 0.01902280 0.14406580 0.06530050
v 0.01877350 0.21884290 0.18815650
v 0.01940490 0.19419550 0.14954840
v 0.01947440 0.17843430 0.12193970
v 0.01927030 0.11155750 0.02650970
v 0.01855950 0.22494680 0.19639460
v 0.01886260 0.13102690 0.04908890
v 0.01700130 0.23451080 0.20629910
v 0.01811940 0.12917720 0.03796350
v 0.01755030 0.12559960 0.02818590
v -0.00926990 0.49943940 0.03757230
v -0.02502480 0.49942590 0.03079230
v -0.01761940 0.50018300 0.04476540
v -0.03219130 0.50003890 0.03647450
v -0.03385490 0.49916820 0.01907380
v -0.04016970 0.50014900 0.02724840
v 0.01189120 0.50032270 0.04626230
v 0.01380850 0.49925900 0.03719320
v 0.02251690 0.50012930 0.04200180
v 0.03329620 0.50018370 0.03464510
v 0.02846570 0.49922030 0.02834100
v 0.04020980 0.50012140 0.02671500
v 0.03550420 0.49926190 0.01786040
v 0.04583630 0.50023470 0.01096410
v 0.03715230 0.49906770 -0.00918500
v -0.03932680 0.49952870 -0.00142430
v -0.04554910 0.50011040 0.01164280
v -0.04002210 0.50018290 -0.02793950
v -0.04664020 0.49983440 -0.01421310
v 0.04265370 0.50043210 -0.02061050
v 0.03265540 0.49950070 -0.02530080
v 0.03382670 0.50021050 -0.03383660
v 0.02754020 0.49941570 -0.03115550
v 0.02021570 0.50040450 -0.04279190
v 0.04488860 0.50012270 -0.01741030
v 0.01926360 0.49937930 -0.03691400
v 0.00190390 0.49805610 -0.03694630
v 0.01192510 0.50049160 -0.04599970
v -0.03531050 0.49864520 -0.00663770
v -0.03083530 0.49967320 -0.02816740
v -0.02715500 0.50024580 -0.04069640
v -0.02027890 0.49977390 -0.03822710
v -0.01307020 0.50046170 -0.04589150
v -0.03309230 0.49768180 0.00513380
v -0.03051990 0.49759310 0.01559960
v -0.02502460 0.49771680 0.02509440
v -0.02173070 0.49770310 -0.02888240
v -0.01094720 0.49794780 -0.03456870
v -0.02881360 0.49782010 -0.02116570
v 0.02418690 0.49740900 0.02588810
v 0.01518040 0.49757070 -0.03389850
v -0.01609280 0.49716290 0.02965130
v -0.00503660 0.49842680 0.03517220
v 0.00012590 0.49907030 0.04873800
v 0.04808230 0.49914430 -0.00089600
v 0.02974090 0.49663530 0.01576500
v 0.03373570 0.49768370 0.00356790
v 0.01619010 0.49699720 0.03000950
v 0.00802190 0.49746000 0.03334760
v 0.02489470 0.49664970 -0.02603510
v 0.03105610 0.49735850 -0.01797950
v 0.03331350 0.49708450 -0.00336450
v -0.04810030 0.49898740 -0.00032030
v 0.00550060 0.49928410 -0.04820720
v -0.00382360 0.49910980 -0.04850240
v -0.04415420 0.49900440 0.01993320
v 0.01742610 0.49936610 -0.04527710
v 0.04419300 0.49904960 0.01955310
v 0.02155970 0.49923980 -0.04352080
v 0.03117590 0.49955220 0.03689690
v 0.02309060 0.49937950 0.04283020
v 0.01352510 0.49881610 0.04683040
v 0.04004080 0.49909750 -0.02651150
v -0.00009510 0.17387720 -0.20829030
v 0.01482740 0.16868370 -0.21007870
v -0.00194020 0.15374600 -0.21622400
v 0.01228910 0.15429920 -0.21530210
v -0.01511200 0.16727640 -0.20956320
v -0.01359480 0.15497390 -0.21450980
v -0.01231960 0.17681630 -0.20475700
v -0.00047040 0.18013880 -0.20466030
v 0.01107730 0.17789020 -0.20513630
v 0.01865290 0.15865900 -0.21110740
v 0.01757650 0.17112190 -0.20687050
v -0.00065360 0.15018610 -0.21558990
v -0.01724700 0.17042720 -0.20590970
v -0.00229350 0.29509050 -0.00927420
v -0.01029440 0.29689310 -0.00633450
v 0.00411600 0.29601530 -0.00453520
v 0.00834780 0.29352500 -0.01164310
v -0.01157540 0.29632450 -0.01445820
v -0.01041660 0.29699790 0.01058410
v 0.01001890 0.29703490 0.01012510
v 0.01283340 0.29678930 -0.00637730
v 0.00608230 0.29835030 0.01458880
v -0.00913190 0.29870890 0.01719470
v 0.01385800 0.29892580 0.01337840
v -0.01313170 0.30004140 0.01700210
v -0.00652010 0.29336140 -0.01808590
v -0.01452850 0.29866460 0.01003060
v -0.01489090 0.29866640 -0.00881450
v 0.01417740 0.29452430 -0.01481810
v 0.01443390 0.29874240 0.00086100
v 0.00676160 0.30046120 0.01752270
v 0.00257190 0.28844540 -0.01693620
v -0.00169890 0.28926210 -0.01927560
v -0.01275350 0.29876640 -0.02103420
v -0.00821400 0.29561850 -0.02222640
v -0.00240150 0.29027490 -0.02230500
v 0.00031850 0.28106270 -0.02152200
v 0.00700490 0.28558300 -0.01798750
v 0.00299130 0.28032740 -0.01889950
v 0.01047660 0.28859390 -0.01801430
v 0.00748220 0.28246360 -0.02210250
v 0.01021090 0.28642690 -0.02182210
v 0.22942010 -0.49991040 0.01303960
v 0.23077430 -0.49883070 0.00066670
v 0.22871120 -0.49874850 0.02902300
v 0.23053150 -0.45834190 0.00174340
v 0.22807900 -0.47287680 0.03144150
v 0.22834350 -0.45776510 0.02929570
v 0.22389780 -0.45849280 0.05357930
v 0.22312180 -0.47975310 0.05584910
v 0.22404410 -0.49872660 0.05342470
v 0.22906500 -0.45789760 -0.02298620
v 0.22936300 -0.49875290 -0.02292810
v 0.22656690 -0.45883360 -0.03989640
v 0.22759270 -0.49891290 -0.03534540
v 0.22392820 -0.49880010 -0.05324980
v 0.22380180 -0.45863500 -0.05411460
v 0.21914090 -0.45872800 -0.06880950
v 0.22055390 -0.49996490 -0.06448870
v 0.22173530 -0.45452310 -0.05266790
v 0.22163990 -0.45481520 0.05439340
v 0.21849370 -0.45925720 0.07240370
v 0.21493460 -0.45358440 0.07244940
v 0.20734640 -0.45946740 0.09991400
v 0.21484030 -0.45408530 -0.07220960
v 0.21143730 -0.45940050 -0.08922560
v 0.22348720 -0.45063620 -0.02246040
v 0.20299850 -0.45404540 0.10055010
v 0.20332890 -0.45358590 -0.09758870
v 0.20245340 -0.45932730 -0.10697070
v 0.21834680 -0.45051370 -0.04989140
v 0.20001980 -0.45976270 0.11285230
v 0.18897870 -0.45417900 -0.12317220
v 0.19548370 -0.46016210 -0.11884690
v 0.18620560 -0.45804900 -0.13104230
v 0.21063300 -0.45032020 -0.07232580
v 0.20065890 -0.45053850 -0.09587370
v 0.18647920 -0.45417040 0.12778060
v 0.20166670 -0.45068820 0.09495030
v 0.16993280 -0.45404360 -0.14715400
v 0.17133080 -0.45892660 -0.14995440
v 0.18531610 -0.45046490 -0.12122720
v 0.15125170 -0.45384440 -0.16602100
v 0.16581190 -0.45017560 -0.14569960
v -0.03185270 -0.08318450 0.01030420
v -0.03372590 -0.08116610 0.00099560
v -0.03211380 -0.08527830 0.01118240
v -0.02881980 -0.09235820 0.01669300
v -0.03580570 0.44155240 0.00891670
v -0.03838950 0.44998240 -0.00160730
v -0.03509200 0.42579470 -0.00152670
v -0.03337620 0.42439000 0.00955930
v -0.04063460 0.46559910 0.00897300
v -0.04549010 0.48404090 -0.00103620
v -0.04512170 0.48798240 0.00917390
v -0.04810030 0.49898740 -0.00032030
v -0.04415420 0.49900440 0.01993320
v -0.04119990 0.48390840 0.01966480
v -0.03572130 0.45940350 0.01890460
v -0.03179500 0.44049040 0.01825860
v -0.03227330 0.38829730 0.00949480
v -0.03407910 0.40132270 -0.00076170
v -0.03381780 0.32430310 -0.00067950
v -0.03217210 0.33477250 0.00916940
v -0.03314010 0.32296350 0.00673030
v -0.02928640 0.31442510 0.01561620
v -0.02950700 0.42417100 0.01786280
v -0.02947320 0.39210300 0.01558410
v -0.02727740 0.33371000 0.01869670
v -0.04554910 0.50011040 0.01164280
v -0.02660310 0.40542830 0.02072790
v -0.02539510 0.43080410 0.02424500
v -0.04016970 0.50014900 0.02724840
v -0.03313380 0.47550840 0.02904760
v -0.02739410 0.30085960 0.01824170
v -0.02819280 0.45305780 0.02697260
v -0.03219130 0.50003890 0.03647450
v -0.02340760 0.33328380 0.02286140
v -0.02342360 0.23631040 0.02283790
v -0.02656270 0.24861040 0.01904720
v -0.02711410 0.18829260 0.01829070
v -0.02747760 0.28639200 0.01783890
v -0.03144360 0.28359740 0.00981470
v -0.03138320 0.20723490 0.01000080
v -0.03122200 0.13950190 0.00925630
v -0.02780280 0.12677950 0.01620980
v -0.03123650 0.09342560 0.00967350
v -0.02762130 0.09483660 0.01728860
v -0.03124770 0.02169000 0.00950590
v -0.02702400 0.03188680 0.01805530
v -0.02763940 -0.04866220 0.01721260
v -0.03130760 -0.04813110 0.00977280
v -0.02895820 0.29117580 0.01592430
v -0.02425610 0.13808410 0.02137520
v -0.02453140 0.09806830 0.02139490
v -0.02461070 -0.09270200 0.02116910
v -0.02772440 -0.10370620 0.01837560
v -0.04664020 0.49983440 -0.01421310
v -0.03367630 0.42256300 -0.01023310
v -0.03293220 0.39234750 -0.00965420
v -0.03378110 0.35740730 -0.00147460
v -0.03631740 0.44650180 -0.01138660
v -0.04120180 0.47120190 -0.01220140
v -0.03195800 0.34445850 -0.01241140
v -0.03300110 0.32199180 -0.00804050
v -0.03198070 0.31859610 -0.01211440
v -0.03199230 0.41532830 -0.01387630
v 0.00225430 0.14352270 0.03214930
v 0.00167360 0.14306620 0.03323230
v 0.01080730 0.13717560 0.03039350
v -0.00350230 0.14296840 0.03275280
v -0.00989740 0.09834780 0.03105770
v -0.00185170 0.05391150 0.03194360
v -0.00123990 0.09628680 0.03248330
v -0.01140030 0.04461330 0.02994060
v -0.00979350 -0.03591030 0.03017460
v -0.00224230 -0.03989500 0.03150850
v -0.00198230 -0.10362080 0.03108810
v -0.01211550 -0.09794800 0.02897980
v -0.00972720 -0.13842270 0.03019080
v -0.00202140 -0.16618290 0.03183580
v -0.00940250 -0.26101180 0.03097800
v -0.00191230 -0.27767800 0.03219660
v -0.01045750 -0.31445890 0.03063990
v -0.00229970 -0.36258390 0.03225340
v -0.00984150 -0.38524310 0.03106750
v -0.00268280 -0.38855640 0.03277960
v -0.01332280 -0.16064980 0.02928240
v -0.01384730 -0.38875760 0.02967490
v -0.01384470 -0.25796620 0.02948840
v -0.01315780 0.10009060 0.02984680
v -0.01558900 -0.03855630 0.02789270
v -0.01719460 -0.35436540 0.02790020
v -0.01731210 -0.16008650 0.02746950
v -0.01945160 -0.09696100 0.02527230
v -0.01931560 0.03747540 0.02566440
v -0.01762850 0.10487270 0.02736080
v -0.02080070 -0.38836020 0.02558010
v -0.02288570 -0.13646530 0.02356650
v -0.02201850 -0.05314140 0.02359220
v -0.02289220 -0.27546240 0.02396610
v -0.01970730 0.11035200 0.02592270
v -0.02461070 -0.09270200 0.02116910
v -0.02453140 0.09806830 0.02139490
v -0.02411040 -0.38842900 0.02279550
v -0.02367660 -0.20288780 0.02308760
v -0.02425610 0.13808410 0.02137520
v -0.01931950 0.12410760 0.02595700
v -0.01937990 0.15656810 0.02585960
v -0.01339140 0.17716390 0.02973250
v -0.01092140 0.13867670 0.03041170
v -0.01007800 0.22795390 0.03117110
v -0.01272530 0.27821610 0.03003080
v -0.00966690 0.32561860 0.03140790
v -0.01391700 0.34150260 0.02973040
v -0.01084040 0.39750580 0.03152610
v -0.01939200 0.40465860 0.02739900
v -0.01776970 0.27234590 0.02727530
v -0.01896830 0.19828490 0.02659020
v -0.01999750 0.42458840 0.02811380
v -0.00991440 0.42485090 0.03302410
v -0.01928690 0.32835260 0.02646290
v -0.01429490 0.44145310 0.03375300
v -0.00982670 0.44716820 0.03663080
v -0.02056910 0.44502600 0.03098430
v -0.01892210 0.46702130 0.03761530
v -0.01062220 0.48337250 0.04457700
v -0.02068810 0.49886670 0.04421500
v -0.01478220 0.49900680 0.04617200
v -0.02548270 0.47641920 0.03613060
v -0.00005940 0.38931220 0.03326080
v -0.00035370 0.19497380 0.03265890
v -0.00185430 0.14830850 0.03230390
v -0.00163470 0.30887570 0.03265180
v -0.00014340 0.29509810 0.03272060
v -0.00075820 0.41574220 0.03391480
v -0.00063840 0.43330640 0.03570140
v 0.00022100 0.45077520 0.03866300
v 0.00012590 0.49907030 0.04873800
v 0.00009150 0.47933120 0.04519500
v -0.02342360 0.23631040 0.02283790
v -0.03219130 0.50003890 0.03647450
v -0.01761940 0.50018300 0.04476540
v 0.00288170 -0.02295950 0.03154430
v 0.00203250 0.09584320 0.03205330
v 0.00307060 -0.11566780 0.03113220
v 0.00369390 -0.20872860 0.03187500
v 0.00379180 -0.31291570 0.03201610
v 0.00314600 -0.38829900 0.03236060
v -0.02340760 0.33328380 0.02286140
v -0.02660310 0.40542830 0.02072790
v -0.02539510 0.43080410 0.02424500
v -0.02819280 0.45305780 0.02697260
v -0.03313380 0.47550840 0.02904760
v 0.00992460 -0.18032500 0.03085880
v 0.00931750 -0.09706330 0.03018240
v 0.00976900 0.21011730 0.03129880
v 0.01032700 0.31929660 0.03131540
v 0.01050460 0.15793580 0.03096380
v 0.00974100 0.40128270 0.03216490
v 0.00947570 0.42712180 0.03344520
v 0.01003260 -0.31177790 0.03108100
v 0.00976940 -0.02359340 0.03052320
v 0.01020370 0.09768420 0.03077400
v 0.01352510 0.49881610 0.04683040
v 0.01285770 0.47287340 0.04135550
v 0.00998710 0.44622800 0.03623300
v 0.01202650 -0.38883410 0.03042200
v -0.02828310 -0.10787160 0.01761000
v -0.02772440 -0.10370620 0.01837560
v -0.04013910 -0.10229930 0.01814510
v -0.03842070 -0.09760720 0.01874060
v -0.04995440 -0.09269780 0.01854020
v -0.05382240 -0.09696700 0.01798590
v -0.06742720 -0.08399490 0.01841430
v -0.06828620 -0.09183780 0.01743300
v -0.08223760 -0.08440080 0.01803180
v -0.07583430 -0.07716380 0.01838230
v -0.08643130 -0.07302570 0.01861330
v -0.10495540 -0.06864270 0.01879360
v -0.09788340 -0.07725400 0.01789180
v -0.11984110 -0.06400040 0.01863540
v -0.11674030 -0.05758100 0.01878300
v -0.13706980 -0.05359760 0.01891750
v -0.13340540 -0.06083540 0.01784090
v -0.15024090 -0.05329570 0.01793660
v -0.10395180 -0.06238730 0.01828770
v -0.16305370 -0.04103880 0.01958810
v -0.17370560 -0.03629390 0.01964780
v -0.16873730 -0.04578170 0.01800890
v -0.14795040 -0.04549200 0.01914920
v -0.12681200 -0.05018050 0.01802240
v -0.17900200 -0.02448810 0.01857390
v -0.18621470 -0.03817090 0.01784570
v -0.14171370 -0.04346050 0.01841130
v -0.15819510 -0.03521310 0.01832160
v -0.04692040 -0.08997890 0.01788910
v -0.06071460 -0.08155750 0.01713960
v -0.02881980 -0.09235820 0.01669300
v -0.18747430 -0.03028670 0.02009560
v -0.19851090 -0.02309430 0.02127700
v -0.18494800 -0.02675590 0.01988770
v -0.20316450 -0.02905070 0.01818370
v -0.06638380 -0.07347590 0.01480810
v -0.08984230 -0.06652860 0.01728400
v -0.11576630 -0.07523400 0.01478930
v -0.20308730 -0.02427540 0.01888290
v -0.19750620 -0.01403630 0.01814820
v -0.07747420 -0.06812850 0.01520970
v -0.04893190 -0.08229610 0.01508020
v -0.05052390 -0.10526240 0.01476510
v 0.01448760 0.40943210 0.03044930
v 0.01454720 -0.09252800 0.02815280
v -0.07302680 -0.09609200 0.01417560
v -0.09824220 -0.08416580 0.01420390
v 0.01618650 0.45147440 0.03476340
v 0.01704120 0.05065000 0.02771040
v 0.01763880 -0.22422760 0.02767630
v 0.01785420 -0.16076440 0.02732400
v 0.01786820 -0.30161370 0.02777990
v 0.01712030 -0.36811740 0.02783500
v -0.13478180 -0.06700150 0.01427230
v 0.01808530 0.12869220 0.02705990
v 0.02009900 0.43362750 0.02902670
v -0.11071470 -0.05102870 0.01467200
v -0.09755640 -0.05752250 0.01470860
v 0.01726520 0.20296230 0.02782120
v -0.15810260 -0.05649780 0.01401340
v 0.01916970 0.32998530 0.02717920
v 0.01842070 0.28994500 0.02723760
v 0.02317530 0.48124950 0.03859240
v 0.02309060 0.49937950 0.04283020
v -0.12880290 -0.04230810 0.01470320
v 0.01189120 0.50032270 0.04626230
v -0.14624840 -0.03441480 0.01468280
v 0.01686000 0.10056130 0.02709580
v 0.02256840 0.45854600 0.03291410
v 0.02022650 -0.05714180 0.02521230
v 0.02254440 -0.10760630 0.02368910
v -0.16339760 -0.02597430 0.01450830
v 0.02201780 0.40994830 0.02612860
v 0.02459790 -0.38889910 0.02251490
v 0.02310610 -0.34752340 0.02409060
v 0.02256970 0.07579400 0.02372470
v 0.02060350 0.10497580 0.02520520
v 0.02256420 0.00039000 0.02369840
v 0.02363600 -0.21014940 0.02343260
v 0.02425830 0.30911320 0.02337760
v -0.18377910 -0.01665850 0.01467460
v 0.01828770 0.10657070 0.02797750
v 0.02372450 0.27761780 0.02296130
v 0.02355540 0.22369780 0.02315180
v 0.02378700 0.17565940 0.02275810
v 0.02211110 0.12375920 0.02456640
v 0.01927030 0.11155750 0.02650970
v 0.03117590 0.49955220 0.03689690
v 0.03197440 0.48948710 0.03405290
v 0.01755030 0.12559960 0.02818590
v 0.02378050 0.43029600 0.02598570
v 0.02924690 0.45355100 0.02569160
v -0.02769170 -0.29774150 0.01882000
v -0.02772340 -0.19542540 0.01861180
v 0.02383050 0.33775140 0.02322030
v 0.02562640 0.10986110 0.02074340
v 0.02555240 -0.09906520 0.02094370
v 0.02624110 -0.02724000 0.01993280
v 0.02582220 -0.36797380 0.02154830
v -0.19678210 -0.00994850 0.01437210
v -0.04685270 -0.07728560 0.00913500
v -0.03211380 -0.08527830 0.01118240
v -0.07644980 -0.06317940 0.00952830
v -0.06332060 -0.06931090 0.00874660
v -0.08646530 -0.05748440 0.00851580
v -0.10354160 -0.04944570 0.00864310
v -0.12274210 -0.04033450 0.00897690
v -0.14194640 -0.03143900 0.00866290
v -0.15584910 -0.02504500 0.00890080
v -0.17626710 -0.01568660 0.00891340
v -0.19499190 -0.00719780 0.00911600
v -0.03185270 -0.08318450 0.01030420
v -0.03358250 -0.08179830 -0.00148880
v -0.03372590 -0.08116610 0.00099560
v 0.02898500 -0.09371730 -0.01605740
v 0.02895780 -0.09876270 -0.01706100
v 0.02910750 -0.10858820 -0.01667340
v -0.02019190 -0.38850780 -0.02962470
v -0.01461080 -0.38831720 -0.03043880
v -0.00995780 -0.38817170 -0.03230160
v -0.02320590 -0.38830780 -0.02436320
v -0.03058620 -0.38854130 -0.01428130
v -0.05091400 -0.49864690 -0.22442430
v -0.02845410 -0.46289510 -0.22849110
v -0.02679630 -0.49873910 -0.22907570
v -0.05232930 -0.46128500 -0.22396770
v -0.07417470 -0.46277410 -0.21742480
v -0.07164750 -0.48278180 -0.21809100
v -0.06564990 -0.49969490 -0.22041300
v -0.14570520 0.34616310 -0.01462340
v -0.12897990 0.33912410 -0.01519590
v -0.13718290 0.33769010 -0.01029200
v -0.12174600 0.32977880 -0.00944280
v -0.11658950 0.33387790 -0.01540010
v -0.10688200 0.32331100 -0.00957270
v -0.10619630 0.32801440 -0.01473750
v -0.09598350 0.32225930 -0.01404580
v -0.14809190 0.34130530 -0.00826200
v -0.16664840 0.35106120 -0.01039230
v -0.16418420 0.35459570 -0.01472510
v -0.18033420 0.36309270 -0.01534830
v -0.18840770 0.36121930 -0.01073790
v -0.20194170 0.37223880 -0.01546240
v -0.20534600 0.36765580 -0.00958830
v -0.09053620 0.31427620 -0.00771200
v -0.08105900 0.31168420 -0.01096350
v -0.07639380 0.31290300 -0.01424620
v -0.13022260 0.33263310 -0.00723390
v -0.07773310 0.30741460 -0.00684420
v -0.18466710 0.35752000 -0.00725570
v -0.16601420 0.34877400 -0.00665560
v -0.14502210 0.35188280 -0.01770920
v -0.07836840 0.31993760 -0.01724680
v -0.13381140 0.34986540 -0.01871040
v -0.06695390 0.31548770 -0.01765430
v -0.08792440 0.32686390 -0.01802960
v -0.15434820 0.35859300 -0.01872760
v -0.18237140 0.37089500 -0.01862780
v -0.16426460 0.36390390 -0.01882780
v -0.05327160 0.30824780 -0.01765530
v -0.05463710 0.30217080 -0.01477690
v -0.03719580 0.30222990 -0.01849930
v -0.10044860 0.33507300 -0.01877270
v -0.11353470 0.34119640 -0.01860940
v -0.12741180 0.34858250 -0.01888780
v -0.20220450 0.38025130 -0.01812110
v -0.19493700 0.38474520 -0.01960080
v -0.17986790 0.37671440 -0.01956800
v -0.06896700 0.32245400 -0.01854260
v -0.08056460 0.33020260 -0.01860100
v -0.04844050 0.31116920 -0.01849380
v -0.16078050 0.36802100 -0.01937840
v -0.09115940 0.33667250 -0.01870190
v -0.11933610 0.34977430 -0.01885190
v -0.13938520 0.36126650 -0.01866090
v -0.19774560 0.38924780 -0.01855790
v -0.10574020 0.31984030 -0.00211810
v -0.18759100 0.35688250 -0.00118830
v -0.16464830 0.34655420 -0.00046470
v -0.14627370 0.33831920 -0.00086860
v -0.11485400 0.32398810 -0.00032590
v -0.20354360 0.36410950 -0.00061850
v -0.09271150 0.31329770 -0.00066410
v -0.06266410 0.29811200 -0.00219190
v -0.20716860 0.36687590 -0.00301480
v 0.01755030 0.12559960 0.02818590
v 0.01886420 0.11989540 0.04003790
v 0.01927030 0.11155750 0.02650970
v -0.02674760 -0.46021000 -0.22809520
v -0.00008300 -0.46228340 -0.23078360
v -0.02845410 -0.46289510 -0.22849110
v -0.00825980 0.06757040 -0.03280400
v -0.00046240 0.06547990 -0.03368200
v -0.00090980 0.04943990 -0.03273020
v -0.01113930 0.07355430 -0.04160760
v 0.00870960 0.06733150 -0.03282800
v 0.00974930 0.05870420 -0.03162420
v 0.00293620 -0.01994880 -0.03181730
v 0.01097280 0.03803460 -0.03095390
v -0.00172770 -0.01383760 -0.03213390
v -0.00162310 -0.07582360 -0.03129090
v -0.00928120 -0.02214680 -0.03086650
v 0.00928940 -0.06222150 -0.03020780
v -0.01045680 0.03008360 -0.03076770
v 0.01337360 0.07010870 -0.03109980
v -0.00915940 -0.08770620 -0.02984150
v -0.00106170 -0.10712570 -0.03117860
v -0.00274430 -0.16739610 -0.03171860
v 0.00166790 -0.22924150 -0.03204940
v -0.00271300 -0.25176530 -0.03215750
v -0.00080880 -0.32545510 -0.03310020
v -0.01128360 0.07772300 -0.05056540
v -0.00044950 0.07584530 -0.05525830
v -0.00977630 -0.15975740 -0.03043240
v -0.01090980 0.08534120 -0.06808320
v 0.00587620 -0.22322030 -0.03155450
v 0.00879980 -0.31896970 -0.03188740
v 0.00326520 -0.38581740 -0.03327650
v 0.00986060 -0.38859530 -0.03197910
v 0.00979850 -0.23532230 -0.03085420
v 0.01358940 -0.22596540 -0.02943940
v 0.01307740 -0.35689840 -0.03083430
v -0.00321560 -0.38603350 -0.03343050
v -0.00995780 -0.38817170 -0.03230160
v -0.01034110 -0.32396130 -0.03168030
v -0.01461080 -0.38831720 -0.03043880
v -0.01899000 -0.32272810 -0.02754290
v -0.01346170 -0.23275310 -0.02958170
v -0.02354200 -0.35164940 -0.02436510
v -0.02320590 -0.38830780 -0.02436320
v -0.02026440 -0.22219230 -0.02599890
v -0.02429660 -0.29227620 -0.02303020
v -0.00061400 -0.38864190 -0.03426360
v -0.02386870 -0.17881480 -0.02294120
v -0.02170530 -0.11833880 -0.02446690
v -0.02837130 -0.10376520 -0.01817590
v 0.01769170 -0.24937470 -0.02759400
v 0.01832490 -0.32987140 -0.02800140
v 0.02372050 -0.24274660 -0.02334090
v 0.02414610 -0.34039410 -0.02387950
v 0.01772170 -0.21506740 -0.02750490
v 0.01358650 -0.05823050 -0.02875140
v -0.00966620 -0.28553060 -0.03131590
v 0.01753440 -0.38843460 -0.02857970
v -0.01490720 -0.02106410 -0.02863280
v -0.01485870 -0.07589170 -0.02804700
v -0.02110030 -0.06374580 -0.02461910
v 0.02333000 -0.13297940 -0.02293420
v -0.01954220 0.03405250 -0.02618980
v -0.02399720 0.02292770 -0.02221050
v -0.02260410 0.06623800 -0.02443910
v -0.01739040 0.07580340 -0.02836950
v -0.01987640 0.08440060 -0.02645360
v -0.02444500 -0.06201290 -0.02157720
v -0.02498360 -0.09253900 -0.02172830
v -0.02345920 0.12580110 -0.02354220
v -0.01873530 0.12784200 -0.02726470
v -0.01651390 0.09479270 -0.02840270
v -0.01095850 0.11213410 -0.03135050
v -0.01314170 0.09894530 -0.03076180
v -0.00911590 0.10226690 -0.03257360
v -0.01296680 0.15406240 -0.03056510
v -0.00987290 0.16063560 -0.03170070
v -0.00097470 0.11461750 -0.03324430
v -0.00034080 0.10716220 -0.03368110
v 0.01024420 0.10883530 -0.03172820
v 0.01033320 0.15555750 -0.03164220
v 0.01372000 0.09985720 -0.03041320
v 0.01230350 0.10045530 -0.03215560
v 0.01310830 0.20000830 -0.03059720
v 0.01893440 0.18777930 -0.02735320
v 0.01907800 0.28420940 -0.02760910
v 0.02376690 0.16697460 -0.02373620
v 0.01151930 0.30410830 -0.03200540
v 0.02104790 0.32893880 -0.02650540
v 0.01342740 0.37889290 -0.03137010
v 0.02220420 0.41925140 -0.02631600
v 0.01807280 0.42011290 -0.02919740
v 0.02071550 0.43853640 -0.02958810
v 0.01416320 0.44000680 -0.03347860
v 0.02095660 0.46120360 -0.03496030
v 0.00949920 0.44544790 -0.03625000
v 0.01364960 0.47614600 -0.04211190
v 0.02155970 0.49923980 -0.04352080
v 0.01742610 0.49936610 -0.04527710
v 0.03209400 0.49623070 -0.03540890
v 0.02772930 0.47264080 -0.03318770
v 0.00950150 0.48228590 -0.04474220
v 0.01083450 0.42294890 -0.03293610
v 0.00985890 0.26030760 -0.03218970
v -0.00042610 0.30680340 -0.03371750
v -0.00001150 0.25853870 -0.03369140
v 0.00216840 0.20040540 -0.03303660
v 0.01845610 0.10869120 -0.02767900
v -0.01904350 0.22105070 -0.02760110
v -0.02389310 0.21446750 -0.02364510
v -0.02423220 0.29356740 -0.02370650
v -0.01989280 0.29577290 -0.02733350
v -0.02477300 0.36408490 -0.02362980
v -0.01012180 0.31381520 -0.03242620
v -0.01439590 0.33827650 -0.03072850
v -0.01567220 0.40163130 -0.03025290
v -0.00940900 0.40032830 -0.03260210
v -0.00973990 0.42520040 -0.03362790
v -0.00003350 0.36595120 -0.03378350
v 0.00023070 0.41257930 -0.03405550
v -0.02117820 0.40886330 -0.02705810
v -0.02575750 0.42103820 -0.02362660
v -0.00169330 0.16667690 -0.03314490
v -0.01101330 0.25872140 -0.03197390
v 0.02363360 -0.38829460 -0.02429370
v 0.02326600 0.09076920 -0.02407630
v 0.02009780 0.08423370 -0.02642630
v 0.01857790 0.07706620 -0.02808480
v -0.00037870 0.45946990 -0.04097750
v -0.00024410 0.47815710 -0.04534380
v -0.01040570 0.46986070 -0.04228380
v -0.01088410 0.48794250 -0.04568130
v -0.00382360 0.49910980 -0.04850240
v -0.00930300 0.44219680 -0.03605790
v -0.01966300 0.49882580 -0.04494040
v 0.01583110 -0.11231750 -0.02760400
v 0.02267140 -0.05465540 -0.02355460
v 0.01803710 0.05623150 -0.02785770
v -0.01550020 -0.11971060 -0.02803240
v 0.00550060 0.49928410 -0.04820720
v -0.01922600 0.45495190 -0.03498020
v 0.00860010 -0.10655970 -0.03013130
v 0.01774620 -0.05055980 -0.02683500
v 0.00912700 0.41395350 -0.03301280
v -0.02611870 0.47283450 -0.03523740
v -0.02715500 0.50024580 -0.04069640
v -0.03387630 0.49848320 -0.03493620
v -0.02596060 0.43951630 -0.02619510
v -0.01307020 0.50046170 -0.04589150
v 0.00010480 0.43912590 -0.03665100
v -0.01829330 0.43277840 -0.03063790
v -0.01077800 0.06855710 -0.03175720
v -0.02019190 -0.38850780 -0.02962470
v 0.00000100 0.10625820 -0.03476080
v 0.01192510 0.50049160 -0.04599970
v 0.02371130 0.01971630 -0.02361440
v 0.01337360 0.07010870 -0.03109980
v 0.01857790 0.07706620 -0.02808480
v 0.01803710 0.05623150 -0.02785770
v -0.00977630 -0.15975740 -0.03043240
v -0.00966620 -0.28553060 -0.03131590
v -0.01346170 -0.23275310 -0.02958170
v -0.01550020 -0.11971060 -0.02803240
v -0.02110030 -0.06374580 -0.02461910
v -0.01485870 -0.07589170 -0.02804700
v -0.02170530 -0.11833880 -0.02446690
v -0.01550020 -0.11971060 -0.02803240
v -0.02498360 -0.09253900 -0.02172830
v -0.00987290 0.16063560 -0.03170070
v -0.00001150 0.25853870 -0.03369140
v -0.00169330 0.16667690 -0.03314490
v -0.01101330 0.25872140 -0.03197390
v -0.01012180 0.31381520 -0.03242620
v -0.00042610 0.30680340 -0.03371750
v -0.01101330 0.25872140 -0.03197390
v -0.00003350 0.36595120 -0.03378350
v 0.00912700 0.41395350 -0.03301280
v -0.01095850 0.11213410 -0.03135050
v -0.00034080 0.10716220 -0.03368110
v -0.00911590 0.10226690 -0.03257360
v 0.00000100 0.10625820 -0.03476080
v -0.00930300 0.44219680 -0.03605790
v 0.00010480 0.43912590 -0.03665100
v -0.00973990 0.42520040 -0.03362790
v -0.01829330 0.43277840 -0.03063790
v 0.00023070 0.41257930 -0.03405550
v 0.01083450 0.42294890 -0.03293610
v 0.00912700 0.41395350 -0.03301280
v 0.00010480 0.43912590 -0.03665100
v -0.02596060 0.43951630 -0.02619510
v -0.01829330 0.43277840 -0.03063790
v -0.02575750 0.42103820 -0.02362660
vt 0.64423440 0.60706370
vt 0.70574630 0.51881630
vt 0.69964390 0.47361550
vt 0.59223970 0.51097870
vt 0.75663850 0.57404610
vt 0.82435800 0.53059600
vt 0.91469000 0.61726470
vt 0.90251160 0.47435060
vt 0.90858010 0.48890940
vt 0.92122040 0.56185870
vt 0.91731410 0.52053620
vt 0.65898770 0.40481100
vt 0.78416130 0.42141440
vt 0.50950200 0.50631370
vt 0.51044720 0.54692410
vt 0.55896820 0.45031690
vt 0.50166610 0.57150700
vt 0.51374820 0.63672900
vt 0.53666820 0.68264470
vt 0.55451550 0.57727660
vt 0.76261120 0.67873940
vt 0.71900190 0.77567060
vt 0.76867290 0.76796380
vt 0.65809690 0.70185420
vt 0.82902540 0.74027800
vt 0.88460930 0.68392570
vt 0.80177270 0.75567960
vt 0.59951160 0.74430770
vt 0.63225230 0.76073150
vt 0.65335620 0.76837100
vt 0.68110880 0.77400880
vt 0.60795290 0.37607280
vt 0.55846350 0.41419550
vt 0.53967060 0.43887200
vt 0.52653620 0.46052040
vt 0.51775750 0.48005490
vt 0.65013430 0.35828300
vt 0.69920970 0.35484000
vt 0.77773430 0.35946640
vt 0.80837460 0.37221940
vt 0.88436860 0.44079090
vt 0.84403750 0.39558990
vt 0.86754690 0.41787510
vt 0.82235670 0.64130000
vt 0.90375500 0.64980400
vt 0.54766500 0.69863560
vt 0.57617530 0.72762890
vt 0.81335380 0.75058660
vt 0.71906800 0.34867100
vt 0.84586550 0.72786120
vt 0.86938360 0.70493270
vt 0.50506510 0.52190250
vt 0.58842340 0.38842620
vt 0.66631940 0.35284430
vt 0.52078420 0.65454720
vt 0.50737030 0.61667540
vt 0.91842530 0.60413690
vt 0.50218900 0.53515520
vt 0.89621650 0.45897600
vt 0.62919220 0.36563210
vt 0.61960930 0.75581470
vt 0.75360300 0.77221690
vt 0.76326010 0.35390810
vt 0.89779490 0.66437110
vt 0.91421720 0.50465800
vt 0.52536960 0.66554890
vt 0.78411590 0.76367650
vt 0.78875940 0.36224600
vt 0.82460120 0.38044440
vt 0.50232050 0.58845870
vt 0.92119580 0.54363750
vt 0.91070170 0.63462780
vt 0.66856970 0.77203170
vt 0.68747520 0.34916100
vt 0.77152810 0.35628430
vt 0.51328160 0.48960030
vt 0.92119580 0.58502560
vt 0.57427260 0.39784570
vt 0.50370220 0.60511250
vt 0.69530500 0.77530070
vt 0.90221580 0.47081890
vt 0.56048110 0.71488570
vt 0.74656590 0.35012660
vt 0.86022180 0.40816870
vt 0.54509080 0.42801150
vt 0.63789790 0.36050280
vt 0.86245140 0.71425840
vt 0.70867580 0.34736360
vt 0.87898110 0.43049690
vt 0.62287550 0.36690350
vt 0.65263750 0.35581360
vt 0.87958400 0.69407440
vt 0.58442210 0.38947580
vt 0.50785320 0.50463530
vt 0.53270570 0.44663160
vt 0.51164790 0.63594420
vt 0.49954460 0.56325470
vt 0.52449550 0.46142730
vt 0.58412580 0.73523640
vt 0.83857020 0.38948390
vt 0.59513830 0.38206470
vt 0.51837090 0.65198650
vt 0.56009100 0.41027720
vt 0.72675280 0.34792160
vt 0.60913750 0.37363560
vt 0.51757590 0.47608220
vt 0.54477820 0.69716150
vt 0.50687510 0.61974700
vt 0.89244880 0.67484410
vt 0.53193910 0.67823140
vt 0.84636540 0.72919160
vt 0.83706670 0.73618050
vt 0.82313810 0.74580600
vt 0.50283820 0.52224090
vt 0.50044890 0.58509300
vt 0.32177070 0.55099970
vt 0.30461990 0.55615650
vt 0.29814540 0.54483300
vt 0.30518140 0.56868580
vt 0.30028100 0.57774970
vt 0.29143970 0.53944100
vt 0.26496940 0.51782610
vt 0.28220010 0.50470130
vt 0.30734460 0.51305030
vt 0.32754520 0.53226870
vt 0.33524880 0.55009640
vt 0.33288360 0.57993760
vt 0.29910310 0.60749830
vt 0.29536700 0.58514030
vt 0.28110880 0.59354730
vt 0.26885450 0.62441550
vt 0.26625630 0.59025080
vt 0.25224150 0.61921570
vt 0.25988190 0.58741100
vt 0.25177260 0.57786910
vt 0.21672260 0.56695440
vt 0.24954820 0.57049790
vt 0.23688330 0.53969720
vt 0.22436640 0.59574700
vt 0.21758240 0.57970090
vt 0.23300900 0.60762500
vt 0.28132370 0.62390100
vt 0.30709730 0.61467760
vt 0.32487070 0.59748240
vt 0.24754550 0.56162320
vt 0.25132770 0.55415620
vt 0.25620610 0.54588510
vt 0.28356140 0.53687200
vt 0.27827410 0.53646130
vt 0.26630270 0.53888180
vt 0.25496810 0.50912400
vt 0.26799940 0.50526230
vt 0.24148170 0.51736680
vt 0.22037970 0.54745960
vt 0.22900210 0.53002440
vt 0.33632750 0.56767390
vt 0.31977320 0.52207580
vt 0.31689890 0.60787640
vt 0.30290190 0.57128490
vt 0.30407040 0.56520000
vt 0.29532990 0.62063550
vt 0.24917380 0.56418530
vt 0.24956100 0.56061970
vt 0.24173200 0.61604960
vt 0.30407490 0.55985930
vt 0.30294390 0.55394290
vt 0.25733030 0.62349190
vt 0.29647100 0.50727650
vt 0.22250060 0.53994370
vt 0.33658490 0.52911080
vt 0.32783110 0.51552820
vt 0.23365450 0.51675620
vt 0.31182810 0.50790920
vt 0.30114470 0.49493280
vt 0.28724700 0.49182470
vt 0.28248720 0.49849400
vt 0.21144420 0.55237670
vt 0.22104290 0.52524900
vt 0.21537320 0.53776040
vt 0.26907040 0.49773860
vt 0.25397120 0.50278620
vt 0.23914700 0.50850030
vt 0.21623640 0.59768350
vt 0.22864890 0.61098210
vt 0.25814570 0.62978070
vt 0.23808240 0.62537920
vt 0.21004280 0.57040520
vt 0.20883920 0.58109400
vt 0.43444510 0.40943570
vt 0.43691540 0.40660300
vt 0.45221900 0.42540030
vt 0.41652280 0.38902060
vt 0.44535710 0.43109190
vt 0.41189580 0.39666130
vt 0.43014050 0.41442690
vt 0.39432280 0.37704400
vt 0.39190170 0.38279830
vt 0.37740560 0.36922920
vt 0.37432840 0.37269970
vt 0.35289450 0.36325840
vt 0.42274350 0.42147440
vt 0.37770230 0.38370440
vt 0.40126160 0.40719130
vt 0.43647460 0.43988430
vt 0.35339140 0.37281460
vt 0.37883180 0.39655820
vt 0.35262920 0.38318650
vt 0.40758990 0.43694170
vt 0.38801770 0.42220210
vt 0.36090950 0.40556010
vt 0.42356330 0.45964600
vt 0.33564750 0.39224460
vt 0.32561390 0.36421810
vt 0.32873280 0.37719920
vt 0.44752700 0.47029080
vt 0.45492150 0.46284170
vt 0.45985510 0.45387870
vt 0.30543580 0.36551700
vt 0.29101930 0.38291610
vt 0.28170260 0.36733690
vt 0.27157590 0.38243730
vt 0.26014030 0.36221830
vt 0.23523540 0.37101600
vt 0.23580200 0.38676520
vt 0.28098670 0.35848160
vt 0.46617320 0.48834310
vt 0.45754710 0.49543480
vt 0.20848070 0.37107400
vt 0.21605740 0.39163950
vt 0.18966570 0.38780220
vt 0.19395070 0.40228510
vt 0.17517480 0.41174000
vt 0.16855140 0.39938860
vt 0.23713150 0.36230900
vt 0.18624190 0.37802340
vt 0.47414620 0.51863820
vt 0.45985080 0.51630310
vt 0.46853700 0.55237940
vt 0.47768290 0.54079380
vt 0.47879700 0.57645880
vt 0.30240610 0.35125550
vt 0.28116610 0.34987910
vt 0.46925990 0.47488590
vt 0.32936860 0.35644430
vt 0.26012640 0.34874120
vt 0.47780160 0.49815210
vt 0.48371780 0.52621870
vt 0.48599220 0.55634580
vt 0.23181270 0.35515420
vt 0.20949470 0.36128600
vt 0.17763250 0.37247090
vt 0.23681910 0.34875830
vt 0.35044350 0.35727920
vt 0.30652740 0.34741660
vt 0.32107510 0.34926800
vt 0.28144370 0.34458830
vt 0.20704290 0.35646340
vt 0.44623200 0.71022220
vt 0.46251610 0.68977630
vt 0.45371580 0.70340660
vt 0.45413040 0.68730340
vt 0.43999550 0.70770310
vt 0.46335110 0.68122720
vt 0.42701300 0.72581920
vt 0.46617570 0.66700490
vt 0.47292660 0.66221920
vt 0.47618680 0.64646620
vt 0.42231910 0.72113620
vt 0.43971070 0.69753840
vt 0.45334210 0.67952780
vt 0.46593970 0.65533350
vt 0.47331910 0.63776000
vt 0.48125570 0.63164720
vt 0.45286340 0.66595460
vt 0.43434240 0.69515090
vt 0.48079150 0.61391430
vt 0.46253040 0.64476010
vt 0.41524340 0.71615140
vt 0.46865860 0.63041870
vt 0.47436990 0.60786890
vt 0.43037260 0.68247290
vt 0.40672250 0.70631310
vt 0.43876150 0.64537850
vt 0.41975160 0.67518560
vt 0.40022180 0.69798900
vt 0.46407040 0.61047260
vt 0.44592500 0.62408820
vt 0.38942510 0.73482030
vt 0.38207940 0.72856890
vt 0.37702140 0.71661840
vt 0.45027270 0.59935710
vt 0.46795310 0.57762350
vt 0.45505760 0.57013090
vt 0.42435990 0.63424090
vt 0.40696720 0.66120230
vt 0.39184860 0.64133240
vt 0.39780950 0.62131090
vt 0.37362550 0.63053510
vt 0.38443200 0.61605890
vt 0.35594830 0.62149780
vt 0.36866830 0.59992230
vt 0.34290890 0.63713690
vt 0.35809420 0.65172380
vt 0.37332920 0.66790500
vt 0.38742510 0.68288630
vt 0.37081450 0.69661240
vt 0.38745340 0.59523990
vt 0.40696550 0.59696840
vt 0.43251720 0.61088040
vt 0.43803150 0.58767680
vt 0.37592480 0.57179920
vt 0.40420200 0.57732460
vt 0.38324530 0.57929220
vt 0.33911010 0.67035250
vt 0.32857110 0.64808690
vt 0.36284710 0.69186870
vt 0.33697180 0.63048950
vt 0.35139700 0.61400980
vt 0.44078980 0.56669570
vt 0.41107130 0.55944760
vt 0.38644220 0.55946270
vt 0.35404860 0.58992030
vt 0.42919330 0.54586580
vt 0.34029710 0.70545480
vt 0.32322700 0.67909160
vt 0.31465950 0.65608760
vt 0.34828710 0.73206410
vt 0.32328010 0.71214210
vt 0.33413520 0.73903050
vt 0.35487410 0.73835600
vt 0.30346510 0.68649200
vt 0.30340330 0.66065510
vt 0.33984190 0.74878940
vt 0.36510980 0.74935600
vt 0.32082610 0.64337890
vt 0.45048490 0.53003700
vt 0.31653370 0.74237440
vt 0.31106590 0.71320580
vt 0.29267180 0.72088250
vt 0.28294550 0.70238500
vt 0.28396850 0.68095880
vt 0.28278420 0.66360500
vt 0.31523150 0.75509330
vt 0.27501170 0.74654670
vt 0.27348740 0.71949070
vt 0.29932890 0.75944600
vt 0.34617170 0.75886830
vt 0.30295080 0.65081570
vt 0.44098960 0.53846790
vt 0.43291020 0.51026230
vt 0.40892930 0.53489860
vt 0.39465280 0.53837530
vt 0.37603620 0.54376700
vt 0.44440740 0.50290170
vt 0.43524380 0.48256200
vt 0.42349390 0.49176750
vt 0.40460690 0.47054230
vt 0.40433700 0.51210800
vt 0.39007980 0.48683810
vt 0.36932370 0.52582500
vt 0.38808620 0.51479780
vt 0.37734050 0.49671510
vt 0.39218770 0.45139840
vt 0.37391000 0.46776400
vt 0.25822560 0.71688290
vt 0.25633800 0.74561910
vt 0.22723450 0.73972930
vt 0.22414840 0.70864150
vt 0.20745470 0.73315860
vt 0.25586000 0.66177230
vt 0.26288230 0.68290100
vt 0.24086920 0.69206790
vt 0.37398310 0.43863370
vt 0.35914090 0.48174370
vt 0.18566360 0.72063940
vt 0.19946400 0.69334940
vt 0.22243340 0.68777040
vt 0.35165750 0.45973870
vt 0.34920920 0.42801540
vt 0.33954960 0.44886450
vt 0.32531780 0.40332830
vt 0.16647200 0.70948920
vt 0.14495740 0.69078390
vt 0.16486740 0.67105380
vt 0.20296270 0.67511060
vt 0.17418650 0.65597700
vt 0.31647320 0.43063860
vt 0.13838260 0.65911680
vt 0.12643880 0.66968900
vt 0.14802770 0.64110460
vt 0.11981590 0.62239890
vt 0.14842250 0.61361930
vt 0.13923920 0.59562950
vt 0.11655830 0.59766710
vt 0.28335680 0.39246300
vt 0.29840800 0.40549840
vt 0.28862940 0.43417120
vt 0.11287980 0.57238270
vt 0.27904460 0.40516970
vt 0.27020870 0.43385740
vt 0.25321170 0.40949080
vt 0.25221020 0.42880550
vt 0.23222770 0.44143940
vt 0.23000810 0.41423170
vt 0.31059850 0.44550430
vt 0.14113430 0.58182660
vt 0.13566980 0.55807600
vt 0.11310310 0.55437000
vt 0.14633660 0.53391040
vt 0.11525700 0.53122280
vt 0.12518830 0.50584810
vt 0.15830800 0.50279170
vt 0.20873840 0.42582350
vt 0.21541300 0.46181390
vt 0.24796720 0.44644530
vt 0.18435490 0.43519480
vt 0.20003000 0.44888830
vt 0.19406750 0.47165380
vt 0.16675250 0.45184900
vt 0.14951090 0.43155590
vt 0.17771480 0.48568620
vt 0.14822020 0.47382300
vt 0.13125690 0.45501820
vt 0.11925200 0.47589830
vt 0.10702120 0.63080920
vt 0.15476260 0.55827840
vt 0.16269650 0.53615650
vt 0.15892390 0.58636020
vt 0.16265450 0.61181350
vt 0.17463350 0.63172210
vt 0.18815110 0.64750030
vt 0.21206760 0.66888800
vt 0.16689660 0.51317300
vt 0.31606910 0.47310970
vt 0.10073430 0.60823610
vt 0.23907910 0.47275790
vt 0.24077760 0.65638490
vt 0.27016490 0.46620060
vt 0.28751750 0.46633390
vt 0.24913570 0.47098150
vt 0.30756500 0.47073540
vt 0.10740960 0.49569340
vt 0.33132530 0.48139400
vt 0.22334360 0.64775900
vt 0.20657590 0.63318540
vt 0.36263130 0.50897490
vt 0.09583990 0.57399140
vt 0.17960780 0.56208760
vt 0.18114420 0.54192100
vt 0.22389380 0.75247110
vt 0.24828540 0.75691870
vt 0.27265440 0.75970430
vt 0.18742840 0.52141880
vt 0.19876720 0.50403080
vt 0.20938760 0.49305610
vt 0.22229530 0.48242630
vt 0.18074370 0.58221470
vt 0.18633100 0.60104130
vt 0.19495470 0.61704840
vt 0.34799210 0.49456670
vt 0.27991880 0.65388350
vt 0.25380010 0.65339910
vt 0.24247150 0.64597980
vt 0.32459040 0.76408960
vt 0.35770810 0.57422670
vt 0.35799710 0.55890160
vt 0.35809560 0.54600010
vt 0.35418180 0.53201760
vt 0.27307690 0.76877860
vt 0.25171720 0.77434260
vt 0.18972000 0.54771980
vt 0.18766350 0.57759180
vt 0.22566780 0.77113260
vt 0.30226640 0.64309540
vt 0.31944540 0.63527270
vt 0.33227320 0.62525350
vt 0.34232180 0.61391420
vt 0.35150590 0.59800250
vt 0.19523300 0.52667020
vt 0.20581070 0.51183520
vt 0.21656780 0.49857040
vt 0.34850440 0.52046570
vt 0.22937060 0.49483280
vt 0.29328890 0.48291960
vt 0.26795230 0.48204220
vt 0.27889390 0.48306830
vt 0.19264400 0.59805700
vt 0.19960810 0.60982440
vt 0.20974840 0.62667780
vt 0.22941250 0.63796290
vt 0.24541070 0.48690630
vt 0.25830690 0.48450750
vt 0.48477020 0.58869250
vt 0.29355110 0.78079050
vt 0.27172150 0.78122110
vt 0.39219400 0.74150540
vt 0.28244900 0.64555380
vt 0.25568240 0.64604010
vt 0.33692410 0.50520840
vt 0.30783380 0.48639690
vt 0.32273270 0.49337860
vt 0.32259150 0.77088090
vt 0.31266840 0.78042690
vt 0.36706740 0.75509840
vt 0.34371550 0.77373190
vt 0.33077350 0.77743730
vt 0.23741500 0.77864610
vt 0.25004430 0.78083180
vt 0.21638730 0.62130490
vt 0.34009720 0.59366520
vt 0.22223510 0.50443080
vt 0.33227470 0.60573350
vt 0.20184250 0.53272270
vt 0.19664080 0.54761310
vt 0.19432470 0.56935640
vt 0.19738510 0.58188760
vt 0.34326740 0.58282740
vt 0.34762870 0.57327650
vt 0.38571180 0.75364890
vt 0.34529210 0.53699250
vt 0.20106600 0.59281900
vt 0.31307760 0.62419160
vt 0.34641400 0.54772560
vt 0.31642590 0.50161760
vt 0.36743320 0.76414660
vt 0.29978780 0.62998840
vt 0.28505520 0.63783230
vt 0.32348580 0.61472790
vt 0.22674320 0.77661480
vt 0.40363660 0.74117230
vt 0.25570730 0.63531440
vt 0.26526490 0.63862500
vt 0.21160140 0.60264910
vt 0.21009240 0.77113120
vt 0.22301540 0.61666930
vt 0.49043720 0.58029840
vt 0.48679130 0.61109780
vt 0.34414500 0.55946550
vt 0.19706040 0.76549410
vt 0.20242650 0.56620790
vt 0.28037710 0.62989300
vt 0.34166060 0.56654330
vt 0.25015610 0.49448030
vt 0.40980260 0.74456960
vt 0.38967860 0.75950320
vt 0.34735810 0.78083180
vt 0.43113020 0.72996350
vt 0.37074490 0.77095160
vt 0.40999110 0.74768970
vt 0.06283350 0.54660630
vt 0.05597660 0.52760460
vt 0.06606730 0.52948300
vt 0.05418700 0.55322430
vt 0.05831680 0.51551160
vt 0.06729270 0.51667080
vt 0.07021440 0.50836410
vt 0.06081200 0.50482480
vt 0.07373870 0.49478050
vt 0.06650520 0.48736080
vt 0.07949290 0.48025580
vt 0.06196370 0.57164490
vt 0.05449510 0.58492110
vt 0.05327870 0.56341110
vt 0.06427670 0.59111170
vt 0.06644390 0.56066130
vt 0.05544520 0.60016060
vt 0.06677300 0.60602770
vt 0.05844100 0.61595010
vt 0.06942340 0.61960540
vt 0.07435800 0.56231350
vt 0.07577100 0.58831080
vt 0.07833060 0.53150300
vt 0.08231100 0.50618940
vt 0.08067910 0.61759560
vt 0.08775300 0.55201370
vt 0.08550020 0.57713860
vt 0.08483040 0.63573930
vt 0.07334670 0.63330440
vt 0.09015190 0.61276410
vt 0.09427370 0.48105850
vt 0.09342380 0.50579820
vt 0.09544830 0.55509670
vt 0.10206980 0.52333410
vt 0.09456770 0.63157710
vt 0.08530910 0.46904620
vt 0.09388360 0.65779400
vt 0.08051940 0.65238230
vt 0.10627330 0.65766800
vt 0.10323890 0.46442290
vt 0.11666060 0.67655170
vt 0.12119870 0.44332180
vt 0.11019020 0.68430610
vt 0.13550950 0.70006680
vt 0.14147910 0.42042200
vt 0.09954290 0.44470670
vt 0.11278290 0.42657810
vt 0.13013160 0.40736190
vt 0.14332280 0.39592650
vt 0.15719870 0.72307070
vt 0.12812720 0.70829460
vt 0.17227170 0.73490130
vt 0.18610050 0.74263070
vt 0.20402830 0.74907060
vt 0.15413390 0.38758220
vt 0.14694900 0.73825340
vt 0.16160160 0.74861540
vt 0.13769800 0.73123800
vt 0.12108670 0.71441920
vt 0.10205800 0.69275480
vt 0.09054890 0.67453820
vt 0.18065480 0.75853370
vt 0.16562000 0.37975470
vt 0.08293410 0.66092820
vt 0.08502490 0.46441400
vt 0.58514260 0.23689400
vt 0.51537330 0.24704570
vt 0.45789450 0.23873160
vt 0.56168930 0.24522040
vt 0.64359580 0.24388480
vt 0.64434130 0.23966070
vt 0.64657580 0.23310060
vt 0.43629150 0.24774780
vt 0.34644120 0.24126890
vt 0.34041280 0.25021820
vt 0.30402480 0.24282190
vt 0.30678350 0.24909280
vt 0.56776880 0.23400390
vt 0.46146100 0.23591930
vt 0.34664310 0.23806300
vt 0.30673910 0.25447160
vt 0.44090250 0.25055970
vt 0.56987980 0.24802320
vt 0.64372660 0.24813130
vt 0.29904210 0.23847530
vt 0.43033560 0.23043600
vt 0.53748950 0.22847710
vt 0.65229600 0.22740610
vt 0.46297960 0.22836350
vt 0.33403200 0.23229280
vt 0.29342790 0.23530630
vt 0.63578980 0.22085200
vt 0.67949910 0.22001850
vt 0.29175990 0.22940190
vt 0.44550970 0.22380980
vt 0.39841830 0.22489210
vt 0.27970380 0.23509170
vt 0.53494180 0.22222190
vt 0.46431300 0.22301280
vt 0.25703690 0.22740700
vt 0.32945710 0.22562930
vt 0.15508280 0.22839580
vt 0.24563290 0.23392400
vt 0.16144750 0.23458320
vt 0.06906000 0.23507370
vt 0.06434310 0.22896830
vt 0.01984940 0.22863620
vt 0.10530250 0.24133420
vt 0.03884910 0.24305530
vt 0.09950670 0.24507860
vt 0.18473770 0.24463260
vt 0.24297430 0.24233230
vt 0.27369030 0.24104290
vt 0.01980630 0.23470940
vt 0.27048080 0.25086370
vt 0.23811820 0.25112430
vt 0.05625590 0.25321150
vt 0.01958110 0.25333470
vt 0.11634370 0.25238750
vt 0.01974080 0.24157890
vt 0.18718120 0.25475140
vt 0.08945830 0.25629300
vt 0.27066980 0.25503700
vt 0.45149900 0.21740130
vt 0.64339040 0.21445800
vt 0.68460270 0.21588800
vt 0.70296410 0.22280580
vt 0.67070910 0.22642180
vt 0.70868620 0.23321670
vt 0.67873020 0.23504750
vt 0.76841380 0.22662530
vt 0.76578080 0.23378200
vt 0.78308680 0.23141340
vt 0.78751800 0.22468860
vt 0.79740850 0.23168150
vt 0.76841750 0.22084670
vt 0.81314570 0.21991230
vt 0.81592920 0.23078720
vt 0.83911680 0.22185970
vt 0.83944460 0.23038150
vt 0.83823660 0.21626480
vt 0.70978250 0.24265940
vt 0.68208590 0.24369240
vt 0.78274110 0.24172910
vt 0.76059900 0.24201040
vt 0.82123790 0.24074710
vt 0.78711610 0.21714660
vt 0.80026770 0.24115560
vt 0.83992860 0.24055920
vt 0.84012370 0.22542060
vt 0.83426540 0.20601030
vt 0.81310870 0.20800300
vt 0.83803470 0.20757880
vt 0.66037460 0.22565280
vt 0.76592300 0.21515270
vt 0.67279640 0.23003490
vt 0.83968800 0.25048790
vt 0.78240880 0.21048590
vt 0.80187960 0.20425510
vt 0.83523320 0.19380200
vt 0.71765690 0.25237390
vt 0.76401260 0.25172840
vt 0.78700190 0.25025070
vt 0.69163840 0.25245820
vt 0.67993180 0.25248960
vt 0.81930310 0.25040630
vt 0.01967880 0.26321860
vt 0.07380740 0.26307840
vt 0.14703560 0.26256920
vt 0.41690760 0.25873680
vt 0.34919140 0.25989300
vt 0.31389640 0.26026900
vt 0.30264270 0.26149330
vt 0.47522040 0.25875510
vt 0.53985010 0.25741650
vt 0.57833850 0.25647800
vt 0.64631240 0.25517260
vt 0.20012840 0.26166960
vt 0.24453440 0.26209770
vt 0.27270350 0.26168450
vt 0.83961640 0.25934080
vt 0.43215560 0.21750220
vt 0.74421650 0.25839540
vt 0.77747980 0.26024460
vt 0.81292850 0.25959900
vt 0.78891310 0.25859180
vt 0.06218890 0.26767470
vt 0.43518220 0.26176550
vt 0.34574980 0.26473670
vt 0.84107470 0.25146760
vt 0.30800480 0.26792050
vt 0.12488550 0.27246220
vt 0.19899570 0.27165910
vt 0.26842950 0.27016040
vt 0.67983070 0.26357970
vt 0.67283520 0.25976990
vt 0.53840650 0.26518270
vt 0.01970620 0.27277820
vt 0.59816050 0.26451600
vt 0.65071230 0.26081940
vt 0.75982120 0.26277210
vt 0.43569010 0.26834880
vt 0.48285610 0.26927820
vt 0.82438640 0.26634010
vt 0.35574600 0.27075520
vt 0.27552780 0.26462550
vt 0.28043330 0.26893780
vt 0.84001790 0.26677710
vt 0.29347710 0.26820990
vt 0.79777600 0.26773140
vt 0.66513810 0.26330870
vt 0.66747920 0.26852800
vt 0.65758810 0.26353980
vt 0.63827760 0.26910460
vt 0.28908330 0.27387490
vt 0.54384920 0.27062850
vt 0.58834110 0.27029370
vt 0.03919370 0.27719260
vt 0.77681060 0.26955120
vt 0.82954340 0.27552840
vt 0.69339250 0.26825190
vt 0.18589590 0.27796770
vt 0.83906390 0.27620340
vt 0.83820370 0.27890840
vt 0.75871620 0.27041760
vt 0.01976300 0.27890840
vt 0.49582370 0.27392020
vt 0.84027800 0.22184580
vt 0.38144810 0.27526500
vt 0.45135680 0.27397870
vt 0.86653910 0.30832650
vt 0.87045650 0.23751150
vt 0.87077640 0.30198760
vt 0.86695990 0.16651430
vt 0.87046610 0.16483180
vt 0.87033410 0.13471840
vt 0.86921750 0.35863440
vt 0.85917210 0.36254870
vt 0.85965760 0.30443870
vt 0.86040100 0.16682740
vt 0.86381030 0.13377460
vt 0.86034600 0.38713340
vt 0.86976420 0.38489650
vt 0.85872470 0.13246860
vt 0.85596450 0.20733010
vt 0.85563660 0.32839660
vt 0.85178250 0.38712740
vt 0.85746600 0.12963620
vt 0.85001810 0.30208570
vt 0.85030120 0.20633630
vt 0.85119830 0.12444290
vt 0.87440010 0.38714150
vt 0.87725170 0.37161630
vt 0.87684390 0.16351770
vt 0.87872850 0.26783640
vt 0.87898560 0.13200220
vt 0.88120160 0.17165370
vt 0.88227010 0.38709270
vt 0.88644080 0.23910960
vt 0.88681410 0.35201570
vt 0.88690290 0.17275040
vt 0.88398130 0.12788810
vt 0.88699890 0.12072160
vt 0.89389800 0.38688110
vt 0.89374170 0.35257180
vt 0.89232650 0.29700930
vt 0.89257030 0.19085880
vt 0.84471770 0.38688110
vt 0.45102650 0.79761350
vt 0.40148800 0.80045130
vt 0.43479470 0.78832150
vt 0.48905370 0.79549600
vt 0.38596700 0.79087440
vt 0.52409450 0.78344360
vt 0.52870500 0.79374330
vt 0.56554420 0.78167740
vt 0.56819050 0.79196100
vt 0.35774270 0.80204090
vt 0.36043720 0.79205510
vt 0.29909350 0.79520800
vt 0.26220990 0.80557810
vt 0.25656250 0.79693980
vt 0.22155780 0.80770020
vt 0.22504190 0.79906260
vt 0.26066720 0.80948520
vt 0.21888740 0.81084790
vt 0.32177790 0.78404620
vt 0.38893610 0.78054790
vt 0.43182850 0.77892790
vt 0.49467850 0.77506890
vt 0.56495800 0.77714570
vt 0.25627180 0.78691220
vt 0.22333290 0.78770100
vt 0.56512220 0.77144170
vt 0.56880800 0.77204790
vt 0.57360010 0.79713120
vt 0.49813400 0.80295400
vt 0.38881840 0.80923590
vt 0.35838050 0.81147160
vt 0.26026550 0.81467690
vt 0.21390720 0.81448620
vt 0.56918700 0.78766300
vt 0.57586960 0.80499420
vt 0.50301020 0.80872100
vt 0.42063490 0.81296370
vt 0.36522250 0.81687640
vt 0.32446760 0.81640440
vt 0.24468300 0.81968720
vt 0.21594810 0.82110860
vt 0.58007710 0.79968630
vt 0.20507470 0.81695720
vt 0.58991340 0.79840280
vt 0.61877160 0.80286170
vt 0.59812820 0.79379870
vt 0.62053660 0.79526790
vt 0.68220740 0.79960720
vt 0.68668160 0.81018430
vt 0.69774710 0.80605020
vt 0.70291890 0.81294240
vt 0.68868390 0.79627770
vt 0.70203690 0.79896470
vt 0.70993330 0.79689000
vt 0.72024980 0.80772380
vt 0.73657730 0.80473740
vt 0.73226260 0.79618010
vt 0.75718010 0.80261240
vt 0.75819670 0.79634980
vt 0.75815790 0.81014260
vt 0.74789880 0.81582280
vt 0.63697780 0.80803040
vt 0.75604870 0.81845470
vt 0.73240740 0.82142220
vt 0.19171220 0.82654950
vt 0.75727190 0.82654950
vt 0.57531270 0.77596770
vt 0.58959580 0.76720430
vt 0.58000220 0.78230900
vt 0.59909010 0.76966180
vt 0.58943340 0.77628840
vt 0.57901410 0.79122780
vt 0.59252890 0.78065600
vt 0.58587190 0.79439240
vt 0.60973720 0.76898680
vt 0.61025440 0.76394670
vt 0.60458580 0.76271970
vt 0.29627730 0.01829110
vt 0.30359830 0.05319190
vt 0.28631480 0.05394850
vt 0.27568400 0.01875910
vt 0.26259860 0.05370780
vt 0.25691990 0.01855590
vt 0.24832400 0.05397440
vt 0.32156910 0.01770910
vt 0.32104810 0.05379760
vt 0.33415870 0.05290850
vt 0.23561110 0.05386140
vt 0.24127590 0.01740880
vt 0.22785950 0.01785000
vt 0.26586250 0.01566590
vt 0.29307250 0.01512910
vt 0.31526410 0.01429820
vt 0.33690010 0.03695570
vt 0.32940580 0.01634580
vt 0.34210030 0.01553510
vt 0.35276510 0.05376180
vt 0.35411470 0.03430970
vt 0.36043800 0.01557240
vt 0.36909260 0.05279760
vt 0.36787800 0.03553320
vt 0.38055670 0.01491590
vt 0.38479050 0.05384010
vt 0.21975060 0.03497660
vt 0.21367410 0.01821150
vt 0.21993990 0.05401130
vt 0.20207760 0.03798320
vt 0.20206590 0.05320470
vt 0.19831190 0.01761710
vt 0.18515200 0.03856130
vt 0.18389510 0.05372390
vt 0.18079940 0.01856880
vt 0.16381110 0.03577560
vt 0.16435090 0.05245630
vt 0.16127870 0.01712880
vt 0.33672190 0.05410560
vt 0.14290410 0.05246710
vt 0.14581130 0.01793550
vt 0.18895470 0.01311840
vt 0.21908480 0.00986270
vt 0.20406860 0.00977200
vt 0.16857170 0.01354500
vt 0.23953390 0.01014690
vt 0.13408240 0.02647910
vt 0.13629900 0.01597130
vt 0.12635500 0.05203010
vt 0.16072650 0.05382980
vt 0.19747430 0.05411650
vt 0.11327510 0.01776440
vt 0.11186180 0.05227830
vt 0.13199120 0.05358450
vt 0.26934580 0.00971320
vt 0.37214090 0.05411650
vt 0.08837300 0.05211440
vt 0.08697630 0.01820110
vt 0.09132730 0.05346600
vt 0.11293790 0.01204260
vt 0.63268130 0.04037730
vt 0.63111200 0.02948750
vt 0.65216960 0.02918870
vt 0.65363590 0.03945970
vt 0.65135030 0.02063560
vt 0.63093630 0.01904170
vt 0.67114790 0.02409030
vt 0.67087720 0.03908150
vt 0.67153620 0.00576930
vt 0.65886270 0.00460080
vt 0.64765350 0.00626860
vt 0.63111970 0.00618530
vt 0.61027750 0.02630840
vt 0.60960160 0.00685810
vt 0.61315210 0.04091740
vt 0.59219300 0.02715770
vt 0.59343520 0.04072260
vt 0.58964880 0.00667590
vt 0.68535570 0.03901830
vt 0.68638010 0.02160890
vt 0.68957280 0.00508580
vt 0.70194350 0.02502760
vt 0.70264920 0.00951080
vt 0.70323510 0.03886210
vt 0.70535980 0.00416280
vt 0.71934320 0.00502390
vt 0.72050580 0.03889600
vt 0.71924700 0.02980010
vt 0.71939850 0.01674550
vt 0.73534020 0.00486070
vt 0.74584750 0.02019160
vt 0.74521560 0.04030140
vt 0.75204220 0.00521000
vt 0.67596490 0.04812100
vt 0.69296820 0.04870800
vt 0.77027090 0.02801200
vt 0.76323190 0.04059520
vt 0.70669330 0.05009820
vt 0.72390600 0.05004500
vt 0.77416850 0.00547990
vt 0.66540560 0.04839690
vt 0.77572250 0.04154630
vt 0.65293070 0.04848050
vt 0.63327330 0.04447950
vt 0.74465790 0.04984860
vt 0.77746520 0.02177210
vt 0.79826960 0.03499160
vt 0.79623410 0.04160150
vt 0.79719520 0.00592600
vt 0.79781800 0.02094940
vt 0.76197060 0.05030210
vt 0.77322760 0.05041630
vt 0.79636040 0.04801880
vt 0.57489700 0.00752820
vt 0.57632420 0.04119520
vt 0.59199390 0.04922100
vt 0.61058660 0.05041630
vt 0.63190220 0.05021590
vt 0.57420780 0.04902950
vt 0.55994110 0.04218910
vt 0.56124570 0.04989830
vt 0.55979940 0.02631580
vt 0.55825280 0.00815460
vt 0.54106810 0.00867800
vt 0.54698100 0.03070290
vt 0.60608800 0.00539930
vt 0.53556070 0.04306840
vt 0.53248550 0.02418430
vt 0.52595630 0.00837550
vt 0.16494540 0.97450900
vt 0.20406970 0.97622040
vt 0.16062240 0.97732680
vt 0.12956260 0.97439750
vt 0.13487470 0.98343160
vt 0.19582770 0.98483070
vt 0.23088570 0.97578670
vt 0.24640860 0.97641520
vt 0.22940070 0.98525510
vt 0.25006680 0.98548140
vt 0.26004630 0.97621260
vt 0.26894570 0.98566140
vt 0.21531470 0.98484530
vt 0.11800590 0.98359700
vt 0.15890110 0.98374810
vt 0.17629150 0.98419280
vt 0.10555230 0.97555080
vt 0.10907780 0.98229170
vt 0.10255620 0.98566140
vt 0.26946840 0.97571370
vt 0.14824120 0.98460260
vt 0.26691330 0.96748970
vt 0.24990980 0.96855370
vt 0.19261570 0.96760550
vt 0.17919960 0.96727280
vt 0.20723750 0.96752730
vt 0.14668430 0.96681790
vt 0.16348040 0.96692280
vt 0.11424670 0.96539530
vt 0.13090870 0.96597670
vt 0.10520860 0.97312960
vt 0.22534510 0.96756020
vt 0.10254530 0.96428010
vt 0.25488570 0.96265320
vt 0.26836110 0.96337300
vt 0.10037110 0.96081000
vt 0.20298980 0.96084980
vt 0.22697670 0.96109990
vt 0.24272610 0.96141620
vt 0.17757360 0.96060690
vt 0.15820700 0.96005230
vt 0.14204110 0.95969380
vt 0.12957410 0.95812260
vt 0.11201960 0.95814560
vt 0.27094720 0.96494200
vt 0.26764940 0.95655990
vt 0.25246310 0.95506790
vt 0.16636610 0.95525790
vt 0.14328170 0.95405510
vt 0.23467080 0.95380440
vt 0.18630770 0.95542230
vt 0.20805510 0.95439890
vt 0.22175150 0.95394730
vt 0.12096060 0.95336160
vt 0.11166520 0.95133710
vt 0.09697210 0.95570990
vt 0.12952620 0.94798250
vt 0.17479670 0.95022770
vt 0.15159230 0.95082850
vt 0.19008910 0.95043410
vt 0.10280620 0.94915380
vt 0.26533770 0.94991300
vt 0.15830590 0.94777410
vt 0.09244080 0.94778880
vt 0.24621110 0.95090920
vt 0.22613120 0.94859620
vt 0.20432380 0.94866510
vt 0.26976970 0.94942130
vt 0.10794440 0.94569740
vt 0.18758600 0.94649040
vt 0.11471990 0.94262270
vt 0.14397580 0.94271310
vt 0.16742630 0.94544430
vt 0.13327960 0.94454370
vt 0.09975300 0.94319020
vt 0.12466130 0.94125810
vt 0.17384690 0.94182330
vt 0.25232720 0.94456220
vt 0.23337790 0.94453140
vt 0.26735570 0.94444120
vt 0.15761220 0.94229450
vt 0.21586390 0.94393990
vt 0.19922930 0.94293070
vt 0.98233950 0.08830850
vt 0.97627850 0.11308540
vt 0.98329330 0.09987180
vt 0.98213690 0.11821530
vt 0.97509620 0.13704760
vt 0.98250010 0.13559470
vt 0.97637370 0.15656650
vt 0.98325390 0.15050270
vt 0.98271180 0.16514160
vt 0.97573570 0.17247840
vt 0.98265740 0.18278240
vt 0.98314920 0.19397680
vt 0.97500880 0.18741360
vt 0.97530450 0.08681990
vt 0.97590090 0.06842530
vt 0.98272400 0.06673650
vt 0.97725190 0.04908470
vt 0.98321500 0.04273660
vt 0.98348490 0.02258030
vt 0.97931510 0.01954620
vt 0.98924640 0.02369250
vt 0.98881720 0.05223760
vt 0.98969860 0.07487270
vt 0.98940670 0.09058230
vt 0.98932980 0.12620070
vt 0.98976840 0.10929660
vt 0.98881810 0.17458730
vt 0.98797650 0.15608500
vt 0.99015720 0.18519830
vt 0.99115120 0.14255850
vt 0.98986600 0.19952930
vt 0.99245210 0.16367360
vt 0.99681240 0.02486440
vt 0.99458970 0.04365780
vt 0.99638190 0.05840000
vt 0.99116050 0.02017070
vt 0.99539880 0.09185320
vt 0.98424590 0.01803890
vt 0.99532240 0.12670100
vt 0.99566450 0.18573010
vt 0.99574820 0.19564830
vt 0.99681240 0.20305280
vt 0.97204660 0.15639530
vt 0.97448310 0.03740450
vt 0.97158860 0.10444890
vt 0.97120670 0.12698880
vt 0.96763690 0.06611160
vt 0.97045310 0.01921370
vt 0.96807380 0.03476870
vt 0.96590630 0.16664400
vt 0.96608410 0.18486400
vt 0.96584700 0.12976480
vt 0.96596850 0.07513280
vt 0.36884270 0.93968610
vt 0.37276590 0.93392820
vt 0.38478620 0.93992570
vt 0.38865080 0.93385670
vt 0.35790440 0.93447570
vt 0.34323650 0.93854240
vt 0.33641610 0.93497850
vt 0.32130930 0.93897090
vt 0.31465030 0.93422510
vt 0.40301810 0.93664440
vt 0.30231850 0.93819240
vt 0.29284420 0.93563470
vt 0.38647320 0.94615630
vt 0.40896140 0.94719870
vt 0.41994730 0.94707230
vt 0.42190850 0.93461790
vt 0.43117430 0.94213110
vt 0.43912380 0.93577830
vt 0.44748520 0.94676070
vt 0.44916400 0.93522350
vt 0.45950250 0.94506770
vt 0.34360360 0.94634000
vt 0.32144940 0.94719030
vt 0.36486400 0.94639960
vt 0.43737940 0.95055690
vt 0.30394720 0.94764350
vt 0.29065140 0.94812680
vt 0.28535740 0.93986410
vt 0.45993180 0.94983610
vt 0.44789080 0.95137160
vt 0.28350440 0.94731940
vt 0.46385850 0.94607390
vt 0.45949730 0.93535860
vt 0.46974670 0.93739500
vt 0.28862640 0.93103950
vt 0.42647570 0.95143380
vt 0.33509470 0.95065150
vt 0.36935200 0.95077470
vt 0.35378210 0.95137160
vt 0.40435020 0.95102320
vt 0.38617640 0.95138170
vt 0.40290620 0.93277880
vt 0.29693310 0.92779920
vt 0.47131150 0.92885260
vt 0.34744390 0.92289170
vt 0.33517970 0.92278390
vt 0.32139890 0.92304930
vt 0.30634190 0.92268120
vt 0.43987290 0.92366500
vt 0.42270300 0.92442940
vt 0.40544790 0.92323560
vt 0.36936640 0.92204140
vt 0.46005360 0.92535670
vt 0.29297000 0.92195220
vt 0.28477620 0.92297400
vt 0.28278690 0.93535840
vt 0.46061330 0.91992510
vt 0.45138340 0.92021380
vt 0.47090130 0.91899090
vt 0.31664430 0.91895220
vt 0.33095550 0.91855330
vt 0.34486420 0.91833320
vt 0.41926410 0.92018550
vt 0.43349270 0.91987060
vt 0.36070400 0.91745670
vt 0.38363770 0.91952540
vt 0.39678760 0.91964710
vt 0.33795070 0.90813610
vt 0.35421140 0.90795560
vt 0.30972110 0.90847300
vt 0.38220840 0.90843100
vt 0.40340810 0.90881200
vt 0.28974850 0.90909480
vt 0.42001240 0.90901030
vt 0.43225990 0.90911110
vt 0.44814830 0.90964390
vt 0.28502700 0.91007390
vt 0.01952550 0.71229050
vt 0.02504500 0.69203340
vt 0.00510440 0.69525510
vt 0.00531730 0.71460190
vt 0.00498700 0.67325720
vt 0.02405260 0.67144960
vt 0.04209550 0.71016470
vt 0.04229030 0.69310440
vt 0.04170090 0.67024620
vt 0.02502920 0.72435170
vt 0.00676200 0.73306890
vt 0.04320260 0.72884510
vt 0.02479020 0.74290940
vt 0.04397840 0.74277220
vt 0.00653640 0.74613870
vt 0.02383880 0.75851170
vt 0.00784440 0.76274290
vt 0.04514950 0.77061050
vt 0.02337300 0.77775160
vt 0.00761410 0.77872790
vt 0.02660010 0.78739240
vt 0.04649190 0.78895080
vt 0.00900780 0.79047180
vt 0.01978700 0.65068670
vt 0.00367980 0.65377540
vt 0.03863720 0.64861510
vt 0.04044840 0.64212570
vt 0.00397780 0.63366090
vt 0.02259210 0.63300840
vt 0.03961830 0.61784590
vt 0.01730680 0.61924070
vt 0.00280730 0.61406990
vt 0.01635020 0.59995900
vt 0.02911860 0.59835730
vt 0.03992870 0.59744910
vt 0.00347840 0.59871200
vt 0.00279750 0.57800050
vt 0.02161660 0.58060230
vt 0.03989020 0.57872960
vt 0.02394430 0.56793950
vt 0.03967510 0.56696390
vt 0.04614120 0.62637770
vt 0.00240110 0.56465070
vt 0.03913230 0.55087880
vt 0.04865080 0.70989960
vt 0.00544190 0.72830200
vt 0.04868330 0.69535880
vt 0.00227690 0.59727110
vt 0.00270890 0.63030190
vt 0.04963570 0.64916110
vt 0.04728010 0.67048030
vt 0.04582520 0.59609010
vt 0.00660050 0.76293250
vt 0.00348980 0.67206570
vt 0.04963570 0.56327490
vt 0.81212590 0.95698430
vt 0.81560770 0.94581950
vt 0.84000130 0.95683900
vt 0.83826960 0.94441410
vt 0.86179540 0.94614620
vt 0.87761430 0.95609830
vt 0.86109620 0.95644740
vt 0.85078360 0.94417330
vt 0.87769790 0.94393710
vt 0.88956910 0.94482970
vt 0.88977540 0.95604960
vt 0.90555120 0.95628230
vt 0.90727590 0.94431600
vt 0.79962920 0.94563790
vt 0.79589080 0.95650900
vt 0.78148550 0.94464980
vt 0.91608860 0.94540350
vt 0.92764230 0.95698430
vt 0.76756680 0.95575940
vt 0.76914570 0.94483870
vt 0.74857720 0.94295390
vt 0.74738380 0.95448630
vt 0.92789890 0.94805020
vt 0.75237050 0.94012920
vt 0.86181780 0.94145540
vt 0.77073350 0.94149040
vt 0.80041720 0.94175900
vt 0.92841590 0.94268790
vt 0.74180330 0.94099370
vt 0.74250880 0.95404060
vt 0.78175650 0.94048260
vt 0.88332530 0.94122310
vt 0.91194590 0.94033800
vt 0.81314050 0.94124010
vt 0.83234790 0.94155600
vt 0.74367020 0.93274190
vt 0.84630230 0.93549660
vt 0.92850640 0.93391750
vt 0.78153170 0.93322070
vt 0.81528310 0.93424480
vt 0.75574710 0.93349730
vt 0.86064060 0.93389240
vt 0.87847810 0.93020140
vt 0.90680550 0.93025520
vt 0.91602020 0.92845230
vt 0.84104800 0.92886140
vt 0.85587500 0.92821990
vt 0.81867520 0.92747490
vt 0.79376860 0.92666200
vt 0.77519170 0.92693690
vt 0.75633000 0.92572700
vt 0.89298520 0.92799350
vt 0.74671710 0.92611200
vt 0.92724370 0.92693290
vt 0.74233660 0.92003820
vt 0.86370830 0.92344620
vt 0.87899410 0.92417900
vt 0.84450700 0.92311330
vt 0.77927100 0.92023070
vt 0.82292620 0.92175760
vt 0.80275080 0.92112430
vt 0.76441440 0.91981390
vt 0.91977080 0.91821590
vt 0.91769870 0.91368620
vt 0.91556570 0.91350600
vt 0.90764250 0.91667370
vt 0.88539060 0.91867230
vt 0.98611440 0.82824030
vt 0.99600300 0.81660630
vt 0.98588500 0.81026630
vt 0.99532520 0.79957490
vt 0.98625800 0.78782420
vt 0.99622140 0.78121160
vt 0.99545550 0.83240970
vt 0.99625620 0.85143210
vt 0.98671420 0.87104640
vt 0.99520250 0.87783430
vt 0.98528220 0.88878070
vt 0.99699400 0.89703550
vt 0.98703110 0.76430170
vt 0.99652720 0.75887850
vt 0.99778140 0.74790660
vt 0.99732950 0.73725730
vt 0.98621990 0.73125610
vt 0.99517390 0.72796400
vt 0.99688300 0.90436590
vt 0.98537920 0.90518040
vt 0.99954460 0.72519170
vt 0.99872150 0.88344200
vt 0.99954460 0.86543430
vt 0.98424050 0.87047870
vt 0.98465950 0.76572820
vt 0.97435070 0.90469870
vt 0.97609170 0.83273820
vt 0.97578760 0.79783990
vt 0.97598490 0.77763800
vt 0.97458230 0.88653530
vt 0.97552140 0.85653260
vt 0.97595480 0.74078970
vt 0.97505920 0.75780680
vt 0.97406730 0.72671440
vt 0.97287240 0.74506870
vt 0.97210200 0.88676080
vt 0.97121080 0.86272340
vt 0.97111360 0.82211970
vt 0.97043040 0.84271940
vt 0.97085110 0.79696810
vt 0.97089030 0.77409240
vt 0.96542980 0.90383420
vt 0.96853270 0.75788570
vt 0.97059680 0.73531460
vt 0.96900580 0.72294170
vt 0.96429820 0.88125230
vt 0.96429190 0.86600280
vt 0.96401650 0.84202230
vt 0.96401280 0.82144430
vt 0.96331730 0.77991710
vt 0.96311470 0.76434860
vt 0.96345320 0.79944250
vt 0.10868110 0.88162960
vt 0.09289620 0.86970970
vt 0.10892880 0.87052710
vt 0.09189990 0.87628220
vt 0.13597960 0.87846240
vt 0.14555030 0.87015310
vt 0.13999480 0.88268830
vt 0.20795560 0.87769060
vt 0.20304170 0.88262890
vt 0.18858080 0.87058540
vt 0.09092250 0.88467930
vt 0.21109320 0.86960550
vt 0.22427610 0.86964290
vt 0.22287030 0.87969200
vt 0.19390440 0.86476920
vt 0.07014460 0.86995490
vt 0.06584290 0.88024430
vt 0.05736150 0.87073240
vt 0.05566350 0.88320330
vt 0.04800440 0.87300350
vt 0.05147410 0.86840150
vt 0.08190060 0.88166240
vt 0.04555320 0.87898110
vt 0.23754410 0.87790240
vt 0.06360750 0.88883780
vt 0.06540280 0.86288320
vt 0.20391540 0.88528900
vt 0.09390920 0.86305270
vt 0.14831470 0.86273410
vt 0.10926080 0.86239980
vt 0.21383330 0.86242450
vt 0.23393060 0.87337790
vt 0.23907100 0.87104050
vt 0.23037190 0.86806960
vt 0.22519630 0.86248980
vt 0.06244060 0.85667540
vt 0.04780080 0.86159690
vt 0.18971650 0.85893130
vt 0.08913530 0.85670010
vt 0.04594750 0.88860210
vt 0.04019800 0.87266490
vt 0.10841080 0.85412880
vt 0.15349470 0.85595710
vt 0.10212660 0.85130920
vt 0.05232530 0.85174520
vt 0.06359510 0.85184680
vt 0.04512850 0.85326130
vt 0.22224940 0.85785610
vt 0.04003370 0.86214160
vt 0.03737440 0.87338420
vt 0.03719640 0.86124580
vt 0.03980650 0.88441150
vt 0.03723870 0.88614140
vt 0.10845960 0.88919930
vt 0.15765500 0.88708840
vt 0.05302730 0.89069200
vt 0.03926780 0.85330730
vt 0.03688520 0.84979850
vt 0.15373260 0.84963510
vt 0.19980300 0.85275520
vt 0.22892520 0.88372590
vt 0.23401220 0.88084640
vt 0.04558810 0.84531670
vt 0.05375740 0.84412580
vt 0.03959730 0.84534500
vt 0.06463970 0.84564070
vt 0.04702670 0.89621010
vt 0.08896660 0.89604010
vt 0.06358520 0.89571900
vt 0.21631010 0.88881400
vt 0.19113200 0.89308860
vt 0.04009100 0.89325340
vt 0.03829690 0.89777980
vt 0.15989860 0.89370670
vt 0.11002320 0.89777980
vt 0.10271350 0.84471650
vt 0.62158580 0.89803770
vt 0.65415170 0.89922050
vt 0.62492310 0.90575520
vt 0.64441440 0.90691410
vt 0.66348310 0.90675200
vt 0.69452950 0.89981270
vt 0.70229570 0.90748620
vt 0.71615420 0.90108080
vt 0.71893820 0.90659600
vt 0.70324060 0.89764600
vt 0.60292680 0.90261980
vt 0.60097860 0.89629010
vt 0.60405190 0.90926410
vt 0.71316970 0.91211440
vt 0.58324290 0.90373740
vt 0.57877940 0.89533450
vt 0.57308910 0.90407620
vt 0.56629340 0.89518160
vt 0.57799920 0.91309110
vt 0.56278710 0.90389400
vt 0.62520460 0.89443270
vt 0.66608050 0.89413580
vt 0.72723390 0.89865020
vt 0.73252200 0.90695670
vt 0.57521590 0.88799270
vt 0.58435930 0.88926720
vt 0.69724840 0.91535060
vt 0.73023300 0.91546170
vt 0.59149520 0.91592800
vt 0.66236670 0.91624510
vt 0.62944530 0.91497850
vt 0.56938320 0.91236060
vt 0.60756160 0.91804890
vt 0.71836990 0.91995400
vt 0.56098400 0.91550530
vt 0.57064080 0.92072140
vt 0.58279660 0.92202260
vt 0.55521450 0.90818380
vt 0.73935710 0.91585310
vt 0.73807580 0.91990230
vt 0.55425300 0.89570400
vt 0.55267300 0.90797030
vt 0.73786100 0.90019300
vt 0.71877430 0.89430340
vt 0.60185890 0.88732600
vt 0.55320660 0.91968610
vt 0.62043830 0.92296930
vt 0.64247670 0.92238780
vt 0.68994760 0.92424050
vt 0.59691540 0.92923220
vt 0.56026150 0.92543550
vt 0.58084660 0.92916830
vt 0.57015300 0.92887100
vt 0.73050460 0.92304770
vt 0.70378280 0.92919460
vt 0.72268670 0.92514350
vt 0.56260570 0.88839830
vt 0.62997810 0.88842120
vt 0.61007830 0.88404020
vt 0.69410590 0.88642040
vt 0.57963380 0.87906310
vt 0.55464660 0.88720300
vt 0.70598450 0.88343100
vt 0.57030800 0.87614390
vt 0.62825750 0.88247020
vt 0.73240040 0.89449450
vt 0.73685320 0.89164270
vt 0.74089250 0.89235190
vt 0.72223680 0.88860810
vt 0.61222040 0.87775120
vt 0.56142300 0.87429570
vt 0.55624110 0.87747010
vt 0.55391250 0.87865990
vt 0.57770820 0.87095280
vt 0.59223350 0.87249850
vt 0.55391110 0.92919460
vt 0.55145720 0.92911760
vt 0.37924260 0.96990840
vt 0.40115740 0.97069470
vt 0.37035720 0.97683910
vt 0.38581870 0.97692480
vt 0.36225290 0.96984290
vt 0.33897920 0.97593960
vt 0.34515520 0.96977770
vt 0.40223910 0.97718230
vt 0.42247140 0.97148900
vt 0.43633580 0.97849800
vt 0.42000250 0.97817650
vt 0.44780430 0.97137480
vt 0.33057330 0.96932300
vt 0.30853670 0.97587290
vt 0.31048820 0.96939750
vt 0.29681330 0.97594840
vt 0.29508540 0.96873160
vt 0.45666800 0.97820560
vt 0.46152920 0.97180860
vt 0.47404370 0.97030810
vt 0.47350890 0.97756280
vt 0.46932120 0.98017510
vt 0.45539800 0.98075710
vt 0.29660190 0.96353790
vt 0.31529130 0.96293630
vt 0.33872340 0.96244890
vt 0.36278020 0.96298400
vt 0.38170680 0.96261230
vt 0.42214990 0.96405010
vt 0.40441640 0.96344550
vt 0.43785810 0.96559480
vt 0.46512400 0.96205910
vt 0.44923420 0.96546390
vt 0.45526810 0.96223900
vt 0.47245270 0.96322820
vt 0.29733600 0.95537930
vt 0.33004040 0.95625450
vt 0.29316730 0.96002070
vt 0.36278890 0.95709030
vt 0.39702830 0.95893140
vt 0.43358660 0.95814990
vt 0.41285440 0.95560870
vt 0.47085990 0.95170190
vt 0.29262630 0.96699230
vt 0.29189430 0.95050880
vt 0.47306890 0.98511070
vt 0.32610030 0.98003200
vt 0.35690450 0.97969750
vt 0.38259060 0.98430860
vt 0.35127960 0.98356210
vt 0.40418960 0.98642560
vt 0.43429420 0.98791180
vt 0.41972490 0.98781060
vt 0.29810080 0.98567080
vt 0.47256280 0.98936170
vt 0.44791820 0.98828830
vt 0.32702210 0.98617090
vt 0.39025470 0.98718570
vt 0.29356340 0.97698680
vt 0.35125400 0.98704600
vt 0.29234700 0.98936170
vt 0.67729730 0.09741190
vt 0.66943200 0.08640600
vt 0.68913020 0.07900290
vt 0.69151790 0.09742050
vt 0.66226040 0.09745350
vt 0.67021450 0.07290110
vt 0.70903300 0.09739790
vt 0.70854910 0.07634450
vt 0.69266090 0.05948030
vt 0.67365770 0.06074680
vt 0.70923080 0.06004790
vt 0.65007880 0.07525440
vt 0.65098820 0.08825970
vt 0.65243660 0.06051950
vt 0.64150710 0.09854740
vt 0.63779490 0.08018880
vt 0.63413670 0.06129710
vt 0.62549050 0.06154290
vt 0.62401320 0.09848850
vt 0.61627550 0.08830340
vt 0.61481360 0.07590440
vt 0.61366610 0.09884000
vt 0.60831710 0.06300920
vt 0.71823290 0.09695090
vt 0.72361970 0.07614240
vt 0.73760040 0.05993130
vt 0.73834550 0.07770170
vt 0.73861660 0.09718780
vt 0.59217200 0.09218110
vt 0.59023920 0.08012360
vt 0.60200910 0.09906240
vt 0.58823840 0.06395270
vt 0.57760110 0.10082960
vt 0.56785060 0.10028720
vt 0.57098420 0.08167920
vt 0.57007290 0.06471280
vt 0.66859040 0.10570350
vt 0.65258510 0.10777060
vt 0.76645820 0.06014550
vt 0.75565620 0.07583190
vt 0.75489560 0.09014740
vt 0.75739740 0.09725030
vt 0.77029620 0.09668830
vt 0.76945270 0.07878900
vt 0.78397350 0.06052860
vt 0.78646740 0.08074170
vt 0.78537110 0.09703960
vt 0.74960610 0.05896010
vt 0.79940290 0.05975170
vt 0.80226820 0.08172570
vt 0.71725480 0.05874190
vt 0.69213410 0.10774400
vt 0.71388800 0.10752620
vt 0.67446490 0.05925110
vt 0.73896070 0.10746940
vt 0.75599680 0.10738630
vt 0.76930740 0.10746340
vt 0.78284840 0.10741200
vt 0.80124600 0.09851820
vt 0.79650370 0.10777060
vt 0.81284150 0.09986710
vt 0.58050500 0.06302740
vt 0.77790430 0.05899110
vt 0.86634080 0.98115220
vt 0.83257250 0.98244550
vt 0.83521170 0.97853010
vt 0.81561100 0.97901690
vt 0.85294300 0.97285080
vt 0.87863360 0.97201650
vt 0.87867760 0.98076530
vt 0.90246940 0.98069730
vt 0.89503680 0.97082470
vt 0.91741340 0.97070000
vt 0.92207210 0.97989060
vt 0.93199160 0.96992180
vt 0.83021690 0.97247670
vt 0.93291410 0.97963750
vt 0.81469430 0.98420170
vt 0.79064690 0.98501930
vt 0.77491260 0.98036560
vt 0.79733710 0.97984670
vt 0.77153820 0.98590360
vt 0.81198980 0.97274650
vt 0.78893660 0.97361110
vt 0.76797880 0.97292820
vt 0.77103730 0.98054690
vt 0.92116850 0.96479680
vt 0.93312060 0.96427620
vt 0.87435130 0.96538860
vt 0.85501180 0.96557930
vt 0.90057520 0.96430160
vt 0.83115040 0.96641880
vt 0.80573970 0.96656930
vt 0.78175100 0.96625970
vt 0.93293600 0.95968610
vt 0.91609730 0.95817000
vt 0.76092900 0.96379970
vt 0.89862380 0.95790930
vt 0.88054010 0.95838740
vt 0.85826480 0.95865450
vt 0.93522160 0.97031670
vt 0.83826660 0.95878880
vt 0.82234210 0.95894930
vt 0.80042030 0.96134570
vt 0.93268010 0.98866300
vt 0.87849320 0.98936750
vt 0.84632270 0.99029660
vt 0.90739420 0.98861890
vt 0.86115850 0.99021790
vt 0.83456160 0.99021100
vt 0.82024150 0.99175970
vt 0.79915850 0.99230000
vt 0.78297080 0.99406000
vt 0.76927560 0.99248160
vt 0.93579230 0.98077680
vt 0.93535940 0.98992440
vt 0.92524330 0.99295790
vt 0.82963110 0.99775260
vt 0.90926560 0.99481770
vt 0.89274470 0.99577600
vt 0.86580880 0.99654470
vt 0.84563520 0.99755340
vt 0.81695380 0.99841580
vt 0.87814510 0.99805370
vt 0.76579510 0.99824470
vt 0.80205530 0.99953750
vt 0.93459050 0.99953750
vt 0.04443350 0.46900620
vt 0.04463450 0.44498940
vt 0.03589030 0.45079310
vt 0.04366050 0.42657270
vt 0.03451280 0.46601110
vt 0.03496720 0.48485970
vt 0.04458410 0.48604700
vt 0.04358380 0.49903690
vt 0.03497550 0.42034880
vt 0.04370570 0.41230960
vt 0.03490410 0.39935460
vt 0.04429480 0.39669390
vt 0.04371500 0.38191290
vt 0.03445630 0.36966920
vt 0.04379290 0.36740910
vt 0.03402780 0.51193590
vt 0.03646330 0.54009230
vt 0.04351520 0.52455550
vt 0.04363950 0.51152760
vt 0.04434300 0.53658830
vt 0.04256510 0.54855050
vt 0.04410650 0.55183730
vt 0.03698690 0.54759080
vt 0.03516060 0.36175330
vt 0.04447080 0.36054410
vt 0.03275860 0.44533990
vt 0.03218230 0.54706050
vt 0.03499220 0.35938940
vt 0.05015670 0.51324190
vt 0.05075860 0.39679980
vt 0.05004470 0.38600360
vt 0.05093070 0.49841790
vt 0.05111940 0.47988010
vt 0.05115940 0.43488930
vt 0.05106970 0.41945970
vt 0.05079030 0.52812640
vt 0.05102360 0.54825520
vt 0.05199710 0.40791550
vt 0.05137260 0.45797100
vt 0.05236790 0.55897220
vt 0.05236790 0.36229430
vt 0.02582910 0.42835270
vt 0.02721450 0.49323390
vt 0.02560840 0.47756180
vt 0.02570360 0.45738890
vt 0.02545690 0.41001820
vt 0.02544280 0.53138380
vt 0.02505170 0.51334220
vt 0.02614560 0.36892560
vt 0.02439150 0.36453120
vt 0.02516020 0.38152190
vt 0.02538330 0.39665490
vt 0.02573470 0.44225910
vt 0.02301880 0.55222180
vt 0.02489920 0.49939890
vt 0.02315640 0.36023130
vt 0.02000060 0.52981400
vt 0.02066140 0.46914140
vt 0.02016430 0.42083830
vt 0.01896560 0.54125430
vt 0.01944580 0.43420920
vt 0.01948330 0.48126700
vt 0.01958890 0.49589510
vt 0.01932810 0.45394430
vt 0.01936890 0.40094470
vt 0.01919380 0.38890050
vt 0.01907410 0.51297060
vt 0.01834660 0.41181580
vt 0.01881740 0.36237750
vt 0.01586830 0.54960480
vt 0.01294570 0.56012950
vt 0.01340130 0.47197330
vt 0.01417730 0.52557580
vt 0.01364920 0.41717060
vt 0.01269000 0.43861380
vt 0.01295200 0.45361020
vt 0.01297070 0.49668300
vt 0.01344390 0.42815710
vt 0.01323820 0.36419340
vt 0.01178900 0.50884720
vt 0.01161630 0.40246890
vt 0.00698330 0.39475810
vt 0.00966080 0.37664280
vt 0.00848400 0.38619620
vt 0.01040280 0.55056020
vt 0.00751250 0.52128120
vt 0.00591990 0.54089770
vt 0.00682010 0.45886750
vt 0.00704130 0.48650690
vt 0.00648210 0.42903890
vt 0.00599210 0.41210090
vt 0.45389350 0.09886030
vt 0.45516340 0.07973070
vt 0.43640970 0.08699020
vt 0.43563660 0.09925810
vt 0.43360250 0.07750060
vt 0.47039290 0.08871500
vt 0.46953370 0.09821820
vt 0.47018270 0.06272640
vt 0.45715940 0.06299340
vt 0.44068940 0.06303050
vt 0.42516930 0.06311100
vt 0.42007760 0.08837630
vt 0.42253920 0.09936990
vt 0.40690750 0.07756140
vt 0.40857770 0.06341580
vt 0.40692130 0.08778530
vt 0.40554490 0.09947120
vt 0.39295260 0.06355700
vt 0.38888030 0.07950690
vt 0.39018290 0.09968710
vt 0.37362930 0.07706540
vt 0.37323800 0.08886300
vt 0.37504720 0.09974380
vt 0.37896180 0.06309380
vt 0.35779990 0.06402520
vt 0.36100170 0.10083030
vt 0.35428780 0.08100310
vt 0.35820680 0.08991610
vt 0.34141100 0.10059060
vt 0.33743170 0.06500600
vt 0.33791880 0.08212580
vt 0.48104460 0.09942590
vt 0.48067020 0.07997200
vt 0.49985130 0.09227440
vt 0.48310640 0.06244220
vt 0.50034780 0.07806270
vt 0.50193230 0.09894740
vt 0.46788700 0.10359480
vt 0.50130300 0.06284550
vt 0.45322540 0.10790410
vt 0.43824030 0.10749980
vt 0.42976420 0.10861950
vt 0.41007190 0.10869560
vt 0.47375350 0.10792240
vt 0.39646890 0.10868620
vt 0.50071410 0.10500270
vt 0.50023140 0.10868620
vt 0.52140250 0.10791680
vt 0.81010930 0.04433540
vt 0.82286890 0.05386890
vt 0.83705150 0.04051450
vt 0.81079220 0.03271870
vt 0.83255340 0.02592220
vt 0.83687930 0.05190590
vt 0.81419840 0.05265550
vt 0.81752010 0.02692550
vt 0.83925320 0.03632470
vt 0.82924440 0.05644210
vt 0.83925320 0.04753800
vt 0.83678870 0.02811040
vt 0.82095760 0.05689170
vt 0.82778420 0.02173910
vt 0.81256180 0.02842650
vt 0.81705180 0.02429210
vt 0.59731910 0.95001860
vt 0.55523080 0.95032200
vt 0.55549680 0.94441360
vt 0.52513190 0.95001800
vt 0.53588970 0.94414920
vt 0.51428460 0.94916730
vt 0.59650220 0.94385760
vt 0.61559900 0.94420560
vt 0.63018070 0.94946900
vt 0.50490530 0.93961860
vt 0.49671120 0.94922910
vt 0.48692540 0.94066540
vt 0.57353680 0.94010410
vt 0.62711730 0.93952080
vt 0.64716390 0.94192680
vt 0.64598710 0.94894040
vt 0.48302510 0.94848250
vt 0.59900610 0.93897080
vt 0.54956020 0.93902160
vt 0.52581920 0.93894420
vt 0.48224040 0.93913250
vt 0.64316820 0.93833200
vt 0.48643230 0.95698150
vt 0.64764210 0.95604460
vt 0.57553540 0.95641940
vt 0.53801460 0.95654790
vt 0.49896090 0.95750220
vt 0.51928340 0.95724750
vt 0.62179330 0.95721810
vt 0.63698910 0.95816040
vt 0.61203940 0.95690450
vt 0.59355630 0.95751600
vt 0.55741430 0.95755540
vt 0.48288030 0.95843760
vt 0.64994560 0.96057370
vt 0.48426700 0.96317400
vt 0.56629820 0.96279380
vt 0.58951020 0.96282450
vt 0.52617170 0.96278490
vt 0.54596080 0.96311830
vt 0.50514290 0.96335360
vt 0.61676790 0.96437980
vt 0.62992750 0.96416130
vt 0.64634380 0.96497770
vt 0.65575130 0.96887860
vt 0.48924660 0.96892900
vt 0.48995130 0.93372050
vt 0.58293220 0.96757120
vt 0.60454290 0.96754950
vt 0.52581170 0.96989270
vt 0.55838580 0.96815100
vt 0.54053150 0.96800030
vt 0.50278280 0.97076510
vt 0.62396690 0.96927890
vt 0.63945060 0.96964790
vt 0.61310890 0.97112490
vt 0.48400650 0.97247420
vt 0.54374090 0.97251580
vt 0.65011260 0.97374810
vt 0.58227320 0.97223840
vt 0.59372010 0.97296840
vt 0.56503770 0.97385230
vt 0.60516810 0.97377620
vt 0.61799540 0.97519800
vt 0.48812690 0.97545720
vt 0.52327140 0.97580770
vt 0.50391160 0.97628690
vt 0.63966860 0.97570750
vt 0.65276110 0.97821490
vt 0.66165760 0.97777690
vt 0.58671790 0.97826090
vt 0.55884060 0.97821490
vt 0.65133490 0.93323240
vt 0.48292260 0.93299660
vt 0.55794410 0.93310030
vt 0.51155880 0.93312850
vt 0.53064080 0.93281840
vt 0.54298420 0.93266300
vt 0.56973210 0.93239330
vt 0.59317890 0.93269970
vt 0.61562050 0.93273060
vt 0.63382080 0.93221520
vt 0.64302700 0.93179920
vt 0.65413490 0.93204590
vt 0.60335170 0.93108230
vt 0.95002340 0.58330800
vt 0.94184380 0.58846840
vt 0.94684150 0.59751680
vt 0.94259690 0.57264870
vt 0.94999180 0.56827860
vt 0.94243940 0.60846020
vt 0.95006280 0.61256820
vt 0.94904000 0.62176110
vt 0.94174640 0.62512530
vt 0.94676360 0.63236700
vt 0.94199050 0.64250010
vt 0.95052140 0.64700340
vt 0.94192100 0.55204300
vt 0.95026340 0.54673040
vt 0.94280640 0.52895860
vt 0.95128040 0.53524240
vt 0.95010010 0.51683470
vt 0.94203380 0.51255630
vt 0.94939390 0.50373720
vt 0.94809040 0.66007940
vt 0.94252840 0.66417370
vt 0.94842570 0.67252260
vt 0.94646140 0.68408880
vt 0.93797040 0.68374920
vt 0.95519010 0.50651380
vt 0.95251150 0.59513590
vt 0.95193120 0.63219540
vt 0.95451870 0.55311980
vt 0.95550940 0.52112320
vt 0.93678920 0.66449000
vt 0.93562220 0.64350700
vt 0.93687130 0.61686610
vt 0.94216910 0.50301090
vt 0.93584640 0.60378640
vt 0.93665130 0.59237460
vt 0.93491180 0.62995420
vt 0.93911950 0.53479890
vt 0.93744420 0.55939850
vt 0.93697690 0.57255600
vt 0.93777830 0.52643590
vt 0.93746240 0.54351010
vt 0.93694810 0.50637490
vt 0.95305350 0.66521350
vt 0.95541390 0.57654330
vt 0.95569550 0.61229600
vt 0.95497800 0.68062250
vt 0.95985690 0.54127150
vt 0.93301980 0.66294530
vt 0.93328780 0.61358660
vt 0.93404860 0.68144600
vt 0.93396600 0.58223700
vt 0.95562060 0.64997200
vt 0.95727100 0.63618550
vt 0.95930810 0.58901010
vt 0.95963330 0.57082180
vt 0.95951260 0.62350780
vt 0.96143180 0.51711280
vt 0.96121890 0.50367680
vt 0.95946660 0.67878920
vt 0.95959750 0.60614160
vt 0.96127280 0.65416150
vt 0.96480330 0.62296820
vt 0.96352640 0.63809820
vt 0.96466150 0.56070430
vt 0.96542980 0.61008890
vt 0.96550140 0.59380130
vt 0.96630940 0.57325600
vt 0.96474810 0.67501670
vt 0.96664180 0.54579400
vt 0.96734520 0.52898320
vt 0.96857920 0.51255120
vt 0.96857920 0.65756810
vt 0.92774620 0.66437510
vt 0.92764380 0.68337710
vt 0.92835550 0.56621250
vt 0.92668490 0.64632680
vt 0.92673670 0.63039470
vt 0.92898790 0.54296390
vt 0.92796550 0.60102080
vt 0.93022160 0.50798110
vt 0.92752480 0.58270100
vt 0.92957160 0.50185010
vt 0.95652600 0.32809780
vt 0.95712790 0.34492120
vt 0.96408930 0.32874830
vt 0.96366360 0.30926430
vt 0.95741360 0.30893020
vt 0.96412610 0.35151290
vt 0.95691030 0.36542950
vt 0.96363250 0.37339440
vt 0.95654320 0.38722280
vt 0.95682040 0.39856330
vt 0.96375800 0.40002250
vt 0.96430160 0.28435410
vt 0.95705770 0.42409370
vt 0.95756480 0.27623870
vt 0.96426410 0.25899780
vt 0.95858400 0.24815330
vt 0.96357400 0.42418700
vt 0.96393910 0.24521240
vt 0.95643090 0.24333060
vt 0.95051130 0.24663260
vt 0.95138840 0.26587560
vt 0.95271500 0.42260680
vt 0.95187750 0.30226900
vt 0.95144120 0.32435830
vt 0.95193150 0.28464420
vt 0.95195620 0.40265380
vt 0.95293240 0.36544720
vt 0.95181960 0.34368300
vt 0.94915280 0.38672610
vt 0.94672210 0.35603120
vt 0.94641330 0.33985340
vt 0.94834290 0.40779020
vt 0.94594500 0.31953500
vt 0.94584980 0.27851920
vt 0.94576810 0.29690170
vt 0.94511580 0.26080190
vt 0.94476560 0.41845460
vt 0.94729510 0.42506940
vt 0.94513140 0.37833150
vt 0.94400190 0.24375870
vt 0.94125680 0.39750420
vt 0.96873470 0.40541020
vt 0.97048720 0.32287040
vt 0.97020150 0.30664150
vt 0.96936490 0.34441240
vt 0.97055050 0.37418890
vt 0.96991400 0.39126760
vt 0.97022490 0.28652330
vt 0.97029690 0.26811330
vt 0.97047690 0.24775750
vt 0.97297670 0.41937170
vt 0.96758690 0.42446550
vt 0.96968890 0.24312690
vt 0.97477630 0.40117860
vt 0.97435270 0.42387410
vt 0.97524750 0.34550910
vt 0.97966630 0.37086590
vt 0.97975180 0.38675090
vt 0.98025550 0.30680040
vt 0.97995330 0.32325880
vt 0.98033400 0.28361900
vt 0.98041890 0.24877740
vt 0.98035040 0.34151950
vt 0.98041890 0.40478700
vt 0.97840990 0.42369780
vt 0.97859280 0.24283070
vt 0.08612400 0.91995750
vt 0.10292370 0.92282380
vt 0.09351510 0.92878540
vt 0.07163760 0.92901220
vt 0.07593610 0.91926350
vt 0.05921900 0.92236010
vt 0.05023340 0.92879070
vt 0.11932550 0.92781650
vt 0.11786110 0.91866300
vt 0.13933790 0.91977760
vt 0.14256420 0.92767270
vt 0.15540080 0.92713370
vt 0.04784230 0.92110720
vt 0.03789940 0.92083880
vt 0.02684570 0.92877190
vt 0.02302890 0.92426760
vt 0.00495310 0.92418860
vt 0.15461330 0.91702190
vt 0.17299650 0.91961930
vt 0.17229120 0.92848900
vt 0.18775020 0.92977120
vt 0.02975630 0.91833110
vt 0.19259350 0.92234050
vt 0.20217980 0.92557040
vt 0.00189370 0.92920780
vt 0.06798770 0.91851370
vt 0.10422220 0.91647190
vt 0.05750300 0.91534260
vt 0.13086080 0.91732180
vt 0.00159360 0.92006580
vt 0.01452260 0.91573890
vt 0.19647200 0.91380640
vt 0.14412610 0.91269790
vt 0.16427250 0.91193820
vt 0.08974000 0.91286370
vt 0.12058990 0.91334050
vt 0.00045540 0.91166620
vt 0.04547950 0.90927630
vt 0.09487370 0.90720390
vt 0.07211010 0.90739390
vt 0.13457540 0.90607670
vt 0.11641250 0.90646370
vt 0.03444060 0.90823530
vt 0.18327230 0.90684600
vt 0.16355800 0.90634550
vt 0.14903710 0.90535070
vt 0.05686880 0.90788880
vt 0.19366840 0.90858430
vt 0.02374320 0.90785520
vt 0.20484650 0.92190730
vt 0.19812350 0.91122870
vt 0.20616100 0.92726070
vt 0.19307420 0.93570770
vt 0.18597010 0.90148010
vt 0.20628420 0.93381170
vt 0.17515290 0.93504820
vt 0.15975600 0.93425140
vt 0.14491260 0.93309750
vt 0.12370650 0.93218720
vt 0.01338680 0.93511070
vt 0.06342890 0.93570770
vt 0.05007240 0.93480410
vt 0.03305480 0.93505380
vt 0.10641240 0.93490900
vt 0.09445890 0.93403980
vt 0.07989940 0.93531470
vt 0.94475850 0.10647900
vt 0.94491710 0.08216540
vt 0.94294850 0.09078630
vt 0.93741960 0.09791000
vt 0.93515060 0.11286860
vt 0.93723610 0.08249840
vt 0.94266370 0.12208950
vt 0.94072350 0.13144990
vt 0.93513490 0.13083680
vt 0.94074880 0.14391240
vt 0.93245620 0.14312260
vt 0.93722250 0.15969280
vt 0.93181990 0.16161610
vt 0.93806460 0.17361430
vt 0.93148770 0.17572930
vt 0.93853000 0.06346470
vt 0.94763370 0.07231690
vt 0.93386890 0.18640150
vt 0.92585590 0.18598620
vt 0.94300370 0.06506600
vt 0.94738380 0.05191770
vt 0.93957350 0.04048850
vt 0.94804230 0.03587790
vt 0.94154830 0.02772820
vt 0.94172870 0.00552640
vt 0.94760760 0.00725670
vt 0.94127660 0.18381210
vt 0.95402630 0.01717690
vt 0.95456050 0.00741280
vt 0.95268710 0.03711810
vt 0.94339970 0.15049070
vt 0.94297870 0.16961570
vt 0.94911240 0.00417760
vt 0.95088840 0.08519880
vt 0.94735750 0.12938000
vt 0.95030460 0.10957600
vt 0.95455600 0.06759300
vt 0.96129330 0.17925130
vt 0.92538060 0.17321570
vt 0.93053750 0.09400280
vt 0.92758370 0.12997840
vt 0.92903760 0.11851290
vt 0.92613180 0.15686700
vt 0.92624950 0.14384750
vt 0.93443050 0.03196790
vt 0.93576290 0.00752760
vt 0.93163130 0.07708570
vt 0.93269410 0.05593430
vt 0.92720940 0.11017850
vt 0.92190930 0.16499070
vt 0.91906140 0.18521230
vt 0.93210060 0.02715710
vt 0.92670050 0.08642360
vt 0.92531850 0.03755400
vt 0.92456670 0.06230800
vt 0.91776910 0.14627370
vt 0.93248090 0.00343770
vt 0.91915440 0.13162390
vt 0.91955610 0.11585280
vt 0.92715890 0.00799530
vt 0.92155350 0.10186680
vt 0.91667840 0.15998850
vt 0.91484520 0.18481620
vt 0.96129330 0.00323770
vt 0.03946260 0.96585540
vt 0.04054600 0.94738010
vt 0.01175270 0.95326700
vt 0.03165510 0.97239040
vt 0.02830790 0.94213520
vt 0.01324730 0.96597340
vt 0.01510560 0.94278260
vt 0.01652000 0.97270560
vt 0.00914910 0.96190350
vt 0.03105880 0.93848290
vt 0.04417120 0.95331560
vt 0.01054060 0.94765010
vt 0.03517400 0.97376670
vt 0.02538030 0.97548570
vt 0.01953980 0.93870040
vt 0.01158810 0.96897850
vt 0.04402300 0.96319380
vt 0.03754870 0.93982740
vt 0.03974310 0.97186300
vt 0.00683060 0.95419020
vt 0.04402300 0.94474340
vt 0.67628150 0.85400940
vt 0.65587560 0.85561220
vt 0.67471810 0.82821460
vt 0.65838830 0.82657550
vt 0.67992020 0.84288070
vt 0.64890710 0.83559810
vt 0.64945410 0.84817400
vt 0.67111770 0.85892690
vt 0.66174290 0.85892690
vt 0.68045470 0.83236780
vt 0.67198310 0.82379790
vt 0.65958180 0.82377430
vt 0.68061800 0.85127470
vt 0.65235940 0.82652850
vt 0.68260470 0.84214790
vt 0.93907110 0.80573990
vt 0.94324590 0.81537160
vt 0.93970660 0.78247590
vt 0.93848690 0.84854130
vt 0.94370090 0.84384520
vt 0.94359560 0.86639820
vt 0.94579940 0.79994840
vt 0.94840230 0.77150710
vt 0.93991610 0.76839640
vt 0.94847950 0.75073580
vt 0.93961030 0.73290140
vt 0.94866720 0.73637620
vt 0.94860710 0.71744840
vt 0.93845120 0.71505580
vt 0.93794650 0.87429170
vt 0.93856950 0.89082470
vt 0.94529620 0.89128800
vt 0.94931830 0.84801120
vt 0.94974510 0.82602920
vt 0.94983300 0.80626060
vt 0.94982670 0.78453790
vt 0.94996530 0.87065390
vt 0.94831410 0.71067990
vt 0.95529000 0.71348990
vt 0.95478680 0.74125150
vt 0.95315890 0.89137550
vt 0.95511000 0.76115390
vt 0.95548670 0.78512490
vt 0.95623740 0.80458050
vt 0.95538780 0.84942960
vt 0.95546620 0.82308670
vt 0.95602010 0.87242560
vt 0.96033870 0.72994610
vt 0.96052550 0.71195940
vt 0.96129330 0.89315450
vt 0.96129330 0.74783340
vt 0.93157850 0.75832230
vt 0.93148310 0.73758740
vt 0.93088550 0.85983920
vt 0.93189330 0.79422410
vt 0.93196860 0.81389370
vt 0.93154930 0.82872630
vt 0.93057540 0.72100090
vt 0.93238130 0.88458610
vt 0.93011130 0.87721460
vt 0.93101690 0.84074910
vt 0.93160440 0.71076500
vt 0.93079350 0.77334450
vt 0.93772950 0.70942780
vt 0.92928370 0.89154000
vt 0.92671200 0.71294350
vt 0.92527060 0.80922280
vt 0.92554160 0.78747350
vt 0.92268300 0.89221050
vt 0.92526420 0.75225160
vt 0.92543180 0.73690430
vt 0.92552600 0.85184480
vt 0.92498190 0.83164870
vt 0.92480090 0.77219520
vt 0.92412510 0.86936780
vt 0.92486480 0.70906570
vt 0.92248900 0.84455720
vt 0.92082850 0.79244670
vt 0.91818780 0.72771440
vt 0.91922800 0.71249170
vt 0.91978130 0.85768480
vt 0.91861430 0.88326520
vt 0.91930690 0.80740890
vt 0.91771400 0.74696860
vt 0.91876550 0.82387900
vt 0.91872380 0.78170950
vt 0.91801790 0.76479560
vt 0.91836360 0.83780410
vt 0.91567050 0.81388380
vt 0.91841930 0.86794420
vt 0.91557780 0.87504490
vt 0.91652210 0.84877750
vt 0.91484520 0.79342650
vt 0.91486670 0.89118710
vt 0.58849730 0.81285710
vt 0.60611710 0.82422100
vt 0.57731360 0.83131620
vt 0.59460410 0.83868560
vt 0.60502850 0.83450920
vt 0.60309530 0.81427480
vt 0.57882680 0.81331620
vt 0.58426160 0.83950050
vt 0.60946940 0.82615590
vt 0.57508310 0.81707220
vt 0.57432560 0.82832220
vt 0.59346530 0.80989830
vt 0.60064100 0.83950050
vt 0.58367630 0.81003900
vt 0.57422580 0.83310840
vt 0.57707040 0.83804590
vt 0.60576950 0.81323000
vt 0.60979410 0.81873270
vt 0.61065570 0.83153600
vt 0.20694360 0.20798650
vt 0.22181260 0.21410760
vt 0.19920700 0.21465220
vt 0.17732600 0.20828390
vt 0.18428920 0.21488750
vt 0.23392680 0.20797280
vt 0.24879160 0.21411510
vt 0.25170160 0.20770750
vt 0.26096640 0.21297430
vt 0.16645070 0.21452620
vt 0.14365630 0.20835030
vt 0.15881490 0.20757580
vt 0.14062400 0.21439420
vt 0.12324410 0.20762620
vt 0.26908370 0.20648680
vt 0.27363240 0.21344330
vt 0.29191200 0.20615900
vt 0.28733930 0.21270340
vt 0.12111060 0.21371920
vt 0.13783050 0.20136110
vt 0.12201460 0.20194110
vt 0.22000190 0.20383280
vt 0.18956990 0.20337160
vt 0.17246800 0.20310090
vt 0.23660540 0.20267190
vt 0.20561590 0.20152810
vt 0.25565270 0.20163940
vt 0.18466310 0.19966260
vt 0.15581770 0.20049120
vt 0.27158050 0.20031070
vt 0.29216330 0.20285360
vt 0.22638990 0.19871380
vt 0.24612100 0.19742500
vt 0.12530260 0.19472710
vt 0.13498210 0.19479390
vt 0.20233350 0.19741480
vt 0.26719260 0.19521180
vt 0.28606870 0.19628150
vt 0.30009110 0.19483690
vt 0.15479990 0.19507380
vt 0.11976320 0.20667260
vt 0.29544960 0.20440810
vt 0.26674320 0.22178890
vt 0.28457180 0.22182500
vt 0.17655360 0.22186610
vt 0.23051370 0.22187010
vt 0.13665390 0.22268030
vt 0.16760170 0.22340430
vt 0.12113190 0.22340430
vt 0.51913630 0.68919970
vt 0.49510150 0.69930420
vt 0.49388200 0.68154440
vt 0.50694380 0.67393830
vt 0.50469770 0.70166510
vt 0.49820490 0.67409440
vt 0.51801080 0.67866330
vt 0.51331030 0.70166510
vt 0.48835960 0.68129540
vt 0.48679420 0.69358410
vt 0.52108690 0.69647100
vt 0.52231330 0.68460520
vt 0.48943080 0.69720570
vt 0.49234510 0.67488070
vt 0.51553140 0.67298800
vt 0.33615850 0.88390410
vt 0.36702600 0.88156820
vt 0.36111720 0.89029130
vt 0.38469250 0.88728080
vt 0.33612790 0.87771160
vt 0.37451150 0.87937990
vt 0.42051390 0.88269880
vt 0.42039640 0.89039180
vt 0.32090270 0.88388710
vt 0.32108550 0.87625890
vt 0.42927010 0.88630380
vt 0.29523330 0.87831200
vt 0.33958660 0.89270530
vt 0.31755850 0.88989040
vt 0.41269390 0.89595420
vt 0.36624540 0.89286670
vt 0.28833030 0.88694940
vt 0.28659280 0.87820050
vt 0.42562100 0.89400940
vt 0.27801930 0.87920960
vt 0.29067080 0.87147870
vt 0.29261960 0.89489600
vt 0.27936810 0.87423490
vt 0.27513480 0.89249820
vt 0.28355690 0.89394900
vt 0.42276750 0.87721680
vt 0.33953270 0.87187850
vt 0.37934880 0.87540210
vt 0.31512130 0.86909530
vt 0.43491010 0.88121180
vt 0.43907090 0.89626030
vt 0.29244190 0.86168580
vt 0.44353100 0.88676860
vt 0.44933400 0.89821030
vt 0.44960310 0.88739070
vt 0.44226150 0.90343430
vt 0.42938040 0.90686770
vt 0.44475970 0.87597360
vt 0.45088840 0.87575660
vt 0.44617160 0.86968430
vt 0.38954630 0.87125780
vt 0.27807910 0.86161670
vt 0.43385030 0.87304190
vt 0.37044320 0.86933280
vt 0.26935520 0.87627940
vt 0.26750560 0.88529910
vt 0.45258300 0.90795560
vt 0.36813770 0.89794920
vt 0.32032810 0.89595930
vt 0.26818280 0.87147590
vt 0.26576750 0.88273510
vt 0.42285890 0.90333800
vt 0.34373530 0.86214570
vt 0.32467660 0.86030400
vt 0.30004190 0.85818160
vt 0.43819840 0.86816230
vt 0.45491800 0.87720850
vt 0.45332380 0.89580740
vt 0.41873610 0.86714550
vt 0.45428940 0.86997530
vt 0.28759550 0.85364710
vt 0.36150750 0.86186820
vt 0.29395780 0.90204010
vt 0.33160920 0.90049730
vt 0.28260790 0.90533830
vt 0.29363550 0.90694710
vt 0.27429030 0.90535770
vt 0.38307060 0.90472850
vt 0.26841540 0.89452680
vt 0.26605170 0.89796930
vt 0.26849920 0.90362530
vt 0.27059500 0.86036110
vt 0.26838030 0.86126150
vt 0.27085490 0.85102620
vt 0.26841060 0.85075560
vt 0.27581080 0.85355600
vt 0.29730580 0.84937170
vt 0.31304750 0.85272510
vt 0.33731740 0.85148020
vt 0.35910550 0.85399290
vt 0.40577830 0.86046610
vt 0.28658880 0.84831510
vt 0.26548270 0.90795560
vt 0.27637850 0.84597590
vt 0.80485300 0.86004540
vt 0.84334210 0.86505980
vt 0.79680370 0.86981040
vt 0.84223940 0.85839210
vt 0.77563060 0.86496260
vt 0.85926820 0.85842370
vt 0.86046060 0.86396220
vt 0.76162640 0.87226690
vt 0.75831290 0.86747500
vt 0.76384400 0.85965930
vt 0.88093050 0.85772530
vt 0.88383010 0.86729260
vt 0.89216600 0.85796810
vt 0.89435650 0.86953080
vt 0.75565550 0.86043160
vt 0.89807330 0.85831820
vt 0.77997740 0.85483970
vt 0.88465270 0.85008160
vt 0.84132520 0.87103240
vt 0.86210010 0.87038450
vt 0.75155140 0.87384250
vt 0.90485160 0.86195140
vt 0.74739850 0.86721120
vt 0.74228260 0.87831190
vt 0.73707000 0.87350260
vt 0.88424160 0.87482290
vt 0.90473880 0.87472000
vt 0.79295740 0.87685810
vt 0.76261180 0.87629070
vt 0.86240850 0.85019910
vt 0.83767770 0.85235870
vt 0.89260330 0.84838370
vt 0.90151390 0.85034930
vt 0.75817380 0.85288860
vt 0.90515860 0.85641000
vt 0.75134480 0.85656090
vt 0.73392950 0.88296880
vt 0.72835770 0.87901010
vt 0.72764360 0.87452230
vt 0.89399510 0.87995580
vt 0.86188840 0.87493280
vt 0.88096270 0.88022270
vt 0.73942360 0.86651830
vt 0.84171520 0.88007680
vt 0.71974330 0.88328710
vt 0.90457590 0.88228740
vt 0.86269840 0.88408660
vt 0.75960190 0.88338690
vt 0.79130490 0.88330360
vt 0.72914310 0.85841370
vt 0.88759920 0.88856740
vt 0.90395150 0.88800820
vt 0.74542450 0.88945420
vt 0.72231740 0.87596960
vt 0.71546000 0.87952240
vt 0.71357010 0.88361780
vt 0.73348310 0.85667320
vt 0.73021760 0.85129210
vt 0.73915240 0.84762180
vt 0.74907420 0.84927190
vt 0.87843240 0.84255000
vt 0.83526270 0.84833030
vt 0.85785840 0.84531740
vt 0.77361840 0.84865920
vt 0.89669850 0.83992040
vt 0.88991830 0.83680870
vt 0.90577340 0.84341600
vt 0.83434340 0.84215920
vt 0.91105790 0.85291340
vt 0.72599440 0.86016660
vt 0.72317250 0.86715200
vt 0.76109110 0.84340150
vt 0.72968230 0.84634280
vt 0.72595670 0.84797790
vt 0.87548140 0.83790830
vt 0.85479530 0.83750450
vt 0.91231680 0.84216460
vt 0.91315360 0.85448800
vt 0.91249290 0.86122320
vt 0.90920640 0.86644810
vt 0.91114800 0.87467080
vt 0.91329890 0.87530000
vt 0.91068590 0.88174730
vt 0.91303070 0.88483790
vt 0.74401740 0.84331070
vt 0.73260840 0.84211630
vt 0.90592400 0.83448410
vt 0.89723560 0.83148250
vt 0.83824500 0.83575720
vt 0.91166950 0.83250950
vt 0.91393440 0.83117490
vt 0.91132950 0.88945420
vt 0.93867300 0.28104140
vt 0.93373910 0.27412990
vt 0.93313560 0.30896220
vt 0.93916110 0.31334610
vt 0.93889890 0.33214190
vt 0.93331650 0.33855280
vt 0.93974860 0.35559740
vt 0.93220780 0.36557760
vt 0.93928260 0.37195830
vt 0.93923560 0.25802710
vt 0.93542280 0.24795710
vt 0.93000480 0.37506940
vt 0.94125680 0.22651310
vt 0.93579900 0.22483690
vt 0.94069190 0.20864060
vt 0.93311320 0.20940460
vt 0.94060810 0.19584240
vt 0.93054860 0.19747640
vt 0.92947520 0.28554210
vt 0.92930640 0.26233070
vt 0.92964180 0.24184610
vt 0.92943500 0.32565580
vt 0.92998700 0.21977780
vt 0.92962470 0.34208060
vt 0.92908420 0.30852910
vt 0.92942490 0.35787240
vt 0.94125680 0.37634280
vt 0.94045270 0.27168870
vt 0.92363360 0.36210480
vt 0.92349850 0.27575180
vt 0.92369230 0.25558950
vt 0.92352280 0.29976170
vt 0.92288700 0.31602880
vt 0.92435470 0.23400710
vt 0.92302450 0.33705250
vt 0.92385580 0.21162710
vt 0.92243020 0.19495480
vt 0.92435130 0.37665050
vt 0.91786720 0.37639000
vt 0.93168890 0.19380200
vt 0.91747080 0.28200640
vt 0.91936250 0.24340060
vt 0.91701560 0.35685880
vt 0.91839640 0.26677790
vt 0.91631160 0.25301610
vt 0.91628140 0.33795090
vt 0.91622700 0.32345570
vt 0.91589370 0.30195990
vt 0.91831290 0.22424950
vt 0.91718300 0.20615710
vt 0.91079430 0.37505760
vt 0.91442840 0.23271980
vt 0.91342500 0.19751740
vt 0.90928100 0.35376490
vt 0.91019490 0.33103250
vt 0.91233350 0.21338870
vt 0.91206160 0.27471830
vt 0.91083000 0.30132740
vt 0.91060690 0.24882350
vt 0.90649150 0.37119960
vt 0.90745440 0.23551570
vt 0.90577900 0.29745820
vt 0.90432420 0.31663890
vt 0.90603760 0.26864540
vt 0.90348090 0.33023090
vt 0.90072210 0.37466560
vt 0.90973920 0.22085400
vt 0.90344980 0.37789080
vt 0.90208430 0.35282620
vt 0.90531680 0.25138750
vt 0.90250210 0.20453520
vt 0.90247170 0.21576680
vt 0.90157500 0.22505040
vt 0.90319300 0.28678970
vt 0.90101410 0.25592920
vt 0.90006890 0.24342840
vt 0.89884200 0.26613290
vt 0.89718710 0.30181170
vt 0.89827840 0.28991010
vt 0.89720000 0.31697330
vt 0.89664900 0.32947100
vt 0.89576720 0.34878130
vt 0.89610400 0.37765650
vt 0.89480880 0.37058260
vt 0.12205830 0.08676050
vt 0.12067040 0.07790180
vt 0.14397920 0.07834080
vt 0.14177190 0.08669880
vt 0.15779030 0.08642150
vt 0.16291730 0.07733990
vt 0.18064650 0.08679220
vt 0.18174410 0.07666290
vt 0.19672380 0.08577820
vt 0.09968630 0.07758700
vt 0.09754650 0.08689320
vt 0.08625080 0.08541140
vt 0.08047610 0.07765160
vt 0.06322620 0.08416090
vt 0.20333620 0.07679570
vt 0.06198840 0.08792920
vt 0.06177060 0.07706820
vt 0.04536230 0.07749860
vt 0.03846730 0.08714490
vt 0.03142440 0.07811600
vt 0.01945200 0.08817240
vt 0.01580630 0.07883190
vt 0.00130140 0.08915030
vt 0.00045540 0.07821670
vt 0.20388290 0.08538470
vt 0.19509240 0.07293060
vt 0.13347830 0.07214740
vt 0.11688980 0.07162070
vt 0.14858030 0.07232030
vt 0.08395740 0.07207500
vt 0.06414010 0.07100530
vt 0.03677320 0.07179390
vt 0.01868520 0.07293130
vt 0.04822320 0.07140550
vt 0.09700210 0.07069720
vt 0.16971240 0.07103990
vt 0.18032250 0.07154650
vt 0.20514280 0.07228800
vt 0.00280970 0.06685720
vt 0.20401420 0.09654110
vt 0.19365400 0.09604930
vt 0.15723770 0.09613580
vt 0.14395280 0.09534510
vt 0.17413890 0.09608800
vt 0.12759520 0.09566710
vt 0.10120930 0.09522660
vt 0.08071670 0.09415740
vt 0.00151980 0.09763420
vt 0.11307190 0.09652290
vt 0.03251810 0.09649510
vt 0.01459500 0.09769400
vt 0.04792100 0.09625550
vt 0.06278140 0.09684920
vt 0.08395170 0.09774690
vt 0.00162950 0.10129510
vt 0.20537340 0.10129510
vt 0.20250040 0.06647150
vt 0.09265260 0.06447750
vt 0.11491810 0.06483690
vt 0.07801370 0.06556760
vt 0.14188000 0.06492190
vt 0.15547400 0.06928680
vt 0.18315090 0.06661650
vt 0.01891290 0.06308050
vt 0.03319200 0.06251920
vt 0.13060340 0.06388150
vt 0.05120180 0.06510980
vt 0.06876500 0.06196140
vt 0.15735980 0.06023180
vt 0.17447460 0.05985030
vt 0.08450560 0.05804730
vt 0.05056150 0.05770110
vt 0.18295880 0.05879840
vt 0.14074270 0.05900360
vt 0.11149640 0.05805760
vt 0.00433830 0.06212970
vt 0.19237490 0.05815320
vt 0.03155700 0.05931390
vt 0.20489420 0.05566720
vt 0.02218450 0.05475840
vt 0.01292860 0.05226640
vt 0.90415480 0.77719020
vt 0.90052130 0.76152150
vt 0.91214820 0.77068170
vt 0.90693130 0.75581650
vt 0.89120320 0.75141480
vt 0.89977140 0.74688020
vt 0.90857850 0.79817170
vt 0.89990770 0.79837800
vt 0.90287780 0.80724130
vt 0.89435210 0.81593540
vt 0.88938040 0.81037780
vt 0.88593440 0.82093890
vt 0.87863360 0.81506970
vt 0.87064900 0.82346620
vt 0.85375620 0.81209440
vt 0.87331740 0.74293030
vt 0.88632820 0.73930240
vt 0.84909990 0.73792920
vt 0.86277510 0.73404250
vt 0.84241590 0.81536790
vt 0.83979460 0.80535610
vt 0.83177600 0.80506440
vt 0.83528030 0.79967140
vt 0.82573140 0.79106930
vt 0.84496280 0.81796490
vt 0.83132960 0.79112740
vt 0.83422910 0.77520810
vt 0.82411130 0.78291910
vt 0.86787110 0.74586230
vt 0.84740200 0.74641260
vt 0.83529410 0.74775870
vt 0.83646180 0.75453340
vt 0.82825350 0.75992470
vt 0.87821190 0.75004800
vt 0.88733890 0.75412420
vt 0.89505720 0.76072410
vt 0.84542080 0.75491670
vt 0.83848310 0.76382390
vt 0.85357710 0.74970290
vt 0.88769350 0.80580880
vt 0.83502570 0.78780010
vt 0.89759230 0.76969560
vt 0.90112580 0.78068700
vt 0.91302370 0.78775340
vt 0.85944310 0.82377430
vt 0.87759640 0.80895190
vt 0.86594220 0.81079560
vt 0.89265070 0.79914410
vt 0.89708890 0.79231260
vt 0.84083530 0.79773950
vt 0.84693550 0.80475770
vt 0.85975960 0.80913150
vt 0.87580050 0.73476210
vt 0.82285980 0.77659240
vt 0.82406320 0.76795290
vt 0.89389090 0.74164330
vt 0.82354070 0.78819440
vt 0.87881550 0.82377430
vt 0.82446650 0.79233710
vt 0.89692830 0.81452080
vt 0.90371430 0.80806260
vt 0.90938480 0.80016510
vt 0.83708080 0.81235910
vt 0.07995880 0.42671200
vt 0.08783840 0.41356680
vt 0.09942290 0.43279370
vt 0.10135630 0.41904680
vt 0.08311490 0.44237170
vt 0.09555060 0.44357070
vt 0.07389120 0.43758860
vt 0.07331510 0.42564800
vt 0.07759620 0.41508150
vt 0.09741420 0.41187040
vt 0.08517620 0.41026830
vt 0.10245900 0.43219260
vt 0.07875800 0.44357070
vt 0.48131100 0.74492500
vt 0.47341190 0.74802660
vt 0.48736610 0.75006600
vt 0.49178410 0.74282780
vt 0.47215610 0.74035070
vt 0.47283410 0.76442090
vt 0.49256540 0.76468320
vt 0.49587070 0.74884360
vt 0.48865430 0.76923330
vt 0.47367280 0.77114390
vt 0.49643480 0.76827730
vt 0.46949980 0.77100530
vt 0.47714090 0.73640320
vt 0.46857920 0.76389390
vt 0.46872110 0.74572440
vt 0.49772310 0.74108410
vt 0.49772310 0.75603220
vt 0.48934760 0.77289550
vt 0.48672820 0.73556360
vt 0.48267850 0.73389700
vt 0.46942800 0.73451350
vt 0.47419710 0.73303910
vt 0.48080180 0.73190710
vt 0.48702390 0.72849210
vt 0.49077680 0.73355320
vt 0.48847120 0.73001000
vt 0.49390620 0.73555170
vt 0.49185730 0.72987410
vt 0.49444790 0.73226000
vt 0.25645880 0.07644480
vt 0.26791310 0.07705160
vt 0.24183820 0.07824210
vt 0.26846760 0.11501190
vt 0.24056980 0.10257430
vt 0.24314000 0.11664390
vt 0.22046520 0.11695110
vt 0.21745120 0.09713220
vt 0.21905110 0.07925590
vt 0.29120680 0.11447190
vt 0.28959550 0.07621570
vt 0.30682130 0.11287190
vt 0.30110130 0.07559000
vt 0.31786060 0.07503490
vt 0.32002700 0.11251570
vt 0.33413310 0.11200480
vt 0.32858430 0.07354300
vt 0.31933850 0.11693000
vt 0.21950380 0.12096010
vt 0.20240780 0.11787730
vt 0.20197370 0.12417590
vt 0.17521250 0.12152760
vt 0.33841840 0.11723010
vt 0.35444860 0.11185150
vt 0.29198720 0.12306730
vt 0.17400440 0.12799870
vt 0.36425840 0.11909830
vt 0.37290060 0.11344120
vt 0.31776500 0.12226690
vt 0.16171100 0.12419700
vt 0.39142330 0.12161330
vt 0.38572310 0.11430010
vt 0.39949570 0.11870460
vt 0.33981560 0.12239750
vt 0.36362630 0.12323030
vt 0.14526410 0.13459760
vt 0.17887580 0.13184520
vt 0.41929800 0.12763310
vt 0.42160980 0.12264750
vt 0.39101940 0.12688860
vt 0.44307830 0.13459750
vt 0.41954900 0.13317880
vt 0.54090050 0.83790070
vt 0.53806440 0.82918330
vt 0.54294700 0.83842470
vt 0.54922660 0.84477870
vt 0.05685950 0.82403770
vt 0.04934860 0.81355480
vt 0.07185600 0.81476220
vt 0.07290220 0.82545250
vt 0.03431440 0.82263880
vt 0.01748730 0.81212260
vt 0.01346420 0.82149390
vt 0.00360340 0.81194690
vt 0.00311660 0.83132380
vt 0.01716740 0.83198030
vt 0.04013200 0.83298030
vt 0.05789090 0.83367420
vt 0.10630280 0.82623400
vt 0.09449330 0.81610350
vt 0.16546930 0.81784190
vt 0.15563500 0.82706500
vt 0.16657130 0.82486810
vt 0.17423030 0.83417960
vt 0.07309570 0.83415120
vt 0.10269130 0.83251580
vt 0.15639460 0.83720560
vt 0.00227690 0.82340510
vt 0.09034990 0.83790260
vt 0.06716640 0.84141680
vt 0.00233690 0.83918910
vt 0.02554070 0.84305780
vt 0.18665720 0.83753900
vt 0.04663040 0.84289190
vt 0.00325170 0.85060130
vt 0.15667970 0.84258320
vt 0.24596110 0.84470460
vt 0.23474500 0.83977400
vt 0.29031180 0.84028190
vt 0.19998490 0.83749210
vt 0.20276440 0.82910570
vt 0.27307910 0.83103130
vt 0.33548480 0.83210130
vt 0.34702730 0.83973490
vt 0.37794910 0.83352940
vt 0.37645370 0.84146980
vt 0.44414890 0.83510670
vt 0.43451810 0.84388910
vt 0.50887320 0.84482650
vt 0.50856130 0.83696220
vt 0.19562410 0.83511780
vt 0.33646290 0.84538990
vt 0.37334900 0.84624970
vt 0.54939630 0.85060130
vt 0.55965390 0.84692760
vt 0.00385140 0.79879740
vt 0.07520940 0.80659880
vt 0.10298160 0.80781650
vt 0.13498650 0.81637750
vt 0.05329250 0.80444910
vt 0.03037140 0.80231640
vt 0.14715150 0.80620010
vt 0.16775230 0.81089560
vt 0.17096130 0.80699660
vt 0.08196480 0.80309520
vt 0.33533640 0.17112520
vt 0.33626330 0.17036210
vt 0.34115480 0.17953180
vt 0.33594350 0.16569780
vt 0.37767010 0.15990900
vt 0.41916830 0.16791280
vt 0.37953310 0.16823520
vt 0.42794080 0.15869230
vt 0.50323900 0.16092590
vt 0.50690780 0.16823650
vt 0.56652210 0.16890840
vt 0.56128820 0.15901370
vt 0.59906840 0.16167620
vt 0.62496360 0.16924730
vt 0.71354350 0.16261200
vt 0.72907810 0.16986200
vt 0.76345490 0.16174860
vt 0.80836900 0.16984990
vt 0.82958360 0.16266210
vt 0.83268560 0.16965770
vt 0.61983130 0.15825690
vt 0.83287790 0.15864040
vt 0.71071500 0.15816950
vt 0.37607010 0.15661320
vt 0.50576730 0.15504140
vt 0.80075320 0.15494940
vt 0.61931320 0.15410860
vt 0.56041940 0.15118370
vt 0.43470170 0.15019040
vt 0.37164750 0.15172630
vt 0.83252500 0.15097380
vt 0.59727030 0.14762960
vt 0.51947720 0.14784590
vt 0.72707870 0.14815570
vt 0.36654760 0.14928860
vt 0.55648950 0.14488820
vt 0.37810510 0.14313940
vt 0.83260200 0.14686600
vt 0.65925700 0.14688500
vt 0.34067170 0.14289460
vt 0.35367600 0.14944590
vt 0.32331870 0.14900900
vt 0.30399170 0.15559300
vt 0.33995850 0.15835830
vt 0.25647210 0.15854810
vt 0.20950590 0.15535500
vt 0.16516010 0.15811960
vt 0.15035210 0.15362520
vt 0.09793490 0.15631840
vt 0.09144460 0.14713870
vt 0.21504660 0.14994700
vt 0.28430180 0.14932980
vt 0.07283950 0.14631230
vt 0.07212490 0.15700300
vt 0.16270770 0.14781390
vt 0.05651860 0.15257930
vt 0.05080290 0.15721470
vt 0.05366500 0.14583840
vt 0.03255020 0.14821250
vt 0.01650440 0.15660490
vt 0.00267550 0.14674960
vt 0.00214490 0.15246670
vt 0.02434530 0.14135510
vt 0.10549900 0.16682180
vt 0.28722680 0.16816390
vt 0.33090940 0.16712570
vt 0.18074390 0.16599570
vt 0.19361470 0.16752220
vt 0.08059650 0.16598860
vt 0.06386980 0.16607130
vt 0.04715750 0.16687050
vt 0.00155720 0.16662510
vt 0.02000950 0.16668220
vt 0.24880090 0.14343980
vt 0.00305410 0.13377920
vt 0.00099090 0.14944450
vt 0.49103260 0.17297550
vt 0.37992980 0.17135490
vt 0.57774900 0.17381230
vt 0.66466990 0.17485710
vt 0.76196150 0.17542820
vt 0.83231940 0.17518590
vt 0.15816600 0.14256410
vt 0.09101400 0.13783960
vt 0.06753590 0.13970830
vt 0.04709860 0.13706990
vt 0.02655130 0.13185260
vt 0.63811110 0.18067560
vt 0.56031470 0.17972250
vt 0.27298670 0.17774400
vt 0.17090560 0.17736240
vt 0.32176370 0.17890200
vt 0.09423910 0.17615030
vt 0.06989970 0.17591290
vt 0.76086720 0.18141440
vt 0.49158160 0.17959450
vt 0.37815800 0.17919680
vt 0.00205950 0.17929610
vt 0.02650640 0.17886910
vt 0.05172360 0.17632090
vt 0.83283550 0.18381390
vt 0.57058380 0.14002670
vt 0.56687560 0.14085380
vt 0.56494440 0.13031780
vt 0.56111520 0.13209840
vt 0.55626210 0.12264860
vt 0.55959140 0.11907940
vt 0.54795510 0.10839690
vt 0.55445880 0.10716610
vt 0.54747180 0.09595720
vt 0.54189820 0.10168570
vt 0.53794430 0.09310830
vt 0.53336720 0.07801320
vt 0.54081520 0.08335200
vt 0.52879540 0.06600500
vt 0.52378030 0.06890950
vt 0.51942560 0.05247290
vt 0.52553820 0.05501990
vt 0.51855010 0.04171060
vt 0.52832410 0.07919690
vt 0.50790480 0.03203880
vt 0.50356280 0.02369560
vt 0.51150080 0.02711320
vt 0.51232210 0.04405210
vt 0.51719450 0.06108860
vt 0.49385540 0.02014650
vt 0.50458200 0.01343910
vt 0.51101110 0.04926740
vt 0.50346430 0.03635350
vt 0.55413440 0.12542050
vt 0.54622510 0.11428720
vt 0.55718350 0.14070710
vt 0.49808930 0.01299850
vt 0.49197340 0.00478070
vt 0.49544230 0.01521100
vt 0.49656920 0.00046250
vt 0.53883210 0.11016080
vt 0.53232820 0.09071480
vt 0.53871240 0.06838640
vt 0.49249040 0.00071070
vt 0.48466930 0.00603950
vt 0.53394800 0.10109180
vt 0.54714820 0.12442050
vt 0.56729140 0.12097750
vt 0.08664840 0.18098260
vt 0.55603690 0.18504160
vt 0.55830620 0.10257780
vt 0.54713210 0.08225830
vt 0.04712260 0.18261330
vt 0.42209920 0.18657360
vt 0.67905850 0.18887000
vt 0.61977900 0.18875210
vt 0.75132990 0.18942180
vt 0.81344870 0.18912520
vt 0.53110580 0.05317480
vt 0.34904580 0.18719890
vt 0.06433730 0.18713220
vt 0.51814900 0.07460260
vt 0.52412130 0.08509000
vt 0.27961380 0.18565070
vt 0.52151890 0.03470430
vt 0.16086600 0.18657550
vt 0.19827910 0.18619670
vt 0.01939910 0.18933120
vt 0.00226120 0.18901160
vt 0.51016340 0.06024780
vt 0.00045540 0.17789390
vt 0.50278810 0.04651960
vt 0.37539940 0.18639090
vt 0.04099310 0.18932160
vt 0.52290080 0.19093810
vt 0.57006680 0.19386770
vt 0.49505360 0.03314190
vt 0.08631530 0.18919190
vt 0.83282930 0.19793000
vt 0.79417860 0.19573030
vt 0.39853340 0.19288840
vt 0.37120500 0.19034350
vt 0.46907760 0.19330950
vt 0.66585920 0.19576790
vt 0.18032560 0.19271500
vt 0.48651920 0.01734720
vt 0.36963110 0.18695900
vt 0.20975470 0.19275780
vt 0.26017000 0.19294100
vt 0.30508530 0.19367960
vt 0.35362000 0.19174750
vt 0.36504790 0.18860280
vt 0.00321730 0.19834520
vt 0.01282200 0.19935240
vt 0.35198730 0.18614940
vt 0.06772420 0.19136060
vt 0.04681390 0.19780050
vt 0.74791010 0.14152910
vt 0.65229830 0.14113680
vt 0.15360550 0.19235330
vt 0.36659830 0.19671240
vt 0.56205500 0.19766540
vt 0.49490020 0.19840750
vt 0.81326810 0.19935240
vt 0.48049160 0.00742270
vt 0.54114710 0.12749480
vt 0.54933210 0.13919440
vt 0.52810280 0.10330500
vt 0.53351690 0.11414550
vt 0.52256080 0.09550770
vt 0.51512890 0.08181270
vt 0.50691650 0.06644210
vt 0.49854140 0.05138130
vt 0.49276800 0.04042090
vt 0.48414860 0.02458390
vt 0.47644250 0.01015340
vt 0.46220400 0.73126730
vt 0.46220400 0.74329320
vt 0.46038250 0.74094020
vt 0.05054640 0.27983350
vt 0.05552210 0.28075860
vt 0.06511840 0.27983350
vt 0.08213280 0.11794630
vt 0.07771940 0.12094530
vt 0.07331510 0.12257170
vt 0.08746590 0.11989490
vt 0.09881600 0.12257170
vt 0.09818790 0.75528900
vt 0.13081570 0.77844590
vt 0.09699450 0.77844590
vt 0.13342440 0.75560990
vt 0.13308910 0.73404250
vt 0.11413620 0.73558770
vt 0.09790970 0.74082830
vt 0.51264060 0.36786160
vt 0.49592440 0.36894660
vt 0.50213120 0.36235800
vt 0.48614010 0.36158360
vt 0.48352390 0.36959250
vt 0.47117670 0.36211250
vt 0.47251790 0.36866280
vt 0.46169240 0.36775360
vt 0.51263390 0.35990550
vt 0.53199530 0.36179210
vt 0.53138290 0.36756590
vt 0.54822170 0.36836840
vt 0.55416730 0.36172910
vt 0.56987200 0.36756830
vt 0.57083110 0.35983980
vt 0.45391780 0.36019120
vt 0.44500150 0.36373270
vt 0.44163340 0.36805760
vt 0.49430160 0.35917590
vt 0.44051620 0.35921600
vt 0.54953240 0.35808370
vt 0.53050830 0.35787400
vt 0.51437690 0.37381820
vt 0.44612960 0.37397470
vt 0.50426020 0.37685910
vt 0.43485840 0.37501040
vt 0.45687510 0.37600360
vt 0.52480600 0.37595210
vt 0.55302700 0.37500970
vt 0.53517320 0.37641990
vt 0.42058600 0.37458650
vt 0.41925760 0.36820630
vt 0.40482700 0.37633810
vt 0.47058590 0.37793100
vt 0.48392030 0.37773290
vt 0.49841940 0.37837030
vt 0.57325600 0.37480560
vt 0.56899710 0.38178900
vt 0.55325690 0.38109530
vt 0.43935810 0.38018100
vt 0.45210430 0.38193980
vt 0.41778200 0.37918030
vt 0.53391310 0.38141390
vt 0.46349160 0.38310800
vt 0.49217720 0.38270320
vt 0.51341830 0.38436630
vt 0.57331510 0.38436630
vt 0.46877560 0.35460000
vt 0.55161120 0.35201110
vt 0.52839000 0.35186980
vt 0.50982870 0.35267910
vt 0.47798830 0.35276740
vt 0.56774880 0.35106380
vt 0.45532580 0.35325740
vt 0.42426900 0.35447420
vt 0.57192240 0.35340640
vt 0.06420770 0.69888990
vt 0.06000110 0.68686400
vt 0.05054640 0.69888990
vt 0.41415430 0.03654030
vt 0.38934430 0.03931550
vt 0.41575590 0.03931550
vt 0.42788280 0.31468010
vt 0.42589940 0.32214240
vt 0.41101680 0.32151400
vt 0.43809210 0.31423600
vt 0.42745100 0.33095010
vt 0.41937660 0.33191820
vt 0.34665140 0.32376590
vt 0.40019590 0.33272720
vt 0.35240830 0.31944200
vt 0.29497520 0.31828680
vt 0.34484550 0.31199600
vt 0.30734540 0.32904230
vt 0.39325990 0.31184490
vt 0.42983850 0.33572890
vt 0.28409980 0.31076440
vt 0.26596460 0.31823270
vt 0.21014840 0.31564030
vt 0.15277730 0.31883140
vt 0.13197830 0.31429000
vt 0.06366870 0.31490850
vt 0.44697410 0.31652300
vt 0.44736050 0.32790520
vt 0.21734880 0.30896690
vt 0.46396170 0.32165070
vt 0.15829320 0.32295930
vt 0.06953470 0.32423190
vt 0.00767870 0.31782450
vt 0.00500910 0.32418660
vt 0.14702360 0.32657740
vt 0.15564080 0.33055650
vt 0.03433170 0.32789290
vt 0.00757870 0.31164620
vt 0.00571340 0.30509770
vt 0.06521390 0.30575470
vt 0.00567090 0.30032120
vt 0.06653810 0.29664700
vt 0.14978550 0.30398810
vt 0.03985360 0.29077540
vt 0.00588610 0.29029640
vt 0.15971690 0.29685400
vt 0.09488980 0.29063670
vt 0.00506580 0.31407380
vt 0.19999850 0.29325310
vt 0.25597210 0.29702290
vt 0.26966100 0.28859980
vt 0.13389530 0.33454570
vt 0.05930250 0.33390770
vt 0.13995560 0.34164890
vt 0.04947440 0.34058430
vt 0.16568270 0.33502290
vt 0.31093680 0.33345900
vt 0.10081270 0.30700870
vt 0.00504640 0.33225380
vt 0.34594480 0.30624770
vt 0.29513870 0.30525770
vt 0.30648960 0.29864160
vt 0.24164900 0.34287420
vt 0.39710020 0.30211700
vt 0.38687110 0.29626940
vt 0.42698380 0.29926900
vt 0.43575250 0.30563560
vt 0.44376670 0.30277590
vt 0.30815730 0.29435810
vt 0.27986600 0.29364640
vt 0.48220500 0.29900910
vt 0.48400730 0.30477070
vt 0.45333990 0.30663850
vt 0.46931740 0.31289840
vt 0.45711020 0.31064050
vt 0.46014510 0.31488100
vt 0.50820910 0.31150470
vt 0.51425050 0.31474840
vt 0.47146180 0.32261990
vt 0.46453550 0.32317370
vt 0.46613150 0.33342320
vt 0.50943910 0.33339380
vt 0.45782040 0.33699100
vt 0.45828880 0.33506990
vt 0.55064930 0.33608860
vt 0.53933420 0.34248060
vt 0.62871620 0.34218570
vt 0.52006600 0.34828870
vt 0.64713500 0.33379330
vt 0.67018280 0.34420230
vt 0.71645990 0.33544260
vt 0.75389780 0.34497260
vt 0.75468590 0.34017110
vt 0.77184950 0.34199830
vt 0.77314760 0.33472430
vt 0.79330270 0.33947210
vt 0.77806820 0.32943090
vt 0.80728660 0.32993320
vt 0.82925440 0.33566450
vt 0.82924340 0.33138310
vt 0.82627670 0.34828870
vt 0.80407080 0.34585440
vt 0.81286640 0.32511320
vt 0.75721660 0.33243570
vt 0.60652970 0.33244530
vt 0.64956780 0.32227980
vt 0.60483630 0.32294190
vt 0.55097170 0.32536640
vt 0.46602510 0.34215880
vt 0.57039460 0.30612960
vt 0.56438400 0.30006860
vt 0.63769580 0.30103150
vt 0.63965830 0.30645280
vt 0.70305750 0.30163480
vt 0.65621320 0.31723090
vt 0.67895560 0.31324610
vt 0.73769180 0.31297670
vt 0.73637860 0.31932890
vt 0.75944970 0.31978510
vt 0.70437020 0.32777460
vt 0.74753080 0.32887480
vt 0.74448900 0.30700450
vt 0.75585480 0.30173270
vt 0.51970850 0.32206300
vt 0.60511230 0.31463840
vt 0.00508540 0.33935870
vt 0.44943760 0.34793590
vt 0.44336720 0.34420410
vt 0.43669430 0.34216860
vt 0.79051290 0.31829950
vt 0.80819140 0.31622450
vt 0.79897410 0.30756030
vt 0.81584170 0.30490640
vt 0.82724490 0.31023480
vt 0.77300040 0.31187430
vt 0.82451110 0.29497170
vt 0.26084100 0.33458620
vt 0.31420960 0.34250380
vt 0.41683320 0.34058400
vt 0.25458320 0.30383190
vt 0.82847430 0.31939060
vt 0.78304280 0.30027570
vt 0.26631830 0.32744900
vt 0.31796490 0.33763470
vt 0.74884770 0.33250910
vt 0.79834890 0.29093070
vt 0.82399080 0.28665620
vt 0.82031980 0.27890840
vt 0.76643730 0.29415160
vt 0.82763580 0.30064760
vt 0.77165200 0.32324380
vt 0.76490110 0.30847250
vt 0.42878440 0.31230800
vt 0.00551450 0.29513430
vt 0.46321420 0.32308830
vt 0.83014570 0.32592080
vt 0.37965870 0.34679760
vt 0.64890710 0.29144440
vt 0.65437160 0.29833480
vt 0.65437160 0.27798330
vt 0.41272700 0.20027750
vt 0.52868850 0.20268720
vt 0.47994880 0.20582800
vt 0.37568310 0.20582800
vt 0.16347910 0.11847780
vt 0.15228140 0.12534690
vt 0.11275540 0.11857630
vt 0.11156650 0.12534690
vt 0.13667460 0.11424610
vt 0.74089250 0.99398700
vt 0.65010170 0.98288620
vt 0.73536850 0.98563870
vt 0.64981780 0.99398700
vt 0.41836400 0.28075860
vt 0.41270700 0.29093430
vt 0.36748630 0.28466150
vt 0.46727650 0.28614230
vt 0.51229510 0.29093430
vt 0.95582880 0.97527590
vt 0.96440370 0.98362800
vt 0.96584700 0.97363550
vt 0.96584700 0.98381130
vt 0.49034690 0.39397620
vt 0.49316940 0.40286770
vt 0.47677590 0.40286770
vt 0.47718440 0.39176690
vt 0.91939890 0.70074000
vt 0.91003130 0.69056430
vt 0.91829280 0.69232490
vt 0.89480880 0.70074000
vt 0.86475410 0.06557670
vt 0.87568310 0.06614240
vt 0.87568310 0.05134140
f 2912/2912 2909/2909 2913/2913
f 2910/2910 2909/2909 2912/2912
f 2913/2913 2909/2909 2911/2911
f 2912/2912 2908/2908 2910/2910
f 2832/2832 2865/2865 2867/2867
f 777/777 699/699 688/688
f 2923/2923 2924/2924 2925/2925
f 2925/2925 2924/2924 2926/2926
f 2923/2923 2915/2915 2924/2924
f 189/189 190/190 191/191
f 2923/2923 2917/2917 2915/2915
f 189/189 192/192 190/190
f 2917/2917 2916/2916 2915/2915
f 2919/2919 2918/2918 2917/2917
f 2918/2918 2916/2916 2917/2917
f 2916/2916 2921/2921 2922/2922
f 2928/2928 2925/2925 2927/2927
f 2927/2927 2925/2925 2926/2926
f 2928/2928 2931/2931 2925/2925
f 2931/2931 2942/2942 2938/2938
f 2938/2938 2923/2923 2931/2931
f 2931/2931 2923/2923 2925/2925
f 193/193 189/189 191/191
f 193/193 195/195 189/189
f 195/195 194/194 189/189
f 194/194 192/192 189/189
f 194/194 196/196 192/192
f 2932/2932 2920/2920 2919/2919
f 2919/2919 2920/2920 2918/2918
f 2918/2918 2921/2921 2916/2916
f 2920/2920 2921/2921 2918/2918
f 1257/1257 1255/1255 1259/1259
f 1255/1255 1256/1256 1259/1259
f 918/918 919/919 920/920
f 918/918 920/920 917/917
f 2929/2929 2936/2936 2931/2931
f 2929/2929 2928/2928 2927/2927
f 2929/2929 2927/2927 2930/2930
f 2929/2929 2931/2931 2928/2928
f 217/217 204/204 193/193
f 193/193 204/204 201/201
f 193/193 201/201 195/195
f 195/195 201/201 194/194
f 194/194 197/197 196/196
f 1258/1258 1254/1254 1257/1257
f 2932/2932 2933/2933 2920/2920
f 1257/1257 1254/1254 1255/1255
f 1255/1255 1253/1253 1256/1256
f 916/916 919/919 918/918
f 2936/2936 2947/2947 2931/2931
f 2931/2931 2947/2947 2942/2942
f 217/217 216/216 204/204
f 201/201 203/203 194/194
f 194/194 203/203 197/197
f 197/197 199/199 198/198
f 196/196 197/197 198/198
f 2932/2932 2934/2934 2933/2933
f 1254/1254 1252/1252 1255/1255
f 2934/2934 2935/2935 2933/2933
f 1255/1255 1252/1252 1253/1253
f 915/915 917/917 914/914
f 916/916 918/918 915/915
f 915/915 918/918 917/917
f 2937/2937 2936/2936 2929/2929
f 243/243 216/216 217/217
f 203/203 202/202 197/197
f 202/202 199/199 197/197
f 2934/2934 2939/2939 2935/2935
f 1254/1254 1250/1250 1252/1252
f 1252/1252 1249/1249 1253/1253
f 1249/1249 1251/1251 1253/1253
f 2937/2937 2941/2941 2940/2940
f 2940/2940 2936/2936 2937/2937
f 2940/2940 2948/2948 2947/2947
f 2940/2940 2947/2947 2936/2936
f 243/243 226/226 216/216
f 216/216 215/215 204/204
f 2456/2456 2455/2455 2458/2458
f 199/199 200/200 198/198
f 2934/2934 2950/2950 2939/2939
f 1250/1250 1249/1249 1252/1252
f 1249/1249 1247/1247 1251/1251
f 911/911 914/914 904/904
f 916/916 915/915 913/913
f 913/913 915/915 911/911
f 911/911 915/915 914/914
f 246/246 226/226 243/243
f 226/226 215/215 216/216
f 2302/2302 2294/2294 2304/2304
f 2464/2464 2453/2453 2459/2459
f 2294/2294 2296/2296 2304/2304
f 2230/2230 2262/2262 2251/2251
f 2453/2453 2456/2456 2459/2459
f 204/204 208/208 201/201
f 2262/2262 2265/2265 2251/2251
f 2453/2453 2455/2455 2456/2456
f 2293/2293 2292/2292 2294/2294
f 2294/2294 2292/2292 2296/2296
f 2033/2033 2073/2073 2071/2071
f 1624/1624 1622/1622 1579/1579
f 1624/1624 1579/1579 1617/1617
f 2292/2292 2297/2297 2296/2296
f 2139/2139 2126/2126 2123/2123
f 2139/2139 2123/2123 2135/2135
f 1607/1607 1580/1580 1579/1579
f 1622/1622 1607/1607 1579/1579
f 2126/2126 2091/2091 2123/2123
f 201/201 208/208 203/203
f 1601/1601 1580/1580 1607/1607
f 1601/1601 1587/1587 1580/1580
f 2455/2455 2461/2461 2458/2458
f 2461/2461 2466/2466 2458/2458
f 2092/2092 2089/2089 2091/2091
f 203/203 206/206 202/202
f 206/206 207/207 202/202
f 202/202 205/205 199/199
f 199/199 205/205 200/200
f 2939/2939 2943/2943 2935/2935
f 1249/1249 1246/1246 1247/1247
f 226/226 227/227 215/215
f 215/215 211/211 204/204
f 2301/2301 2294/2294 2302/2302
f 2463/2463 2453/2453 2464/2464
f 2293/2293 2294/2294 2301/2301
f 2460/2460 2453/2453 2463/2463
f 2293/2293 2300/2300 2295/2295
f 2460/2460 2457/2457 2453/2453
f 2295/2295 2291/2291 2293/2293
f 2457/2457 2454/2454 2453/2453
f 2291/2291 2292/2292 2293/2293
f 2453/2453 2454/2454 2455/2455
f 2291/2291 2298/2298 2292/2292
f 2298/2298 2299/2299 2292/2292
f 1587/1587 1578/1578 1580/1580
f 2454/2454 2465/2465 2462/2462
f 2454/2454 2462/2462 2461/2461
f 2454/2454 2461/2461 2455/2455
f 2089/2089 2088/2088 2091/2091
f 1608/1608 1599/1599 1601/1601
f 1601/1601 1599/1599 1587/1587
f 2113/2113 2093/2093 2092/2092
f 2092/2092 2093/2093 2089/2089
f 200/200 244/244 253/253
f 1250/1250 1248/1248 1246/1246
f 1250/1250 1246/1246 1249/1249
f 2944/2944 2941/2941 2945/2945
f 912/912 913/913 911/911
f 2940/2940 2941/2941 2944/2944
f 246/246 236/236 226/226
f 2417/2417 2444/2444 2424/2424
f 1751/1751 1729/1729 1740/1740
f 204/204 211/211 208/208
f 2300/2300 2305/2305 2295/2295
f 1740/1740 1729/1729 1701/1701
f 1740/1740 1701/1701 1739/1739
f 1701/1701 1699/1699 1725/1725
f 1739/1739 1701/1701 1725/1725
f 2295/2295 2303/2303 2291/2291
f 2295/2295 2305/2305 2303/2303
f 1725/1725 1699/1699 1712/1712
f 2088/2088 2122/2122 2123/2123
f 1126/1126 1125/1125 1144/1144
f 1144/1144 1125/1125 1127/1127
f 1144/1144 1127/1127 1142/1142
f 208/208 209/209 203/203
f 1142/1142 1127/1127 1139/1139
f 203/203 209/209 206/206
f 202/202 207/207 205/205
f 1246/1246 1240/1240 1247/1247
f 1246/1246 1237/1237 1240/1240
f 902/902 904/904 903/903
f 2945/2945 2946/2946 2944/2944
f 902/902 911/911 904/904
f 2944/2944 2948/2948 2940/2940
f 227/227 355/355 215/215
f 355/355 211/211 215/215
f 2230/2230 2251/2251 2229/2229
f 1751/1751 1741/1741 1729/1729
f 1729/1729 1698/1698 1701/1701
f 1701/1701 1698/1698 1699/1699
f 1699/1699 1711/1711 1712/1712
f 1587/1587 1588/1588 1578/1578
f 1712/1712 1711/1711 1719/1719
f 1599/1599 1588/1588 1587/1587
f 2113/2113 2109/2109 2093/2093
f 205/205 213/213 200/200
f 200/200 213/213 244/244
f 1281/1281 1243/1243 1248/1248
f 2939/2939 2949/2949 2943/2943
f 1248/1248 1243/1243 1246/1246
f 1246/1246 1243/1243 1237/1237
f 896/896 902/902 903/903
f 2953/2953 2948/2948 2944/2944
f 247/247 236/236 246/246
f 236/236 237/237 227/227
f 236/236 227/227 226/226
f 211/211 363/363 208/208
f 2422/2422 2450/2450 2452/2452
f 1125/1125 1124/1124 1127/1127
f 1719/1719 1711/1711 1720/1720
f 1127/1127 1128/1128 1139/1139
f 1139/1139 1128/1128 1140/1140
f 2093/2093 2109/2109 2094/2094
f 2093/2093 2094/2094 2089/2089
f 2089/2089 2094/2094 2087/2087
f 209/209 210/210 206/206
f 206/206 210/210 207/207
f 207/207 213/213 205/205
f 253/253 244/244 255/255
f 2414/2414 2416/2416 2417/2417
f 1741/1741 1732/1732 1729/1729
f 1729/1729 1732/1732 1698/1698
f 2422/2422 2416/2416 2450/2450
f 1698/1698 1697/1697 1699/1699
f 1699/1699 1697/1697 1711/1711
f 363/363 209/209 208/208
f 2089/2089 2087/2087 2088/2088
f 1139/1139 1140/1140 1141/1141
f 1599/1599 1600/1600 1588/1588
f 210/210 212/212 207/207
f 207/207 214/214 213/213
f 244/244 254/254 255/255
f 1281/1281 1244/1244 1243/1243
f 1243/1243 1238/1238 1237/1237
f 1237/1237 1239/1239 1240/1240
f 909/909 910/910 902/902
f 909/909 902/902 895/895
f 895/895 902/902 896/896
f 247/247 239/239 236/236
f 237/237 354/354 227/227
f 227/227 354/354 355/355
f 1150/1150 1123/1123 1126/1126
f 1126/1126 1123/1123 1125/1125
f 1125/1125 1123/1123 1124/1124
f 1576/1576 1569/1569 1577/1577
f 1578/1578 1576/1576 1577/1577
f 2088/2088 2085/2085 2122/2122
f 1124/1124 1128/1128 1127/1127
f 1588/1588 1576/1576 1578/1578
f 2087/2087 2085/2085 2088/2088
f 213/213 241/241 244/244
f 244/244 241/241 254/254
f 1281/1281 1283/1283 1244/1244
f 1243/1243 1244/1244 1238/1238
f 1237/1237 1238/1238 1239/1239
f 2944/2944 2946/2946 2951/2951
f 2944/2944 2951/2951 2955/2955
f 2944/2944 2955/2955 2953/2953
f 248/248 239/239 247/247
f 236/236 239/239 238/238
f 236/236 238/238 237/237
f 355/355 357/357 211/211
f 211/211 357/357 363/363
f 2028/2028 2031/2031 2032/2032
f 1711/1711 1715/1715 1720/1720
f 363/363 373/373 209/209
f 373/373 379/379 209/209
f 209/209 379/379 210/210
f 212/212 214/214 207/207
f 895/895 896/896 897/897
f 354/354 350/350 355/355
f 356/356 357/357 355/355
f 1732/1732 1695/1695 1698/1698
f 1698/1698 1695/1695 1697/1697
f 2085/2085 2121/2121 2122/2122
f 1588/1588 1589/1589 1576/1576
f 1720/1720 1715/1715 1722/1722
f 1588/1588 1600/1600 1589/1589
f 2109/2109 2107/2107 2094/2094
f 214/214 218/218 213/213
f 213/213 218/218 241/241
f 241/241 256/256 254/254
f 1283/1283 1245/1245 1244/1244
f 1244/1244 1245/1245 1238/1238
f 238/238 336/336 237/237
f 237/237 336/336 354/354
f 354/354 336/336 350/350
f 355/355 350/350 356/356
f 1697/1697 1696/1696 1711/1711
f 1711/1711 1696/1696 1715/1715
f 2094/2094 2107/2107 2098/2098
f 2094/2094 2098/2098 2087/2087
f 1283/1283 1287/1287 1245/1245
f 1242/1242 1241/1241 1238/1238
f 1238/1238 1241/1241 1239/1239
f 909/909 895/895 898/898
f 2414/2414 2413/2413 2416/2416
f 2416/2416 2451/2451 2450/2450
f 1155/1155 1153/1153 1150/1150
f 1124/1124 1122/1122 1128/1128
f 1140/1140 1128/1128 1141/1141
f 210/210 381/381 212/212
f 241/241 242/242 256/256
f 1238/1238 1245/1245 1242/1242
f 2954/2954 2951/2951 2952/2952
f 2954/2954 2955/2955 2951/2951
f 248/248 240/240 239/239
f 2032/2032 2069/2069 2029/2029
f 2416/2416 2413/2413 2451/2451
f 357/357 364/364 363/363
f 1153/1153 1121/1121 1150/1150
f 1695/1695 1693/1693 1696/1696
f 1150/1150 1121/1121 1123/1123
f 1123/1123 1122/1122 1124/1124
f 1576/1576 1570/1570 1569/1569
f 1589/1589 1570/1570 1576/1576
f 1128/1128 1129/1129 1141/1141
f 2107/2107 2108/2108 2098/2098
f 379/379 381/381 210/210
f 212/212 219/219 214/214
f 218/218 225/225 241/241
f 241/241 225/225 242/242
f 898/898 897/897 899/899
f 536/536 493/493 248/248
f 240/240 238/238 239/239
f 336/336 349/349 350/350
f 356/356 350/350 358/358
f 356/356 358/358 357/357
f 2443/2443 2431/2431 2432/2432
f 357/357 359/359 364/364
f 1122/1122 1129/1129 1128/1128
f 1715/1715 1713/1713 1722/1722
f 1722/1722 1713/1713 1723/1723
f 2087/2087 2078/2078 2085/2085
f 2078/2078 2077/2077 2085/2085
f 363/363 364/364 373/373
f 2108/2108 2096/2096 2098/2098
f 220/220 225/225 218/218
f 493/493 240/240 248/248
f 357/357 358/358 359/359
f 2431/2431 2427/2427 2432/2432
f 1744/1744 1730/1730 1732/1732
f 1730/1730 1694/1694 1695/1695
f 1695/1695 1694/1694 1693/1693
f 1123/1123 1121/1121 1122/1122
f 1570/1570 1568/1568 1569/1569
f 2077/2077 2117/2117 2121/2121
f 364/364 378/378 373/373
f 2098/2098 2096/2096 2087/2087
f 2087/2087 2096/2096 2078/2078
f 373/373 378/378 379/379
f 212/212 381/381 219/219
f 214/214 219/219 218/218
f 218/218 219/219 220/220
f 242/242 245/245 256/256
f 1287/1287 1286/1286 1245/1245
f 1245/1245 1262/1262 1242/1242
f 1262/1262 1260/1260 1242/1242
f 1242/1242 1260/1260 1241/1241
f 1241/1241 1260/1260 1261/1261
f 240/240 292/292 238/238
f 238/238 293/293 336/336
f 2046/2046 2055/2055 2038/2038
f 2413/2413 2448/2448 2451/2451
f 1589/1589 1590/1590 1570/1570
f 1129/1129 1143/1143 1141/1141
f 1600/1600 1602/1602 1589/1589
f 1263/1263 1262/1262 1245/1245
f 238/238 292/292 293/293
f 319/319 349/349 336/336
f 349/349 323/323 350/350
f 1696/1696 1693/1693 1713/1713
f 1590/1590 1568/1568 1570/1570
f 2108/2108 2106/2106 2096/2096
f 378/378 380/380 379/379
f 380/380 387/387 379/379
f 379/379 387/387 381/381
f 242/242 225/225 245/245
f 1245/1245 1286/1286 1263/1263
f 1260/1260 1264/1264 1261/1261
f 900/900 906/906 908/908
f 900/900 899/899 901/901
f 908/908 940/940 949/949
f 336/336 293/293 319/319
f 2260/2260 2258/2258 2252/2252
f 359/359 374/374 364/364
f 1153/1153 1120/1120 1121/1121
f 1122/1122 1107/1107 1129/1129
f 364/364 374/374 378/378
f 381/381 387/387 396/396
f 396/396 395/395 381/381
f 381/381 395/395 219/219
f 219/219 221/221 220/220
f 225/225 222/222 245/245
f 1260/1260 1265/1265 1264/1264
f 940/940 908/908 906/906
f 537/537 493/493 536/536
f 350/350 351/351 358/358
f 358/358 361/361 359/359
f 359/359 361/361 362/362
f 2221/2221 2252/2252 2211/2211
f 2260/2260 2266/2266 2258/2258
f 1623/1623 1613/1613 1621/1621
f 1694/1694 1688/1688 1693/1693
f 2132/2132 2116/2116 2133/2133
f 1121/1121 1120/1120 1122/1122
f 1122/1122 1120/1120 1107/1107
f 2077/2077 2116/2116 2117/2117
f 1129/1129 1130/1130 1143/1143
f 2096/2096 2106/2106 2097/2097
f 2096/2096 2097/2097 2078/2078
f 219/219 395/395 221/221
f 1286/1286 1278/1278 1263/1263
f 1263/1263 1265/1265 1262/1262
f 1262/1262 1265/1265 1260/1260
f 493/493 280/280 240/240
f 319/319 323/323 349/349
f 323/323 351/351 350/350
f 1745/1745 1733/1733 1730/1730
f 1730/1730 1688/1688 1694/1694
f 1129/1129 1107/1107 1130/1130
f 1713/1713 1714/1714 1723/1723
f 1723/1723 1714/1714 1724/1724
f 2077/2077 2076/2076 2116/2116
f 2097/2097 2074/2074 2078/2078
f 221/221 222/222 220/220
f 220/220 222/222 225/225
f 537/537 276/276 493/493
f 493/493 276/276 280/280
f 280/280 286/286 240/240
f 240/240 286/286 292/292
f 359/359 362/362 374/374
f 1159/1159 1151/1151 1153/1153
f 1153/1153 1151/1151 1120/1120
f 1568/1568 1564/1564 1566/1566
f 1107/1107 1109/1109 1130/1130
f 2078/2078 2074/2074 2077/2077
f 2077/2077 2074/2074 2076/2076
f 1130/1130 1132/1132 1143/1143
f 387/387 397/397 396/396
f 222/222 234/234 245/245
f 245/245 249/249 252/252
f 1278/1278 1266/1266 1263/1263
f 1263/1263 1266/1266 1265/1265
f 907/907 906/906 905/905
f 286/286 291/291 292/292
f 292/292 291/291 293/293
f 323/323 320/320 351/351
f 351/351 352/352 358/358
f 2439/2439 2429/2429 2431/2431
f 2404/2404 2406/2406 2407/2407
f 362/362 446/446 374/374
f 2408/2408 2406/2406 2448/2448
f 1688/1688 1692/1692 1693/1693
f 1693/1693 1692/1692 1713/1713
f 1713/1713 1692/1692 1714/1714
f 1590/1590 1591/1591 1568/1568
f 1568/1568 1591/1591 1564/1564
f 1130/1130 1109/1109 1132/1132
f 1602/1602 1591/1591 1590/1590
f 380/380 405/405 387/387
f 396/396 399/399 395/395
f 222/222 223/223 234/234
f 245/245 234/234 249/249
f 1265/1265 1267/1267 1264/1264
f 906/906 907/907 940/940
f 358/358 352/352 361/361
f 361/361 446/446 362/362
f 2211/2211 2245/2245 2209/2209
f 1120/1120 1108/1108 1107/1107
f 2074/2074 2075/2075 2076/2076
f 374/374 443/443 378/378
f 397/397 399/399 396/396
f 221/221 224/224 223/223
f 221/221 223/223 222/222
f 1266/1266 1267/1267 1265/1265
f 1267/1267 1268/1268 1264/1264
f 537/537 273/273 276/276
f 293/293 310/310 319/319
f 319/319 320/320 323/323
f 361/361 360/360 446/446
f 1746/1746 1731/1731 1733/1733
f 1731/1731 1689/1689 1688/1688
f 1688/1688 1689/1689 1690/1690
f 1688/1688 1690/1690 1692/1692
f 1120/1120 1151/1151 1108/1108
f 1564/1564 1565/1565 1566/1566
f 378/378 443/443 434/434
f 378/378 434/434 380/380
f 380/380 434/434 405/405
f 395/395 224/224 221/221
f 276/276 279/279 280/280
f 291/291 310/310 293/293
f 2404/2404 2405/2405 2406/2406
f 374/374 446/446 460/460
f 2406/2406 2449/2449 2448/2448
f 1159/1159 1158/1158 1151/1151
f 1108/1108 1110/1110 1109/1109
f 460/460 443/443 374/374
f 1109/1109 1110/1110 1132/1132
f 1714/1714 1716/1716 1724/1724
f 1724/1724 1716/1716 1726/1726
f 2075/2075 2079/2079 2076/2076
f 1143/1143 1132/1132 1145/1145
f 1602/1602 1603/1603 1591/1591
f 2106/2106 2104/2104 2097/2097
f 2097/2097 2101/2101 2074/2074
f 2101/2101 2075/2075 2074/2074
f 434/434 441/441 405/405
f 397/397 400/400 399/399
f 395/395 399/399 401/401
f 401/401 224/224 395/395
f 922/922 937/937 907/907
f 320/320 352/352 351/351
f 352/352 353/353 360/360
f 352/352 360/360 361/361
f 1692/1692 1700/1700 1714/1714
f 1700/1700 1716/1716 1714/1714
f 1591/1591 1593/1593 1564/1564
f 1564/1564 1593/1593 1565/1565
f 1132/1132 1131/1131 1145/1145
f 2097/2097 2104/2104 2101/2101
f 234/234 228/228 249/249
f 249/249 250/250 252/252
f 1278/1278 1271/1271 1266/1266
f 1267/1267 1269/1269 1268/1268
f 1269/1269 1272/1272 1268/1268
f 272/272 276/276 273/273
f 272/272 279/279 276/276
f 279/279 286/286 280/280
f 320/320 321/321 352/352
f 1993/1993 2025/2025 1997/1997
f 2210/2210 2254/2254 2247/2247
f 1692/1692 1690/1690 1700/1700
f 1591/1591 1603/1603 1593/1593
f 405/405 397/397 387/387
f 399/399 400/400 401/401
f 223/223 228/228 234/234
f 228/228 250/250 249/249
f 1278/1278 1288/1288 1271/1271
f 1271/1271 1270/1270 1266/1266
f 1266/1266 1270/1270 1267/1267
f 1267/1267 1270/1270 1269/1269
f 922/922 926/926 938/938
f 286/286 287/287 291/291
f 319/319 310/310 312/312
f 319/319 312/312 320/320
f 321/321 353/353 352/352
f 360/360 482/482 446/446
f 2409/2409 2405/2405 2404/2404
f 446/446 482/482 460/460
f 2406/2406 2405/2405 2449/2449
f 1731/1731 1734/1734 1689/1689
f 1151/1151 1152/1152 1108/1108
f 1132/1132 1110/1110 1131/1131
f 250/250 257/257 252/252
f 273/273 267/267 272/272
f 279/279 277/277 286/286
f 286/286 277/277 287/287
f 287/287 309/309 291/291
f 1997/1997 2023/2023 2000/2000
f 482/482 499/499 460/460
f 1158/1158 1152/1152 1151/1151
f 499/499 501/501 443/443
f 460/460 499/499 443/443
f 1110/1110 1112/1112 1131/1131
f 1726/1726 1716/1716 1727/1727
f 2075/2075 2080/2080 2079/2079
f 1131/1131 1136/1136 1145/1145
f 2104/2104 2103/2103 2101/2101
f 2101/2101 2103/2103 2100/2100
f 2101/2101 2100/2100 2075/2075
f 443/443 501/501 434/434
f 441/441 439/439 405/405
f 405/405 439/439 397/397
f 400/400 402/402 401/401
f 310/310 309/309 312/312
f 320/320 312/312 321/321
f 360/360 468/468 482/482
f 1742/1742 1735/1735 1734/1734
f 2100/2100 2080/2080 2075/2075
f 501/501 500/500 434/434
f 434/434 500/500 441/441
f 223/223 224/224 228/228
f 1271/1271 1275/1275 1270/1270
f 267/267 271/271 272/272
f 272/272 277/277 279/279
f 309/309 308/308 312/312
f 321/321 311/311 353/353
f 353/353 467/467 360/360
f 467/467 468/468 360/360
f 482/482 170/170 499/499
f 499/499 170/170 171/171
f 1689/1689 1691/1691 1690/1690
f 1152/1152 1111/1111 1108/1108
f 1690/1690 1691/1691 1700/1700
f 171/171 524/524 501/501
f 499/499 171/171 501/501
f 1108/1108 1111/1111 1110/1110
f 1111/1111 1112/1112 1110/1110
f 2079/2079 2081/2081 2119/2119
f 1593/1593 1592/1592 1565/1565
f 1592/1592 1572/1572 1565/1565
f 2079/2079 2080/2080 2081/2081
f 1603/1603 1605/1605 1593/1593
f 500/500 484/484 441/441
f 484/484 439/439 441/441
f 1271/1271 1288/1288 1275/1275
f 1270/1270 1275/1275 1274/1274
f 1270/1270 1274/1274 1269/1269
f 1269/1269 1273/1273 1272/1272
f 272/272 271/271 277/277
f 312/312 313/313 321/321
f 353/353 311/311 467/467
f 468/468 520/520 482/482
f 1735/1735 1702/1702 1734/1734
f 1734/1734 1702/1702 1689/1689
f 1689/1689 1702/1702 1691/1691
f 1700/1700 1707/1707 1716/1716
f 1131/1131 1112/1112 1114/1114
f 1131/1131 1114/1114 1136/1136
f 501/501 524/524 500/500
f 439/439 438/438 397/397
f 401/401 404/404 224/224
f 224/224 229/229 228/228
f 1269/1269 1274/1274 1273/1273
f 267/267 265/265 271/271
f 321/321 313/313 311/311
f 311/311 466/466 467/467
f 467/467 523/523 468/468
f 468/468 523/523 520/520
f 520/520 170/170 482/482
f 2409/2409 2410/2410 2405/2405
f 2405/2405 2410/2410 2449/2449
f 1691/1691 1707/1707 1700/1700
f 1716/1716 1707/1707 1717/1717
f 1716/1716 1717/1717 1727/1727
f 1727/1727 1717/1717 1728/1728
f 1605/1605 1592/1592 1593/1593
f 2103/2103 2102/2102 2100/2100
f 524/524 174/174 500/500
f 397/397 438/438 400/400
f 404/404 229/229 224/224
f 228/228 235/235 250/250
f 929/929 926/926 927/927
f 271/271 274/274 277/277
f 277/277 283/283 287/287
f 309/309 297/297 308/308
f 308/308 307/307 312/312
f 467/467 466/466 523/523
f 2246/2246 2263/2263 2249/2249
f 1152/1152 1149/1149 1111/1111
f 171/171 173/173 524/524
f 2080/2080 2082/2082 2081/2081
f 1605/1605 1604/1604 1592/1592
f 2103/2103 2112/2112 2102/2102
f 174/174 484/484 500/500
f 484/484 438/438 439/439
f 402/402 403/403 401/401
f 287/287 283/283 294/294
f 287/287 294/294 309/309
f 309/309 294/294 297/297
f 520/520 523/523 170/170
f 2000/2000 2022/2022 2002/2002
f 170/170 125/125 171/171
f 1735/1735 1736/1736 1702/1702
f 125/125 157/157 171/171
f 157/157 173/173 171/171
f 157/157 124/124 173/173
f 1149/1149 1113/1113 1111/1111
f 1111/1111 1113/1113 1112/1112
f 1113/1113 1114/1114 1112/1112
f 1114/1114 1134/1134 1136/1136
f 1592/1592 1594/1594 1572/1572
f 1136/1136 1134/1134 1138/1138
f 524/524 173/173 174/174
f 174/174 175/175 484/484
f 402/402 400/400 415/415
f 415/415 403/403 402/402
f 401/401 403/403 404/404
f 228/228 230/230 235/235
f 250/250 251/251 257/257
f 1288/1288 1291/1291 1275/1275
f 1685/1685 1684/1684 1683/1683
f 1275/1275 1276/1276 1274/1274
f 266/266 263/263 265/265
f 271/271 270/270 274/274
f 297/297 299/299 308/308
f 307/307 313/313 312/312
f 311/311 465/465 466/466
f 523/523 466/466 538/538
f 523/523 126/126 170/170
f 126/126 125/125 170/170
f 1736/1736 1703/1703 1702/1702
f 125/125 124/124 157/157
f 1158/1158 1156/1156 1152/1152
f 1152/1152 1156/1156 1149/1149
f 1691/1691 1705/1705 1707/1707
f 1572/1572 1573/1573 1574/1574
f 1707/1707 1708/1708 1717/1717
f 2084/2084 2120/2120 2119/2119
f 2081/2081 2084/2084 2119/2119
f 2082/2082 2084/2084 2081/2081
f 2100/2100 2102/2102 2082/2082
f 124/124 168/168 173/173
f 168/168 174/174 173/173
f 175/175 486/486 484/484
f 438/438 415/415 400/400
f 229/229 230/230 228/228
f 250/250 235/235 251/251
f 1275/1275 1277/1277 1276/1276
f 1274/1274 1276/1276 1273/1273
f 1273/1273 1276/1276 1279/1279
f 265/265 270/270 271/271
f 274/274 283/283 277/277
f 523/523 538/538 126/126
f 2410/2410 2446/2446 2449/2449
f 1702/1702 1703/1703 1705/1705
f 1702/1702 1705/1705 1691/1691
f 1705/1705 1708/1708 1707/1707
f 1114/1114 1115/1115 1134/1134
f 168/168 175/175 174/174
f 484/484 486/486 438/438
f 404/404 231/231 229/229
f 308/308 299/299 307/307
f 307/307 311/311 313/313
f 466/466 518/518 538/538
f 126/126 116/116 125/125
f 1750/1750 1737/1737 1736/1736
f 2067/2067 2064/2064 2039/2039
f 1572/1572 1594/1594 1575/1575
f 1572/1572 1575/1575 1573/1573
f 1717/1717 1718/1718 1728/1728
f 123/123 176/176 168/168
f 168/168 176/176 175/175
f 438/438 486/486 485/485
f 229/229 231/231 230/230
f 1684/1684 1682/1682 1683/1683
f 1277/1277 1280/1280 1276/1276
f 1674/1674 1670/1670 1673/1673
f 265/265 261/261 270/270
f 307/307 301/301 311/311
f 311/311 322/322 465/465
f 465/465 518/518 466/466
f 156/156 126/126 538/538
f 125/125 116/116 124/124
f 1149/1149 1116/1116 1113/1113
f 1134/1134 1115/1115 1133/1133
f 1134/1134 1133/1133 1138/1138
f 1138/1138 1133/1133 1146/1146
f 1604/1604 1597/1597 1594/1594
f 1717/1717 1708/1708 1718/1718
f 2112/2112 2114/2114 2102/2102
f 2082/2082 2083/2083 2084/2084
f 124/124 123/123 168/168
f 176/176 180/180 175/175
f 175/175 180/180 486/486
f 485/485 440/440 438/438
f 440/440 415/415 438/438
f 403/403 413/413 404/404
f 404/404 413/413 231/231
f 1671/1671 1670/1670 1674/1674
f 296/296 297/297 294/294
f 307/307 299/299 301/301
f 301/301 322/322 311/311
f 518/518 542/542 538/538
f 156/156 538/538 542/542
f 2418/2418 2419/2419 2412/2412
f 1705/1705 1704/1704 1708/1708
f 1113/1113 1116/1116 1115/1115
f 1575/1575 1581/1581 1573/1573
f 1597/1597 1596/1596 1594/1594
f 1594/1594 1596/1596 1575/1575
f 2102/2102 2114/2114 2105/2105
f 2102/2102 2105/2105 2099/2099
f 2102/2102 2099/2099 2083/2083
f 116/116 123/123 124/124
f 180/180 485/485 486/486
f 492/492 440/440 485/485
f 230/230 233/233 235/235
f 235/235 612/612 251/251
f 1682/1682 1671/1671 1683/1683
f 1673/1673 1670/1670 1669/1669
f 283/283 284/284 294/294
f 294/294 295/295 296/296
f 322/322 517/517 465/465
f 465/465 517/517 518/518
f 1737/1737 1703/1703 1736/1736
f 1703/1703 1704/1704 1705/1705
f 1115/1115 1116/1116 1117/1117
f 1115/1115 1117/1117 1133/1133
f 1133/1133 1135/1135 1146/1146
f 116/116 122/122 123/123
f 415/415 436/436 403/403
f 230/230 232/232 233/233
f 270/270 275/275 274/274
f 274/274 275/275 281/281
f 281/281 284/284 283/283
f 294/294 284/284 295/295
f 518/518 517/517 542/542
f 156/156 127/127 126/126
f 698/698 695/695 689/689
f 1737/1737 1706/1706 1703/1703
f 2833/2833 2822/2822 2853/2853
f 689/689 699/699 698/698
f 2419/2419 2447/2447 2446/2446
f 698/698 739/739 706/706
f 698/698 706/706 695/695
f 1156/1156 1157/1157 1119/1119
f 1156/1156 1119/1119 1149/1149
f 1149/1149 1119/1119 1116/1116
f 706/706 739/739 730/730
f 1596/1596 1597/1597 1575/1575
f 1575/1575 1582/1582 1581/1581
f 2083/2083 2086/2086 2084/2084
f 123/123 122/122 152/152
f 123/123 152/152 176/176
f 176/176 152/152 180/180
f 440/440 436/436 415/415
f 230/230 231/231 232/232
f 1671/1671 1667/1667 1670/1670
f 270/270 269/269 275/275
f 322/322 478/478 510/510
f 322/322 510/510 517/517
f 517/517 127/127 156/156
f 688/688 690/690 777/777
f 699/699 689/689 688/688
f 689/689 687/687 688/688
f 689/689 695/695 687/687
f 695/695 697/697 687/687
f 116/116 117/117 118/118
f 2833/2833 2828/2828 2822/2822
f 2419/2419 2421/2421 2447/2447
f 1703/1703 1706/1706 1704/1704
f 695/695 706/706 715/715
f 695/695 715/715 697/697
f 1704/1704 1709/1709 1708/1708
f 706/706 730/730 715/715
f 734/734 735/735 715/715
f 2084/2084 2090/2090 2115/2115
f 2866/2866 2820/2820 2822/2822
f 730/730 734/734 715/715
f 1133/1133 1117/1117 1135/1135
f 1597/1597 1595/1595 1575/1575
f 1575/1575 1595/1595 1582/1582
f 2099/2099 2105/2105 2095/2095
f 2099/2099 2095/2095 2083/2083
f 2083/2083 2095/2095 2086/2086
f 757/757 753/753 730/730
f 180/180 181/181 485/485
f 485/485 181/181 492/492
f 403/403 414/414 413/413
f 235/235 604/604 612/612
f 1682/1682 1681/1681 1671/1671
f 1670/1670 1668/1668 1669/1669
f 1668/1668 1663/1663 1669/1669
f 297/297 298/298 299/299
f 299/299 300/300 301/301
f 301/301 318/318 322/322
f 322/322 318/318 478/478
f 127/127 116/116 126/126
f 690/690 688/688 686/686
f 688/688 687/687 686/686
f 686/686 687/687 684/684
f 697/697 693/693 684/684
f 1737/1737 1738/1738 1706/1706
f 2822/2822 2823/2823 2828/2828
f 1706/1706 1710/1710 1704/1704
f 2822/2822 2821/2821 2823/2823
f 697/697 712/712 693/693
f 2820/2820 2821/2821 2822/2822
f 697/697 715/715 712/712
f 2115/2115 2090/2090 2124/2124
f 118/118 121/121 116/116
f 715/715 735/735 712/712
f 1116/1116 1119/1119 1118/1118
f 1581/1581 1583/1583 1584/1584
f 116/116 121/121 122/122
f 1117/1117 1118/1118 1135/1135
f 1135/1135 1147/1147 1146/1146
f 730/730 753/753 734/734
f 772/772 769/769 757/757
f 152/152 181/181 180/180
f 181/181 543/543 492/492
f 492/492 491/491 440/440
f 440/440 491/491 436/436
f 413/413 417/417 416/416
f 235/235 233/233 604/604
f 1681/1681 1667/1667 1671/1671
f 1667/1667 1668/1668 1670/1670
f 261/261 269/269 270/270
f 297/297 296/296 298/298
f 690/690 686/686 700/700
f 2828/2828 2829/2829 2830/2830
f 2871/2871 2830/2830 2828/2828
f 2823/2823 2829/2829 2828/2828
f 684/684 682/682 683/683
f 684/684 693/693 682/682
f 682/682 693/693 681/681
f 117/117 166/166 118/118
f 693/693 694/694 681/681
f 2823/2823 2855/2855 2860/2860
f 2821/2821 2855/2855 2823/2823
f 694/694 693/693 711/711
f 1704/1704 1710/1710 1709/1709
f 693/693 712/712 711/711
f 2090/2090 2125/2125 2124/2124
f 735/735 733/733 712/712
f 712/712 733/733 711/711
f 1709/1709 1721/1721 1718/1718
f 1118/1118 1137/1137 1135/1135
f 1135/1135 1137/1137 1147/1147
f 1595/1595 1583/1583 1582/1582
f 2114/2114 2110/2110 2105/2105
f 2105/2105 2110/2110 2095/2095
f 2820/2820 2819/2819 2821/2821
f 121/121 148/148 122/122
f 148/148 149/149 122/122
f 2818/2818 2819/2819 2820/2820
f 757/757 769/769 753/753
f 772/772 773/773 769/769
f 152/152 151/151 181/181
f 543/543 491/491 492/492
f 436/436 414/414 403/403
f 414/414 417/417 413/413
f 413/413 416/416 231/231
f 231/231 416/416 232/232
f 301/301 300/300 318/318
f 2830/2830 2831/2831 2832/2832
f 2829/2829 2831/2831 2830/2830
f 116/116 119/119 117/117
f 2823/2823 2859/2859 2829/2829
f 2577/2577 2591/2591 2565/2565
f 683/683 682/682 680/680
f 682/682 681/681 680/680
f 681/681 678/678 680/680
f 2434/2434 2445/2445 2420/2420
f 2860/2860 2859/2859 2823/2823
f 681/681 691/691 678/678
f 678/678 691/691 679/679
f 679/679 691/691 692/692
f 662/662 664/664 661/661
f 664/664 665/665 661/661
f 665/665 660/660 661/661
f 659/659 666/666 658/658
f 658/658 666/666 667/667
f 658/658 667/667 669/669
f 681/681 694/694 691/691
f 620/620 619/619 615/615
f 615/615 619/619 618/618
f 624/624 626/626 625/625
f 660/660 665/665 668/668
f 660/660 668/668 659/659
f 659/659 668/668 666/666
f 633/633 632/632 619/619
f 619/619 632/632 618/618
f 618/618 632/632 616/616
f 616/616 631/631 622/622
f 631/631 719/719 624/624
f 631/631 624/624 622/622
f 624/624 630/630 626/626
f 664/664 672/672 665/665
f 672/672 670/670 665/665
f 665/665 670/670 668/668
f 668/668 670/670 671/671
f 668/668 671/671 666/666
f 667/667 666/666 716/716
f 711/711 710/710 694/694
f 694/694 710/710 691/691
f 691/691 710/710 713/713
f 691/691 713/713 692/692
f 692/692 713/713 714/714
f 726/726 632/632 633/633
f 726/726 725/725 632/632
f 631/631 616/616 723/723
f 631/631 723/723 719/719
f 624/624 721/721 630/630
f 672/672 728/728 670/670
f 728/728 727/727 670/670
f 727/727 718/718 670/670
f 718/718 717/717 670/670
f 670/670 717/717 671/671
f 671/671 717/717 666/666
f 666/666 717/717 716/716
f 2821/2821 2854/2854 2855/2855
f 672/672 729/729 728/728
f 711/711 732/732 710/710
f 710/710 732/732 713/713
f 711/711 733/733 732/732
f 1147/1147 1137/1137 1148/1148
f 1595/1595 1598/1598 1583/1583
f 734/734 759/759 735/735
f 735/735 759/759 733/733
f 753/753 769/769 759/759
f 3208/3208 3188/3188 3211/3211
f 152/152 122/122 151/151
f 296/296 303/303 298/298
f 2830/2830 2832/2832 2867/2867
f 700/700 709/709 702/702
f 2858/2858 2831/2831 2829/2829
f 2593/2593 2602/2602 2591/2591
f 683/683 685/685 696/696
f 119/119 165/165 117/117
f 2859/2859 2858/2858 2829/2829
f 2578/2578 2634/2634 2632/2632
f 685/685 680/680 676/676
f 117/117 165/165 166/166
f 676/676 678/678 677/677
f 678/678 679/679 677/677
f 679/679 705/705 677/677
f 637/637 621/621 627/627
f 637/637 627/627 636/636
f 636/636 627/627 628/628
f 628/628 629/629 635/635
f 635/635 629/629 639/639
f 629/629 634/634 639/639
f 646/646 662/662 652/652
f 652/652 662/662 661/661
f 652/652 661/661 653/653
f 661/661 657/657 653/653
f 653/653 657/657 654/654
f 657/657 658/658 654/654
f 654/654 658/658 663/663
f 663/663 658/658 669/669
f 621/621 615/615 627/627
f 627/627 615/615 617/617
f 627/627 617/617 628/628
f 628/628 617/617 629/629
f 629/629 617/617 623/623
f 629/629 623/623 625/625
f 629/629 625/625 634/634
f 661/661 660/660 657/657
f 657/657 660/660 659/659
f 659/659 658/658 657/657
f 620/620 615/615 621/621
f 615/615 616/616 617/617
f 617/617 616/616 622/622
f 617/617 622/622 623/623
f 623/623 624/624 625/625
f 632/632 725/725 616/616
f 719/719 720/720 624/624
f 624/624 720/720 721/721
f 725/725 724/724 616/616
f 616/616 724/724 723/723
f 630/630 721/721 722/722
f 714/714 713/713 745/745
f 723/723 737/737 719/719
f 719/719 737/737 720/720
f 720/720 737/737 738/738
f 720/720 738/738 721/721
f 738/738 740/740 721/721
f 721/721 740/740 722/722
f 728/728 718/718 727/727
f 718/718 736/736 717/717
f 736/736 747/747 716/716
f 717/717 736/736 716/716
f 732/732 744/744 713/713
f 713/713 744/744 745/745
f 726/726 749/749 748/748
f 726/726 748/748 725/725
f 725/725 748/748 746/746
f 725/725 746/746 724/724
f 746/746 723/723 724/724
f 746/746 752/752 723/723
f 723/723 752/752 737/737
f 737/737 752/752 751/751
f 737/737 751/751 738/738
f 751/751 754/754 738/738
f 754/754 740/740 738/738
f 740/740 758/758 722/722
f 2110/2110 2111/2111 2095/2095
f 2095/2095 2111/2111 2086/2086
f 756/756 743/743 755/755
f 755/755 743/743 729/729
f 729/729 743/743 728/728
f 728/728 743/743 742/742
f 728/728 742/742 718/718
f 718/718 742/742 741/741
f 718/718 741/741 736/736
f 741/741 747/747 736/736
f 2821/2821 2848/2848 2854/2854
f 733/733 750/750 732/732
f 732/732 750/750 744/744
f 750/750 770/770 744/744
f 2819/2819 2848/2848 2821/2821
f 733/733 768/768 750/750
f 3188/3188 3175/3175 3211/3211
f 2868/2868 2817/2817 2818/2818
f 3208/3208 3182/3182 3188/3188
f 2869/2869 2817/2817 2868/2868
f 3208/3208 3207/3207 3182/3182
f 3207/3207 3183/3183 3182/3182
f 436/436 456/456 414/414
f 1681/1681 1666/1666 1667/1667
f 1666/1666 1665/1665 1667/1667
f 1667/1667 1665/1665 1668/1668
f 1668/1668 1664/1664 1663/1663
f 295/295 304/304 296/296
f 318/318 477/477 478/478
f 478/478 512/512 510/510
f 127/127 144/144 128/128
f 127/127 128/128 116/116
f 3405/3405 3406/3406 3400/3400
f 3403/3403 3405/3405 3400/3400
f 128/128 120/120 116/116
f 2831/2831 2834/2834 2832/2832
f 116/116 120/120 119/119
f 1466/1466 1450/1450 1477/1477
f 1435/1435 1466/1466 1477/1477
f 1479/1479 1435/1435 1477/1477
f 696/696 707/707 708/708
f 2603/2603 2643/2643 2597/2597
f 677/677 703/703 642/642
f 2243/2243 2232/2232 2223/2223
f 642/642 637/637 641/641
f 641/641 636/636 647/647
f 636/636 638/638 647/647
f 647/647 638/638 648/648
f 651/651 654/654 655/655
f 654/654 656/656 655/655
f 119/119 160/160 165/165
f 2595/2595 2598/2598 2592/2592
f 637/637 636/636 641/641
f 638/638 635/635 644/644
f 644/644 635/635 645/645
f 635/635 639/639 645/645
f 643/643 639/639 640/640
f 643/643 640/640 646/646
f 643/643 646/646 649/649
f 649/649 646/646 652/652
f 649/649 652/652 651/651
f 651/651 652/652 653/653
f 656/656 654/654 663/663
f 2579/2579 2600/2600 2595/2595
f 745/745 744/744 760/760
f 744/744 761/761 760/760
f 760/760 761/761 762/762
f 1598/1598 1606/1606 1583/1583
f 749/749 761/761 763/763
f 749/749 763/763 748/748
f 763/763 766/766 748/748
f 748/748 766/766 765/765
f 748/748 765/765 746/746
f 765/765 752/752 746/746
f 765/765 776/776 752/752
f 3205/3205 3196/3196 3215/3215
f 3215/3215 3196/3196 3195/3195
f 752/752 779/779 751/751
f 779/779 778/778 751/751
f 751/751 778/778 754/754
f 3197/3197 3189/3189 3217/3217
f 740/740 754/754 764/764
f 3217/3217 3189/3189 3216/3216
f 740/740 764/764 758/758
f 3216/3216 3189/3189 3190/3190
f 756/756 764/764 743/743
f 743/743 764/764 742/742
f 764/764 771/771 742/742
f 3216/3216 3190/3190 3198/3198
f 742/742 771/771 741/741
f 771/771 767/767 741/741
f 3218/3218 3198/3198 3194/3194
f 741/741 767/767 747/747
f 3194/3194 3193/3193 3218/3218
f 747/747 767/767 775/775
f 750/750 774/774 770/770
f 3192/3192 3180/3180 3214/3214
f 3180/3180 3199/3199 3214/3214
f 744/744 770/770 761/761
f 3211/3211 3175/3175 3210/3210
f 149/149 138/138 122/122
f 181/181 182/182 543/543
f 543/543 182/182 491/491
f 491/491 483/483 436/436
f 483/483 456/456 436/436
f 416/416 420/420 232/232
f 232/232 420/420 233/233
f 233/233 598/598 604/604
f 1665/1665 1664/1664 1668/1668
f 1346/1346 1344/1344 1327/1327
f 1344/1344 1342/1342 1327/1327
f 1342/1342 1332/1332 1327/1327
f 1344/1344 1353/1353 1342/1342
f 1344/1344 1346/1346 1353/1353
f 1342/1342 1341/1341 1332/1332
f 1341/1341 1330/1330 1332/1332
f 1342/1342 1350/1350 1341/1341
f 1342/1342 1353/1353 1350/1350
f 284/284 285/285 295/295
f 1350/1350 1340/1340 1341/1341
f 1341/1341 1340/1340 1330/1330
f 1350/1350 1352/1352 1340/1340
f 1340/1340 1331/1331 1330/1330
f 1340/1340 1352/1352 1339/1339
f 1340/1340 1339/1339 1331/1331
f 1352/1352 1351/1351 1339/1339
f 1339/1339 1337/1337 1331/1331
f 1351/1351 1349/1349 1339/1339
f 1339/1339 1349/1349 1337/1337
f 1337/1337 1349/1349 1338/1338
f 1337/1337 1338/1338 1333/1333
f 1349/1349 1347/1347 1338/1338
f 1347/1347 1334/1334 1338/1338
f 1338/1338 1334/1334 1333/1333
f 478/478 477/477 512/512
f 1347/1347 1348/1348 1334/1334
f 512/512 144/144 510/510
f 1334/1334 1348/1348 1343/1343
f 1343/1343 1335/1335 1334/1334
f 1343/1343 1336/1336 1335/1335
f 128/128 129/129 120/120
f 2831/2831 2849/2849 2834/2834
f 1450/1450 1482/1482 1477/1477
f 1345/1345 1329/1329 1336/1336
f 119/119 120/120 159/159
f 2858/2858 2849/2849 2831/2831
f 1478/1478 1435/1435 1479/1479
f 119/119 159/159 160/160
f 1485/1485 1464/1464 1478/1478
f 1465/1465 1464/1464 1485/1485
f 1484/1484 1465/1465 1485/1485
f 673/673 648/648 644/644
f 650/650 643/643 649/649
f 2599/2599 2600/2600 2579/2579
f 2575/2575 2599/2599 2580/2580
f 3180/3180 3181/3181 3199/3199
f 3199/3199 3181/3181 3202/3202
f 3202/3202 3181/3181 3203/3203
f 3181/3181 3178/3178 3203/3203
f 3203/3203 3178/3178 3204/3204
f 3178/3178 3174/3174 3204/3204
f 3204/3204 3174/3174 3205/3205
f 3174/3174 3206/3206 3205/3205
f 3205/3205 3206/3206 3196/3196
f 3196/3196 3187/3187 3195/3195
f 3195/3195 3187/3187 3168/3168
f 3195/3195 3168/3168 3197/3197
f 3197/3197 3168/3168 3189/3189
f 3190/3190 3189/3189 3164/3164
f 3190/3190 3164/3164 3170/3170
f 3190/3190 3170/3170 3198/3198
f 3170/3170 3169/3169 3198/3198
f 3169/3169 3171/3171 3198/3198
f 3198/3198 3171/3171 3194/3194
f 3194/3194 3171/3171 3172/3172
f 3194/3194 3172/3172 3193/3193
f 3172/3172 3119/3119 3193/3193
f 3175/3175 3163/3163 3192/3192
f 3210/3210 3175/3175 3192/3192
f 3192/3192 3163/3163 3180/3180
f 2816/2816 2848/2848 2819/2819
f 2818/2818 2816/2816 2819/2819
f 3188/3188 3167/3167 3175/3175
f 3167/3167 3112/3112 3175/3175
f 2817/2817 2816/2816 2818/2818
f 3117/3117 3167/3167 3182/3182
f 2869/2869 2870/2870 2817/2817
f 3116/3116 3117/3117 3182/3182
f 3183/3183 3116/3116 3182/3182
f 2805/2805 2792/2792 2791/2791
f 2805/2805 2799/2799 2792/2792
f 1837/1837 1824/1824 1831/1831
f 153/153 182/182 181/181
f 151/151 153/153 181/181
f 1828/1828 1840/1840 1837/1837
f 1831/1831 1828/1828 1837/1837
f 2799/2799 2798/2798 2795/2795
f 182/182 483/483 491/491
f 2798/2798 2787/2787 2795/2795
f 1828/1828 1823/1823 1840/1840
f 2798/2798 2785/2785 2787/2787
f 1823/1823 1839/1839 1840/1840
f 1827/1827 1839/1839 1823/1823
f 2802/2802 2786/2786 2798/2798
f 2798/2798 2786/2786 2785/2785
f 1827/1827 1826/1826 1839/1839
f 1826/1826 1841/1841 1839/1839
f 2802/2802 2801/2801 2793/2793
f 414/414 418/418 417/417
f 2801/2801 2788/2788 2793/2793
f 1826/1826 1829/1829 1841/1841
f 1841/1841 1825/1825 1842/1842
f 2801/2801 2796/2796 2788/2788
f 1825/1825 1832/1832 1842/1842
f 1832/1832 1833/1833 1842/1842
f 2797/2797 2763/2763 2796/2796
f 1681/1681 1680/1680 1666/1666
f 269/269 268/268 275/275
f 1327/1327 1315/1315 1320/1320
f 1327/1327 1332/1332 1315/1315
f 1384/1384 1394/1394 1400/1400
f 281/281 282/282 285/285
f 1394/1394 1404/1404 1400/1400
f 281/281 285/285 284/284
f 1315/1315 1330/1330 1317/1317
f 1330/1330 1322/1322 1317/1317
f 1394/1394 1395/1395 1404/1404
f 1395/1395 1405/1405 1404/1404
f 1330/1330 1318/1318 1322/1322
f 1330/1330 1331/1331 1318/1318
f 1395/1395 1397/1397 1405/1405
f 1405/1405 1397/1397 1406/1406
f 1395/1395 1385/1385 1397/1397
f 1318/1318 1331/1331 1325/1325
f 1397/1397 1396/1396 1406/1406
f 1396/1396 1407/1407 1406/1406
f 1325/1325 1331/1331 1326/1326
f 296/296 304/304 303/303
f 1331/1331 1328/1328 1326/1326
f 1396/1396 1398/1398 1407/1407
f 1407/1407 1398/1398 1410/1410
f 1328/1328 1333/1333 1316/1316
f 1398/1398 1408/1408 1410/1410
f 1398/1398 1399/1399 1408/1408
f 1333/1333 1323/1323 1316/1316
f 1333/1333 1334/1334 1323/1323
f 1408/1408 1399/1399 1409/1409
f 1399/1399 1401/1401 1409/1409
f 1399/1399 1391/1391 1401/1401
f 1348/1348 1358/1358 1343/1343
f 1401/1401 1391/1391 1393/1393
f 1334/1334 1335/1335 1323/1323
f 1335/1335 1324/1324 1323/1323
f 1393/1393 1402/1402 1401/1401
f 1358/1358 1357/1357 1343/1343
f 1343/1343 1357/1357 1336/1336
f 2832/2832 2836/2836 2865/2865
f 1357/1357 1354/1354 1336/1336
f 1335/1335 1336/1336 1324/1324
f 1336/1336 1329/1329 1324/1324
f 1466/1466 1429/1429 1450/1450
f 1435/1435 1429/1429 1466/1466
f 1402/1402 1392/1392 1403/1403
f 1482/1482 1462/1462 1463/1463
f 3408/3408 3397/3397 3395/3395
f 1356/1356 1355/1355 1354/1354
f 1354/1354 1345/1345 1336/1336
f 1354/1354 1355/1355 1345/1345
f 1481/1481 1437/1437 1465/1465
f 2588/2588 2604/2604 2599/2599
f 2601/2601 2622/2622 2590/2590
f 2601/2601 2621/2621 2622/2622
f 3163/3163 3109/3109 3180/3180
f 3180/3180 3109/3109 3181/3181
f 3109/3109 3178/3178 3181/3181
f 3178/3178 3110/3110 3174/3174
f 3209/3209 3206/3206 3174/3174
f 3206/3206 3201/3201 3196/3196
f 3196/3196 3201/3201 3187/3187
f 3187/3187 3115/3115 3168/3168
f 3168/3168 3114/3114 3164/3164
f 3168/3168 3164/3164 3189/3189
f 3164/3164 3106/3106 3170/3170
f 3170/3170 3106/3106 3169/3169
f 3106/3106 3113/3113 3169/3169
f 3169/3169 3113/3113 3171/3171
f 3171/3171 3113/3113 3172/3172
f 2816/2816 2856/2856 2848/2848
f 3175/3175 3112/3112 3163/3163
f 3163/3163 3112/3112 3111/3111
f 2760/2760 2751/2751 2766/2766
f 3118/3118 3112/3112 3167/3167
f 1821/1821 1836/1836 1822/1822
f 2807/2807 2791/2791 2808/2808
f 3305/3305 3306/3306 3307/3307
f 2791/2791 2766/2766 2803/2803
f 149/149 150/150 138/138
f 3117/3117 3118/3118 3167/3167
f 2807/2807 2805/2805 2791/2791
f 2791/2791 2760/2760 2766/2766
f 2870/2870 2815/2815 2817/2817
f 1824/1824 1838/1838 1836/1836
f 1821/1821 1824/1824 1836/1836
f 1808/1808 1821/1821 1811/1811
f 2792/2792 2760/2760 2791/2791
f 1808/1808 1824/1824 1821/1821
f 2792/2792 2759/2759 2760/2760
f 1824/1824 1837/1837 1838/1838
f 1818/1818 1824/1824 1808/1808
f 1818/1818 1808/1808 1799/1799
f 2799/2799 2794/2794 2792/2792
f 2792/2792 2794/2794 2761/2761
f 2792/2792 2761/2761 2759/2759
f 1818/1818 1831/1831 1824/1824
f 1818/1818 1799/1799 1806/1806
f 1818/1818 1828/1828 1831/1831
f 2794/2794 2758/2758 2761/2761
f 1818/1818 1814/1814 1828/1828
f 1818/1818 1806/1806 1814/1814
f 2794/2794 2795/2795 2758/2758
f 2795/2795 2787/2787 2758/2758
f 1813/1813 1828/1828 1814/1814
f 1813/1813 1823/1823 1828/1828
f 1813/1813 1809/1809 1823/1823
f 2785/2785 2762/2762 2757/2757
f 2785/2785 2757/2757 2787/2787
f 1809/1809 1815/1815 1823/1823
f 1815/1815 1809/1809 1796/1796
f 1815/1815 1827/1827 1823/1823
f 2786/2786 2755/2755 2785/2785
f 2785/2785 2755/2755 2762/2762
f 2755/2755 2737/2737 2762/2762
f 1812/1812 1826/1826 1815/1815
f 1815/1815 1826/1826 1827/1827
f 1812/1812 1829/1829 1826/1826
f 2793/2793 2754/2754 2786/2786
f 2786/2786 2754/2754 2755/2755
f 1812/1812 1810/1810 1825/1825
f 1812/1812 1825/1825 1829/1829
f 2793/2793 2788/2788 2754/2754
f 2788/2788 2756/2756 2754/2754
f 1810/1810 1819/1819 1825/1825
f 1810/1810 1797/1797 1819/1819
f 1819/1819 1797/1797 1816/1816
f 2788/2788 2789/2789 2756/2756
f 1819/1819 1832/1832 1825/1825
f 1816/1816 1832/1832 1819/1819
f 2796/2796 2763/2763 2789/2789
f 2763/2763 2756/2756 2789/2789
f 1816/1816 1817/1817 1833/1833
f 1816/1816 1833/1833 1832/1832
f 1817/1817 1835/1835 1833/1833
f 2797/2797 2790/2790 2763/2763
f 1817/1817 1834/1834 1835/1835
f 2800/2800 2790/2790 2797/2797
f 2790/2790 2764/2764 2763/2763
f 1820/1820 1830/1830 1817/1817
f 1817/1817 1830/1830 1834/1834
f 2804/2804 2784/2784 2800/2800
f 2800/2800 2784/2784 2790/2790
f 2784/2784 2753/2753 2790/2790
f 2790/2790 2753/2753 2764/2764
f 2753/2753 2735/2735 2764/2764
f 2804/2804 2806/2806 2784/2784
f 1905/1905 1898/1898 1906/1906
f 1905/1905 1894/1894 1898/1898
f 1906/1906 1898/1898 1904/1904
f 1898/1898 1894/1894 1895/1895
f 1904/1904 1898/1898 1895/1895
f 2784/2784 2765/2765 2753/2753
f 233/233 597/597 598/598
f 258/258 264/264 262/262
f 275/275 282/282 281/281
f 1394/1394 1384/1384 1388/1388
f 285/285 305/305 295/295
f 1317/1317 1322/1322 1307/1307
f 1388/1388 1389/1389 1395/1395
f 1394/1394 1388/1388 1395/1395
f 1395/1395 1389/1389 1385/1385
f 1397/1397 1385/1385 1396/1396
f 1385/1385 1386/1386 1396/1396
f 1396/1396 1386/1386 1398/1398
f 1398/1398 1386/1386 1387/1387
f 1387/1387 1399/1399 1398/1398
f 1399/1399 1387/1387 1391/1391
f 1391/1391 1390/1390 1393/1393
f 3404/3404 3445/3445 3460/3460
f 2835/2835 2836/2836 2832/2832
f 2834/2834 2835/2835 2832/2832
f 1393/1393 1392/1392 1402/1402
f 1393/1393 1390/1390 1392/1392
f 2849/2849 2835/2835 2834/2834
f 1450/1450 1433/1433 1462/1462
f 1429/1429 1433/1433 1450/1450
f 1435/1435 1427/1427 1429/1429
f 1435/1435 1432/1432 1427/1427
f 1421/1421 1432/1432 1435/1435
f 1464/1464 1417/1417 1411/1411
f 1465/1465 1417/1417 1464/1464
f 1437/1437 1417/1417 1465/1465
f 1437/1437 1419/1419 1417/1417
f 1480/1480 1424/1424 1437/1437
f 1471/1471 1424/1424 1480/1480
f 2605/2605 2606/2606 2596/2596
f 2900/2900 2888/2888 2892/2892
f 2901/2901 2892/2892 2891/2891
f 2901/2901 2891/2891 2895/2895
f 3109/3109 3108/3108 3178/3178
f 3178/3178 3108/3108 3110/3110
f 3021/3021 3209/3209 3174/3174
f 3168/3168 3115/3115 3114/3114
f 3164/3164 3114/3114 3107/3107
f 3164/3164 3107/3107 3106/3106
f 3113/3113 3119/3119 3172/3172
f 2816/2816 2857/2857 2856/2856
f 3163/3163 3111/3111 3109/3109
f 3201/3201 3115/3115 3187/3187
f 1805/1805 1798/1798 1811/1811
f 1811/1811 1798/1798 1808/1808
f 2747/2747 2749/2749 2760/2760
f 1808/1808 1798/1798 1799/1799
f 2758/2758 2744/2744 2761/2761
f 1806/1806 1795/1795 1814/1814
f 1806/1806 1794/1794 1795/1795
f 182/182 511/511 483/483
f 1795/1795 1809/1809 1813/1813
f 456/456 483/483 455/455
f 1809/1809 1795/1795 1796/1796
f 1796/1796 1804/1804 1815/1815
f 2755/2755 2729/2729 2737/2737
f 1804/1804 1793/1793 1812/1812
f 1793/1793 1810/1810 1812/1812
f 2755/2755 2754/2754 2729/2729
f 1810/1810 1793/1793 1797/1797
f 1797/1797 1803/1803 1816/1816
f 1803/1803 1817/1817 1816/1816
f 2763/2763 2733/2733 2756/2756
f 2763/2763 2735/2735 2733/2733
f 1802/1802 1801/1801 1820/1820
f 1802/1802 1820/1820 1817/1817
f 1802/1802 1800/1800 1801/1801
f 1801/1801 1807/1807 1820/1820
f 420/420 594/594 233/233
f 2753/2753 2742/2742 2735/2735
f 233/233 594/594 597/597
f 1680/1680 1679/1679 1666/1666
f 1384/1384 1378/1378 1369/1369
f 1384/1384 1369/1369 1388/1388
f 295/295 305/305 304/304
f 1385/1385 1361/1361 1386/1386
f 303/303 302/302 298/298
f 298/298 302/302 300/300
f 300/300 317/317 318/318
f 318/318 317/317 476/476
f 318/318 476/476 477/477
f 477/477 476/476 512/512
f 158/158 143/143 144/144
f 144/144 143/143 128/128
f 1391/1391 1383/1383 1390/1390
f 1429/1429 1430/1430 1433/1433
f 1427/1427 1428/1428 1429/1429
f 1390/1390 1375/1375 1392/1392
f 1462/1462 1451/1451 1460/1460
f 1462/1462 1460/1460 1463/1463
f 1433/1433 1451/1451 1462/1462
f 1421/1421 1414/1414 1432/1432
f 1411/1411 1414/1414 1421/1421
f 1417/1417 1415/1415 1411/1411
f 1419/1419 1415/1415 1417/1417
f 1419/1419 1418/1418 1415/1415
f 1424/1424 1418/1418 1419/1419
f 1471/1471 1434/1434 1424/1424
f 1472/1472 1434/1434 1471/1471
f 2888/2888 2887/2887 2892/2892
f 2892/2892 2887/2887 2891/2891
f 2891/2891 2893/2893 2895/2895
f 3086/3086 3108/3108 3109/3109
f 3108/3108 3083/3083 3110/3110
f 3110/3110 3019/3019 3021/3021
f 3096/3096 3095/3095 3114/3114
f 3115/3115 3096/3096 3114/3114
f 3095/3095 3107/3107 3114/3114
f 3107/3107 3097/3097 3106/3106
f 3106/3106 3097/3097 3098/3098
f 3106/3106 3098/3098 3113/3113
f 3098/3098 3099/3099 3113/3113
f 3099/3099 3100/3100 3113/3113
f 3113/3113 3100/3100 3119/3119
f 3109/3109 3111/3111 3082/3082
f 3118/3118 3089/3089 3112/3112
f 2817/2817 2815/2815 2816/2816
f 3117/3117 3089/3089 3118/3118
f 1805/1805 1778/1778 1798/1798
f 3116/3116 3091/3091 3117/3117
f 3185/3185 3090/3090 3116/3116
f 3090/3090 3091/3091 3116/3116
f 122/122 138/138 151/151
f 1799/1799 1794/1794 1806/1806
f 153/153 172/172 182/182
f 182/182 172/172 511/511
f 511/511 481/481 483/483
f 483/483 481/481 455/455
f 456/456 455/455 414/414
f 414/414 455/455 418/418
f 417/417 418/418 416/416
f 1800/1800 1802/1802 1765/1765
f 1801/1801 1779/1779 1807/1807
f 1894/1894 1893/1893 1895/1895
f 1679/1679 1652/1652 1666/1666
f 1666/1666 1652/1652 1665/1665
f 1652/1652 1651/1651 1665/1665
f 1665/1665 1651/1651 1664/1664
f 1664/1664 1651/1651 1663/1663
f 1663/1663 1651/1651 1650/1650
f 268/268 278/278 275/275
f 1311/1311 1307/1307 1310/1310
f 1388/1388 1369/1369 1382/1382
f 1388/1388 1382/1382 1389/1389
f 1305/1305 1292/1292 1306/1306
f 1389/1389 1382/1382 1385/1385
f 1382/1382 1359/1359 1385/1385
f 1293/1293 1295/1295 1294/1294
f 1385/1385 1359/1359 1361/1361
f 1299/1299 1298/1298 1294/1294
f 1386/1386 1361/1361 1363/1363
f 300/300 302/302 317/317
f 1296/1296 1297/1297 1298/1298
f 1386/1386 1363/1363 1387/1387
f 1363/1363 1383/1383 1387/1387
f 512/512 476/476 528/528
f 1383/1383 1391/1391 1387/1387
f 1390/1390 1383/1383 1375/1375
f 2836/2836 2841/2841 2862/2862
f 1429/1429 1428/1428 1430/1430
f 1427/1427 1426/1426 1428/1428
f 1427/1427 1414/1414 1426/1426
f 1432/1432 1414/1414 1427/1427
f 1411/1411 1412/1412 1414/1414
f 1413/1413 1412/1412 1411/1411
f 1415/1415 1413/1413 1411/1411
f 1416/1416 1413/1413 1415/1415
f 3410/3410 3409/3409 3411/3411
f 3411/3411 3409/3409 3412/3412
f 3428/3428 3386/3386 3383/3383
f 3386/3386 3385/3385 3383/3383
f 3384/3384 3388/3388 3459/3459
f 1415/1415 1420/1420 1416/1416
f 1418/1418 1420/1420 1415/1415
f 1424/1424 1423/1423 1418/1418
f 1434/1434 1442/1442 1423/1423
f 1434/1434 1423/1423 1424/1424
f 1443/1443 1442/1442 1434/1434
f 2903/2903 2885/2885 2888/2888
f 2888/2888 2885/2885 2887/2887
f 3086/3086 3083/3083 3108/3108
f 3083/3083 3019/3019 3110/3110
f 3095/3095 3097/3097 3107/3107
f 3112/3112 3087/3087 3111/3111
f 3087/3087 3082/3082 3111/3111
f 3082/3082 3086/3086 3109/3109
f 3019/3019 3020/3020 3021/3021
f 3100/3100 3038/3038 3119/3119
f 2816/2816 2809/2809 2851/2851
f 2816/2816 2851/2851 2857/2857
f 3089/3089 3088/3088 3112/3112
f 3112/3112 3088/3088 3087/3087
f 150/150 147/147 138/138
f 2815/2815 2809/2809 2816/2816
f 3117/3117 3091/3091 3089/3089
f 1798/1798 1778/1778 1767/1767
f 1798/1798 1767/1767 1799/1799
f 1794/1794 1767/1767 1757/1757
f 1794/1794 1757/1757 1795/1795
f 1795/1795 1757/1757 1756/1756
f 1795/1795 1756/1756 1796/1796
f 1796/1796 1756/1756 1777/1777
f 1796/1796 1777/1777 1804/1804
f 1804/1804 1777/1777 1793/1793
f 1793/1793 1777/1777 1760/1760
f 1793/1793 1760/1760 1762/1762
f 1793/1793 1762/1762 1797/1797
f 418/418 419/419 416/416
f 1797/1797 1762/1762 1765/1765
f 1797/1797 1765/1765 1803/1803
f 416/416 419/419 420/420
f 1803/1803 1765/1765 1802/1802
f 1800/1800 1765/1765 1775/1775
f 1800/1800 1775/1775 1801/1801
f 1801/1801 1775/1775 1779/1779
f 1894/1894 1891/1891 1893/1893
f 1895/1895 1893/1893 1899/1899
f 1895/1895 1899/1899 1902/1902
f 1369/1369 1367/1367 1382/1382
f 1367/1367 1359/1359 1382/1382
f 1363/1363 1371/1371 1383/1383
f 2841/2841 2863/2863 2862/2862
f 1383/1383 1371/1371 1375/1375
f 1431/1431 1451/1451 1430/1430
f 1428/1428 1431/1431 1430/1430
f 1414/1414 1412/1412 1426/1426
f 1418/1418 1422/1422 1420/1420
f 1423/1423 1422/1422 1418/1418
f 1442/1442 1444/1444 1423/1423
f 1442/1442 1443/1443 1444/1444
f 2904/2904 2897/2897 2903/2903
f 2903/2903 2897/2897 2885/2885
f 2887/2887 2890/2890 2891/2891
f 2891/2891 2890/2890 2893/2893
f 3019/3019 3083/3083 3084/3084
f 3019/3019 3084/3084 3022/3022
f 3025/3025 3024/3024 3096/3096
f 3096/3096 3024/3024 3095/3095
f 3095/3095 3024/3024 3028/3028
f 3095/3095 3028/3028 3029/3029
f 3095/3095 3029/3029 3097/3097
f 3097/3097 3029/3029 3032/3032
f 3097/3097 3032/3032 3098/3098
f 3098/3098 3032/3032 3034/3034
f 3098/3098 3034/3034 3099/3099
f 3099/3099 3034/3034 3036/3036
f 3099/3099 3036/3036 3100/3100
f 3100/3100 3036/3036 3038/3038
f 3082/3082 3085/3085 3086/3086
f 3019/3019 3022/3022 3020/3020
f 1778/1778 1774/1774 1768/1768
f 1778/1778 1768/1768 1767/1767
f 138/138 153/153 151/151
f 2746/2746 2741/2741 2743/2743
f 1756/1756 1754/1754 1777/1777
f 1777/1777 1754/1754 1760/1760
f 1369/1369 1368/1368 1367/1367
f 1367/1367 1366/1366 1359/1359
f 1359/1359 1360/1360 1361/1361
f 1363/1363 1362/1362 1364/1364
f 1363/1363 1364/1364 1371/1371
f 1371/1371 1374/1374 1375/1375
f 2835/2835 2840/2840 2841/2841
f 2835/2835 2841/2841 2836/2836
f 1431/1431 1447/1447 1451/1451
f 1428/1428 1436/1436 1431/1431
f 1426/1426 1436/1436 1428/1428
f 2835/2835 2846/2846 2840/2840
f 1459/1459 1461/1461 1460/1460
f 1451/1451 1459/1459 1460/1460
f 1451/1451 1447/1447 1459/1459
f 1412/1412 1438/1438 1426/1426
f 1413/1413 1438/1438 1412/1412
f 1413/1413 1440/1440 1438/1438
f 1416/1416 1440/1440 1413/1413
f 1420/1420 1439/1439 1416/1416
f 1425/1425 1439/1439 1420/1420
f 1422/1422 1425/1425 1420/1420
f 1422/1422 1441/1441 1425/1425
f 1423/1423 1441/1441 1422/1422
f 1444/1444 1445/1445 1423/1423
f 2907/2907 2897/2897 2904/2904
f 2907/2907 2904/2904 2908/2908
f 2885/2885 2886/2886 2887/2887
f 2887/2887 2886/2886 2890/2890
f 2890/2890 2894/2894 2893/2893
f 2893/2893 2894/2894 2902/2902
f 3086/3086 3063/3063 3083/3083
f 3023/3023 3024/3024 3025/3025
f 3029/3029 3031/3031 3032/3032
f 3075/3075 3072/3072 3088/3088
f 3088/3088 3072/3072 3087/3087
f 147/147 146/146 138/138
f 3089/3089 3078/3078 3075/3075
f 3089/3089 3075/3075 3088/3088
f 3089/3089 3091/3091 3078/3078
f 2852/2852 2811/2811 2815/2815
f 3090/3090 3078/3078 3091/3091
f 1768/1768 1769/1769 1767/1767
f 2746/2746 2777/2777 2748/2748
f 1769/1769 1770/1770 1767/1767
f 153/153 155/155 172/172
f 1767/1767 1759/1759 1757/1757
f 1754/1754 1755/1755 1760/1760
f 2731/2731 2772/2772 2728/2728
f 1760/1760 1761/1761 1762/1762
f 1764/1764 1766/1766 1765/1765
f 1893/1893 1901/1901 1899/1899
f 268/268 496/496 278/278
f 1377/1377 1370/1370 1369/1369
f 1369/1369 1370/1370 1368/1368
f 285/285 306/306 305/305
f 305/305 306/306 304/304
f 1368/1368 1366/1366 1367/1367
f 476/476 522/522 528/528
f 158/158 522/522 143/143
f 1436/1436 1446/1446 1431/1431
f 1374/1374 1376/1376 1375/1375
f 1438/1438 1436/1436 1426/1426
f 3352/3352 3458/3458 3343/3343
f 1416/1416 1439/1439 1440/1440
f 1425/1425 1448/1448 1439/1439
f 1441/1441 1448/1448 1425/1425
f 1445/1445 1458/1458 1441/1441
f 1423/1423 1445/1445 1441/1441
f 2906/2906 2897/2897 2907/2907
f 2889/2889 2886/2886 2885/2885
f 2897/2897 2889/2889 2885/2885
f 1490/1490 1489/1489 1517/1517
f 3085/3085 3065/3065 3086/3086
f 3086/3086 3065/3065 3063/3063
f 3083/3083 3063/3063 3062/3062
f 3083/3083 3062/3062 3084/3084
f 3084/3084 3062/3062 3022/3022
f 3024/3024 3023/3023 3026/3026
f 3026/3026 3027/3027 3024/3024
f 3024/3024 3027/3027 3028/3028
f 3028/3028 3027/3027 3029/3029
f 3027/3027 3030/3030 3029/3029
f 3029/3029 3030/3030 3031/3031
f 3032/3032 3031/3031 3033/3033
f 3032/3032 3033/3033 3034/3034
f 3033/3033 3035/3035 3034/3034
f 3034/3034 3035/3035 3036/3036
f 3036/3036 3035/3035 3037/3037
f 3036/3036 3037/3037 3038/3038
f 3037/3037 3040/3040 3038/3038
f 1499/1499 1501/1501 1515/1515
f 3087/3087 3072/3072 3082/3082
f 3082/3082 3072/3072 3067/3067
f 3067/3067 3065/3065 3085/3085
f 3082/3082 3067/3067 3085/3085
f 1774/1774 1773/1773 1772/1772
f 1518/1518 1506/1506 1521/1521
f 1774/1774 1772/1772 1768/1768
f 2815/2815 2811/2811 2809/2809
f 1772/1772 1771/1771 1768/1768
f 3094/3094 3080/3080 3090/3090
f 3090/3090 3080/3080 3078/3078
f 1768/1768 1771/1771 1769/1769
f 172/172 155/155 178/178
f 172/172 178/178 511/511
f 1759/1759 1758/1758 1757/1757
f 511/511 480/480 481/481
f 1757/1757 1758/1758 1752/1752
f 1757/1757 1752/1752 1756/1756
f 481/481 480/480 454/454
f 481/481 454/454 455/455
f 1756/1756 1752/1752 1754/1754
f 1752/1752 1753/1753 1754/1754
f 455/455 421/421 418/418
f 1754/1754 1753/1753 1755/1755
f 418/418 421/421 419/419
f 1761/1761 1763/1763 1762/1762
f 1763/1763 1764/1764 1762/1762
f 1765/1765 1766/1766 1775/1775
f 1775/1775 1766/1766 1776/1776
f 1775/1775 1776/1776 1779/1779
f 1891/1891 1897/1897 1892/1892
f 1891/1891 1892/1892 1893/1893
f 1679/1679 1677/1677 1652/1652
f 1652/1652 1648/1648 1651/1651
f 1648/1648 1649/1649 1651/1651
f 1651/1651 1649/1649 1650/1650
f 1370/1370 1380/1380 1368/1368
f 1368/1368 1380/1380 1381/1381
f 304/304 306/306 316/316
f 1368/1368 1381/1381 1366/1366
f 1196/1196 1181/1181 1198/1198
f 302/302 303/303 315/315
f 302/302 315/315 317/317
f 1200/1200 1172/1172 1199/1199
f 335/335 475/475 476/476
f 317/317 335/335 476/476
f 476/476 475/475 522/522
f 1199/1199 1173/1173 1195/1195
f 1195/1195 1173/1173 1174/1174
f 3438/3438 3440/3440 3454/3454
f 1431/1431 1446/1446 1447/1447
f 129/129 128/128 130/130
f 1447/1447 1457/1457 1459/1459
f 1438/1438 1446/1446 1436/1436
f 1376/1376 1374/1374 1379/1379
f 1459/1459 1467/1467 1461/1461
f 1438/1438 1449/1449 1446/1446
f 1440/1440 1449/1449 1438/1438
f 3237/3237 3238/3238 3239/3239
f 1440/1440 1454/1454 1449/1449
f 1452/1452 1454/1454 1440/1440
f 1439/1439 1452/1452 1440/1440
f 1453/1453 1452/1452 1439/1439
f 1448/1448 1453/1453 1439/1439
f 1441/1441 1470/1470 1448/1448
f 1458/1458 1470/1470 1441/1441
f 2905/2905 2897/2897 2906/2906
f 2905/2905 2889/2889 2897/2897
f 2889/2889 2905/2905 2899/2899
f 2889/2889 2899/2899 2886/2886
f 2886/2886 2899/2899 2898/2898
f 2886/2886 2898/2898 2890/2890
f 2890/2890 2898/2898 2896/2896
f 2890/2890 2896/2896 2894/2894
f 3065/3065 3066/3066 3064/3064
f 3065/3065 3064/3064 3063/3063
f 3064/3064 3061/3061 3063/3063
f 3063/3063 3061/3061 3062/3062
f 3023/3023 3042/3042 3026/3026
f 3027/3027 3026/3026 3043/3043
f 3043/3043 3030/3030 3027/3027
f 3031/3031 3030/3030 3039/3039
f 3031/3031 3039/3039 3033/3033
f 3033/3033 3039/3039 3041/3041
f 3041/3041 3035/3035 3033/3033
f 3035/3035 3040/3040 3037/3037
f 2809/2809 2850/2850 2851/2851
f 3075/3075 3074/3074 3072/3072
f 1773/1773 1771/1771 1772/1772
f 1769/1769 1780/1780 1770/1770
f 178/178 480/480 511/511
f 2203/2203 2147/2147 2198/2198
f 454/454 421/421 455/455
f 1892/1892 1896/1896 1893/1893
f 594/594 591/591 597/597
f 1893/1893 1896/1896 1901/1901
f 597/597 591/591 596/596
f 268/268 530/530 496/496
f 1190/1190 1187/1187 1186/1186
f 1182/1182 1181/1181 1196/1196
f 1198/1198 1181/1181 1183/1183
f 304/304 314/314 303/303
f 1183/1183 1172/1172 1197/1197
f 303/303 314/314 315/315
f 315/315 335/335 317/317
f 1172/1172 1173/1173 1199/1199
f 1174/1174 1176/1176 1184/1184
f 1195/1195 1174/1174 1184/1184
f 1184/1184 1176/1176 1178/1178
f 1178/1178 1180/1180 1188/1188
f 1189/1189 1178/1178 1188/1188
f 1447/1447 1455/1455 1457/1457
f 1446/1446 1455/1455 1447/1447
f 1467/1467 1468/1468 1461/1461
f 1459/1459 1457/1457 1467/1467
f 1449/1449 1456/1456 1446/1446
f 1188/1188 1180/1180 1191/1191
f 1453/1453 1469/1469 1452/1452
f 1470/1470 1469/1469 1453/1453
f 1448/1448 1470/1470 1453/1453
f 2514/2514 2503/2503 2504/2504
f 2514/2514 2501/2501 2503/2503
f 2514/2514 2525/2525 2501/2501
f 2525/2525 2502/2502 2501/2501
f 2525/2525 2524/2524 2502/2502
f 2524/2524 2506/2506 2502/2502
f 2506/2506 2505/2505 2502/2502
f 2506/2506 2507/2507 2505/2505
f 2524/2524 2527/2527 2506/2506
f 2506/2506 2527/2527 2507/2507
f 3061/3061 3060/3060 3059/3059
f 3061/3061 3059/3059 3062/3062
f 2193/2193 2190/2190 2187/2187
f 3030/3030 3043/3043 3046/3046
f 3046/3046 3045/3045 3030/3030
f 3040/3040 3044/3044 3049/3049
f 1523/1523 1536/1536 1519/1519
f 3068/3068 3066/3066 3067/3067
f 3066/3066 3069/3069 3064/3064
f 3064/3064 3069/3069 3061/3061
f 3039/3039 3030/3030 3045/3045
f 3039/3039 3045/3045 3041/3041
f 3041/3041 3044/3044 3035/3035
f 3035/3035 3044/3044 3040/3040
f 2809/2809 2810/2810 2850/2850
f 3072/3072 3074/3074 3071/3071
f 3072/3072 3071/3071 3067/3067
f 2811/2811 2810/2810 2809/2809
f 3075/3075 3077/3077 3074/3074
f 2160/2160 2163/2163 2192/2192
f 3078/3078 3077/3077 3075/3075
f 3080/3080 3079/3079 3078/3078
f 3094/3094 3079/3079 3080/3080
f 138/138 154/154 153/153
f 2147/2147 2150/2150 2198/2198
f 420/420 591/591 594/594
f 1897/1897 1903/1903 1892/1892
f 1892/1892 1900/1900 1896/1896
f 278/278 288/288 282/282
f 1166/1166 1165/1165 1167/1167
f 316/316 314/314 304/304
f 1160/1160 1161/1161 1162/1162
f 1161/1161 1163/1163 1162/1162
f 1162/1162 1163/1163 1169/1169
f 1176/1176 1175/1175 1177/1177
f 3440/3440 3451/3451 3454/3454
f 2840/2840 2839/2839 2841/2841
f 1456/1456 1455/1455 1446/1446
f 2845/2845 2840/2840 2846/2846
f 1455/1455 1473/1473 1457/1457
f 1467/1467 1475/1475 1468/1468
f 1457/1457 1475/1475 1467/1467
f 1449/1449 1454/1454 1456/1456
f 1454/1454 1476/1476 1456/1456
f 3238/3238 3237/3237 3240/3240
f 1452/1452 1469/1469 1454/1454
f 2504/2504 2519/2519 2535/2535
f 2504/2504 2486/2486 2519/2519
f 2504/2504 2498/2498 2486/2486
f 2503/2503 2498/2498 2504/2504
f 2501/2501 2498/2498 2503/2503
f 2501/2501 2500/2500 2498/2498
f 2500/2500 2497/2497 2498/2498
f 2501/2501 2502/2502 2500/2500
f 2500/2500 2505/2505 2497/2497
f 2502/2502 2505/2505 2500/2500
f 2505/2505 2510/2510 2497/2497
f 2507/2507 2523/2523 2510/2510
f 2505/2505 2507/2507 2510/2510
f 2547/2547 2546/2546 2520/2520
f 2529/2529 2547/2547 2520/2520
f 2529/2529 2548/2548 2547/2547
f 2545/2545 2521/2521 2546/2546
f 3073/3073 3092/3092 3069/3069
f 3092/3092 3070/3070 3069/3069
f 3059/3059 3058/3058 3053/3053
f 3048/3048 3053/3053 3047/3047
f 3047/3047 3051/3051 3043/3043
f 3043/3043 3051/3051 3046/3046
f 3046/3046 3050/3050 3045/3045
f 3045/3045 3050/3050 3052/3052
f 3045/3045 3052/3052 3044/3044
f 3052/3052 3049/3049 3044/3044
f 2810/2810 2844/2844 2850/2850
f 3066/3066 3068/3068 3073/3073
f 163/163 145/145 146/146
f 3074/3074 3076/3076 3071/3071
f 3077/3077 3076/3076 3074/3074
f 154/154 169/169 155/155
f 153/153 154/154 155/155
f 155/155 179/179 178/178
f 421/421 422/422 419/419
f 419/419 422/422 420/420
f 420/420 422/422 423/423
f 1677/1677 1631/1631 1652/1652
f 1652/1652 1631/1631 1648/1648
f 288/288 289/289 282/282
f 282/282 289/289 285/285
f 289/289 290/290 285/285
f 285/285 290/290 306/306
f 475/475 474/474 522/522
f 143/143 526/526 161/161
f 161/161 142/142 143/143
f 143/143 142/142 128/128
f 2845/2845 2838/2838 2840/2840
f 1455/1455 1474/1474 1473/1473
f 1456/1456 1474/1474 1455/1455
f 1456/1456 1476/1476 1474/1474
f 2845/2845 2847/2847 2838/2838
f 1473/1473 1475/1475 1457/1457
f 2538/2538 2537/2537 2550/2550
f 2531/2531 2516/2516 2533/2533
f 1454/1454 1486/1486 1476/1476
f 1469/1469 1486/1486 1454/1454
f 2535/2535 2515/2515 2531/2531
f 2482/2482 2515/2515 2535/2535
f 2519/2519 2482/2482 2535/2535
f 2519/2519 2486/2486 2482/2482
f 2498/2498 2478/2478 2486/2486
f 2498/2498 2497/2497 2478/2478
f 2497/2497 2493/2493 2478/2478
f 2497/2497 2510/2510 2493/2493
f 2508/2508 2529/2529 2511/2511
f 2493/2493 2526/2526 2508/2508
f 2510/2510 2526/2526 2493/2493
f 2508/2508 2526/2526 2529/2529
f 2989/2989 2986/2986 2990/2990
f 2990/2990 2986/2986 2991/2991
f 3058/3058 3055/3055 3053/3053
f 3051/3051 3055/3055 3054/3054
f 3054/3054 3120/3120 3050/3050
f 3071/3071 3102/3102 3068/3068
f 3068/3068 3102/3102 3101/3101
f 3068/3068 3101/3101 3073/3073
f 3092/3092 3058/3058 3070/3070
f 3070/3070 3058/3058 3060/3060
f 162/162 145/145 163/163
f 1536/1536 1523/1523 1538/1538
f 3077/3077 3081/3081 3076/3076
f 3079/3079 3081/3081 3077/3077
f 146/146 145/145 138/138
f 178/178 513/513 480/480
f 480/480 453/453 454/454
f 420/420 423/423 591/591
f 1648/1648 1632/1632 1649/1649
f 1632/1632 1635/1635 1649/1649
f 1649/1649 1635/1635 1650/1650
f 278/278 496/496 288/288
f 314/314 326/326 315/315
f 315/315 326/326 335/335
f 475/475 335/335 474/474
f 2838/2838 2839/2839 2840/2840
f 2533/2533 2530/2530 2532/2532
f 2533/2533 2516/2516 2530/2530
f 2538/2538 2536/2536 2537/2537
f 2538/2538 2491/2491 2536/2536
f 3240/3240 3237/3237 3241/3241
f 2531/2531 2480/2480 2516/2516
f 2515/2515 2480/2480 2531/2531
f 2483/2483 2470/2470 2480/2480
f 2515/2515 2483/2483 2480/2480
f 2482/2482 2483/2483 2515/2515
f 2483/2483 2471/2471 2470/2470
f 2482/2482 2471/2471 2483/2483
f 2482/2482 2475/2475 2471/2471
f 2486/2486 2475/2475 2482/2482
f 2486/2486 2478/2478 2475/2475
f 2471/2471 2469/2469 2470/2470
f 2475/2475 2474/2474 2471/2471
f 2471/2471 2473/2473 2469/2469
f 2474/2474 2473/2473 2471/2471
f 2478/2478 2474/2474 2475/2475
f 2495/2495 2494/2494 2473/2473
f 2493/2493 2495/2495 2473/2473
f 2474/2474 2493/2493 2473/2473
f 2478/2478 2493/2493 2474/2474
f 2495/2495 2511/2511 2494/2494
f 2495/2495 2508/2508 2511/2511
f 2493/2493 2508/2508 2495/2495
f 2494/2494 2521/2521 2496/2496
f 2520/2520 2521/2521 2494/2494
f 2511/2511 2520/2520 2494/2494
f 2986/2986 3004/3004 2993/2993
f 2993/2993 2994/2994 2991/2991
f 3121/3121 3120/3120 3054/3054
f 2540/2540 2542/2542 2541/2541
f 2539/2539 2541/2541 2540/2540
f 2844/2844 2813/2813 2843/2843
f 2539/2539 2543/2543 2541/2541
f 2521/2521 2545/2545 2522/2522
f 137/137 145/145 162/162
f 2810/2810 2813/2813 2844/2844
f 2544/2544 2549/2549 2528/2528
f 2522/2522 2544/2544 2528/2528
f 2545/2545 2544/2544 2522/2522
f 3103/3103 3102/3102 3071/3071
f 3104/3104 3103/3103 3076/3076
f 3081/3081 3104/3104 3076/3076
f 2811/2811 2812/2812 2810/2810
f 3094/3094 3093/3093 3079/3079
f 3079/3079 3093/3093 3081/3081
f 179/179 513/513 178/178
f 513/513 479/479 480/480
f 480/480 479/479 453/453
f 454/454 453/453 421/421
f 1648/1648 1631/1631 1632/1632
f 2838/2838 2826/2826 2839/2839
f 2492/2492 2491/2491 2532/2532
f 2530/2530 2489/2489 2532/2532
f 2847/2847 2837/2837 2838/2838
f 2489/2489 2492/2492 2532/2532
f 2530/2530 2516/2516 2489/2489
f 2536/2536 2513/2513 2537/2537
f 2513/2513 2518/2518 2537/2537
f 2516/2516 2481/2481 2489/2489
f 2491/2491 2513/2513 2536/2536
f 2516/2516 2480/2480 2481/2481
f 2480/2480 2476/2476 2481/2481
f 2480/2480 2468/2468 2476/2476
f 2470/2470 2468/2468 2480/2480
f 2470/2470 2469/2469 2468/2468
f 820/820 822/822 819/819
f 2472/2472 2477/2477 2476/2476
f 2468/2468 2472/2472 2476/2476
f 2469/2469 2472/2472 2468/2468
f 3231/3231 3232/3232 3233/3233
f 2472/2472 2494/2494 2477/2477
f 2843/2843 2813/2813 2842/2842
f 2494/2494 2496/2496 2477/2477
f 2517/2517 2539/2539 2540/2540
f 2517/2517 2509/2509 2539/2539
f 2979/2979 2972/2972 2975/2975
f 2979/2979 2975/2975 2980/2980
f 1921/1921 1979/1979 1990/1990
f 2956/2956 2958/2958 2959/2959
f 800/800 797/797 793/793
f 2496/2496 2522/2522 2499/2499
f 2521/2521 2522/2522 2496/2496
f 2696/2696 2693/2693 2680/2680
f 2509/2509 2528/2528 2543/2543
f 2499/2499 2528/2528 2509/2509
f 2522/2522 2528/2528 2499/2499
f 2810/2810 2812/2812 2813/2813
f 453/453 433/433 421/421
f 421/421 433/433 412/412
f 316/316 324/324 314/314
f 325/325 326/326 314/314
f 335/335 348/348 474/474
f 877/877 880/880 883/883
f 2837/2837 2826/2826 2838/2838
f 1079/1079 1078/1078 1059/1059
f 2824/2824 2826/2826 2837/2837
f 2492/2492 2484/2484 2491/2491
f 2489/2489 2484/2484 2492/2492
f 2481/2481 2484/2484 2489/2489
f 2484/2484 2487/2487 2491/2491
f 2513/2513 2512/2512 2518/2518
f 2487/2487 2512/2512 2513/2513
f 2491/2491 2487/2487 2513/2513
f 2481/2481 2479/2479 2484/2484
f 2481/2481 2476/2476 2479/2479
f 2512/2512 2517/2517 2518/2518
f 2842/2842 2824/2824 2837/2837
f 2487/2487 2490/2490 2512/2512
f 2476/2476 2477/2477 2479/2479
f 2813/2813 2824/2824 2842/2842
f 2490/2490 2517/2517 2512/2512
f 2496/2496 2488/2488 2479/2479
f 2477/2477 2496/2496 2479/2479
f 2490/2490 2509/2509 2517/2517
f 1040/1040 1041/1041 1042/1042
f 797/797 790/790 793/793
f 2488/2488 2499/2499 2509/2509
f 2488/2488 2509/2509 2490/2490
f 2496/2496 2499/2499 2488/2488
f 1921/1921 1928/1928 1979/1979
f 2680/2680 2679/2679 2661/2661
f 2814/2814 2824/2824 2813/2813
f 1989/1989 1990/1990 1979/1979
f 2715/2715 2699/2699 2714/2714
f 2714/2714 2699/2699 2696/2696
f 2699/2699 2693/2693 2696/2696
f 2693/2693 2679/2679 2680/2680
f 3150/3150 3123/3123 3121/3121
f 3123/3123 3122/3122 3121/3121
f 3121/3121 3122/3122 3120/3120
f 2812/2812 2814/2814 2813/2813
f 2988/2988 2984/2984 2985/2985
f 137/137 138/138 145/145
f 138/138 136/136 154/154
f 154/154 177/177 169/169
f 169/169 177/177 179/179
f 290/290 327/327 306/306
f 306/306 324/324 316/316
f 326/326 348/348 335/335
f 142/142 131/131 128/128
f 128/128 131/131 130/130
f 130/130 131/131 132/132
f 1067/1067 1059/1059 1078/1078
f 1941/1941 1936/1936 1930/1930
f 1052/1052 1056/1056 1059/1059
f 1056/1056 1052/1052 1054/1054
f 2825/2825 2826/2826 2824/2824
f 2485/2485 2487/2487 2484/2484
f 2479/2479 2485/2485 2484/2484
f 1930/1930 1915/1915 1922/1922
f 2487/2487 2485/2485 2490/2490
f 1922/1922 1915/1915 1921/1921
f 2485/2485 2488/2488 2490/2490
f 2479/2479 2488/2488 2485/2485
f 2824/2824 2814/2814 2825/2825
f 1928/1928 1989/1989 1979/1979
f 3220/3220 3150/3150 3221/3221
f 1041/1041 1037/1037 1042/1042
f 3220/3220 3161/3161 3150/3150
f 2715/2715 2710/2710 2699/2699
f 3150/3150 3148/3148 3123/3123
f 3122/3122 3162/3162 3120/3120
f 2985/2985 2984/2984 2969/2969
f 138/138 137/137 136/136
f 179/179 177/177 514/514
f 421/421 412/412 422/422
f 422/422 424/424 423/423
f 591/591 595/595 596/596
f 1677/1677 1676/1676 1631/1631
f 1631/1631 1628/1628 1627/1627
f 1631/1631 1627/1627 1632/1632
f 288/288 334/334 289/289
f 324/324 325/325 314/314
f 326/326 332/332 348/348
f 474/474 527/527 526/526
f 161/161 541/541 142/142
f 876/876 875/875 877/877
f 1950/1950 1936/1936 1941/1941
f 1936/1936 1915/1915 1930/1930
f 2825/2825 2827/2827 2826/2826
f 1040/1040 1037/1037 1041/1041
f 1921/1921 1920/1920 1928/1928
f 2814/2814 2864/2864 2825/2825
f 2969/2969 2966/2966 2970/2970
f 3161/3161 3148/3148 3150/3150
f 3148/3148 3124/3124 3123/3123
f 3123/3123 3124/3124 3122/3122
f 2968/2968 2969/2969 2984/2984
f 179/179 514/514 513/513
f 513/513 471/471 479/479
f 1676/1676 1628/1628 1631/1631
f 1632/1632 1633/1633 1635/1635
f 530/530 519/519 496/496
f 496/496 334/334 288/288
f 132/132 131/131 133/133
f 132/132 133/133 134/134
f 1052/1052 1027/1027 1040/1040
f 2825/2825 2861/2861 2827/2827
f 1921/1921 1915/1915 1920/1920
f 1040/1040 1027/1027 1037/1037
f 2967/2967 2968/2968 2981/2981
f 1928/1928 1920/1920 1989/1989
f 2679/2679 2666/2666 2661/2661
f 135/135 136/136 137/137
f 2699/2699 2692/2692 2693/2693
f 2693/2693 2692/2692 2679/2679
f 3124/3124 3125/3125 3122/3122
f 3122/3122 3125/3125 3162/3162
f 479/479 471/471 453/453
f 423/423 589/589 591/591
f 591/591 589/589 595/595
f 1627/1627 1633/1633 1632/1632
f 496/496 504/504 334/334
f 289/289 330/330 290/290
f 306/306 327/327 324/324
f 325/325 331/331 326/326
f 331/331 332/332 326/326
f 332/332 461/461 348/348
f 348/348 461/461 474/474
f 527/527 474/474 497/497
f 1936/1936 1935/1935 1915/1915
f 1052/1052 1053/1053 1027/1027
f 2337/2337 2327/2327 2331/2331
f 1920/1920 1988/1988 1989/1989
f 2716/2716 2710/2710 2715/2715
f 513/513 514/514 471/471
f 471/471 449/449 453/453
f 422/422 412/412 411/411
f 422/422 411/411 424/424
f 330/330 327/327 290/290
f 324/324 328/328 325/325
f 474/474 461/461 497/497
f 1066/1066 1052/1052 1067/1067
f 1936/1936 1949/1949 1935/1935
f 1915/1915 1914/1914 1920/1920
f 134/134 133/133 135/135
f 3220/3220 3223/3223 3155/3155
f 2716/2716 2704/2704 2710/2710
f 2704/2704 2695/2695 2699/2699
f 2710/2710 2704/2704 2699/2699
f 2699/2699 2695/2695 2692/2692
f 2692/2692 2677/2677 2679/2679
f 3220/3220 3155/3155 3161/3161
f 3149/3149 3124/3124 3148/3148
f 3161/3161 3149/3149 3148/3148
f 135/135 133/133 136/136
f 540/540 514/514 177/177
f 449/449 427/427 453/453
f 453/453 427/427 433/433
f 424/424 589/589 423/423
f 1628/1628 1625/1625 1627/1627
f 289/289 334/334 330/330
f 328/328 331/331 325/325
f 541/541 185/185 131/131
f 1027/1027 1028/1028 1037/1037
f 1920/1920 1987/1987 1988/1988
f 2719/2719 2704/2704 2716/2716
f 3155/3155 3149/3149 3161/3161
f 3149/3149 3126/3126 3124/3124
f 3124/3124 3126/3126 3125/3125
f 514/514 540/540 515/515
f 514/514 515/515 471/471
f 1627/1627 1634/1634 1633/1633
f 519/519 525/525 504/504
f 332/332 342/342 461/461
f 131/131 167/167 133/133
f 1935/1935 1937/1937 1907/1907
f 1935/1935 1907/1907 1915/1915
f 1915/1915 1907/1907 1914/1914
f 2677/2677 2664/2664 2666/2666
f 133/133 139/139 136/136
f 2704/2704 2702/2702 2695/2695
f 3126/3126 3127/3127 3125/3125
f 3127/3127 3165/3165 3125/3125
f 3125/3125 3165/3165 3162/3162
f 139/139 140/140 136/136
f 589/589 585/585 595/595
f 585/585 614/614 595/595
f 1676/1676 1661/1661 1628/1628
f 1628/1628 1661/1661 1625/1625
f 1625/1625 1626/1626 1627/1627
f 1627/1627 1626/1626 1630/1630
f 1627/1627 1630/1630 1634/1634
f 327/327 328/328 324/324
f 328/328 338/338 331/331
f 332/332 331/331 341/341
f 332/332 341/341 342/342
f 497/497 498/498 532/532
f 131/131 185/185 167/167
f 1948/1948 1935/1935 1949/1949
f 1065/1065 1053/1053 1066/1066
f 1053/1053 1050/1050 1027/1027
f 141/141 139/139 133/133
f 1914/1914 1924/1924 1920/1920
f 1924/1924 1987/1987 1920/1920
f 2713/2713 2702/2702 2704/2704
f 2719/2719 2713/2713 2704/2704
f 2695/2695 2685/2685 2692/2692
f 2692/2692 2685/2685 2677/2677
f 3155/3155 3129/3129 3126/3126
f 3155/3155 3126/3126 3149/3149
f 140/140 188/188 187/187
f 187/187 188/188 540/540
f 515/515 472/472 471/471
f 471/471 448/448 449/449
f 427/427 409/409 433/433
f 433/433 409/409 412/412
f 412/412 409/409 411/411
f 411/411 442/442 424/424
f 424/424 442/442 589/589
f 347/347 333/333 330/330
f 334/334 347/347 330/330
f 329/329 328/328 327/327
f 342/342 370/370 461/461
f 497/497 461/461 498/498
f 133/133 167/167 164/164
f 133/133 164/164 141/141
f 1053/1053 1065/1065 1050/1050
f 1050/1050 1024/1024 1027/1027
f 1907/1907 1913/1913 1914/1914
f 1024/1024 1026/1026 1027/1027
f 1026/1026 1028/1028 1027/1027
f 1914/1914 1913/1913 1924/1924
f 3223/3223 3222/3222 3155/3155
f 2688/2688 2685/2685 2695/2695
f 2702/2702 2688/2688 2695/2695
f 140/140 183/183 188/188
f 188/188 516/516 540/540
f 540/540 516/516 515/515
f 472/472 448/448 471/471
f 442/442 580/580 589/589
f 589/589 580/580 585/585
f 1625/1625 1629/1629 1626/1626
f 330/330 333/333 327/327
f 342/342 341/341 370/370
f 461/461 462/462 498/498
f 532/532 498/498 531/531
f 185/185 531/531 186/186
f 167/167 186/186 164/164
f 1970/1970 1969/1969 1962/1962
f 1948/1948 1944/1944 1937/1937
f 1937/1937 1938/1938 1907/1907
f 1026/1026 1038/1038 1028/1028
f 1038/1038 1044/1044 1028/1028
f 2719/2719 2718/2718 2713/2713
f 3222/3222 3160/3160 3155/3155
f 3155/3155 3160/3160 3129/3129
f 3127/3127 3128/3128 3165/3165
f 3129/3129 3128/3128 3126/3126
f 1661/1661 1629/1629 1625/1625
f 504/504 347/347 334/334
f 327/327 333/333 329/329
f 338/338 340/340 331/331
f 331/331 340/340 341/341
f 341/341 371/371 370/370
f 461/461 370/370 462/462
f 164/164 184/184 141/141
f 184/184 533/533 183/183
f 1924/1924 1991/1991 1987/1987
f 1924/1924 1986/1986 1991/1991
f 2685/2685 2674/2674 2677/2677
f 3160/3160 3130/3130 3129/3129
f 183/183 521/521 188/188
f 188/188 521/521 516/516
f 516/516 472/472 515/515
f 472/472 457/457 448/448
f 449/449 426/426 427/427
f 525/525 347/347 504/504
f 329/329 337/337 328/328
f 328/328 337/337 338/338
f 462/462 463/463 498/498
f 498/498 463/463 531/531
f 463/463 186/186 531/531
f 186/186 535/535 184/184
f 1050/1050 1051/1051 1024/1024
f 184/184 535/535 533/533
f 2718/2718 2707/2707 2713/2713
f 2688/2688 2674/2674 2685/2685
f 3160/3160 3156/3156 3130/3130
f 3128/3128 3166/3166 3165/3165
f 2713/2713 2707/2707 2702/2702
f 3129/3129 3130/3130 3128/3128
f 533/533 521/521 183/183
f 448/448 426/426 449/449
f 426/426 409/409 427/427
f 585/585 560/560 614/614
f 1661/1661 1662/1662 1629/1629
f 1629/1629 1637/1637 1626/1626
f 1637/1637 1636/1636 1626/1626
f 1626/1626 1636/1636 1630/1630
f 1630/1630 1638/1638 1634/1634
f 548/548 546/546 525/525
f 525/525 505/505 347/347
f 338/338 339/339 340/340
f 463/463 490/490 186/186
f 2674/2674 2663/2663 2664/2664
f 3222/3222 3224/3224 3160/3160
f 2336/2336 2324/2324 2323/2323
f 2720/2720 2707/2707 2718/2718
f 521/521 487/487 516/516
f 516/516 487/487 472/472
f 426/426 407/407 409/409
f 411/411 410/410 442/442
f 442/442 581/581 580/580
f 580/580 560/560 585/585
f 1636/1636 1638/1638 1630/1630
f 347/347 464/464 333/333
f 333/333 464/464 343/343
f 333/333 343/343 329/329
f 370/370 437/437 462/462
f 462/462 437/437 463/463
f 535/535 490/490 509/509
f 509/509 488/488 533/533
f 2688/2688 2687/2687 2674/2674
f 3224/3224 3177/3177 3160/3160
f 3177/3177 3156/3156 3160/3160
f 3132/3132 3166/3166 3128/3128
f 2707/2707 2700/2700 2702/2702
f 2702/2702 2700/2700 2688/2688
f 533/533 488/488 521/521
f 521/521 488/488 487/487
f 487/487 458/458 472/472
f 472/472 458/458 457/457
f 409/409 410/410 411/411
f 581/581 573/573 580/580
f 1662/1662 1639/1639 1629/1629
f 343/343 337/337 329/329
f 1938/1938 1931/1931 1907/1907
f 1913/1913 1919/1919 1924/1924
f 3224/3224 3225/3225 3177/3177
f 3156/3156 3138/3138 3130/3130
f 3131/3131 3132/3132 3128/3128
f 3130/3130 3131/3131 3128/3128
f 410/410 583/583 442/442
f 580/580 573/573 560/560
f 560/560 558/558 559/559
f 1629/1629 1639/1639 1637/1637
f 347/347 505/505 502/502
f 347/347 502/502 464/464
f 370/370 372/372 437/437
f 437/437 444/444 463/463
f 1063/1063 1051/1051 1064/1064
f 1938/1938 1944/1944 1931/1931
f 490/490 489/489 509/509
f 1051/1051 1048/1048 1024/1024
f 1907/1907 1909/1909 1913/1913
f 1913/1913 1909/1909 1919/1919
f 1026/1026 1039/1039 1038/1038
f 509/509 489/489 488/488
f 1924/1924 1919/1919 1985/1985
f 1924/1924 1985/1985 1986/1986
f 2687/2687 2673/2673 2674/2674
f 3177/3177 3138/3138 3156/3156
f 3138/3138 3131/3131 3130/3130
f 488/488 458/458 487/487
f 457/457 458/458 428/428
f 448/448 428/428 426/426
f 442/442 583/583 581/581
f 505/505 506/506 502/502
f 340/340 345/345 341/341
f 371/371 372/372 370/370
f 463/463 444/444 490/490
f 444/444 445/445 490/490
f 490/490 445/445 489/489
f 489/489 445/445 459/459
f 2673/2673 2662/2662 2663/2663
f 489/489 459/459 488/488
f 2722/2722 2717/2717 2720/2720
f 2720/2720 2717/2717 2707/2707
f 488/488 459/459 458/458
f 407/407 408/408 409/409
f 409/409 408/408 410/410
f 573/573 558/558 560/560
f 1637/1637 1639/1639 1640/1640
f 1637/1637 1640/1640 1636/1636
f 1640/1640 1641/1641 1636/1636
f 1636/1636 1641/1641 1638/1638
f 1014/1014 1013/1013 1015/1015
f 339/339 345/345 340/340
f 345/345 365/365 341/341
f 341/341 365/365 371/371
f 3225/3225 3176/3176 3177/3177
f 2684/2684 2673/2673 2687/2687
f 3132/3132 3157/3157 3166/3166
f 426/426 428/428 407/407
f 1640/1640 1642/1642 1641/1641
f 343/343 346/346 337/337
f 1931/1931 1908/1908 1907/1907
f 3176/3176 3134/3134 3177/3177
f 3177/3177 3134/3134 3138/3138
f 2707/2707 2705/2705 2700/2700
f 3138/3138 3134/3134 3131/3131
f 583/583 575/575 581/581
f 573/573 556/556 558/558
f 558/558 557/557 559/559
f 1639/1639 1643/1643 1640/1640
f 365/365 372/372 371/371
f 1063/1063 1060/1060 1048/1048
f 1931/1931 1943/1943 1939/1939
f 1931/1931 1939/1939 1908/1908
f 1048/1048 1047/1047 1024/1024
f 1907/1907 1908/1908 1909/1909
f 1026/1026 1029/1029 1039/1039
f 1925/1925 1981/1981 1919/1919
f 1919/1919 1981/1981 1985/1985
f 2717/2717 2705/2705 2707/2707
f 2701/2701 2691/2691 2700/2700
f 2705/2705 2701/2701 2700/2700
f 2700/2700 2691/2691 2684/2684
f 3134/3134 3133/3133 3131/3131
f 458/458 429/429 428/428
f 428/428 406/406 407/407
f 575/575 572/572 581/581
f 581/581 572/572 573/573
f 558/558 556/556 557/557
f 1643/1643 1644/1644 1640/1640
f 1644/1644 1645/1645 1640/1640
f 1009/1009 1010/1010 1013/1013
f 506/506 503/503 502/502
f 464/464 346/346 343/343
f 372/372 377/377 437/437
f 437/437 377/377 444/444
f 1047/1047 1025/1025 1024/1024
f 1024/1024 1025/1025 1026/1026
f 1026/1026 1025/1025 1029/1029
f 1919/1919 1909/1909 1925/1925
f 445/445 431/431 459/459
f 3225/3225 3226/3226 3176/3176
f 2722/2722 2705/2705 2717/2717
f 3176/3176 3143/3143 3134/3134
f 459/459 430/430 429/429
f 459/459 429/429 458/458
f 428/428 393/393 406/406
f 573/573 572/572 556/556
f 1640/1640 1645/1645 1642/1642
f 502/502 494/494 464/464
f 346/346 344/344 337/337
f 337/337 344/344 339/339
f 339/339 344/344 345/345
f 444/444 432/432 445/445
f 2334/2334 2333/2333 2325/2325
f 2721/2721 2705/2705 2722/2722
f 2691/2691 2675/2675 2684/2684
f 2684/2684 2675/2675 2673/2673
f 3226/3226 3184/3184 3176/3176
f 3184/3184 3143/3143 3176/3176
f 3133/3133 3136/3136 3157/3157
f 429/429 393/393 428/428
f 410/410 408/408 582/582
f 410/410 582/582 583/583
f 556/556 555/555 554/554
f 556/556 554/554 557/557
f 464/464 494/494 346/346
f 432/432 431/431 445/445
f 1908/1908 1911/1911 1909/1909
f 2721/2721 2706/2706 2705/2705
f 3136/3136 3173/3173 3157/3157
f 459/459 431/431 430/430
f 3135/3135 3136/3136 3133/3133
f 3134/3134 3135/3135 3133/3133
f 406/406 398/398 407/407
f 407/407 398/398 408/408
f 583/583 582/582 575/575
f 572/572 552/552 556/556
f 1643/1643 1646/1646 1644/1644
f 1645/1645 1647/1647 1642/1642
f 344/344 365/365 345/345
f 1968/1968 1964/1964 1957/1957
f 1939/1939 1946/1946 1932/1932
f 1939/1939 1932/1932 1908/1908
f 1047/1047 1049/1049 1025/1025
f 2325/2325 2326/2326 2312/2312
f 1925/1925 1984/1984 1981/1981
f 2675/2675 2668/2668 2662/2662
f 3143/3143 3135/3135 3134/3134
f 429/429 392/392 393/393
f 393/393 398/398 406/406
f 556/556 552/552 555/555
f 365/365 368/368 372/372
f 372/372 368/368 377/377
f 1909/1909 1911/1911 1925/1925
f 2668/2668 2646/2646 2662/2662
f 3227/3227 3186/3186 3226/3226
f 3226/3226 3186/3186 3184/3184
f 2723/2723 2706/2706 2721/2721
f 3184/3184 3146/3146 3143/3143
f 429/429 430/430 392/392
f 398/398 582/582 408/408
f 552/552 551/551 554/554
f 555/555 552/552 554/554
f 1646/1646 1655/1655 1653/1653
f 1646/1646 1653/1653 1644/1644
f 1653/1653 1654/1654 1644/1644
f 1644/1644 1654/1654 1645/1645
f 494/494 469/469 346/346
f 346/346 452/452 344/344
f 344/344 366/366 365/365
f 377/377 385/385 432/432
f 1932/1932 1910/1910 1908/1908
f 1908/1908 1910/1910 1911/1911
f 1036/1036 1029/1029 1025/1025
f 2691/2691 2676/2676 2675/2675
f 2705/2705 2706/2706 2701/2701
f 3146/3146 3142/3142 3143/3143
f 3143/3143 3142/3142 3135/3135
f 430/430 386/386 392/392
f 393/393 394/394 398/398
f 575/575 570/570 572/572
f 572/572 570/570 552/552
f 1654/1654 1647/1647 1645/1645
f 469/469 452/452 346/346
f 377/377 376/376 385/385
f 1060/1060 1061/1061 1049/1049
f 432/432 385/385 431/431
f 431/431 385/385 386/386
f 1911/1911 1926/1926 1925/1925
f 431/431 386/386 430/430
f 1925/1925 1983/1983 1984/1984
f 2724/2724 2708/2708 2723/2723
f 2723/2723 2708/2708 2706/2706
f 2690/2690 2676/2676 2691/2691
f 3184/3184 3186/3186 3146/3146
f 2706/2706 2698/2698 2701/2701
f 2698/2698 2690/2690 2691/2691
f 2701/2701 2698/2698 2691/2691
f 392/392 386/386 390/390
f 398/398 447/447 582/582
f 582/582 447/447 576/576
f 582/582 576/576 575/575
f 550/550 551/551 552/552
f 494/494 495/495 469/469
f 344/344 452/452 366/366
f 366/366 367/367 365/365
f 1946/1946 1945/1945 1932/1932
f 1025/1025 1030/1030 1036/1036
f 1926/1926 1983/1983 1925/1925
f 2333/2333 2313/2313 2326/2326
f 3136/3136 3137/3137 3173/3173
f 392/392 391/391 393/393
f 570/570 565/565 552/552
f 365/365 367/367 368/368
f 368/368 376/376 377/377
f 1945/1945 1934/1934 1932/1932
f 1055/1055 1030/1030 1049/1049
f 1049/1049 1030/1030 1025/1025
f 1910/1910 1912/1912 1911/1911
f 1030/1030 1032/1032 1036/1036
f 3186/3186 3147/3147 3146/3146
f 3137/3137 3179/3179 3173/3173
f 2708/2708 2698/2698 2706/2706
f 390/390 391/391 392/392
f 398/398 394/394 447/447
f 565/565 550/550 552/552
f 1647/1647 1654/1654 1656/1656
f 452/452 451/451 366/366
f 367/367 369/369 368/368
f 1932/1932 1934/1934 1910/1910
f 3227/3227 3228/3228 3186/3186
f 2690/2690 2678/2678 2676/2676
f 3147/3147 3142/3142 3146/3146
f 3139/3139 3137/3137 3135/3135
f 3142/3142 3139/3139 3135/3135
f 393/393 391/391 394/394
f 394/394 435/435 447/447
f 1011/1011 998/998 1012/1012
f 469/469 495/495 470/470
f 469/469 470/470 452/452
f 368/368 375/375 376/376
f 385/385 376/376 384/384
f 385/385 384/384 386/386
f 1912/1912 1916/1916 1911/1911
f 1911/1911 1916/1916 1926/1926
f 2332/2332 2315/2315 2313/2313
f 1926/1926 1982/1982 1983/1983
f 3228/3228 3191/3191 3186/3186
f 3191/3191 3147/3147 3186/3186
f 3141/3141 3179/3179 3137/3137
f 2698/2698 2689/2689 2690/2690
f 3139/3139 3141/3141 3137/3137
f 386/386 384/384 390/390
f 391/391 390/390 388/388
f 576/576 570/570 575/575
f 1657/1657 1658/1658 1653/1653
f 1658/1658 1659/1659 1654/1654
f 1653/1653 1658/1658 1654/1654
f 968/968 966/966 960/960
f 452/452 470/470 451/451
f 1945/1945 1947/1947 1934/1934
f 1916/1916 1982/1982 1926/1926
f 2725/2725 2712/2712 2724/2724
f 2724/2724 2712/2712 2708/2708
f 2689/2689 2678/2678 2690/2690
f 3147/3147 3139/3139 3142/3142
f 435/435 579/579 447/447
f 447/447 579/579 576/576
f 565/565 561/561 550/550
f 550/550 561/561 553/553
f 451/451 450/450 366/366
f 366/366 450/450 367/367
f 369/369 375/375 368/368
f 376/376 382/382 384/384
f 1947/1947 1933/1933 1934/1934
f 1061/1061 1062/1062 1055/1055
f 1934/1934 1912/1912 1910/1910
f 1031/1031 1033/1033 1032/1032
f 1030/1030 1031/1031 1032/1032
f 2678/2678 2667/2667 2665/2665
f 3191/3191 3144/3144 3147/3147
f 2341/2341 2330/2330 2332/2332
f 2712/2712 2697/2697 2708/2708
f 2708/2708 2697/2697 2698/2698
f 390/390 384/384 388/388
f 394/394 391/391 435/435
f 579/579 571/571 576/576
f 576/576 571/571 570/570
f 570/570 564/564 565/565
f 565/565 564/564 561/561
f 508/508 470/470 495/495
f 1055/1055 1057/1057 1046/1046
f 1934/1934 1933/1933 1912/1912
f 1055/1055 1046/1046 1030/1030
f 1030/1030 1046/1046 1031/1031
f 3229/3229 3191/3191 3228/3228
f 2698/2698 2686/2686 2689/2689
f 3144/3144 3139/3139 3147/3147
f 391/391 425/425 435/435
f 571/571 564/564 570/570
f 1871/1871 1869/1869 1873/1873
f 470/470 473/473 451/451
f 451/451 473/473 450/450
f 1933/1933 1917/1917 1912/1912
f 1912/1912 1917/1917 1916/1916
f 2330/2330 2317/2317 2315/2315
f 2689/2689 2686/2686 2678/2678
f 2341/2341 2338/2338 2330/2330
f 2697/2697 2686/2686 2698/2698
f 3144/3144 3140/3140 3139/3139
f 3140/3140 3141/3141 3139/3139
f 998/998 958/958 997/997
f 367/367 450/450 369/369
f 1073/1073 1088/1088 1070/1070
f 382/382 383/383 384/384
f 1917/1917 1918/1918 1916/1916
f 3229/3229 3200/3200 3191/3191
f 3191/3191 3200/3200 3144/3144
f 3144/3144 3153/3153 3140/3140
f 3140/3140 3145/3145 3141/3141
f 579/579 574/574 571/571
f 571/571 567/567 564/564
f 507/507 473/473 470/470
f 1933/1933 1929/1929 1917/1917
f 1046/1046 1034/1034 1031/1031
f 1031/1031 1034/1034 1033/1033
f 2672/2672 2669/2669 2667/2667
f 1916/1916 1953/1953 1982/1982
f 2727/2727 2709/2709 2725/2725
f 2725/2725 2709/2709 2712/2712
f 2686/2686 2672/2672 2678/2678
f 2712/2712 2703/2703 2697/2697
f 3153/3153 3151/3151 3140/3140
f 3151/3151 3145/3145 3140/3140
f 388/388 389/389 391/391
f 425/425 584/584 435/435
f 435/435 584/584 579/579
f 959/959 963/963 961/961
f 958/958 995/995 997/997
f 507/507 529/529 473/473
f 450/450 603/603 369/369
f 1947/1947 1942/1942 1933/1933
f 1057/1057 1058/1058 1045/1045
f 1057/1057 1045/1045 1046/1046
f 1046/1046 1045/1045 1034/1034
f 1034/1034 1035/1035 1033/1033
f 1918/1918 1953/1953 1916/1916
f 3229/3229 3230/3230 3200/3200
f 2709/2709 2703/2703 2712/2712
f 389/389 425/425 391/391
f 574/574 567/567 571/571
f 995/995 962/962 988/988
f 603/603 602/602 369/369
f 369/369 601/601 375/375
f 1942/1942 1929/1929 1933/1933
f 1929/1929 1923/1923 1917/1917
f 1917/1917 1923/1923 1918/1918
f 3230/3230 3219/3219 3200/3200
f 2330/2330 2318/2318 2317/2317
f 3200/3200 3159/3159 3144/3144
f 2703/2703 2694/2694 2697/2697
f 2697/2697 2694/2694 2686/2686
f 383/383 389/389 388/388
f 584/584 577/577 579/579
f 579/579 577/577 574/574
f 529/529 534/534 473/473
f 473/473 539/539 450/450
f 450/450 539/539 603/603
f 369/369 602/602 601/601
f 1952/1952 1963/1963 1942/1942
f 1942/1942 1940/1940 1929/1929
f 1929/1929 1940/1940 1923/1923
f 1045/1045 1043/1043 1034/1034
f 1923/1923 1927/1927 1918/1918
f 1034/1034 1043/1043 1035/1035
f 1918/1918 1927/1927 1980/1980
f 1918/1918 1980/1980 1953/1953
f 2727/2727 2726/2726 2709/2709
f 2686/2686 2682/2682 2672/2672
f 3219/3219 3159/3159 3200/3200
f 2338/2338 2329/2329 2330/2330
f 3159/3159 3152/3152 3144/3144
f 3144/3144 3152/3152 3153/3153
f 3153/3153 3152/3152 3151/3151
f 3151/3151 3152/3152 3145/3145
f 389/389 588/588 425/425
f 425/425 588/588 584/584
f 1863/1863 1866/1866 1867/1867
f 534/534 539/539 473/473
f 375/375 601/601 382/382
f 382/382 599/599 383/383
f 1058/1058 1068/1068 1045/1045
f 2282/2282 2273/2273 2283/2283
f 2283/2283 2273/2273 2277/2277
f 383/383 590/590 389/389
f 2709/2709 2726/2726 2711/2711
f 2709/2709 2711/2711 2694/2694
f 2709/2709 2694/2694 2703/2703
f 2694/2694 2682/2682 2686/2686
f 3152/3152 3154/3154 3145/3145
f 577/577 569/569 574/574
f 574/574 569/569 567/567
f 567/567 569/569 568/568
f 1862/1862 1861/1861 1864/1864
f 603/603 539/539 602/602
f 382/382 601/601 599/599
f 2393/2393 2390/2390 2401/2401
f 2402/2402 2393/2393 2401/2401
f 599/599 593/593 383/383
f 2672/2672 2655/2655 2669/2669
f 2398/2398 2385/2385 2391/2391
f 383/383 593/593 590/590
f 2275/2275 2278/2278 2285/2285
f 2682/2682 2681/2681 2672/2672
f 3159/3159 3158/3158 3152/3152
f 3152/3152 3158/3158 3154/3154
f 389/389 590/590 588/588
f 588/588 586/586 584/584
f 584/584 586/586 577/577
f 577/577 578/578 569/569
f 973/973 978/978 989/989
f 539/539 611/611 602/602
f 2270/2270 2271/2271 2272/2272
f 590/590 586/586 588/588
f 577/577 586/586 578/578
f 1885/1885 1859/1859 1887/1887
f 602/602 611/611 601/601
f 2386/2386 2389/2389 2388/2388
f 2387/2387 2392/2392 2400/2400
f 593/593 592/592 590/590
f 590/590 592/592 586/586
f 586/586 587/587 578/578
f 1885/1885 1855/1855 1859/1859
f 611/611 606/606 601/601
f 599/599 600/600 593/593
f 593/593 600/600 592/592
f 592/592 610/610 586/586
f 586/586 610/610 587/587
f 606/606 605/605 601/601
f 601/601 605/605 599/599
f 605/605 607/607 600/600
f 599/599 605/605 600/600
f 592/592 609/609 610/610
f 1883/1883 1846/1846 1884/1884
f 607/607 608/608 600/600
f 600/600 608/608 592/592
f 592/592 608/608 609/609
f 996/996 1002/1002 1007/1007
f 1888/1888 1879/1879 1874/1874
f 50/50 111/111 87/87
f 50/50 87/87 51/51
f 2914/2914 2915/2915 2916/2916
f 113/113 112/112 25/25
f 25/25 112/112 111/111
f 25/25 111/111 50/50
f 50/50 51/51 26/26
f 51/51 92/92 26/26
f 92/92 109/109 26/26
f 48/48 113/113 25/25
f 26/26 109/109 64/64
f 950/950 917/917 920/920
f 1256/1256 1253/1253 1289/1289
f 25/25 50/50 26/26
f 45/45 26/26 64/64
f 914/914 917/917 950/950
f 1253/1253 1251/1251 1289/1289
f 2467/2467 2459/2459 2456/2456
f 933/933 904/904 914/914
f 27/27 48/48 25/25
f 2231/2231 2238/2238 2230/2230
f 2010/2010 2024/2024 2009/2009
f 2009/2009 2024/2024 2033/2033
f 1251/1251 1247/1247 1282/1282
f 23/23 67/67 27/27
f 2269/2269 2238/2238 2234/2234
f 2234/2234 2238/2238 2231/2231
f 2049/2049 2010/2010 2016/2016
f 1617/1617 1579/1579 1577/1577
f 1578/1578 1579/1579 1580/1580
f 2088/2088 2123/2123 2091/2091
f 912/912 911/911 902/902
f 2049/2049 2016/2016 2048/2048
f 2016/2016 2010/2010 2008/2008
f 2008/2008 2010/2010 2009/2009
f 2422/2422 2444/2444 2417/2417
f 2031/2031 2009/2009 2033/2033
f 21/21 25/25 26/26
f 1577/1577 1579/1579 1578/1578
f 45/45 72/72 7/7
f 1282/1282 1247/1247 1240/1240
f 910/910 912/912 902/902
f 903/903 904/904 933/933
f 27/27 25/25 21/21
f 2423/2423 2424/2424 2437/2437
f 2233/2233 2234/2234 2231/2231
f 2020/2020 2016/2016 2008/2008
f 2062/2062 2049/2049 2048/2048
f 2008/2008 2009/2009 2006/2006
f 2009/2009 2031/2031 2006/2006
f 2251/2251 2265/2265 2257/2257
f 2031/2031 2033/2033 2071/2071
f 1617/1617 1577/1577 1610/1610
f 2135/2135 2123/2123 2122/2122
f 2423/2423 2437/2437 2438/2438
f 2233/2233 2231/2231 2228/2228
f 2048/2048 2016/2016 2020/2020
f 2414/2414 2417/2417 2424/2424
f 2414/2414 2424/2424 2423/2423
f 2416/2416 2422/2422 2417/2417
f 2229/2229 2251/2251 2250/2250
f 2250/2250 2251/2251 2257/2257
f 2257/2257 2265/2265 2259/2259
f 2031/2031 2071/2071 2069/2069
f 1154/1154 1155/1155 1150/1150
f 1620/1620 1617/1617 1610/1610
f 2134/2134 2135/2135 2122/2122
f 1126/1126 1154/1154 1150/1150
f 26/26 45/45 7/7
f 23/23 27/27 21/21
f 2231/2231 2230/2230 2228/2228
f 2228/2228 2230/2230 2229/2229
f 2061/2061 2062/2062 2048/2048
f 2007/2007 2008/2008 2006/2006
f 2951/2951 2946/2946 2952/2952
f 897/897 896/896 903/903
f 22/22 62/62 23/23
f 2233/2233 2228/2228 2235/2235
f 2048/2048 2020/2020 2038/2038
f 2020/2020 2008/2008 2007/2007
f 2229/2229 2250/2250 2227/2227
f 2006/2006 2031/2031 2028/2028
f 21/21 26/26 44/44
f 1610/1610 1577/1577 1569/1569
f 44/44 26/26 7/7
f 2432/2432 2423/2423 2438/2438
f 2432/2432 2438/2438 2443/2443
f 2061/2061 2048/2048 2038/2038
f 2007/2007 2006/2006 2005/2005
f 1732/1732 1741/1741 1743/1743
f 2250/2250 2257/2257 2259/2259
f 2032/2032 2031/2031 2069/2069
f 2134/2134 2122/2122 2121/2121
f 2038/2038 2020/2020 2007/2007
f 2228/2228 2229/2229 2227/2227
f 2006/2006 2028/2028 2004/2004
f 2004/2004 2028/2028 2032/2032
f 2253/2253 2250/2250 2259/2259
f 1613/1613 1620/1620 1610/1610
f 7/7 57/57 10/10
f 57/57 77/77 10/10
f 2038/2038 2007/2007 2019/2019
f 2414/2414 2423/2423 2415/2415
f 2415/2415 2423/2423 2432/2432
f 2061/2061 2038/2038 2060/2060
f 2005/2005 2006/2006 2004/2004
f 2227/2227 2250/2250 2253/2253
f 1697/1697 1695/1695 1696/1696
f 1290/1290 1239/1239 1241/1241
f 898/898 895/895 897/897
f 2235/2235 2228/2228 2226/2226
f 2019/2019 2007/2007 2005/2005
f 2226/2226 2228/2228 2227/2227
f 1623/1623 1620/1620 1613/1613
f 2132/2132 2134/2134 2121/2121
f 949/949 909/909 908/908
f 908/908 909/909 898/898
f 2226/2226 2227/2227 2221/2221
f 2413/2413 2414/2414 2415/2415
f 2221/2221 2227/2227 2253/2253
f 1732/1732 1743/1743 1744/1744
f 2004/2004 2032/2032 2029/2029
f 2253/2253 2259/2259 2260/2260
f 1613/1613 1610/1610 1611/1611
f 1611/1611 1610/1610 1569/1569
f 2415/2415 2432/2432 2427/2427
f 2407/2407 2415/2415 2427/2427
f 2226/2226 2221/2221 2225/2225
f 2005/2005 2004/2004 1996/1996
f 2132/2132 2121/2121 2117/2117
f 2077/2077 2121/2121 2085/2085
f 908/908 898/898 900/900
f 900/900 898/898 899/899
f 22/22 23/23 24/24
f 2235/2235 2226/2226 2222/2222
f 2242/2242 2235/2235 2222/2222
f 2019/2019 2005/2005 1996/1996
f 2060/2060 2038/2038 2055/2055
f 2413/2413 2415/2415 2407/2407
f 1730/1730 1695/1695 1732/1732
f 2029/2029 2069/2069 2066/2066
f 1715/1715 1696/1696 1713/1713
f 1290/1290 1241/1241 1261/1261
f 31/31 80/80 22/22
f 2046/2046 2038/2038 2019/2019
f 1996/1996 2004/2004 1995/1995
f 2004/2004 2029/2029 1995/1995
f 2030/2030 2029/2029 2066/2066
f 2226/2226 2225/2225 2222/2222
f 2221/2221 2253/2253 2252/2252
f 1995/1995 2029/2029 2030/2030
f 2252/2252 2253/2253 2260/2260
f 1611/1611 1569/1569 1566/1566
f 1566/1566 1569/1569 1568/1568
f 31/31 22/22 24/24
f 2046/2046 2019/2019 2035/2035
f 2035/2035 2019/2019 1996/1996
f 2407/2407 2427/2427 2431/2431
f 2407/2407 2431/2431 2426/2426
f 1730/1730 1744/1744 1748/1748
f 2042/2042 2030/2030 2066/2066
f 2132/2132 2117/2117 2116/2116
f 1590/1590 1589/1589 1602/1602
f 2222/2222 2225/2225 2221/2221
f 2222/2222 2221/2221 2207/2207
f 2207/2207 2221/2221 2211/2211
f 2058/2058 2055/2055 2046/2046
f 2408/2408 2413/2413 2407/2407
f 1730/1730 1748/1748 1745/1745
f 2448/2448 2413/2413 2408/2408
f 2042/2042 2066/2066 2072/2072
f 1621/1621 1613/1613 1612/1612
f 1612/1612 1613/1613 1611/1611
f 44/44 7/7 6/6
f 900/900 905/905 906/906
f 900/900 901/901 905/905
f 2035/2035 1996/1996 1992/1992
f 1992/1992 1996/1996 1995/1995
f 1992/1992 1995/1995 1993/1993
f 1995/1995 2030/2030 2026/2026
f 2026/2026 2030/2030 2042/2042
f 1612/1612 1611/1611 1566/1566
f 11/11 10/10 71/71
f 1261/1261 1264/1264 1285/1285
f 2239/2239 2242/2242 2222/2222
f 2207/2207 2211/2211 2208/2208
f 2406/2406 2408/2408 2407/2407
f 2211/2211 2252/2252 2245/2245
f 1993/1993 1995/1995 2026/2026
f 2245/2245 2252/2252 2258/2258
f 2042/2042 2072/2072 2070/2070
f 7/7 10/10 9/9
f 2404/2404 2407/2407 2426/2426
f 2426/2426 2431/2431 2429/2429
f 2239/2239 2222/2222 2207/2207
f 2046/2046 2035/2035 2045/2045
f 1992/1992 1993/1993 1994/1994
f 1688/1688 1730/1730 1733/1733
f 1688/1688 1733/1733 1731/1731
f 2136/2136 2133/2133 2129/2129
f 2129/2129 2133/2133 2116/2116
f 9/9 10/10 11/11
f 30/30 31/31 24/24
f 24/24 23/23 21/21
f 2404/2404 2426/2426 2429/2429
f 2208/2208 2211/2211 2209/2209
f 2058/2058 2046/2046 2057/2057
f 2057/2057 2046/2046 2045/2045
f 2035/2035 1992/1992 2017/2017
f 2045/2045 2035/2035 2017/2017
f 1733/1733 1745/1745 1746/1746
f 2026/2026 2042/2042 2025/2025
f 2025/2025 2042/2042 2070/2070
f 1612/1612 1566/1566 1567/1567
f 2118/2118 2116/2116 2076/2076
f 1285/1285 1264/1264 1268/1268
f 921/921 907/907 905/905
f 905/905 923/923 921/921
f 2239/2239 2207/2207 2206/2206
f 2206/2206 2207/2207 2208/2208
f 2017/2017 1992/1992 1994/1994
f 2129/2129 2116/2116 2118/2118
f 1567/1567 1566/1566 1565/1565
f 6/6 7/7 8/8
f 8/8 7/7 9/9
f 922/922 907/907 921/921
f 937/937 940/940 907/907
f 30/30 73/73 31/31
f 2206/2206 2208/2208 2209/2209
f 1994/1994 1993/1993 1997/1997
f 2209/2209 2245/2245 2210/2210
f 1993/1993 2026/2026 2025/2025
f 2254/2254 2245/2245 2258/2258
f 1612/1612 1567/1567 1571/1571
f 1107/1107 1108/1108 1109/1109
f 2079/2079 2118/2118 2076/2076
f 9/9 11/11 65/65
f 2241/2241 2239/2239 2206/2206
f 5/5 21/21 44/44
f 2404/2404 2429/2429 2425/2425
f 2429/2429 2439/2439 2435/2435
f 2425/2425 2429/2429 2435/2435
f 2045/2045 2017/2017 2036/2036
f 2051/2051 2045/2045 2036/2036
f 2210/2210 2245/2245 2254/2254
f 2254/2254 2258/2258 2266/2266
f 2040/2040 2025/2025 2070/2070
f 1621/1621 1612/1612 1614/1614
f 1614/1614 1612/1612 1571/1571
f 1571/1571 1567/1567 1565/1565
f 921/921 923/923 924/924
f 924/924 923/923 925/925
f 310/310 291/291 309/309
f 2206/2206 2209/2209 2210/2210
f 2057/2057 2045/2045 2051/2051
f 2017/2017 1994/1994 1998/1998
f 2036/2036 2017/2017 1998/1998
f 1998/1998 1994/1994 1997/1997
f 1997/1997 2025/2025 2023/2023
f 2023/2023 2025/2025 2040/2040
f 1284/1284 1268/1268 1272/1272
f 922/922 921/921 924/924
f 937/937 922/922 938/938
f 925/925 923/923 945/945
f 2409/2409 2404/2404 2425/2425
f 2254/2254 2266/2266 2264/2264
f 5/5 44/44 6/6
f 2206/2206 2210/2210 2212/2212
f 2057/2057 2051/2051 2056/2056
f 1998/1998 1997/1997 1999/1999
f 1999/1999 1997/1997 2000/2000
f 1731/1731 1746/1746 1742/1742
f 2040/2040 2070/2070 2068/2068
f 2136/2136 2129/2129 2130/2130
f 1614/1614 1571/1571 1574/1574
f 2129/2129 2118/2118 2119/2119
f 2119/2119 2118/2118 2079/2079
f 922/922 924/924 926/926
f 2425/2425 2435/2435 2428/2428
f 2409/2409 2425/2425 2428/2428
f 1731/1731 1742/1742 1734/1734
f 2023/2023 2040/2040 2027/2027
f 2247/2247 2254/2254 2246/2246
f 2246/2246 2254/2254 2264/2264
f 2027/2027 2040/2040 2068/2068
f 1616/1616 1614/1614 1574/1574
f 2130/2130 2129/2129 2119/2119
f 2241/2241 2206/2206 2212/2212
f 2240/2240 2241/2241 2212/2212
f 2212/2212 2210/2210 2213/2213
f 2213/2213 2210/2210 2214/2214
f 2056/2056 2051/2051 2053/2053
f 2053/2053 2051/2051 2036/2036
f 2053/2053 2036/2036 2047/2047
f 2036/2036 1998/1998 2018/2018
f 2018/2018 1998/1998 1999/1999
f 1999/1999 2000/2000 2001/2001
f 2214/2214 2210/2210 2247/2247
f 2000/2000 2023/2023 2027/2027
f 2246/2246 2264/2264 2263/2263
f 1572/1572 1571/1571 1565/1565
f 1284/1284 1272/1272 1273/1273
f 938/938 926/926 936/936
f 2428/2428 2435/2435 2436/2436
f 2047/2047 2036/2036 2018/2018
f 2214/2214 2247/2247 2246/2246
f 1735/1735 1742/1742 1747/1747
f 1574/1574 1571/1571 1572/1572
f 8/8 9/9 81/81
f 924/924 925/925 928/928
f 927/927 924/924 928/928
f 927/927 926/926 924/924
f 928/928 925/925 945/945
f 265/265 267/267 266/266
f 2428/2428 2436/2436 2430/2430
f 2240/2240 2212/2212 2213/2213
f 2047/2047 2018/2018 2044/2044
f 2018/2018 1999/1999 2001/2001
f 2214/2214 2246/2246 2216/2216
f 1616/1616 1574/1574 1573/1573
f 936/936 926/926 929/929
f 2409/2409 2428/2428 2411/2411
f 2411/2411 2428/2428 2430/2430
f 2001/2001 2000/2000 2002/2002
f 2000/2000 2027/2027 2022/2022
f 2216/2216 2246/2246 2249/2249
f 2022/2022 2027/2027 2067/2067
f 2249/2249 2263/2263 2261/2261
f 2027/2027 2068/2068 2067/2067
f 1615/1615 1616/1616 1573/1573
f 2131/2131 2130/2130 2119/2119
f 2082/2082 2080/2080 2100/2100
f 2240/2240 2213/2213 2215/2215
f 2213/2213 2214/2214 2215/2215
f 2215/2215 2214/2214 2216/2216
f 2053/2053 2047/2047 2054/2054
f 2054/2054 2047/2047 2044/2044
f 2018/2018 2001/2001 2003/2003
f 2003/2003 2001/2001 2002/2002
f 2410/2410 2409/2409 2411/2411
f 1736/1736 1735/1735 1747/1747
f 927/927 928/928 931/931
f 930/930 927/927 931/931
f 939/939 936/936 929/929
f 929/929 927/927 930/930
f 24/24 29/29 30/30
f 2240/2240 2215/2215 2236/2236
f 2430/2430 2436/2436 2440/2440
f 2044/2044 2018/2018 2003/2003
f 931/931 928/928 944/944
f 2044/2044 2003/2003 2043/2043
f 2412/2412 2410/2410 2411/2411
f 2218/2218 2216/2216 2249/2249
f 1736/1736 1747/1747 1750/1750
f 2248/2248 2249/2249 2261/2261
f 2039/2039 2022/2022 2067/2067
f 1615/1615 1573/1573 1586/1586
f 2131/2131 2119/2119 2127/2127
f 2127/2127 2119/2119 2120/2120
f 1594/1594 1592/1592 1604/1604
f 8/8 81/81 59/59
f 939/939 929/929 932/932
f 932/932 929/929 930/930
f 28/28 61/61 29/29
f 2430/2430 2440/2440 2433/2433
f 2215/2215 2216/2216 2217/2217
f 2236/2236 2215/2215 2217/2217
f 2217/2217 2216/2216 2218/2218
f 2054/2054 2044/2044 2052/2052
f 2052/2052 2044/2044 2043/2043
f 2003/2003 2002/2002 2011/2011
f 2011/2011 2002/2002 2012/2012
f 2411/2411 2430/2430 2418/2418
f 2412/2412 2411/2411 2418/2418
f 2218/2218 2249/2249 2248/2248
f 2012/2012 2002/2002 2022/2022
f 2012/2012 2022/2022 2021/2021
f 2022/2022 2039/2039 2021/2021
f 2248/2248 2261/2261 2255/2255
f 2255/2255 2261/2261 2267/2267
f 2137/2137 2131/2131 2127/2127
f 1619/1619 1615/1615 1586/1586
f 1114/1114 1113/1113 1115/1115
f 261/261 265/265 263/263
f 2418/2418 2430/2430 2433/2433
f 2063/2063 2054/2054 2052/2052
f 1586/1586 1573/1573 1581/1581
f 2115/2115 2120/2120 2084/2084
f 281/281 283/283 274/274
f 2433/2433 2440/2440 2441/2441
f 2043/2043 2003/2003 2034/2034
f 2034/2034 2003/2003 2011/2011
f 2248/2248 2255/2255 2244/2244
f 2127/2127 2120/2120 2115/2115
f 2102/2102 2083/2083 2082/2082
f 261/261 263/263 259/259
f 2237/2237 2236/2236 2217/2217
f 2218/2218 2248/2248 2244/2244
f 2410/2410 2412/2412 2419/2419
f 2446/2446 2410/2410 2419/2419
f 2137/2137 2127/2127 2124/2124
f 2124/2124 2127/2127 2115/2115
f 1687/1687 1673/1673 1669/1669
f 930/930 931/931 934/934
f 932/932 930/930 934/934
f 24/24 21/21 1/1
f 156/156 542/542 517/517
f 2418/2418 2433/2433 2420/2420
f 2237/2237 2217/2217 2219/2219
f 2219/2219 2217/2217 2218/2218
f 2052/2052 2043/2043 2034/2034
f 2034/2034 2011/2011 2013/2013
f 2013/2013 2011/2011 2012/2012
f 2419/2419 2418/2418 2420/2420
f 2421/2421 2419/2419 2420/2420
f 2218/2218 2244/2244 2220/2220
f 2021/2021 2039/2039 2064/2064
f 2255/2255 2267/2267 2268/2268
f 1618/1618 1619/1619 1586/1586
f 935/935 932/932 934/934
f 934/934 931/931 944/944
f 28/28 29/29 24/24
f 2420/2420 2433/2433 2434/2434
f 2434/2434 2433/2433 2441/2441
f 2219/2219 2218/2218 2220/2220
f 2012/2012 2021/2021 2015/2015
f 2015/2015 2021/2021 2041/2041
f 684/684 687/687 697/697
f 2244/2244 2255/2255 2256/2256
f 2021/2021 2064/2064 2041/2041
f 2256/2256 2255/2255 2268/2268
f 2041/2041 2064/2064 2065/2065
f 2137/2137 2124/2124 2138/2138
f 1618/1618 1586/1586 1585/1585
f 1585/1585 1586/1586 1581/1581
f 261/261 259/259 258/258
f 258/258 259/259 260/260
f 686/686 684/684 683/683
f 2013/2013 2012/2012 2014/2014
f 2224/2224 2220/2220 2244/2244
f 2063/2063 2052/2052 2059/2059
f 2052/2052 2034/2034 2050/2050
f 2059/2059 2052/2052 2050/2050
f 2224/2224 2244/2244 2256/2256
f 1609/1609 1618/1618 1585/1585
f 1585/1585 1581/1581 1584/1584
f 1708/1708 1709/1709 1718/1718
f 1117/1117 1116/1116 1118/1118
f 1583/1583 1581/1581 1582/1582
f 2090/2090 2084/2084 2086/2086
f 1687/1687 1669/1669 1663/1663
f 262/262 261/261 258/258
f 47/47 28/28 46/46
f 300/300 299/299 298/298
f 127/127 517/517 510/510
f 21/21 5/5 1/1
f 700/700 702/702 690/690
f 700/700 686/686 701/701
f 686/686 683/683 696/696
f 2434/2434 2441/2441 2442/2442
f 2237/2237 2219/2219 2232/2232
f 2219/2219 2220/2220 2223/2223
f 2232/2232 2219/2219 2223/2223
f 2050/2050 2034/2034 2037/2037
f 2034/2034 2013/2013 2014/2014
f 2037/2037 2034/2034 2014/2014
f 2223/2223 2220/2220 2224/2224
f 2014/2014 2012/2012 2015/2015
f 1737/1737 1749/1749 1738/1738
f 2567/2567 2565/2565 2573/2573
f 2563/2563 2565/2565 2564/2564
f 2015/2015 2041/2041 2065/2065
f 2586/2586 2573/2573 2631/2631
f 2564/2564 2565/2565 2567/2567
f 2562/2562 2563/2563 2564/2564
f 2567/2567 2573/2573 2586/2586
f 2567/2567 2586/2586 2584/2584
f 2564/2564 2567/2567 2584/2584
f 2583/2583 2564/2564 2584/2584
f 2569/2569 2562/2562 2564/2564
f 2569/2569 2564/2564 2583/2583
f 2128/2128 2138/2138 2124/2124
f 1609/1609 1585/1585 1584/1584
f 2128/2128 2124/2124 2125/2125
f 734/734 753/753 759/759
f 8/8 59/59 41/41
f 99/99 28/28 47/47
f 269/269 261/261 262/262
f 28/28 24/24 19/19
f 701/701 686/686 696/696
f 685/685 683/683 680/680
f 676/676 680/680 678/678
f 2445/2445 2434/2434 2442/2442
f 2565/2565 2591/2591 2578/2578
f 2573/2573 2578/2578 2631/2631
f 2565/2565 2578/2578 2573/2573
f 2563/2563 2577/2577 2565/2565
f 2571/2571 2577/2577 2563/2563
f 2558/2558 2571/2571 2563/2563
f 615/615 618/618 616/616
f 623/623 622/622 624/624
f 2586/2586 2631/2631 2630/2630
f 2558/2558 2563/2563 2562/2562
f 2620/2620 2630/2630 2629/2629
f 2586/2586 2630/2630 2620/2620
f 2557/2557 2558/2558 2562/2562
f 2584/2584 2586/2586 2620/2620
f 2581/2581 2562/2562 2569/2569
f 2581/2581 2557/2557 2562/2562
f 2584/2584 2620/2620 2618/2618
f 2628/2628 2618/2618 2620/2620
f 2616/2616 2584/2584 2618/2618
f 2583/2583 2584/2584 2616/2616
f 2612/2612 2569/2569 2583/2583
f 2612/2612 2581/2581 2569/2569
f 2617/2617 2583/2583 2616/2616
f 2617/2617 2612/2612 2583/2583
f 942/942 935/935 941/941
f 935/935 934/934 941/941
f 46/46 28/28 19/19
f 127/127 510/510 144/144
f 701/701 696/696 708/708
f 704/704 696/696 685/685
f 642/642 676/676 677/677
f 2634/2634 2578/2578 2597/2597
f 2591/2591 2597/2597 2578/2578
f 2593/2593 2591/2591 2577/2577
f 638/638 636/636 628/628
f 638/638 628/628 635/635
f 639/639 634/634 640/640
f 3234/3234 3235/3235 3236/3236
f 2571/2571 2593/2593 2577/2577
f 2592/2592 2593/2593 2571/2571
f 2631/2631 2578/2578 2632/2632
f 2570/2570 2592/2592 2571/2571
f 2630/2630 2632/2632 2633/2633
f 2631/2631 2632/2632 2630/2630
f 2570/2570 2571/2571 2558/2558
f 2553/2553 2570/2570 2558/2558
f 2554/2554 2570/2570 2553/2553
f 2553/2553 2558/2558 2557/2557
f 2555/2555 2553/2553 2557/2557
f 2552/2552 2553/2553 2555/2555
f 2554/2554 2553/2553 2552/2552
f 2556/2556 2554/2554 2552/2552
f 2561/2561 2556/2556 2552/2552
f 2561/2561 2552/2552 2568/2568
f 2582/2582 2557/2557 2581/2581
f 2582/2582 2555/2555 2557/2557
f 2552/2552 2555/2555 2582/2582
f 2568/2568 2552/2552 2582/2582
f 2568/2568 2582/2582 2613/2613
f 2620/2620 2629/2629 2628/2628
f 2614/2614 2582/2582 2581/2581
f 2613/2613 2582/2582 2614/2614
f 2614/2614 2581/2581 2612/2612
f 2626/2626 2614/2614 2612/2612
f 2618/2618 2628/2628 2638/2638
f 2641/2641 2638/2638 2628/2628
f 2616/2616 2618/2618 2638/2638
f 2639/2639 2616/2616 2638/2638
f 2617/2617 2616/2616 2639/2639
f 1547/1547 1561/1561 1560/1560
f 2626/2626 2612/2612 2617/2617
f 1547/1547 1560/1560 1550/1550
f 768/768 733/733 759/759
f 43/43 41/41 89/89
f 941/941 934/934 943/943
f 943/943 934/934 948/948
f 707/707 696/696 704/704
f 3398/3398 3396/3396 3397/3397
f 2591/2591 2603/2603 2597/2597
f 2602/2602 2603/2603 2591/2591
f 704/704 685/685 676/676
f 704/704 676/676 675/675
f 675/675 676/676 642/642
f 675/675 642/642 674/674
f 642/642 641/641 674/674
f 641/641 647/647 674/674
f 3391/3391 3392/3392 3390/3390
f 2634/2634 2597/2597 2643/2643
f 2598/2598 2602/2602 2593/2593
f 648/648 638/638 644/644
f 645/645 639/639 650/650
f 650/650 639/639 643/643
f 653/653 654/654 651/651
f 2634/2634 2635/2635 2633/2633
f 2632/2632 2634/2634 2633/2633
f 2592/2592 2598/2598 2593/2593
f 2570/2570 2595/2595 2592/2592
f 2579/2579 2595/2595 2570/2570
f 2554/2554 2579/2579 2570/2570
f 2580/2580 2579/2579 2554/2554
f 2559/2559 2580/2580 2554/2554
f 2572/2572 2580/2580 2559/2559
f 2556/2556 2559/2559 2554/2554
f 2560/2560 2559/2559 2556/2556
f 2572/2572 2559/2559 2560/2560
f 2574/2574 2572/2572 2560/2560
f 2561/2561 2560/2560 2556/2556
f 2566/2566 2560/2560 2561/2561
f 2574/2574 2560/2560 2566/2566
f 2587/2587 2574/2574 2566/2566
f 2585/2585 2561/2561 2568/2568
f 2585/2585 2566/2566 2561/2561
f 2587/2587 2566/2566 2585/2585
f 2615/2615 2568/2568 2613/2613
f 2585/2585 2568/2568 2615/2615
f 2619/2619 2613/2613 2614/2614
f 2615/2615 2613/2613 2619/2619
f 2627/2627 2614/2614 2626/2626
f 2627/2627 2619/2619 2614/2614
f 2641/2641 2628/2628 2642/2642
f 1556/1556 1561/1561 1547/1547
f 1543/1543 1557/1557 1558/1558
f 1550/1550 1557/1557 1543/1543
f 774/774 750/750 768/768
f 269/269 262/262 268/268
f 2882/2882 2881/2881 2873/2873
f 1315/1315 1332/1332 1330/1330
f 1331/1331 1337/1337 1328/1328
f 1328/1328 1337/1337 1333/1333
f 3404/3404 3403/3403 3402/3402
f 3402/3402 3403/3403 3400/3400
f 3402/3402 3400/3400 3401/3401
f 3401/3401 3400/3400 3399/3399
f 3400/3400 3398/3398 3399/3399
f 3399/3399 3398/3398 3397/3397
f 3397/3397 3396/3396 3395/3395
f 3395/3395 3396/3396 3394/3394
f 3395/3395 3394/3394 3393/3393
f 3393/3393 3394/3394 3391/3391
f 3390/3390 3392/3392 3413/3413
f 3413/3413 3392/3392 3431/3431
f 3413/3413 3431/3431 3387/3387
f 3387/3387 3431/3431 3432/3432
f 3431/3431 3433/3433 3432/3432
f 673/673 644/644 731/731
f 644/644 645/645 731/731
f 3443/3443 3461/3461 3448/3448
f 3448/3448 3461/3461 3442/3442
f 3448/3448 3442/3442 3441/3441
f 3441/3441 3442/3442 3367/3367
f 3441/3441 3367/3367 3360/3360
f 3367/3367 3358/3358 3360/3360
f 3360/3360 3358/3358 3356/3356
f 3358/3358 3359/3359 3357/3357
f 3356/3356 3358/3358 3357/3357
f 3357/3357 3359/3359 3363/3363
f 3363/3363 3359/3359 3430/3430
f 2634/2634 2643/2643 2635/2635
f 2580/2580 2599/2599 2579/2579
f 2575/2575 2580/2580 2572/2572
f 2574/2574 2575/2575 2572/2572
f 2576/2576 2575/2575 2574/2574
f 2594/2594 2576/2576 2574/2574
f 2608/2608 2574/2574 2587/2587
f 2608/2608 2594/2594 2574/2574
f 2608/2608 2587/2587 2611/2611
f 2611/2611 2587/2587 2585/2585
f 2611/2611 2585/2585 2623/2623
f 2623/2623 2619/2619 2640/2640
f 1549/1549 1551/1551 1546/1546
f 2623/2623 2615/2615 2619/2619
f 2623/2623 2585/2585 2615/2615
f 1551/1551 1556/1556 1545/1545
f 1544/1544 1551/1551 1545/1545
f 2640/2640 2619/2619 2627/2627
f 1548/1548 1558/1558 1559/1559
f 1545/1545 1547/1547 1531/1531
f 1545/1545 1556/1556 1547/1547
f 1511/1511 1550/1550 1543/1543
f 1547/1547 1550/1550 1511/1511
f 1512/1512 1547/1547 1511/1511
f 1531/1531 1547/1547 1512/1512
f 3167/3167 3188/3188 3182/3182
f 2794/2794 2799/2799 2795/2795
f 2786/2786 2802/2802 2793/2793
f 1825/1825 1841/1841 1829/1829
f 2788/2788 2796/2796 2789/2789
f 6/6 8/8 13/13
f 2873/2873 2881/2881 2875/2875
f 2880/2880 2882/2882 2873/2873
f 1320/1320 1315/1315 1312/1312
f 1307/1307 1322/1322 1318/1318
f 1326/1326 1328/1328 1299/1299
f 1295/1295 1326/1326 1299/1299
f 1299/1299 1328/1328 1316/1316
f 1316/1316 1323/1323 1300/1300
f 1323/1323 1324/1324 1301/1301
f 1301/1301 1324/1324 1304/1304
f 3404/3404 3402/3402 3407/3407
f 1324/1324 1329/1329 1319/1319
f 1308/1308 1324/1324 1319/1319
f 3399/3399 3397/3397 3408/3408
f 1462/1462 1482/1482 1450/1450
f 3393/3393 3391/3391 3389/3389
f 3389/3389 3391/3391 3390/3390
f 3389/3389 3390/3390 3387/3387
f 3387/3387 3390/3390 3413/3413
f 3462/3462 3463/3463 3464/3464
f 3324/3324 3443/3443 3318/3318
f 3318/3318 3443/3443 3361/3361
f 3361/3361 3443/3443 3448/3448
f 3340/3340 3441/3441 3360/3360
f 3360/3360 3356/3356 3340/3340
f 3340/3340 3356/3356 3341/3341
f 3356/3356 3357/3357 3341/3341
f 3341/3341 3357/3357 3363/3363
f 1482/1482 1463/1463 1483/1483
f 1421/1421 1435/1435 1478/1478
f 3448/3448 3441/3441 3361/3361
f 1464/1464 1421/1421 1478/1478
f 1481/1481 1465/1465 1484/1484
f 2588/2588 2599/2599 2575/2575
f 2576/2576 2588/2588 2575/2575
f 2589/2589 2588/2588 2576/2576
f 2590/2590 2589/2589 2576/2576
f 2590/2590 2576/2576 2594/2594
f 2601/2601 2590/2590 2594/2594
f 2601/2601 2594/2594 2608/2608
f 2610/2610 2608/2608 2611/2611
f 2636/2636 2610/2610 2611/2611
f 1530/1530 1549/1549 1546/1546
f 2636/2636 2611/2611 2623/2623
f 1555/1555 1549/1549 1530/1530
f 1546/1546 1551/1551 1544/1544
f 1496/1496 1546/1546 1508/1508
f 1507/1507 1545/1545 1531/1531
f 1544/1544 1545/1545 1507/1507
f 1543/1543 1558/1558 1548/1548
f 3021/3021 3174/3174 3110/3110
f 1511/1511 1543/1543 1504/1504
f 1805/1805 1821/1821 1822/1822
f 1811/1811 1821/1821 1805/1805
f 2745/2745 2759/2759 2761/2761
f 1795/1795 1813/1813 1814/1814
f 2758/2758 2787/2787 2757/2757
f 2758/2758 2757/2757 2740/2740
f 2757/2757 2762/2762 2737/2737
f 1804/1804 1812/1812 1815/1815
f 2763/2763 2764/2764 2735/2735
f 2742/2742 2753/2753 2765/2765
f 954/954 942/942 946/946
f 942/942 941/941 946/946
f 1312/1312 1315/1315 1311/1311
f 1315/1315 1317/1317 1311/1311
f 1311/1311 1317/1317 1307/1307
f 1307/1307 1318/1318 1305/1305
f 1305/1305 1318/1318 1293/1293
f 1318/1318 1325/1325 1293/1293
f 1293/1293 1325/1325 1326/1326
f 1293/1293 1326/1326 1295/1295
f 1299/1299 1316/1316 1296/1296
f 1296/1296 1316/1316 1300/1300
f 1300/1300 1323/1323 1301/1301
f 3445/3445 3404/3404 3407/3407
f 1304/1304 1324/1324 1308/1308
f 3407/3407 3402/3402 3401/3401
f 3401/3401 3399/3399 3408/3408
f 1308/1308 1319/1319 1314/1314
f 3449/3449 3408/3408 3395/3395
f 3449/3449 3395/3395 3393/3393
f 3409/3409 3393/3393 3389/3389
f 3409/3409 3389/3389 3386/3386
f 3389/3389 3387/3387 3386/3386
f 3386/3386 3387/3387 3385/3385
f 3385/3385 3387/3387 3388/3388
f 3324/3324 3318/3318 3316/3316
f 3318/3318 3361/3361 3322/3322
f 3322/3322 3361/3361 3441/3441
f 3322/3322 3441/3441 3447/3447
f 3441/3441 3340/3340 3447/3447
f 3447/3447 3340/3340 3339/3339
f 3339/3339 3340/3340 3336/3336
f 3340/3340 3341/3341 3336/3336
f 3336/3336 3341/3341 3338/3338
f 3338/3338 3341/3341 3363/3363
f 1464/1464 1411/1411 1421/1421
f 2596/2596 2588/2588 2589/2589
f 2605/2605 2596/2596 2589/2589
f 2605/2605 2589/2589 2590/2590
f 2888/2888 2900/2900 2911/2911
f 2605/2605 2590/2590 2622/2622
f 2609/2609 2608/2608 2610/2610
f 2601/2601 2608/2608 2609/2609
f 2621/2621 2601/2601 2609/2609
f 2625/2625 2621/2621 2609/2609
f 2624/2624 2609/2609 2610/2610
f 1529/1529 1553/1553 1552/1552
f 2625/2625 2609/2609 2624/2624
f 1554/1554 1553/1553 1529/1529
f 1509/1509 1555/1555 1530/1530
f 2637/2637 2610/2610 2636/2636
f 1552/1552 1555/1555 1509/1509
f 2637/2637 2624/2624 2610/2610
f 1496/1496 1530/1530 1546/1546
f 1508/1508 1546/1546 1544/1544
f 1508/1508 1544/1544 1507/1507
f 1527/1527 1543/1543 1548/1548
f 1498/1498 1531/1531 1512/1512
f 1498/1498 1507/1507 1531/1531
f 1512/1512 1511/1511 1502/1502
f 1498/1498 1512/1512 1502/1502
f 2751/2751 2760/2760 2749/2749
f 2747/2747 2760/2760 2759/2759
f 2747/2747 2759/2759 2745/2745
f 2745/2745 2761/2761 2744/2744
f 2744/2744 2758/2758 2740/2740
f 2740/2740 2757/2757 2737/2737
f 2729/2729 2754/2754 2730/2730
f 2730/2730 2754/2754 2756/2756
f 1802/1802 1817/1817 1803/1803
f 2730/2730 2756/2756 2733/2733
f 941/941 943/943 947/947
f 946/946 941/941 947/947
f 947/947 943/943 948/948
f 2874/2874 2875/2875 2883/2883
f 2872/2872 2873/2873 2874/2874
f 1320/1320 1312/1312 1313/1313
f 282/282 275/275 278/278
f 2879/2879 2880/2880 2873/2873
f 1313/1313 1312/1312 1310/1310
f 1310/1310 1312/1312 1311/1311
f 1305/1305 1293/1293 1292/1292
f 1294/1294 1295/1295 1299/1299
f 1298/1298 1299/1299 1296/1296
f 1296/1296 1300/1300 1297/1297
f 144/144 512/512 528/528
f 3445/3445 3407/3407 3435/3435
f 3455/3455 3401/3401 3408/3408
f 3449/3449 3393/3393 3410/3410
f 3410/3410 3393/3393 3409/3409
f 3409/3409 3386/3386 3412/3412
f 3384/3384 3385/3385 3388/3388
f 3315/3315 3324/3324 3316/3316
f 3316/3316 3318/3318 3317/3317
f 3317/3317 3318/3318 3322/3322
f 3335/3335 3447/3447 3339/3339
f 3335/3335 3339/3339 3336/3336
f 3336/3336 3338/3338 3337/3337
f 1424/1424 1419/1419 1437/1437
f 2607/2607 2596/2596 2606/2606
f 2888/2888 2911/2911 2909/2909
f 2902/2902 2895/2895 2893/2893
f 1529/1529 1552/1552 1509/1509
f 1494/1494 1530/1530 1496/1496
f 1509/1509 1530/1530 1494/1494
f 1488/1488 1507/1507 1487/1487
f 1508/1508 1507/1507 1488/1488
f 1492/1492 1496/1496 1508/1508
f 1492/1492 1508/1508 1488/1488
f 1507/1507 1498/1498 1487/1487
f 1504/1504 1543/1543 1527/1527
f 1498/1498 1502/1502 1501/1501
f 1502/1502 1511/1511 1504/1504
f 1502/1502 1504/1504 1503/1503
f 2745/2745 2744/2744 2741/2741
f 2741/2741 2744/2744 2740/2740
f 2732/2732 2730/2730 2733/2733
f 2735/2735 2742/2742 2736/2736
f 13/13 8/8 41/41
f 1672/1672 1663/1663 1650/1650
f 268/268 262/262 264/264
f 2874/2874 2873/2873 2875/2875
f 1321/1321 1320/1320 1313/1313
f 2879/2879 2873/2873 2872/2872
f 1310/1310 1307/1307 1306/1306
f 1307/1307 1305/1305 1306/1306
f 1292/1292 1293/1293 1294/1294
f 1300/1300 1301/1301 1297/1297
f 158/158 144/144 528/528
f 1297/1297 1301/1301 1302/1302
f 1302/1302 1301/1301 1303/1303
f 1301/1301 1304/1304 1303/1303
f 1304/1304 1308/1308 1303/1303
f 3435/3435 3407/3407 3434/3434
f 3434/3434 3407/3407 3401/3401
f 3434/3434 3401/3401 3455/3455
f 1303/1303 1308/1308 1309/1309
f 1309/1309 1308/1308 1314/1314
f 3494/3494 3492/3492 3491/3491
f 3491/3491 3492/3492 3493/3493
f 1451/1451 1433/1433 1430/1430
f 3425/3425 3449/3449 3424/3424
f 3481/3481 3482/3482 3479/3479
f 3312/3312 3315/3315 3313/3313
f 3337/3337 3338/3338 3352/3352
f 3412/3412 3386/3386 3428/3428
f 3383/3383 3385/3385 3384/3384
f 3315/3315 3316/3316 3313/3313
f 3316/3316 3317/3317 3313/3313
f 3320/3320 3317/3317 3322/3322
f 3320/3320 3322/3322 3447/3447
f 3320/3320 3447/3447 3326/3326
f 3447/3447 3335/3335 3328/3328
f 3326/3326 3447/3447 3328/3328
f 3328/3328 3335/3335 3330/3330
f 3335/3335 3336/3336 3330/3330
f 3336/3336 3337/3337 3330/3330
f 2903/2903 2909/2909 2910/2910
f 2903/2903 2888/2888 2909/2909
f 1529/1529 1509/1509 1510/1510
f 1509/1509 1494/1494 1495/1495
f 1510/1510 1509/1509 1495/1495
f 1491/1491 1488/1488 1490/1490
f 1492/1492 1488/1488 1491/1491
f 1493/1493 1492/1492 1491/1491
f 1494/1494 1496/1496 1492/1492
f 1494/1494 1492/1492 1493/1493
f 1495/1495 1494/1494 1493/1493
f 1487/1487 1498/1498 1497/1497
f 1489/1489 1487/1487 1497/1497
f 1489/1489 1488/1488 1487/1487
f 1524/1524 1527/1527 1528/1528
f 1506/1506 1504/1504 1527/1527
f 1506/1506 1527/1527 1524/1524
f 1497/1497 1498/1498 1501/1501
f 1503/1503 1504/1504 1506/1506
f 1501/1501 1502/1502 1503/1503
f 3096/3096 3115/3115 3025/3025
f 2750/2750 2751/2751 2749/2749
f 2750/2750 2749/2749 2748/2748
f 2748/2748 2749/2749 2747/2747
f 2748/2748 2747/2747 2746/2746
f 1794/1794 1799/1799 1767/1767
f 2746/2746 2747/2747 2745/2745
f 2746/2746 2745/2745 2741/2741
f 2741/2741 2740/2740 2739/2739
f 2739/2739 2740/2740 2737/2737
f 2739/2739 2737/2737 2738/2738
f 2738/2738 2737/2737 2728/2728
f 2728/2728 2737/2737 2729/2729
f 2728/2728 2729/2729 2730/2730
f 2728/2728 2730/2730 2731/2731
f 2731/2731 2730/2730 2732/2732
f 2732/2732 2733/2733 2734/2734
f 2734/2734 2733/2733 2735/2735
f 2734/2734 2735/2735 2736/2736
f 2736/2736 2742/2742 2752/2752
f 3438/3438 3445/3445 3435/3435
f 3411/3411 3412/3412 3428/3428
f 3330/3330 3337/3337 3342/3342
f 3342/3342 3337/3337 3352/3352
f 3313/3313 3317/3317 3319/3319
f 3317/3317 3320/3320 3319/3319
f 3326/3326 3328/3328 3327/3327
f 3327/3327 3328/3328 3329/3329
f 3329/3329 3328/3328 3330/3330
f 2903/2903 2910/2910 2908/2908
f 2904/2904 2903/2903 2908/2908
f 1489/1489 1497/1497 1499/1499
f 1490/1490 1488/1488 1489/1489
f 1499/1499 1497/1497 1501/1501
f 2743/2743 2741/2741 2739/2739
f 2743/2743 2739/2739 2738/2738
f 82/82 47/47 46/46
f 2877/2877 2874/2874 2883/2883
f 2878/2878 2879/2879 2872/2872
f 2878/2878 2872/2872 2876/2876
f 1220/1220 1227/1227 1221/1221
f 1228/1228 1230/1230 1224/1224
f 1230/1230 1231/1231 1226/1226
f 1231/1231 1233/1233 1222/1222
f 1223/1223 1234/1234 1235/1235
f 3438/3438 3435/3435 3437/3437
f 3435/3435 3434/3434 3436/3436
f 3332/3332 3312/3312 3331/3331
f 3434/3434 3455/3455 3439/3439
f 3487/3487 3488/3488 3489/3489
f 3455/3455 3425/3425 3423/3423
f 3422/3422 3425/3425 3424/3424
f 3422/3422 3424/3424 3419/3419
f 3478/3478 3481/3481 3479/3479
f 3410/3410 3411/3411 3429/3429
f 3484/3484 3486/3486 3485/3485
f 3311/3311 3312/3312 3313/3313
f 3321/3321 3319/3319 3320/3320
f 3320/3320 3326/3326 3325/3325
f 3325/3325 3326/3326 3327/3327
f 3362/3362 3329/3329 3330/3330
f 3362/3362 3330/3330 3344/3344
f 1525/1525 1510/1510 1514/1514
f 1525/1525 1529/1529 1510/1510
f 1514/1514 1495/1495 1500/1500
f 1514/1514 1510/1510 1495/1495
f 1516/1516 1490/1490 1517/1517
f 1516/1516 1491/1491 1490/1490
f 1513/1513 1491/1491 1516/1516
f 1513/1513 1493/1493 1491/1491
f 1500/1500 1493/1493 1513/1513
f 1500/1500 1495/1495 1493/1493
f 1521/1521 1506/1506 1524/1524
f 1518/1518 1503/1503 1506/1506
f 1505/1505 1501/1501 1503/1503
f 2775/2775 2750/2750 2748/2748
f 1759/1759 1767/1767 1770/1770
f 2746/2746 2743/2743 2779/2779
f 3/3 5/5 6/6
f 2743/2743 2738/2738 2774/2774
f 2774/2774 2738/2738 2773/2773
f 2773/2773 2738/2738 2728/2728
f 2772/2772 2731/2731 2770/2770
f 2731/2731 2732/2732 2769/2769
f 2770/2770 2731/2731 2769/2769
f 1764/1764 1765/1765 1762/1762
f 2769/2769 2732/2732 2771/2771
f 2732/2732 2734/2734 2771/2771
f 2771/2771 2734/2734 2768/2768
f 2734/2734 2736/2736 2768/2768
f 2736/2736 2752/2752 2767/2767
f 2768/2768 2736/2736 2767/2767
f 544/544 264/264 547/547
f 946/946 947/947 951/951
f 2876/2876 2872/2872 2874/2874
f 1214/1214 1236/1236 1232/1232
f 1213/1213 1232/1232 1229/1229
f 1369/1369 1378/1378 1377/1377
f 1213/1213 1229/1229 1219/1219
f 1219/1219 1229/1229 1227/1227
f 1219/1219 1227/1227 1220/1220
f 1224/1224 1221/1221 1227/1227
f 1224/1224 1227/1227 1228/1228
f 1359/1359 1366/1366 1365/1365
f 1359/1359 1365/1365 1360/1360
f 1224/1224 1230/1230 1225/1225
f 1225/1225 1230/1230 1226/1226
f 1361/1361 1360/1360 1362/1362
f 1363/1363 1361/1361 1362/1362
f 1226/1226 1231/1231 1222/1222
f 1222/1222 1233/1233 1223/1223
f 522/522 158/158 528/528
f 1371/1371 1364/1364 1372/1372
f 1223/1223 1233/1233 1234/1234
f 3334/3334 3332/3332 3331/3331
f 1371/1371 1372/1372 1373/1373
f 3437/3437 3435/3435 3436/3436
f 1371/1371 1373/1373 1374/1374
f 3436/3436 3434/3434 3439/3439
f 3331/3331 3312/3312 3314/3314
f 3314/3314 3312/3312 3311/3311
f 3423/3423 3425/3425 3422/3422
f 3478/3478 3479/3479 3480/3480
f 3477/3477 3475/3475 3474/3474
f 3474/3474 3475/3475 3476/3476
f 3428/3428 3383/3383 3382/3382
f 3383/3383 3378/3378 3382/3382
f 3378/3378 3383/3383 3384/3384
f 3483/3483 3484/3484 3485/3485
f 3311/3311 3313/3313 3457/3457
f 3457/3457 3313/3313 3323/3323
f 3313/3313 3319/3319 3323/3323
f 3319/3319 3321/3321 3323/3323
f 3325/3325 3321/3321 3320/3320
f 3333/3333 3325/3325 3327/3327
f 3333/3333 3327/3327 3329/3329
f 3333/3333 3329/3329 3362/3362
f 3344/3344 3330/3330 3343/3343
f 3343/3343 3330/3330 3342/3342
f 3342/3342 3352/3352 3343/3343
f 1526/1526 1525/1525 1514/1514
f 1520/1520 1500/1500 1513/1513
f 1520/1520 1514/1514 1500/1500
f 1519/1519 1499/1499 1515/1515
f 1519/1519 1489/1489 1499/1499
f 1517/1517 1489/1489 1519/1519
f 1515/1515 1501/1501 1505/1505
f 1505/1505 1503/1503 1518/1518
f 2775/2775 2748/2748 2778/2778
f 2778/2778 2748/2748 2777/2777
f 2746/2746 2779/2779 2777/2777
f 2779/2779 2743/2743 2780/2780
f 2743/2743 2774/2774 2780/2780
f 2773/2773 2728/2728 2776/2776
f 2728/2728 2772/2772 2776/2776
f 1760/1760 1755/1755 1761/1761
f 268/268 264/264 530/530
f 530/530 264/264 544/544
f 2876/2876 2874/2874 2877/2877
f 1214/1214 1232/1232 1213/1213
f 1213/1213 1219/1219 1207/1207
f 1220/1220 1221/1221 1205/1205
f 1211/1211 1224/1224 1225/1225
f 1226/1226 1222/1222 1210/1210
f 3440/3440 3438/3438 3437/3437
f 3490/3490 3487/3487 3489/3489
f 3423/3423 3422/3422 3421/3421
f 3422/3422 3419/3419 3421/3421
f 3421/3421 3419/3419 3420/3420
f 3314/3314 3311/3311 3457/3457
f 3429/3429 3382/3382 3381/3381
f 3381/3381 3382/3382 3378/3378
f 3378/3378 3380/3380 3379/3379
f 3364/3364 3323/3323 3321/3321
f 3321/3321 3325/3325 3364/3364
f 3364/3364 3325/3325 3365/3365
f 3365/3365 3325/3325 3444/3444
f 3444/3444 3325/3325 3333/3333
f 3468/3468 3465/3465 3467/3467
f 3465/3465 3466/3466 3467/3467
f 3347/3347 3362/3362 3344/3344
f 3345/3345 3344/3344 3343/3343
f 1540/1540 1514/1514 1520/1520
f 1540/1540 1520/1520 1542/1542
f 1526/1526 1514/1514 1540/1540
f 1535/1535 1516/1516 1534/1534
f 1535/1535 1513/1513 1516/1516
f 1520/1520 1513/1513 1535/1535
f 1533/1533 1517/1517 1519/1519
f 1534/1534 1517/1517 1533/1533
f 1516/1516 1517/1517 1534/1534
f 1532/1532 1524/1524 1528/1528
f 1521/1521 1524/1524 1532/1532
f 1522/1522 1518/1518 1521/1521
f 1505/1505 1518/1518 1522/1522
f 1523/1523 1515/1515 1505/1505
f 2775/2775 2778/2778 2782/2782
f 2160/2160 2192/2192 2195/2195
f 2159/2159 2195/2195 2196/2196
f 2780/2780 2774/2774 2781/2781
f 2774/2774 2773/2773 2781/2781
f 1776/1776 1766/1766 1792/1792
f 2783/2783 2768/2768 2767/2767
f 41/41 43/43 42/42
f 42/42 43/43 84/84
f 3308/3308 3309/3309 3310/3310
f 946/946 951/951 952/952
f 2884/2884 2878/2878 2876/2876
f 1207/1207 1219/1219 1206/1206
f 1206/1206 1219/1219 1220/1220
f 1206/1206 1220/1220 1205/1205
f 24/24 1/1 19/19
f 1205/1205 1221/1221 1204/1204
f 1204/1204 1221/1221 1224/1224
f 1204/1204 1224/1224 1211/1211
f 1197/1197 1198/1198 1183/1183
f 1211/1211 1225/1225 1210/1210
f 1200/1200 1197/1197 1172/1172
f 1210/1210 1225/1225 1226/1226
f 1210/1210 1222/1222 1209/1209
f 1209/1209 1222/1222 1223/1223
f 1209/1209 1223/1223 1208/1208
f 1208/1208 1223/1223 1217/1217
f 1189/1189 1184/1184 1178/1178
f 1208/1208 1217/1217 1212/1212
f 3437/3437 3436/3436 3440/3440
f 1212/1212 1217/1217 1216/1216
f 3446/3446 3436/3436 3439/3439
f 3446/3446 3439/3439 3456/3456
f 3456/3456 3423/3423 3421/3421
f 1203/1203 1216/1216 1218/1218
f 1212/1212 1216/1216 1203/1203
f 3420/3420 3419/3419 3417/3417
f 3419/3419 3429/3429 3414/3414
f 3417/3417 3419/3419 3414/3414
f 3429/3429 3381/3381 3414/3414
f 3414/3414 3381/3381 3376/3376
f 3381/3381 3378/3378 3376/3376
f 3376/3376 3378/3378 3377/3377
f 3377/3377 3378/3378 3379/3379
f 3457/3457 3323/3323 3368/3368
f 3368/3368 3323/3323 3364/3364
f 3346/3346 3347/3347 3344/3344
f 3346/3346 3344/3344 3345/3345
f 1541/1541 1520/1520 1535/1535
f 1542/1542 1520/1520 1541/1541
f 1533/1533 1519/1519 1536/1536
f 1537/1537 1521/1521 1532/1532
f 1522/1522 1521/1521 1537/1537
f 1523/1523 1519/1519 1515/1515
f 1523/1523 1505/1505 1522/1522
f 3067/3067 3066/3066 3065/3065
f 1788/1788 1773/1773 1791/1791
f 1771/1771 1773/1773 1788/1788
f 2192/2192 2191/2191 2194/2194
f 2191/2191 2192/2192 2163/2163
f 1771/1771 1788/1788 1787/1787
f 1769/1769 1771/1771 1787/1787
f 2159/2159 2160/2160 2195/2195
f 1780/1780 1769/1769 1787/1787
f 2159/2159 2196/2196 2151/2151
f 1770/1770 1780/1780 1783/1783
f 1759/1759 1770/1770 1783/1783
f 2151/2151 2196/2196 2197/2197
f 2150/2150 2151/2151 2197/2197
f 1758/1758 1759/1759 1784/1784
f 1784/1784 1759/1759 1783/1783
f 1752/1752 1758/1758 1784/1784
f 2150/2150 2197/2197 2198/2198
f 1790/1790 1752/1752 1784/1784
f 1753/1753 1752/1752 1790/1790
f 2147/2147 2203/2203 2142/2142
f 2142/2142 2203/2203 2204/2204
f 1753/1753 1790/1790 1785/1785
f 2142/2142 2204/2204 2205/2205
f 1755/1755 1753/1753 1785/1785
f 2142/2142 2205/2205 2143/2143
f 1755/1755 1785/1785 1786/1786
f 1761/1761 1755/1755 1786/1786
f 2143/2143 2205/2205 2200/2200
f 1761/1761 1786/1786 1789/1789
f 2143/2143 2200/2200 2146/2146
f 1763/1763 1761/1761 1781/1781
f 1781/1781 1761/1761 1789/1789
f 2146/2146 2200/2200 2201/2201
f 1782/1782 1763/1763 1781/1781
f 2146/2146 2201/2201 2202/2202
f 1764/1764 1763/1763 1782/1782
f 2154/2154 2146/2146 2202/2202
f 1766/1766 1764/1764 1782/1782
f 1766/1766 1782/1782 1792/1792
f 2154/2154 2202/2202 2199/2199
f 2164/2164 2154/2154 2199/2199
f 951/951 947/947 953/953
f 1215/1215 1214/1214 1194/1194
f 1187/1187 1215/1215 1194/1194
f 1194/1194 1214/1214 1213/1213
f 1202/1202 1194/1194 1213/1213
f 1186/1186 1187/1187 1171/1171
f 1194/1194 1202/1202 1171/1171
f 1171/1171 1202/1202 1168/1168
f 1202/1202 1213/1213 1207/1207
f 1185/1185 1186/1186 1171/1171
f 1185/1185 1171/1171 1170/1170
f 1168/1168 1202/1202 1207/1207
f 1168/1168 1207/1207 1206/1206
f 1185/1185 1170/1170 1182/1182
f 1182/1182 1170/1170 1167/1167
f 1168/1168 1206/1206 1166/1166
f 1166/1166 1206/1206 1205/1205
f 1181/1181 1182/1182 1167/1167
f 1166/1166 1205/1205 1204/1204
f 1181/1181 1167/1167 1165/1165
f 1166/1166 1204/1204 1164/1164
f 1181/1181 1165/1165 1183/1183
f 1165/1165 1164/1164 1160/1160
f 1183/1183 1165/1165 1160/1160
f 1164/1164 1204/1204 1161/1161
f 1161/1161 1204/1204 1211/1211
f 1163/1163 1161/1161 1211/1211
f 1172/1172 1183/1183 1160/1160
f 1172/1172 1160/1160 1162/1162
f 1163/1163 1211/1211 1210/1210
f 1163/1163 1210/1210 1201/1201
f 1172/1172 1162/1162 1169/1169
f 1173/1173 1172/1172 1169/1169
f 1173/1173 1169/1169 1174/1174
f 1175/1175 1201/1201 1210/1210
f 1175/1175 1210/1210 1209/1209
f 1174/1174 1169/1169 1175/1175
f 1174/1174 1175/1175 1176/1176
f 1177/1177 1175/1175 1209/1209
f 1177/1177 1209/1209 1208/1208
f 1178/1178 1176/1176 1177/1177
f 1177/1177 1208/1208 1179/1179
f 1178/1178 1177/1177 1179/1179
f 1178/1178 1179/1179 1180/1180
f 1192/1192 1179/1179 1208/1208
f 1192/1192 1208/1208 1212/1212
f 3440/3440 3436/3436 3446/3446
f 1192/1192 1212/1212 1203/1203
f 1180/1180 1179/1179 1191/1191
f 1191/1191 1179/1179 1192/1192
f 1191/1191 1192/1192 1193/1193
f 3456/3456 3421/3421 3426/3426
f 3421/3421 3420/3420 3426/3426
f 3426/3426 3420/3420 3417/3417
f 1193/1193 1192/1192 1203/1203
f 3416/3416 3417/3417 3414/3414
f 3416/3416 3414/3414 3415/3415
f 3415/3415 3414/3414 3375/3375
f 3414/3414 3376/3376 3375/3375
f 3376/3376 3377/3377 3372/3372
f 3372/3372 3371/3371 3370/3370
f 3371/3371 3457/3457 3368/3368
f 3370/3370 3371/3371 3368/3368
f 3368/3368 3364/3364 3366/3366
f 3364/3364 3365/3365 3366/3366
f 3471/3471 3470/3470 3469/3469
f 3472/3472 3470/3470 3471/3471
f 3354/3354 3444/3444 3350/3350
f 3350/3350 3444/3444 3347/3347
f 3350/3350 3347/3347 3346/3346
f 3350/3350 3346/3346 3348/3348
f 3346/3346 3345/3345 3348/3348
f 3348/3348 3345/3345 3349/3349
f 2510/2510 2523/2523 2526/2526
f 2548/2548 2529/2529 2526/2526
f 1/1 5/5 2/2
f 2520/2520 2546/2546 2521/2521
f 1563/1563 1532/1532 1562/1562
f 1562/1562 1532/1532 1537/1537
f 1539/1539 1522/1522 1537/1537
f 1538/1538 1523/1523 1522/1522
f 1538/1538 1522/1522 1539/1539
f 3066/3066 3073/3073 3069/3069
f 3069/3069 3070/3070 3061/3061
f 3070/3070 3060/3060 3061/3061
f 2187/2187 2190/2190 2171/2171
f 2171/2171 2190/2190 2189/2189
f 2171/2171 2189/2189 2163/2163
f 2163/2163 2189/2189 2191/2191
f 3042/3042 3048/3048 3047/3047
f 3042/3042 3047/3047 3026/3026
f 3047/3047 3043/3043 3026/3026
f 3041/3041 3045/3045 3044/3044
f 3071/3071 3068/3068 3067/3067
f 2183/2183 2187/2187 2171/2171
f 2162/2162 2171/2171 2163/2163
f 2158/2158 2171/2171 2162/2162
f 2162/2162 2163/2163 2160/2160
f 3079/3079 3077/3077 3078/3078
f 2173/2173 2183/2183 2171/2171
f 2184/2184 2183/2183 2173/2173
f 2173/2173 2171/2171 2158/2158
f 2158/2158 2162/2162 2160/2160
f 2159/2159 2158/2158 2160/2160
f 2157/2157 2173/2173 2158/2158
f 2185/2185 2184/2184 2172/2172
f 2172/2172 2184/2184 2173/2173
f 2158/2158 2159/2159 2151/2151
f 2172/2172 2173/2173 2157/2157
f 2157/2157 2158/2158 2151/2151
f 2180/2180 2185/2185 2172/2172
f 2149/2149 2157/2157 2151/2151
f 2172/2172 2157/2157 2149/2149
f 2149/2149 2151/2151 2150/2150
f 2180/2180 2172/2172 2168/2168
f 2168/2168 2172/2172 2149/2149
f 2181/2181 2180/2180 2175/2175
f 2175/2175 2180/2180 2168/2168
f 2147/2147 2149/2149 2150/2150
f 2175/2175 2168/2168 2148/2148
f 2148/2148 2168/2168 2149/2149
f 2148/2148 2149/2149 2147/2147
f 2166/2166 2181/2181 2175/2175
f 2166/2166 2175/2175 2148/2148
f 2178/2178 2181/2181 2166/2166
f 2141/2141 2148/2148 2147/2147
f 2166/2166 2148/2148 2141/2141
f 2142/2142 2141/2141 2147/2147
f 2174/2174 2178/2178 2166/2166
f 2140/2140 2174/2174 2166/2166
f 2140/2140 2166/2166 2141/2141
f 2144/2144 2174/2174 2140/2140
f 2140/2140 2141/2141 2142/2142
f 2179/2179 2178/2178 2165/2165
f 2178/2178 2174/2174 2144/2144
f 2165/2165 2178/2178 2144/2144
f 2143/2143 2140/2140 2142/2142
f 2144/2144 2140/2140 2143/2143
f 2186/2186 2179/2179 2167/2167
f 2167/2167 2179/2179 2165/2165
f 2145/2145 2144/2144 2143/2143
f 2165/2165 2144/2144 2145/2145
f 2167/2167 2165/2165 2145/2145
f 2177/2177 2186/2186 2167/2167
f 2152/2152 2167/2167 2145/2145
f 2145/2145 2143/2143 2146/2146
f 2177/2177 2167/2167 2152/2152
f 2152/2152 2145/2145 2146/2146
f 2182/2182 2177/2177 2161/2161
f 2161/2161 2177/2177 2152/2152
f 2153/2153 2152/2152 2146/2146
f 2161/2161 2152/2152 2153/2153
f 2153/2153 2146/2146 2154/2154
f 2155/2155 2161/2161 2153/2153
f 2188/2188 2182/2182 2170/2170
f 2170/2170 2182/2182 2161/2161
f 2155/2155 2153/2153 2154/2154
f 2176/2176 2188/2188 2170/2170
f 2170/2170 2161/2161 2156/2156
f 2156/2156 2161/2161 2155/2155
f 2156/2156 2155/2155 2154/2154
f 2176/2176 2170/2170 2169/2169
f 2169/2169 2170/2170 2156/2156
f 2164/2164 2156/2156 2154/2154
f 1892/1892 1903/1903 1900/1900
f 2169/2169 2156/2156 2164/2164
f 1187/1187 1194/1194 1171/1171
f 1170/1170 1171/1171 1168/1168
f 1167/1167 1170/1170 1168/1168
f 1167/1167 1168/1168 1166/1166
f 1165/1165 1166/1166 1164/1164
f 1160/1160 1164/1164 1161/1161
f 1169/1169 1163/1163 1201/1201
f 1169/1169 1201/1201 1175/1175
f 143/143 522/522 526/526
f 3440/3440 3446/3446 3450/3450
f 3453/3453 3446/3446 3456/3456
f 3495/3495 3496/3496 3497/3497
f 3456/3456 3426/3426 3427/3427
f 3418/3418 3426/3426 3417/3417
f 3418/3418 3417/3417 3416/3416
f 3375/3375 3376/3376 3372/3372
f 3375/3375 3372/3372 3370/3370
f 855/855 854/854 847/847
f 848/848 855/855 847/847
f 3370/3370 3368/3368 3369/3369
f 848/848 856/856 855/855
f 3369/3369 3368/3368 3366/3366
f 3369/3369 3366/3366 3373/3373
f 3373/3373 3366/3366 3374/3374
f 3473/3473 3469/3469 3471/3471
f 860/860 882/882 858/858
f 3355/3355 3354/3354 3353/3353
f 3353/3353 3354/3354 3350/3350
f 3353/3353 3350/3350 3351/3351
f 3351/3351 3350/3350 3348/3348
f 2511/2511 2529/2529 2520/2520
f 2551/2551 2541/2541 2543/2543
f 2549/2549 2551/2551 2543/2543
f 2528/2528 2549/2549 2543/2543
f 3101/3101 3092/3092 3073/3073
f 3058/3058 3059/3059 3060/3060
f 3053/3053 3055/3055 3047/3047
f 3055/3055 3051/3051 3047/3047
f 3051/3051 3054/3054 3046/3046
f 3046/3046 3054/3054 3050/3050
f 3050/3050 3057/3057 3052/3052
f 3052/3052 3056/3056 3049/3049
f 155/155 169/169 179/179
f 40/40 13/13 41/41
f 1675/1675 1650/1650 1635/1635
f 522/522 474/474 526/526
f 3451/3451 3440/3440 3450/3450
f 3450/3450 3446/3446 3453/3453
f 2491/2491 2534/2534 2532/2532
f 3427/3427 3426/3426 3418/3418
f 862/862 879/879 866/866
f 852/852 879/879 862/862
f 2491/2491 2538/2538 2534/2534
f 852/852 862/862 861/861
f 859/859 852/852 861/861
f 845/845 852/852 859/859
f 846/846 852/852 845/845
f 824/824 846/846 845/845
f 853/853 852/852 846/846
f 854/854 853/853 846/846
f 847/847 854/854 846/846
f 818/818 847/847 846/846
f 819/819 847/847 818/818
f 827/827 848/848 847/847
f 849/849 856/856 848/848
f 827/827 849/849 848/848
f 834/834 849/849 827/827
f 857/857 856/856 849/849
f 835/835 849/849 834/834
f 858/858 857/857 849/849
f 850/850 858/858 849/849
f 835/835 850/850 849/849
f 860/860 858/858 850/850
f 811/811 812/812 810/810
f 812/812 816/816 810/810
f 810/810 816/816 808/808
f 808/808 816/816 815/815
f 808/808 815/815 809/809
f 815/815 814/814 809/809
f 809/809 814/814 813/813
f 809/809 813/813 807/807
f 2469/2469 2473/2473 2494/2494
f 2469/2469 2494/2494 2472/2472
f 2543/2543 2539/2539 2509/2509
f 2989/2989 2980/2980 2986/2986
f 2980/2980 2977/2977 2986/2986
f 2986/2986 2993/2993 2991/2991
f 2991/2991 2992/2992 2990/2990
f 2990/2990 2992/2992 3005/3005
f 2992/2992 2997/2997 3005/3005
f 3005/3005 2997/2997 3006/3006
f 3006/3006 2997/2997 2999/2999
f 2999/2999 3001/3001 3006/3006
f 3006/3006 3001/3001 3007/3007
f 3007/3007 3001/3001 3002/3002
f 3007/3007 3002/3002 2959/2959
f 3007/3007 2959/2959 3008/3008
f 3120/3120 3213/3213 3050/3050
f 3050/3050 3213/3213 3057/3057
f 3057/3057 3213/3213 3212/3212
f 3057/3057 3212/3212 3052/3052
f 3052/3052 3212/3212 3056/3056
f 798/798 796/796 817/817
f 2982/2982 2980/2980 2989/2989
f 3076/3076 3103/3103 3071/3071
f 2/2 5/5 3/3
f 107/107 46/46 19/19
f 3452/3452 3451/3451 3450/3450
f 878/878 881/881 880/880
f 872/872 881/881 878/878
f 868/868 881/881 872/872
f 867/867 868/868 872/872
f 866/866 868/868 867/867
f 866/866 867/867 865/865
f 862/862 866/866 865/865
f 864/864 862/862 865/865
f 889/889 845/845 859/859
f 863/863 862/862 864/864
f 861/861 862/862 863/863
f 851/851 826/826 845/845
f 824/824 845/845 826/826
f 846/846 824/824 821/821
f 818/818 846/846 821/821
f 827/827 847/847 819/819
f 805/805 811/811 810/810
f 805/805 810/810 806/806
f 810/810 808/808 806/806
f 806/806 808/808 804/804
f 804/804 808/808 809/809
f 804/804 809/809 807/807
f 3015/3015 3017/3017 3016/3016
f 834/834 827/827 830/830
f 832/832 835/835 834/834
f 832/832 834/834 830/830
f 805/805 806/806 803/803
f 803/803 806/806 804/804
f 804/804 807/807 802/802
f 802/802 807/807 801/801
f 825/825 826/826 851/851
f 824/824 826/826 825/825
f 823/823 824/824 825/825
f 823/823 821/821 824/824
f 820/820 821/821 823/823
f 820/820 818/818 821/821
f 822/822 827/827 819/819
f 829/829 830/830 827/827
f 832/832 830/830 831/831
f 833/833 832/832 831/831
f 803/803 804/804 781/781
f 804/804 782/782 781/781
f 782/782 804/804 786/786
f 804/804 802/802 786/786
f 792/792 802/802 801/801
f 820/820 819/819 818/818
f 828/828 827/827 822/822
f 829/829 827/827 828/828
f 831/831 830/830 829/829
f 823/823 840/840 843/843
f 839/839 823/823 843/843
f 839/839 820/820 823/823
f 838/838 820/820 839/839
f 822/822 820/820 838/838
f 837/837 822/822 838/838
f 828/828 822/822 837/837
f 836/836 828/828 837/837
f 836/836 829/829 828/828
f 836/836 831/831 829/829
f 841/841 831/831 836/836
f 842/842 833/833 831/831
f 842/842 831/831 841/841
f 844/844 843/843 840/840
f 2956/2956 2957/2957 2958/2958
f 2975/2975 2976/2976 2977/2977
f 2980/2980 2975/2975 2977/2977
f 3004/3004 2994/2994 2993/2993
f 2661/2661 2683/2683 2680/2680
f 2995/2995 2996/2996 2992/2992
f 2992/2992 2996/2996 2997/2997
f 2997/2997 2996/2996 2998/2998
f 2997/2997 2998/2998 2999/2999
f 2999/2999 2998/2998 3000/3000
f 3002/3002 3000/3000 3003/3003
f 793/793 789/789 794/794
f 789/789 788/788 794/794
f 794/794 788/788 795/795
f 795/795 788/788 787/787
f 795/795 787/787 796/796
f 787/787 791/791 796/796
f 2991/2991 2994/2994 2995/2995
f 2991/2991 2995/2995 2992/2992
f 2999/2999 3000/3000 3001/3001
f 3001/3001 3000/3000 3002/3002
f 3003/3003 2956/2956 3002/3002
f 3002/3002 2956/2956 2959/2959
f 800/800 793/793 799/799
f 793/793 794/794 799/799
f 799/799 794/794 795/795
f 799/799 795/795 798/798
f 798/798 795/795 796/796
f 2978/2978 2979/2979 2982/2982
f 2982/2982 2979/2979 2980/2980
f 2971/2971 2978/2978 2983/2983
f 2983/2983 2978/2978 2982/2982
f 2987/2987 2971/2971 2983/2983
f 3081/3081 3105/3105 3104/3104
f 3105/3105 3081/3081 3093/3093
f 40/40 41/41 42/42
f 69/69 42/42 100/100
f 519/519 530/530 544/544
f 519/519 544/544 545/545
f 545/545 544/544 549/549
f 870/870 867/867 872/872
f 871/871 870/870 872/872
f 1951/1951 1976/1976 1975/1975
f 1965/1965 1951/1951 1975/1975
f 889/889 859/859 891/891
f 1078/1078 1079/1079 1084/1084
f 1079/1079 1087/1087 1084/1084
f 1084/1084 1087/1087 1098/1098
f 2372/2372 2384/2384 2359/2359
f 867/867 870/870 869/869
f 865/865 867/867 869/869
f 1941/1941 1951/1951 1950/1950
f 3010/3010 3018/3018 3011/3011
f 3011/3011 3018/3018 3015/3015
f 3010/3010 3011/3011 2973/2973
f 2962/2962 3010/3010 2973/2973
f 3011/3011 3015/3015 3012/3012
f 3012/3012 3015/3015 2974/2974
f 2974/2974 3015/3015 3016/3016
f 785/785 805/805 803/803
f 2973/2973 3011/3011 3012/3012
f 785/785 803/803 784/784
f 803/803 781/781 784/784
f 786/786 802/802 792/792
f 2973/2973 3012/3012 2974/2974
f 823/823 825/825 840/840
f 790/790 785/785 783/783
f 785/785 784/784 783/783
f 784/784 781/781 783/783
f 783/783 781/781 780/780
f 780/780 781/781 782/782
f 780/780 782/782 786/786
f 792/792 801/801 791/791
f 2963/2963 2962/2962 2972/2972
f 2972/2972 2962/2962 2973/2973
f 2972/2972 2973/2973 2974/2974
f 2972/2972 2974/2974 2975/2975
f 2974/2974 2976/2976 2975/2975
f 844/844 840/840 825/825
f 790/790 783/783 789/789
f 789/789 783/783 780/780
f 789/789 780/780 788/788
f 788/788 780/780 787/787
f 780/780 786/786 787/787
f 787/787 786/786 791/791
f 791/791 786/786 792/792
f 793/793 790/790 789/789
f 2963/2963 2972/2972 2979/2979
f 2971/2971 2963/2963 2978/2978
f 2978/2978 2963/2963 2979/2979
f 2970/2970 2971/2971 2987/2987
f 2985/2985 2970/2970 2987/2987
f 877/877 878/878 880/880
f 872/872 878/878 877/877
f 872/872 877/877 873/873
f 871/871 872/872 873/873
f 1950/1950 1951/1951 1965/1965
f 1961/1961 1950/1950 1965/1965
f 1092/1092 1084/1084 1098/1098
f 2372/2372 2359/2359 2365/2365
f 886/886 845/845 889/889
f 1052/1052 1059/1059 1067/1067
f 869/869 870/870 871/871
f 851/851 845/845 886/886
f 2359/2359 2355/2355 2349/2349
f 2350/2350 2359/2359 2349/2349
f 2961/2961 3013/3013 2962/2962
f 2962/2962 3013/3013 3010/3010
f 1040/1040 1054/1054 1052/1052
f 2355/2355 2321/2321 2349/2349
f 2960/2960 2961/2961 2962/2962
f 2660/2660 2661/2661 2659/2659
f 2960/2960 2962/2962 2963/2963
f 2971/2971 2960/2960 2963/2963
f 2964/2964 2960/2960 2971/2971
f 2970/2970 2964/2964 2971/2971
f 2331/2331 2340/2340 2337/2337
f 2985/2985 2969/2969 2970/2970
f 3/3 6/6 13/13
f 3242/3242 3243/3243 3244/3244
f 110/110 107/107 19/19
f 526/526 527/527 541/541
f 161/161 526/526 541/541
f 873/873 877/877 875/875
f 874/874 873/873 875/875
f 1961/1961 1965/1965 1974/1974
f 1974/1974 1965/1965 1975/1975
f 889/889 891/891 890/890
f 1078/1078 1084/1084 1092/1092
f 871/871 873/873 874/874
f 2365/2365 2359/2359 2350/2350
f 1/1 2/2 3/3
f 2961/2961 3014/3014 3013/3013
f 884/884 825/825 851/851
f 2349/2349 2321/2321 2320/2320
f 2320/2320 2321/2321 2311/2311
f 2964/2964 2961/2961 2960/2960
f 2658/2658 2660/2660 2659/2659
f 2311/2311 2321/2321 2322/2322
f 2327/2327 2322/2322 2331/2331
f 2964/2964 2970/2970 2966/2966
f 3245/3245 3243/3243 3242/3242
f 20/20 1/1 4/4
f 1949/1949 1950/1950 1961/1961
f 3290/3290 3281/3281 3279/3279
f 3279/3279 3281/3281 3280/3280
f 1077/1077 1067/1067 1078/1078
f 2381/2381 2372/2372 2365/2365
f 2380/2380 2381/2381 2365/2365
f 874/874 875/875 876/876
f 1936/1936 1950/1950 1949/1949
f 888/888 889/889 890/890
f 888/888 886/886 889/889
f 3009/3009 3014/3014 2965/2965
f 2965/2965 3014/3014 2961/2961
f 885/885 851/851 886/886
f 2350/2350 2349/2349 2320/2320
f 884/884 851/851 885/885
f 2965/2965 2961/2961 2964/2964
f 2966/2966 2965/2965 2964/2964
f 2659/2659 2661/2661 2666/2666
f 2968/2968 2966/2966 2969/2969
f 154/154 136/136 177/177
f 40/40 42/42 69/69
f 110/110 19/19 66/66
f 1078/1078 1092/1092 1094/1094
f 885/885 886/886 888/888
f 2967/2967 3009/3009 2965/2965
f 2967/2967 2965/2965 2966/2966
f 2658/2658 2659/2659 2657/2657
f 2657/2657 2659/2659 2666/2666
f 2311/2311 2322/2322 2327/2327
f 2968/2968 2967/2967 2966/2966
f 496/496 519/519 504/504
f 19/19 1/1 20/20
f 142/142 541/541 131/131
f 1960/1960 1949/1949 1961/1961
f 1960/1960 1961/1961 1970/1970
f 1970/1970 1961/1961 1974/1974
f 3288/3288 3290/3290 3279/3279
f 1066/1066 1067/1067 1077/1077
f 1080/1080 1078/1078 1094/1094
f 1053/1053 1052/1052 1066/1066
f 2365/2365 2350/2350 2344/2344
f 2344/2344 2350/2350 2320/2320
f 2656/2656 2658/2658 2657/2657
f 525/525 519/519 545/545
f 66/66 19/19 55/55
f 541/541 527/527 497/497
f 532/532 541/541 497/497
f 1077/1077 1078/1078 1080/1080
f 1080/1080 1094/1094 1099/1099
f 2371/2371 2380/2380 2365/2365
f 2677/2677 2666/2666 2679/2679
f 177/177 136/136 187/187
f 177/177 187/187 540/540
f 3246/3246 3245/3245 3242/3242
f 3246/3246 3242/3242 3247/3247
f 3247/3247 3242/3242 3248/3248
f 541/541 532/532 185/185
f 1948/1948 1949/1949 1960/1960
f 3288/3288 3279/3279 3274/3274
f 3274/3274 3279/3279 3266/3266
f 3266/3266 3279/3279 3280/3280
f 1066/1066 1077/1077 1080/1080
f 2371/2371 2365/2365 2362/2362
f 887/887 888/888 890/890
f 2362/2362 2365/2365 2344/2344
f 2344/2344 2320/2320 2309/2309
f 2309/2309 2320/2320 2311/2311
f 2311/2311 2327/2327 2323/2323
f 1678/1678 1633/1633 1634/1634
f 525/525 545/545 548/548
f 1948/1948 1960/1960 1962/1962
f 1962/1962 1960/1960 1970/1970
f 1072/1072 1066/1066 1080/1080
f 1097/1097 1080/1080 1099/1099
f 2382/2382 2371/2371 2367/2367
f 2367/2367 2371/2371 2362/2362
f 1937/1937 1935/1935 1948/1948
f 885/885 888/888 887/887
f 2657/2657 2666/2666 2664/2664
f 2310/2310 2311/2311 2323/2323
f 2323/2323 2327/2327 2335/2335
f 2327/2327 2337/2337 2335/2335
f 136/136 140/140 187/187
f 102/102 66/66 55/55
f 55/55 19/19 18/18
f 1/1 3/3 4/4
f 185/185 532/532 531/531
f 1955/1955 1948/1948 1962/1962
f 3288/3288 3274/3274 3272/3272
f 1065/1065 1066/1066 1072/1072
f 887/887 890/890 892/892
f 893/893 887/887 892/892
f 894/894 885/885 887/887
f 2656/2656 2657/2657 2654/2654
f 2309/2309 2311/2311 2310/2310
f 2654/2654 2657/2657 2664/2664
f 1022/1022 1023/1023 1018/1018
f 1019/1019 1021/1021 1022/1022
f 167/167 185/185 186/186
f 3272/3272 3274/3274 3266/3266
f 1072/1072 1080/1080 1082/1082
f 1082/1082 1080/1080 1097/1097
f 1082/1082 1097/1097 1095/1095
f 2378/2378 2382/2382 2367/2367
f 1938/1938 1937/1937 1944/1944
f 1050/1050 1065/1065 1064/1064
f 894/894 887/887 893/893
f 2351/2351 2344/2344 2309/2309
f 3127/3127 3126/3126 3128/3128
f 140/140 139/139 183/183
f 1019/1019 1022/1022 1018/1018
f 1944/1944 1948/1948 1955/1955
f 3289/3289 3288/3288 3272/3272
f 3275/3275 3289/3289 3272/3272
f 1086/1086 1082/1082 1095/1095
f 2363/2363 2367/2367 2362/2362
f 184/184 164/164 186/186
f 2351/2351 2362/2362 2344/2344
f 3268/3268 3303/3303 3302/3302
f 2653/2653 2656/2656 2654/2654
f 139/139 141/141 184/184
f 139/139 184/184 183/183
f 1638/1638 1678/1678 1634/1634
f 1955/1955 1962/1962 1969/1969
f 1064/1064 1065/1065 1072/1072
f 2378/2378 2367/2367 2363/2363
f 2363/2363 2362/2362 2351/2351
f 3265/3265 3268/3268 3264/3264
f 2664/2664 2677/2677 2674/2674
f 39/39 40/40 68/68
f 1014/1014 1021/1021 1019/1019
f 102/102 55/55 18/18
f 1954/1954 1944/1944 1955/1955
f 1954/1954 1955/1955 1967/1967
f 1967/1967 1955/1955 1969/1969
f 3272/3272 3266/3266 3256/3256
f 1104/1104 1086/1086 1095/1095
f 1051/1051 1050/1050 1064/1064
f 3264/3264 3268/3268 3302/3302
f 2654/2654 2664/2664 2663/2663
f 535/535 509/509 533/533
f 2336/2336 2323/2323 2335/2335
f 1019/1019 1018/1018 1016/1016
f 1016/1016 1018/1018 1017/1017
f 505/505 525/525 546/546
f 96/96 102/102 18/18
f 3292/3292 3289/3289 3275/3275
f 3275/3275 3272/3272 3256/3256
f 1071/1071 1064/1064 1072/1072
f 1071/1071 1072/1072 1082/1082
f 2375/2375 2378/2378 2363/2363
f 3256/3256 3266/3266 3265/3265
f 2363/2363 2351/2351 2347/2347
f 186/186 490/490 535/535
f 2347/2347 2351/2351 2309/2309
f 2310/2310 2323/2323 2324/2324
f 12/12 3/3 13/13
f 1014/1014 1019/1019 1016/1016
f 1954/1954 1967/1967 1966/1966
f 3282/3282 3292/3292 3275/3275
f 1071/1071 1082/1082 1086/1086
f 3264/3264 3256/3256 3265/3265
f 3254/3254 3256/3256 3264/3264
f 3296/3296 3264/3264 3302/3302
f 2309/2309 2310/2310 2307/2307
f 2653/2653 2654/2654 2645/2645
f 2645/2645 2654/2654 2663/2663
f 2307/2307 2310/2310 2324/2324
f 448/448 457/457 428/428
f 13/13 40/40 39/39
f 17/17 18/18 19/19
f 338/338 337/337 339/339
f 1966/1966 1967/1967 1977/1977
f 3282/3282 3275/3275 3255/3255
f 3255/3255 3275/3275 3256/3256
f 1063/1063 1064/1064 1071/1071
f 1081/1081 1071/1071 1086/1086
f 1096/1096 1086/1086 1104/1104
f 3254/3254 3264/3264 3296/3296
f 2347/2347 2309/2309 2306/2306
f 2306/2306 2309/2309 2307/2307
f 2663/2663 2674/2674 2673/2673
f 2684/2684 2687/2687 2688/2688
f 2700/2700 2684/2684 2688/2688
f 1009/1009 1014/1014 1016/1016
f 1081/1081 1086/1086 1096/1096
f 2357/2357 2375/2375 2363/2363
f 1931/1931 1944/1944 1943/1943
f 1048/1048 1051/1051 1063/1063
f 2363/2363 2347/2347 2357/2357
f 2357/2357 2347/2347 2346/2346
f 2346/2346 2347/2347 2306/2306
f 2671/2671 2653/2653 2644/2644
f 2644/2644 2653/2653 2645/2645
f 75/75 39/39 68/68
f 1008/1008 1016/1016 1017/1017
f 96/96 18/18 56/56
f 1968/1968 1966/1966 1977/1977
f 3293/3293 3282/3282 3283/3283
f 3283/3283 3282/3282 3253/3253
f 3253/3253 3282/3282 3255/3255
f 1074/1074 1063/1063 1071/1071
f 1074/1074 1071/1071 1081/1081
f 2379/2379 2375/2375 2357/2357
f 2373/2373 2379/2379 2357/2357
f 3255/3255 3256/3256 3254/3254
f 2645/2645 2663/2663 2662/2662
f 2307/2307 2324/2324 2325/2325
f 2324/2324 2336/2336 2325/2325
f 2325/2325 2336/2336 2334/2334
f 1013/1013 1014/1014 1009/1009
f 1009/1009 1016/1016 1008/1008
f 96/96 56/56 108/108
f 17/17 19/19 20/20
f 1943/1943 1944/1944 1954/1954
f 1957/1957 1954/1954 1966/1966
f 1957/1957 1966/1966 1968/1968
f 3254/3254 3296/3296 3252/3252
f 2312/2312 2307/2307 2325/2325
f 38/38 13/13 39/39
f 56/56 18/18 17/17
f 1943/1943 1954/1954 1957/1957
f 1081/1081 1096/1096 1100/1100
f 1093/1093 1081/1081 1100/1100
f 3253/3253 3255/3255 3254/3254
f 3132/3132 3131/3131 3133/3133
f 3157/3157 3132/3132 3133/3133
f 12/12 13/13 38/38
f 38/38 39/39 49/49
f 108/108 56/56 79/79
f 3284/3284 3293/3293 3283/3283
f 1074/1074 1081/1081 1083/1083
f 1083/1083 1081/1081 1093/1093
f 2383/2383 2373/2373 2368/2368
f 2368/2368 2373/2373 2357/2357
f 1047/1047 1048/1048 1060/1060
f 3252/3252 3253/3253 3254/3254
f 2357/2357 2346/2346 2345/2345
f 3252/3252 3296/3296 3300/3300
f 2345/2345 2346/2346 2306/2306
f 63/63 39/39 75/75
f 970/970 1009/1009 1008/1008
f 3283/3283 3253/3253 3250/3250
f 1060/1060 1063/1063 1074/1074
f 2368/2368 2357/2357 2358/2358
f 1939/1939 1943/1943 1946/1946
f 3267/3267 3252/3252 3300/3300
f 2662/2662 2673/2673 2675/2675
f 49/49 39/39 63/63
f 1010/1010 1009/1009 971/971
f 971/971 1009/1009 970/970
f 970/970 1008/1008 972/972
f 494/494 502/502 503/503
f 444/444 377/377 432/432
f 1946/1946 1943/1943 1957/1957
f 3284/3284 3283/3283 3250/3250
f 3250/3250 3253/3253 3252/3252
f 1049/1049 1047/1047 1060/1060
f 2358/2358 2357/2357 2345/2345
f 2644/2644 2645/2645 2646/2646
f 2646/2646 2645/2645 2662/2662
f 79/79 56/56 70/70
f 70/70 56/56 17/17
f 1090/1090 1083/1083 1093/1093
f 3273/3273 3284/3284 3250/3250
f 1075/1075 1060/1060 1074/1074
f 1075/1075 1074/1074 1083/1083
f 1075/1075 1083/1083 1090/1090
f 2376/2376 2383/2383 2368/2368
f 3250/3250 3252/3252 3251/3251
f 3251/3251 3252/3252 3267/3267
f 3267/3267 3300/3300 3299/3299
f 2306/2306 2307/2307 2308/2308
f 2647/2647 2644/2644 2646/2646
f 2308/2308 2307/2307 2312/2312
f 2325/2325 2333/2333 2326/2326
f 970/970 972/972 968/968
f 1964/1964 1968/1968 1978/1978
f 1958/1958 1946/1946 1957/1957
f 1958/1958 1957/1957 1964/1964
f 2376/2376 2368/2368 2358/2358
f 3257/3257 3267/3267 3299/3299
f 2308/2308 2345/2345 2306/2306
f 49/49 63/63 83/83
f 969/969 1010/1010 971/971
f 969/969 971/971 970/970
f 968/968 972/972 1020/1020
f 17/17 20/20 15/15
f 1090/1090 1093/1093 1106/1106
f 3271/3271 3273/3273 3249/3249
f 3249/3249 3273/3273 3250/3250
f 2376/2376 2358/2358 2364/2364
f 2353/2353 2358/2358 2345/2345
f 3251/3251 3267/3267 3257/3257
f 2308/2308 2312/2312 2313/2313
f 2313/2313 2312/2312 2326/2326
f 2668/2668 2675/2675 2676/2676
f 969/969 970/970 967/967
f 1011/1011 1010/1010 969/969
f 3294/3294 3284/3284 3273/3273
f 1105/1105 1090/1090 1106/1106
f 1061/1061 1060/1060 1075/1075
f 3249/3249 3250/3250 3251/3251
f 2364/2364 2358/2358 2353/2353
f 2353/2353 2345/2345 2308/2308
f 967/967 970/970 968/968
f 3294/3294 3273/3273 3276/3276
f 1089/1089 1075/1075 1090/1090
f 3276/3276 3273/3273 3271/3271
f 2377/2377 2376/2376 2364/2364
f 3249/3249 3251/3251 3257/3257
f 1055/1055 1049/1049 1061/1061
f 2314/2314 2308/2308 2313/2313
f 3135/3135 3137/3137 3136/3136
f 104/104 49/49 83/83
f 1956/1956 1964/1964 1972/1972
f 3291/3291 3294/3294 3276/3276
f 1076/1076 1075/1075 1089/1089
f 1089/1089 1090/1090 1105/1105
f 1945/1945 1946/1946 1956/1956
f 1956/1956 1946/1946 1958/1958
f 1956/1956 1958/1958 1964/1964
f 1076/1076 1061/1061 1075/1075
f 2342/2342 2353/2353 2308/2308
f 2313/2313 2333/2333 2332/2332
f 550/550 553/553 551/551
f 955/955 969/969 967/967
f 956/956 967/967 960/960
f 960/960 967/967 968/968
f 115/115 70/70 17/17
f 2360/2360 2364/2364 2353/2353
f 3258/3258 3249/3249 3257/3257
f 2342/2342 2308/2308 2314/2314
f 2648/2648 2647/2647 2646/2646
f 2646/2646 2668/2668 2665/2665
f 2668/2668 2676/2676 2665/2665
f 1657/1657 1653/1653 1655/1655
f 1660/1660 1686/1686 1656/1656
f 998/998 1011/1011 969/969
f 998/998 969/969 955/955
f 955/955 967/967 956/956
f 115/115 17/17 97/97
f 3278/3278 3291/3291 3276/3276
f 3276/3276 3271/3271 3259/3259
f 3259/3259 3271/3271 3249/3249
f 1061/1061 1076/1076 1073/1073
f 2377/2377 2364/2364 2360/2360
f 3258/3258 3257/3257 3270/3270
f 3270/3270 3257/3257 3299/3299
f 2648/2648 2646/2646 2649/2649
f 2649/2649 2646/2646 2665/2665
f 2665/2665 2676/2676 2678/2678
f 1654/1654 1660/1660 1656/1656
f 1073/1073 1076/1076 1089/1089
f 1089/1089 1105/1105 1102/1102
f 2374/2374 2377/2377 2360/2360
f 3259/3259 3249/3249 3258/3258
f 2342/2342 2360/2360 2353/2353
f 2314/2314 2313/2313 2315/2315
f 4/4 3/3 12/12
f 17/17 15/15 58/58
f 1959/1959 1956/1956 1972/1972
f 1947/1947 1945/1945 1956/1956
f 3278/3278 3276/3276 3259/3259
f 3270/3270 3299/3299 3298/3298
f 2649/2649 2665/2665 2667/2667
f 1654/1654 1659/1659 1660/1660
f 960/960 966/966 965/965
f 997/997 1012/1012 998/998
f 97/97 17/17 58/58
f 15/15 20/20 4/4
f 1959/1959 1947/1947 1956/1956
f 1062/1062 1061/1061 1073/1073
f 1057/1057 1055/1055 1062/1062
f 2343/2343 2342/2342 2314/2314
f 2343/2343 2314/2314 2316/2316
f 2316/2316 2314/2314 2315/2315
f 2315/2315 2332/2332 2330/2330
f 998/998 955/955 958/958
f 955/955 956/956 957/957
f 958/958 955/955 957/957
f 956/956 960/960 959/959
f 957/957 956/956 959/959
f 959/959 960/960 965/965
f 966/966 964/964 965/965
f 58/58 15/15 52/52
f 1959/1959 1972/1972 1973/1973
f 3287/3287 3291/3291 3278/3278
f 3287/3287 3278/3278 3277/3277
f 1088/1088 1073/1073 1089/1089
f 1088/1088 1089/1089 1102/1102
f 3260/3260 3278/3278 3259/3259
f 1062/1062 1073/1073 1070/1070
f 2361/2361 2374/2374 2360/2360
f 3260/3260 3259/3259 3258/3258
f 2361/2361 2360/2360 2342/2342
f 2361/2361 2342/2342 2343/2343
f 2650/2650 2648/2648 2649/2649
f 561/561 562/562 553/553
f 553/553 562/562 563/563
f 1873/1873 1869/1869 1872/1872
f 74/74 49/49 88/88
f 507/507 470/470 508/508
f 1088/1088 1102/1102 1101/1101
f 3277/3277 3278/3278 3260/3260
f 3269/3269 3258/3258 3270/3270
f 3269/3269 3270/3270 3298/3298
f 2672/2672 2667/2667 2678/2678
f 54/54 38/38 49/49
f 54/54 49/49 74/74
f 1868/1868 1870/1870 1871/1871
f 1871/1871 1870/1870 1869/1869
f 1869/1869 1867/1867 1872/1872
f 959/959 965/965 964/964
f 376/376 375/375 382/382
f 1952/1952 1947/1947 1959/1959
f 1057/1057 1062/1062 1070/1070
f 2369/2369 2374/2374 2361/2361
f 3260/3260 3258/3258 3261/3261
f 3261/3261 3258/3258 3269/3269
f 3269/3269 3298/3298 3297/3297
f 562/562 561/561 564/564
f 963/963 959/959 964/964
f 958/958 957/957 961/961
f 961/961 957/957 959/959
f 14/14 52/52 15/15
f 14/14 15/15 16/16
f 16/16 15/15 4/4
f 1971/1971 1959/1959 1973/1973
f 1070/1070 1088/1088 1085/1085
f 1085/1085 1088/1088 1101/1101
f 2650/2650 2649/2649 2651/2651
f 2316/2316 2315/2315 2317/2317
f 2649/2649 2667/2667 2669/2669
f 2651/2651 2649/2649 2669/2669
f 388/388 384/384 383/383
f 1868/1868 1864/1864 1870/1870
f 1870/1870 1864/1864 1869/1869
f 1864/1864 1863/1863 1869/1869
f 1869/1869 1863/1863 1867/1867
f 995/995 958/958 962/962
f 962/962 958/958 961/961
f 58/58 52/52 114/114
f 1952/1952 1959/1959 1971/1971
f 3286/3286 3287/3287 3277/3277
f 1942/1942 1947/1947 1952/1952
f 1069/1069 1057/1057 1070/1070
f 2361/2361 2343/2343 2348/2348
f 12/12 38/38 37/37
f 37/37 38/38 54/54
f 564/564 567/567 566/566
f 564/564 566/566 562/562
f 1868/1868 1865/1865 1864/1864
f 962/962 961/961 973/973
f 14/14 16/16 36/36
f 1963/1963 1952/1952 1971/1971
f 1069/1069 1070/1070 1085/1085
f 1103/1103 1085/1085 1101/1101
f 3285/3285 3286/3286 3277/3277
f 3285/3285 3277/3277 3262/3262
f 3262/3262 3277/3277 3260/3260
f 1058/1058 1057/1057 1069/1069
f 2356/2356 2369/2369 2361/2361
f 2348/2348 2343/2343 2316/2316
f 2316/2316 2317/2317 2318/2318
f 16/16 4/4 12/12
f 2318/2318 2330/2330 2329/2329
f 988/988 962/962 973/973
f 973/973 961/961 974/974
f 974/974 961/961 963/963
f 52/52 14/14 94/94
f 114/114 52/52 94/94
f 3295/3295 3286/3286 3285/3285
f 2370/2370 2369/2369 2356/2356
f 3262/3262 3260/3260 3261/3261
f 2348/2348 2356/2356 2361/2361
f 3263/3263 3261/3261 3269/3269
f 1043/1043 1045/1045 1068/1068
f 2329/2329 2338/2338 2339/2339
f 566/566 567/567 568/568
f 91/91 37/37 54/54
f 1865/1865 1862/1862 1864/1864
f 1864/1864 1861/1861 1863/1863
f 974/974 963/963 975/975
f 989/989 988/988 973/973
f 94/94 14/14 76/76
f 76/76 14/14 36/36
f 36/36 16/16 35/35
f 1091/1091 1069/1069 1085/1085
f 1091/1091 1085/1085 1103/1103
f 2270/2270 2286/2286 2280/2280
f 2288/2288 2286/2286 2270/2270
f 2282/2282 2288/2288 2270/2270
f 3262/3262 3261/3261 3263/3263
f 2273/2273 2282/2282 2270/2270
f 3263/3263 3269/3269 3297/3297
f 3263/3263 3297/3297 3301/3301
f 2396/2396 2390/2390 2385/2385
f 2319/2319 2348/2348 2316/2316
f 2277/2277 2273/2273 2275/2275
f 2652/2652 2650/2650 2651/2651
f 2398/2398 2396/2396 2385/2385
f 2319/2319 2316/2316 2318/2318
f 2651/2651 2669/2669 2655/2655
f 2285/2285 2277/2277 2275/2275
f 2655/2655 2672/2672 2681/2681
f 1863/1863 1861/1861 1860/1860
f 1863/1863 1860/1860 1866/1866
f 974/974 975/975 977/977
f 978/978 973/973 976/976
f 976/976 973/973 974/974
f 976/976 974/974 977/977
f 992/992 989/989 978/978
f 2280/2280 2290/2290 2271/2271
f 2393/2393 2403/2403 2389/2389
f 2366/2366 2370/2370 2356/2356
f 2390/2390 2393/2393 2386/2386
f 2356/2356 2348/2348 2352/2352
f 2390/2390 2386/2386 2385/2385
f 2352/2352 2348/2348 2319/2319
f 3304/3304 3263/3263 3301/3301
f 2385/2385 2386/2386 2387/2387
f 2273/2273 2270/2270 2272/2272
f 2275/2275 2273/2273 2272/2272
f 2652/2652 2651/2651 2655/2655
f 2391/2391 2385/2385 2387/2387
f 2318/2318 2329/2329 2328/2328
f 2278/2278 2275/2275 2272/2272
f 2394/2394 2391/2391 2387/2387
f 2394/2394 2387/2387 2395/2395
f 2278/2278 2272/2272 2289/2289
f 2289/2289 2272/2272 2281/2281
f 12/12 37/37 32/32
f 32/32 37/37 60/60
f 60/60 37/37 86/86
f 1887/1887 1859/1859 1862/1862
f 1859/1859 1858/1858 1862/1862
f 1862/1862 1858/1858 1861/1861
f 1861/1861 1858/1858 1856/1856
f 86/86 37/37 91/91
f 1856/1856 1860/1860 1861/1861
f 979/979 977/977 975/975
f 2270/2270 2280/2280 2271/2271
f 2271/2271 2290/2290 2287/2287
f 2386/2386 2393/2393 2389/2389
f 2366/2366 2356/2356 2352/2352
f 2387/2387 2386/2386 2388/2388
f 2352/2352 2319/2319 2328/2328
f 2272/2272 2271/2271 2274/2274
f 2670/2670 2652/2652 2655/2655
f 2319/2319 2318/2318 2328/2328
f 2279/2279 2284/2284 2276/2276
f 2272/2272 2274/2274 2276/2276
f 2281/2281 2272/2272 2276/2276
f 2395/2395 2387/2387 2399/2399
f 2399/2399 2387/2387 2400/2400
f 16/16 12/12 32/32
f 1856/1856 1857/1857 1860/1860
f 981/981 978/978 976/976
f 992/992 978/978 981/981
f 981/981 976/976 982/982
f 982/982 976/976 983/983
f 976/976 977/977 980/980
f 983/983 976/976 980/980
f 992/992 981/981 993/993
f 76/76 36/36 106/106
f 35/35 16/16 34/34
f 2271/2271 2287/2287 2279/2279
f 2274/2274 2271/2271 2279/2279
f 2389/2389 2397/2397 2388/2388
f 2354/2354 2352/2352 2328/2328
f 2276/2276 2274/2274 2279/2279
f 2387/2387 2388/2388 2392/2392
f 1885/1885 1884/1884 1855/1855
f 1854/1854 1847/1847 1856/1856
f 1858/1858 1854/1854 1856/1856
f 90/90 60/60 86/86
f 1855/1855 1854/1854 1858/1858
f 1859/1859 1855/1855 1858/1858
f 1856/1856 1847/1847 1857/1857
f 980/980 977/977 979/979
f 106/106 36/36 98/98
f 36/36 35/35 98/98
f 34/34 16/16 33/33
f 33/33 16/16 32/32
f 587/587 610/610 613/613
f 32/32 60/60 90/90
f 1855/1855 1884/1884 1846/1846
f 1855/1855 1845/1845 1854/1854
f 1857/1857 1847/1847 1853/1853
f 983/983 980/980 984/984
f 993/993 981/981 986/986
f 999/999 993/993 986/986
f 33/33 32/32 53/53
f 105/105 32/32 90/90
f 1855/1855 1846/1846 1845/1845
f 1854/1854 1845/1845 1847/1847
f 983/983 984/984 985/985
f 986/986 981/981 982/982
f 986/986 982/982 985/985
f 982/982 983/983 985/985
f 98/98 35/35 95/95
f 1005/1005 999/999 986/986
f 35/35 34/34 95/95
f 1005/1005 986/986 991/991
f 1882/1882 1886/1886 1880/1880
f 1882/1882 1880/1880 1843/1843
f 53/53 32/32 101/101
f 1883/1883 1882/1882 1843/1843
f 1883/1883 1843/1843 1846/1846
f 1845/1845 1844/1844 1847/1847
f 1846/1846 1843/1843 1845/1845
f 1843/1843 1844/1844 1845/1845
f 1847/1847 1844/1844 1852/1852
f 101/101 32/32 105/105
f 1847/1847 1852/1852 1853/1853
f 985/985 984/984 987/987
f 991/991 986/986 990/990
f 990/990 986/986 985/985
f 95/95 34/34 85/85
f 1006/1006 1005/1005 991/991
f 996/996 991/991 990/990
f 1006/1006 991/991 996/996
f 85/85 34/34 33/33
f 1889/1889 1890/1890 1888/1888
f 1007/1007 1006/1006 996/996
f 1886/1886 1889/1889 1888/1888
f 33/33 53/53 78/78
f 1886/1886 1888/1888 1874/1874
f 1849/1849 1874/1874 1848/1848
f 78/78 53/53 93/93
f 1880/1880 1886/1886 1874/1874
f 1880/1880 1874/1874 1849/1849
f 1844/1844 1848/1848 1850/1850
f 1843/1843 1880/1880 1849/1849
f 1844/1844 1850/1850 1851/1851
f 93/93 53/53 101/101
f 1849/1849 1848/1848 1843/1843
f 1843/1843 1848/1848 1844/1844
f 1844/1844 1851/1851 1852/1852
f 990/990 985/985 987/987
f 990/990 987/987 994/994
f 1000/1000 990/990 994/994
f 1002/1002 996/996 1001/1001
f 996/996 990/990 1001/1001
f 1001/1001 990/990 1000/1000
f 1000/1000 994/994 1003/1003
f 1004/1004 1000/1000 1003/1003
f 85/85 33/33 103/103
f 1001/1001 1000/1000 1004/1004
f 1874/1874 1879/1879 1876/1876
f 1876/1876 1878/1878 1875/1875
f 1875/1875 1878/1878 1877/1877
f 103/103 33/33 78/78
f 1874/1874 1876/1876 1848/1848
f 1848/1848 1876/1876 1875/1875
f 1875/1875 1877/1877 1850/1850
f 1848/1848 1875/1875 1850/1850
f 1877/1877 1878/1878 1881/1881
f 3497/3497 3496/3496 3495/3495
f 3464/3464 3463/3463 3462/3462
f 3310/3310 3309/3309 3308/3308
f 3307/3307 3306/3306 3305/3305
f 3236/3236 3235/3235 3234/3234
f 3233/3233 3232/3232 3231/3231
f 3491/3491 3493/3493 3492/3492
f 3489/3489 3488/3488 3487/3487
f 3484/3484 3483/3483 3485/3485
f 3474/3474 3476/3476 3475/3475
f 3467/3467 3466/3466 3465/3465
f 3439/3439 3455/3455 3423/3423
f 3408/3408 3449/3449 3425/3425
f 3411/3411 3428/3428 3382/3382
f 3333/3333 3362/3362 3347/3347
f 3492/3492 3494/3494 3491/3491
f 3487/3487 3490/3490 3489/3489
f 3485/3485 3486/3486 3484/3484
f 3475/3475 3477/3477 3474/3474
f 3465/3465 3468/3468 3467/3467
f 3423/3423 3456/3456 3439/3439
f 3425/3425 3455/3455 3408/3408
f 3382/3382 3429/3429 3411/3411
f 3347/3347 3444/3444 3333/3333
f 3478/3478 3480/3480 3479/3479
f 3481/3481 3478/3478 3479/3479
f 3482/3482 3481/3481 3479/3479
f 3469/3469 3470/3470 3472/3472
f 3469/3469 3472/3472 3471/3471
f 3473/3473 3471/3471 3469/3469
f 3410/3410 3429/3429 3419/3419
f 3410/3410 3419/3419 3424/3424
f 3410/3410 3424/3424 3449/3449
f 3358/3358 3367/3367 3442/3442
f 3359/3359 3358/3358 3442/3442
f 3430/3430 3359/3359 3442/3442
f 3363/3363 3430/3430 3442/3442
f 3338/3338 3363/3363 3442/3442
f 3352/3352 3338/3338 3442/3442
f 3458/3458 3352/3352 3442/3442
f 3343/3343 3458/3458 3442/3442
f 3345/3345 3343/3343 3442/3442
f 3349/3349 3345/3345 3442/3442
f 3348/3348 3349/3349 3442/3442
f 3351/3351 3348/3348 3442/3442
f 3353/3353 3351/3351 3442/3442
f 3355/3355 3353/3353 3442/3442
f 3354/3354 3355/3355 3442/3442
f 3444/3444 3354/3354 3442/3442
f 3365/3365 3444/3444 3442/3442
f 3366/3366 3365/3365 3442/3442
f 3374/3374 3366/3366 3442/3442
f 3373/3373 3374/3374 3442/3442
f 3369/3369 3373/3373 3442/3442
f 3370/3370 3369/3369 3442/3442
f 3375/3375 3370/3370 3442/3442
f 3415/3415 3375/3375 3442/3442
f 3416/3416 3415/3415 3442/3442
f 3418/3418 3416/3416 3442/3442
f 3427/3427 3418/3418 3442/3442
f 3456/3456 3427/3427 3442/3442
f 3453/3453 3456/3456 3442/3442
f 3450/3450 3453/3453 3442/3442
f 3452/3452 3450/3450 3442/3442
f 3451/3451 3452/3452 3442/3442
f 3454/3454 3451/3451 3442/3442
f 3438/3438 3454/3454 3442/3442
f 3445/3445 3438/3438 3442/3442
f 3460/3460 3445/3445 3442/3442
f 3404/3404 3460/3460 3442/3442
f 3403/3403 3404/3404 3442/3442
f 3405/3405 3403/3403 3442/3442
f 3406/3406 3405/3405 3442/3442
f 3400/3400 3406/3406 3442/3442
f 3398/3398 3400/3400 3442/3442
f 3396/3396 3398/3398 3442/3442
f 3394/3394 3396/3396 3442/3442
f 3391/3391 3394/3394 3442/3442
f 3392/3392 3391/3391 3442/3442
f 3431/3431 3392/3392 3442/3442
f 3433/3433 3431/3431 3442/3442
f 3432/3432 3433/3433 3442/3442
f 3387/3387 3432/3432 3442/3442
f 3388/3388 3387/3387 3442/3442
f 3459/3459 3388/3388 3442/3442
f 3384/3384 3459/3459 3442/3442
f 3378/3378 3384/3384 3442/3442
f 3380/3380 3378/3378 3442/3442
f 3379/3379 3380/3380 3442/3442
f 3377/3377 3379/3379 3442/3442
f 3372/3372 3377/3377 3442/3442
f 3371/3371 3372/3372 3442/3442
f 3457/3457 3371/3371 3442/3442
f 3314/3314 3457/3457 3442/3442
f 3331/3331 3314/3314 3442/3442
f 3334/3334 3331/3331 3442/3442
f 3332/3332 3334/3334 3442/3442
f 3312/3312 3332/3332 3442/3442
f 3315/3315 3312/3312 3442/3442
f 3324/3324 3315/3315 3442/3442
f 3443/3443 3324/3324 3442/3442
f 3461/3461 3443/3443 3442/3442
f 3285/3285 3262/3262 3263/3263
f 3295/3295 3285/3285 3263/3263
f 3286/3286 3295/3295 3263/3263
f 3287/3287 3286/3286 3263/3263
f 3291/3291 3287/3287 3263/3263
f 3294/3294 3291/3291 3263/3263
f 3284/3284 3294/3294 3263/3263
f 3293/3293 3284/3284 3263/3263
f 3282/3282 3293/3293 3263/3263
f 3292/3292 3282/3282 3263/3263
f 3289/3289 3292/3292 3263/3263
f 3288/3288 3289/3289 3263/3263
f 3290/3290 3288/3288 3263/3263
f 3281/3281 3290/3290 3263/3263
f 3280/3280 3281/3281 3263/3263
f 3266/3266 3280/3280 3263/3263
f 3265/3265 3266/3266 3263/3263
f 3268/3268 3265/3265 3263/3263
f 3303/3303 3268/3268 3263/3263
f 3302/3302 3303/3303 3263/3263
f 3296/3296 3302/3302 3263/3263
f 3300/3300 3296/3296 3263/3263
f 3299/3299 3300/3300 3263/3263
f 3298/3298 3299/3299 3263/3263
f 3297/3297 3298/3298 3263/3263
f 3301/3301 3297/3297 3263/3263
f 3304/3304 3301/3301 3263/3263
f 3242/3242 3244/3244 3243/3243
f 3242/3242 3243/3243 3245/3245
f 3242/3242 3245/3245 3246/3246
f 3242/3242 3246/3246 3247/3247
f 3242/3242 3247/3247 3248/3248
f 3237/3237 3239/3239 3238/3238
f 3237/3237 3238/3238 3240/3240
f 3237/3237 3240/3240 3241/3241
f 3158/3158 3159/3159 3219/3219
f 3154/3154 3158/3158 3219/3219
f 3145/3145 3154/3154 3219/3219
f 3141/3141 3145/3145 3219/3219
f 3179/3179 3141/3141 3219/3219
f 3173/3173 3179/3179 3219/3219
f 3157/3157 3173/3173 3219/3219
f 3166/3166 3157/3157 3219/3219
f 3165/3165 3166/3166 3219/3219
f 3162/3162 3165/3165 3219/3219
f 3120/3120 3162/3162 3219/3219
f 3213/3213 3120/3120 3219/3219
f 3212/3212 3213/3213 3219/3219
f 3056/3056 3212/3212 3219/3219
f 3049/3049 3056/3056 3219/3219
f 3040/3040 3049/3049 3219/3219
f 3038/3038 3040/3040 3219/3219
f 3119/3119 3038/3038 3219/3219
f 3193/3193 3119/3119 3219/3219
f 3218/3218 3193/3193 3219/3219
f 3198/3198 3218/3218 3219/3219
f 3216/3216 3198/3198 3219/3219
f 3217/3217 3216/3216 3219/3219
f 3197/3197 3217/3217 3219/3219
f 3195/3195 3197/3197 3219/3219
f 3215/3215 3195/3195 3219/3219
f 3205/3205 3215/3215 3219/3219
f 3204/3204 3205/3205 3219/3219
f 3203/3203 3204/3204 3219/3219
f 3202/3202 3203/3203 3219/3219
f 3199/3199 3202/3202 3219/3219
f 3214/3214 3199/3199 3219/3219
f 3192/3192 3214/3214 3219/3219
f 3210/3210 3192/3192 3219/3219
f 3211/3211 3210/3210 3219/3219
f 3208/3208 3211/3211 3219/3219
f 3207/3207 3208/3208 3219/3219
f 3183/3183 3207/3207 3219/3219
f 3116/3116 3183/3183 3219/3219
f 3185/3185 3116/3116 3219/3219
f 3090/3090 3185/3185 3219/3219
f 3094/3094 3090/3090 3219/3219
f 3093/3093 3094/3094 3219/3219
f 3105/3105 3093/3093 3219/3219
f 3104/3104 3105/3105 3219/3219
f 3103/3103 3104/3104 3219/3219
f 3102/3102 3103/3103 3219/3219
f 3101/3101 3102/3102 3219/3219
f 3092/3092 3101/3101 3219/3219
f 3058/3058 3092/3092 3219/3219
f 3055/3055 3058/3058 3219/3219
f 3054/3054 3055/3055 3219/3219
f 3121/3121 3054/3054 3219/3219
f 3150/3150 3121/3121 3219/3219
f 3221/3221 3150/3150 3219/3219
f 3220/3220 3221/3221 3219/3219
f 3223/3223 3220/3220 3219/3219
f 3222/3222 3223/3223 3219/3219
f 3224/3224 3222/3222 3219/3219
f 3225/3225 3224/3224 3219/3219
f 3226/3226 3225/3225 3219/3219
f 3227/3227 3226/3226 3219/3219
f 3228/3228 3227/3227 3219/3219
f 3229/3229 3228/3228 3219/3219
f 3230/3230 3229/3229 3219/3219
f 3021/3021 3020/3020 3022/3022
f 3021/3021 3022/3022 3062/3062
f 3021/3021 3062/3062 3059/3059
f 3021/3021 3059/3059 3053/3053
f 3021/3021 3053/3053 3048/3048
f 3021/3021 3048/3048 3042/3042
f 3021/3021 3042/3042 3023/3023
f 3021/3021 3023/3023 3025/3025
f 3021/3021 3025/3025 3115/3115
f 3021/3021 3115/3115 3201/3201
f 3021/3021 3201/3201 3206/3206
f 3021/3021 3206/3206 3209/3209
f 3010/3010 3013/3013 3014/3014
f 3010/3010 3014/3014 3009/3009
f 3010/3010 3009/3009 2967/2967
f 3010/3010 2967/2967 2981/2981
f 3010/3010 2981/2981 2968/2968
f 3010/3010 2968/2968 2984/2984
f 3010/3010 2984/2984 2988/2988
f 3010/3010 2988/2988 2985/2985
f 3010/3010 2985/2985 2987/2987
f 3010/3010 2987/2987 2983/2983
f 3010/3010 2983/2983 2982/2982
f 3010/3010 2982/2982 2989/2989
f 3010/3010 2989/2989 2990/2990
f 3010/3010 2990/2990 3005/3005
f 3010/3010 3005/3005 3006/3006
f 3010/3010 3006/3006 3007/3007
f 3010/3010 3007/3007 3008/3008
f 3010/3010 3008/3008 2959/2959
f 3010/3010 2959/2959 2958/2958
f 3010/3010 2958/2958 2957/2957
f 3010/3010 2957/2957 2956/2956
f 3010/3010 2956/2956 3003/3003
f 3010/3010 3003/3003 3000/3000
f 3010/3010 3000/3000 2998/2998
f 3010/3010 2998/2998 2996/2996
f 3010/3010 2996/2996 2995/2995
f 3010/3010 2995/2995 2994/2994
f 3010/3010 2994/2994 3004/3004
f 3010/3010 3004/3004 2986/2986
f 3010/3010 2986/2986 2977/2977
f 3010/3010 2977/2977 2976/2976
f 3010/3010 2976/2976 2974/2974
f 3010/3010 2974/2974 3016/3016
f 3010/3010 3016/3016 3017/3017
f 3010/3010 3017/3017 3015/3015
f 3010/3010 3015/3015 3018/3018
f 2947/2947 2948/2948 2953/2953
f 2942/2942 2947/2947 2953/2953
f 2938/2938 2942/2942 2953/2953
f 2923/2923 2938/2938 2953/2953
f 2917/2917 2923/2923 2953/2953
f 2919/2919 2917/2917 2953/2953
f 2932/2932 2919/2919 2953/2953
f 2934/2934 2932/2932 2953/2953
f 2950/2950 2934/2934 2953/2953
f 2939/2939 2950/2950 2953/2953
f 2949/2949 2939/2939 2953/2953
f 2943/2943 2949/2949 2953/2953
f 2935/2935 2943/2943 2953/2953
f 2933/2933 2935/2935 2953/2953
f 2920/2920 2933/2933 2953/2953
f 2921/2921 2920/2920 2953/2953
f 2922/2922 2921/2921 2953/2953
f 2916/2916 2922/2922 2953/2953
f 2914/2914 2916/2916 2953/2953
f 2915/2915 2914/2914 2953/2953
f 2924/2924 2915/2915 2953/2953
f 2926/2926 2924/2924 2953/2953
f 2927/2927 2926/2926 2953/2953
f 2930/2930 2927/2927 2953/2953
f 2929/2929 2930/2930 2953/2953
f 2937/2937 2929/2929 2953/2953
f 2941/2941 2937/2937 2953/2953
f 2945/2945 2941/2941 2953/2953
f 2946/2946 2945/2945 2953/2953
f 2952/2952 2946/2946 2953/2953
f 2954/2954 2952/2952 2953/2953
f 2955/2955 2954/2954 2953/2953
f 2911/2911 2900/2900 2892/2892
f 2911/2911 2892/2892 2901/2901
f 2911/2911 2901/2901 2895/2895
f 2911/2911 2895/2895 2902/2902
f 2911/2911 2902/2902 2894/2894
f 2911/2911 2894/2894 2896/2896
f 2911/2911 2896/2896 2898/2898
f 2911/2911 2898/2898 2899/2899
f 2911/2911 2899/2899 2905/2905
f 2911/2911 2905/2905 2906/2906
f 2911/2911 2906/2906 2907/2907
f 2911/2911 2907/2907 2908/2908
f 2911/2911 2908/2908 2912/2912
f 2911/2911 2912/2912 2913/2913
f 2876/2876 2877/2877 2883/2883
f 2876/2876 2883/2883 2875/2875
f 2876/2876 2875/2875 2881/2881
f 2876/2876 2881/2881 2882/2882
f 2876/2876 2882/2882 2880/2880
f 2876/2876 2880/2880 2879/2879
f 2876/2876 2879/2879 2878/2878
f 2876/2876 2878/2878 2884/2884
f 2828/2828 2833/2833 2853/2853
f 2828/2828 2853/2853 2822/2822
f 2866/2866 2822/2822 2828/2828
f 2820/2820 2866/2866 2828/2828
f 2818/2818 2820/2820 2828/2828
f 2868/2868 2818/2818 2828/2828
f 2869/2869 2868/2868 2828/2828
f 2870/2870 2869/2869 2828/2828
f 2815/2815 2870/2870 2828/2828
f 2852/2852 2815/2815 2828/2828
f 2811/2811 2852/2852 2828/2828
f 2812/2812 2811/2811 2828/2828
f 2814/2814 2812/2812 2828/2828
f 2864/2864 2814/2814 2828/2828
f 2825/2825 2864/2864 2828/2828
f 2861/2861 2825/2825 2828/2828
f 2827/2827 2861/2861 2828/2828
f 2826/2826 2827/2827 2828/2828
f 2839/2839 2826/2826 2828/2828
f 2841/2841 2839/2839 2828/2828
f 2863/2863 2841/2841 2828/2828
f 2862/2862 2863/2863 2828/2828
f 2836/2836 2862/2862 2828/2828
f 2865/2865 2836/2836 2828/2828
f 2867/2867 2865/2865 2828/2828
f 2830/2830 2867/2867 2828/2828
f 2828/2828 2830/2830 2871/2871
f 2855/2855 2854/2854 2848/2848
f 2855/2855 2848/2848 2856/2856
f 2855/2855 2856/2856 2857/2857
f 2855/2855 2857/2857 2851/2851
f 2855/2855 2851/2851 2850/2850
f 2855/2855 2850/2850 2844/2844
f 2855/2855 2844/2844 2843/2843
f 2855/2855 2843/2843 2842/2842
f 2855/2855 2842/2842 2837/2837
f 2855/2855 2837/2837 2847/2847
f 2855/2855 2847/2847 2845/2845
f 2855/2855 2845/2845 2846/2846
f 2855/2855 2846/2846 2835/2835
f 2855/2855 2835/2835 2849/2849
f 2855/2855 2849/2849 2858/2858
f 2855/2855 2858/2858 2859/2859
f 2855/2855 2859/2859 2860/2860
f 2791/2791 2803/2803 2766/2766
f 2791/2791 2766/2766 2751/2751
f 2791/2791 2751/2751 2750/2750
f 2791/2791 2750/2750 2775/2775
f 2791/2791 2775/2775 2782/2782
f 2791/2791 2782/2782 2778/2778
f 2791/2791 2778/2778 2777/2777
f 2791/2791 2777/2777 2779/2779
f 2791/2791 2779/2779 2780/2780
f 2791/2791 2780/2780 2781/2781
f 2791/2791 2781/2781 2773/2773
f 2791/2791 2773/2773 2776/2776
f 2791/2791 2776/2776 2772/2772
f 2791/2791 2772/2772 2770/2770
f 2791/2791 2770/2770 2769/2769
f 2791/2791 2769/2769 2771/2771
f 2791/2791 2771/2771 2768/2768
f 2791/2791 2768/2768 2783/2783
f 2791/2791 2783/2783 2767/2767
f 2791/2791 2767/2767 2752/2752
f 2791/2791 2752/2752 2742/2742
f 2791/2791 2742/2742 2765/2765
f 2791/2791 2765/2765 2784/2784
f 2791/2791 2784/2784 2806/2806
f 2791/2791 2806/2806 2804/2804
f 2791/2791 2804/2804 2800/2800
f 2791/2791 2800/2800 2797/2797
f 2791/2791 2797/2797 2796/2796
f 2791/2791 2796/2796 2801/2801
f 2791/2791 2801/2801 2802/2802
f 2791/2791 2802/2802 2798/2798
f 2791/2791 2798/2798 2799/2799
f 2791/2791 2799/2799 2805/2805
f 2791/2791 2805/2805 2807/2807
f 2791/2791 2807/2807 2808/2808
f 2725/2725 2724/2724 2723/2723
f 2725/2725 2723/2723 2721/2721
f 2725/2725 2721/2721 2722/2722
f 2725/2725 2722/2722 2720/2720
f 2725/2725 2720/2720 2718/2718
f 2725/2725 2718/2718 2719/2719
f 2725/2725 2719/2719 2716/2716
f 2725/2725 2716/2716 2715/2715
f 2725/2725 2715/2715 2714/2714
f 2725/2725 2714/2714 2696/2696
f 2725/2725 2696/2696 2680/2680
f 2725/2725 2680/2680 2683/2683
f 2725/2725 2683/2683 2661/2661
f 2725/2725 2661/2661 2660/2660
f 2725/2725 2660/2660 2658/2658
f 2725/2725 2658/2658 2656/2656
f 2725/2725 2656/2656 2653/2653
f 2725/2725 2653/2653 2671/2671
f 2725/2725 2671/2671 2644/2644
f 2725/2725 2644/2644 2647/2647
f 2725/2725 2647/2647 2648/2648
f 2725/2725 2648/2648 2650/2650
f 2725/2725 2650/2650 2652/2652
f 2725/2725 2652/2652 2670/2670
f 2725/2725 2670/2670 2655/2655
f 2725/2725 2655/2655 2681/2681
f 2725/2725 2681/2681 2682/2682
f 2725/2725 2682/2682 2694/2694
f 2725/2725 2694/2694 2711/2711
f 2725/2725 2711/2711 2726/2726
f 2725/2725 2726/2726 2727/2727
f 2603/2603 2602/2602 2598/2598
f 2603/2603 2598/2598 2595/2595
f 2603/2603 2595/2595 2600/2600
f 2603/2603 2600/2600 2599/2599
f 2603/2603 2599/2599 2604/2604
f 2603/2603 2604/2604 2588/2588
f 2603/2603 2588/2588 2596/2596
f 2603/2603 2596/2596 2607/2607
f 2603/2603 2607/2607 2606/2606
f 2603/2603 2606/2606 2605/2605
f 2603/2603 2605/2605 2622/2622
f 2603/2603 2622/2622 2621/2621
f 2603/2603 2621/2621 2625/2625
f 2603/2603 2625/2625 2624/2624
f 2603/2603 2624/2624 2637/2637
f 2603/2603 2637/2637 2636/2636
f 2603/2603 2636/2636 2623/2623
f 2603/2603 2623/2623 2640/2640
f 2603/2603 2640/2640 2627/2627
f 2603/2603 2627/2627 2626/2626
f 2603/2603 2626/2626 2617/2617
f 2603/2603 2617/2617 2639/2639
f 2603/2603 2639/2639 2638/2638
f 2603/2603 2638/2638 2641/2641
f 2603/2603 2641/2641 2642/2642
f 2603/2603 2642/2642 2628/2628
f 2603/2603 2628/2628 2629/2629
f 2603/2603 2629/2629 2630/2630
f 2603/2603 2630/2630 2633/2633
f 2603/2603 2633/2633 2635/2635
f 2603/2603 2635/2635 2643/2643
f 2541/2541 2542/2542 2540/2540
f 2517/2517 2540/2540 2541/2541
f 2518/2518 2517/2517 2541/2541
f 2537/2537 2518/2518 2541/2541
f 2550/2550 2537/2537 2541/2541
f 2538/2538 2550/2550 2541/2541
f 2534/2534 2538/2538 2541/2541
f 2532/2532 2534/2534 2541/2541
f 2533/2533 2532/2532 2541/2541
f 2531/2531 2533/2533 2541/2541
f 2535/2535 2531/2531 2541/2541
f 2504/2504 2535/2535 2541/2541
f 2514/2514 2504/2504 2541/2541
f 2525/2525 2514/2514 2541/2541
f 2524/2524 2525/2525 2541/2541
f 2527/2527 2524/2524 2541/2541
f 2507/2507 2527/2527 2541/2541
f 2523/2523 2507/2507 2541/2541
f 2526/2526 2523/2523 2541/2541
f 2548/2548 2526/2526 2541/2541
f 2547/2547 2548/2548 2541/2541
f 2546/2546 2547/2547 2541/2541
f 2545/2545 2546/2546 2541/2541
f 2544/2544 2545/2545 2541/2541
f 2549/2549 2544/2544 2541/2541
f 2551/2551 2549/2549 2541/2541
f 2456/2456 2458/2458 2466/2466
f 2456/2456 2466/2466 2461/2461
f 2456/2456 2461/2461 2462/2462
f 2456/2456 2462/2462 2465/2465
f 2456/2456 2465/2465 2454/2454
f 2456/2456 2454/2454 2457/2457
f 2456/2456 2457/2457 2460/2460
f 2456/2456 2460/2460 2463/2463
f 2456/2456 2463/2463 2464/2464
f 2456/2456 2464/2464 2459/2459
f 2456/2456 2459/2459 2467/2467
f 2424/2424 2444/2444 2422/2422
f 2437/2437 2424/2424 2422/2422
f 2438/2438 2437/2437 2422/2422
f 2443/2443 2438/2438 2422/2422
f 2431/2431 2443/2443 2422/2422
f 2439/2439 2431/2431 2422/2422
f 2435/2435 2439/2439 2422/2422
f 2436/2436 2435/2435 2422/2422
f 2440/2440 2436/2436 2422/2422
f 2441/2441 2440/2440 2422/2422
f 2442/2442 2441/2441 2422/2422
f 2445/2445 2442/2442 2422/2422
f 2420/2420 2445/2445 2422/2422
f 2421/2421 2420/2420 2422/2422
f 2447/2447 2421/2421 2422/2422
f 2446/2446 2447/2447 2422/2422
f 2449/2449 2446/2446 2422/2422
f 2448/2448 2449/2449 2422/2422
f 2451/2451 2448/2448 2422/2422
f 2450/2450 2451/2451 2422/2422
f 2452/2452 2450/2450 2422/2422
f 2388/2388 2397/2397 2389/2389
f 2392/2392 2388/2388 2389/2389
f 2400/2400 2392/2392 2389/2389
f 2399/2399 2400/2400 2389/2389
f 2395/2395 2399/2399 2389/2389
f 2394/2394 2395/2395 2389/2389
f 2391/2391 2394/2394 2389/2389
f 2398/2398 2391/2391 2389/2389
f 2396/2396 2398/2398 2389/2389
f 2390/2390 2396/2396 2389/2389
f 2401/2401 2390/2390 2389/2389
f 2402/2402 2401/2401 2389/2389
f 2393/2393 2402/2402 2389/2389
f 2403/2403 2393/2393 2389/2389
f 2321/2321 2355/2355 2359/2359
f 2322/2322 2321/2321 2359/2359
f 2331/2331 2322/2322 2359/2359
f 2340/2340 2331/2331 2359/2359
f 2337/2337 2340/2340 2359/2359
f 2335/2335 2337/2337 2359/2359
f 2336/2336 2335/2335 2359/2359
f 2334/2334 2336/2336 2359/2359
f 2333/2333 2334/2334 2359/2359
f 2332/2332 2333/2333 2359/2359
f 2341/2341 2332/2332 2359/2359
f 2338/2338 2341/2341 2359/2359
f 2339/2339 2338/2338 2359/2359
f 2329/2329 2339/2339 2359/2359
f 2328/2328 2329/2329 2359/2359
f 2354/2354 2328/2328 2359/2359
f 2352/2352 2354/2354 2359/2359
f 2366/2366 2352/2352 2359/2359
f 2370/2370 2366/2366 2359/2359
f 2369/2369 2370/2370 2359/2359
f 2374/2374 2369/2369 2359/2359
f 2377/2377 2374/2374 2359/2359
f 2376/2376 2377/2377 2359/2359
f 2383/2383 2376/2376 2359/2359
f 2373/2373 2383/2383 2359/2359
f 2379/2379 2373/2373 2359/2359
f 2375/2375 2379/2379 2359/2359
f 2378/2378 2375/2375 2359/2359
f 2382/2382 2378/2378 2359/2359
f 2371/2371 2382/2382 2359/2359
f 2380/2380 2371/2371 2359/2359
f 2381/2381 2380/2380 2359/2359
f 2372/2372 2381/2381 2359/2359
f 2384/2384 2372/2372 2359/2359
f 2300/2300 2293/2293 2301/2301
f 2300/2300 2301/2301 2302/2302
f 2300/2300 2302/2302 2304/2304
f 2300/2300 2304/2304 2296/2296
f 2300/2300 2296/2296 2297/2297
f 2300/2300 2297/2297 2292/2292
f 2300/2300 2292/2292 2299/2299
f 2300/2300 2299/2299 2298/2298
f 2300/2300 2298/2298 2291/2291
f 2300/2300 2291/2291 2303/2303
f 2300/2300 2303/2303 2305/2305
f 2280/2280 2286/2286 2288/2288
f 2280/2280 2288/2288 2282/2282
f 2280/2280 2282/2282 2283/2283
f 2280/2280 2283/2283 2277/2277
f 2280/2280 2277/2277 2285/2285
f 2280/2280 2285/2285 2278/2278
f 2280/2280 2278/2278 2289/2289
f 2280/2280 2289/2289 2281/2281
f 2280/2280 2281/2281 2276/2276
f 2280/2280 2276/2276 2284/2284
f 2280/2280 2284/2284 2279/2279
f 2280/2280 2279/2279 2287/2287
f 2280/2280 2287/2287 2290/2290
f 2234/2234 2233/2233 2235/2235
f 2234/2234 2235/2235 2242/2242
f 2234/2234 2242/2242 2239/2239
f 2234/2234 2239/2239 2241/2241
f 2234/2234 2241/2241 2240/2240
f 2234/2234 2240/2240 2236/2236
f 2234/2234 2236/2236 2237/2237
f 2234/2234 2237/2237 2232/2232
f 2234/2234 2232/2232 2243/2243
f 2234/2234 2243/2243 2223/2223
f 2234/2234 2223/2223 2224/2224
f 2234/2234 2224/2224 2256/2256
f 2234/2234 2256/2256 2268/2268
f 2234/2234 2268/2268 2267/2267
f 2234/2234 2267/2267 2261/2261
f 2234/2234 2261/2261 2263/2263
f 2234/2234 2263/2263 2264/2264
f 2234/2234 2264/2264 2266/2266
f 2234/2234 2266/2266 2260/2260
f 2234/2234 2260/2260 2259/2259
f 2234/2234 2259/2259 2265/2265
f 2234/2234 2265/2265 2262/2262
f 2234/2234 2262/2262 2230/2230
f 2234/2234 2230/2230 2238/2238
f 2234/2234 2238/2238 2269/2269
f 2202/2202 2201/2201 2200/2200
f 2199/2199 2202/2202 2200/2200
f 2164/2164 2199/2199 2200/2200
f 2169/2169 2164/2164 2200/2200
f 2176/2176 2169/2169 2200/2200
f 2188/2188 2176/2176 2200/2200
f 2182/2182 2188/2188 2200/2200
f 2177/2177 2182/2182 2200/2200
f 2186/2186 2177/2177 2200/2200
f 2179/2179 2186/2186 2200/2200
f 2178/2178 2179/2179 2200/2200
f 2181/2181 2178/2178 2200/2200
f 2180/2180 2181/2181 2200/2200
f 2185/2185 2180/2180 2200/2200
f 2184/2184 2185/2185 2200/2200
f 2183/2183 2184/2184 2200/2200
f 2187/2187 2183/2183 2200/2200
f 2193/2193 2187/2187 2200/2200
f 2190/2190 2193/2193 2200/2200
f 2189/2189 2190/2190 2200/2200
f 2191/2191 2189/2189 2200/2200
f 2194/2194 2191/2191 2200/2200
f 2192/2192 2194/2194 2200/2200
f 2195/2195 2192/2192 2200/2200
f 2196/2196 2195/2195 2200/2200
f 2197/2197 2196/2196 2200/2200
f 2198/2198 2197/2197 2200/2200
f 2203/2203 2198/2198 2200/2200
f 2204/2204 2203/2203 2200/2200
f 2205/2205 2204/2204 2200/2200
f 2092/2092 2091/2091 2126/2126
f 2113/2113 2092/2092 2126/2126
f 2109/2109 2113/2113 2126/2126
f 2107/2107 2109/2109 2126/2126
f 2108/2108 2107/2107 2126/2126
f 2106/2106 2108/2108 2126/2126
f 2104/2104 2106/2106 2126/2126
f 2103/2103 2104/2104 2126/2126
f 2112/2112 2103/2103 2126/2126
f 2114/2114 2112/2112 2126/2126
f 2110/2110 2114/2114 2126/2126
f 2111/2111 2110/2110 2126/2126
f 2086/2086 2111/2111 2126/2126
f 2090/2090 2086/2086 2126/2126
f 2125/2125 2090/2090 2126/2126
f 2128/2128 2125/2125 2126/2126
f 2138/2138 2128/2128 2126/2126
f 2137/2137 2138/2138 2126/2126
f 2131/2131 2137/2137 2126/2126
f 2130/2130 2131/2131 2126/2126
f 2136/2136 2130/2130 2126/2126
f 2133/2133 2136/2136 2126/2126
f 2132/2132 2133/2133 2126/2126
f 2134/2134 2132/2132 2126/2126
f 2135/2135 2134/2134 2126/2126
f 2139/2139 2135/2135 2126/2126
f 2033/2033 2024/2024 2010/2010
f 2033/2033 2010/2010 2049/2049
f 2033/2033 2049/2049 2062/2062
f 2033/2033 2062/2062 2061/2061
f 2033/2033 2061/2061 2060/2060
f 2033/2033 2060/2060 2055/2055
f 2033/2033 2055/2055 2058/2058
f 2033/2033 2058/2058 2057/2057
f 2033/2033 2057/2057 2056/2056
f 2033/2033 2056/2056 2053/2053
f 2033/2033 2053/2053 2054/2054
f 2033/2033 2054/2054 2063/2063
f 2033/2033 2063/2063 2059/2059
f 2033/2033 2059/2059 2050/2050
f 2033/2033 2050/2050 2037/2037
f 2033/2033 2037/2037 2014/2014
f 2033/2033 2014/2014 2015/2015
f 2033/2033 2015/2015 2065/2065
f 2033/2033 2065/2065 2064/2064
f 2033/2033 2064/2064 2067/2067
f 2033/2033 2067/2067 2068/2068
f 2033/2033 2068/2068 2070/2070
f 2033/2033 2070/2070 2072/2072
f 2033/2033 2072/2072 2066/2066
f 2033/2033 2066/2066 2069/2069
f 2033/2033 2069/2069 2071/2071
f 2033/2033 2071/2071 2073/2073
f 1986/1986 1985/1985 1981/1981
f 1986/1986 1981/1981 1984/1984
f 1986/1986 1984/1984 1983/1983
f 1986/1986 1983/1983 1982/1982
f 1986/1986 1982/1982 1953/1953
f 1986/1986 1953/1953 1980/1980
f 1986/1986 1980/1980 1927/1927
f 1986/1986 1927/1927 1923/1923
f 1986/1986 1923/1923 1940/1940
f 1986/1986 1940/1940 1942/1942
f 1986/1986 1942/1942 1963/1963
f 1986/1986 1963/1963 1971/1971
f 1986/1986 1971/1971 1973/1973
f 1986/1986 1973/1973 1972/1972
f 1986/1986 1972/1972 1964/1964
f 1986/1986 1964/1964 1978/1978
f 1986/1986 1978/1978 1968/1968
f 1986/1986 1968/1968 1977/1977
f 1986/1986 1977/1977 1967/1967
f 1986/1986 1967/1967 1969/1969
f 1986/1986 1969/1969 1970/1970
f 1986/1986 1970/1970 1974/1974
f 1986/1986 1974/1974 1975/1975
f 1986/1986 1975/1975 1976/1976
f 1986/1986 1976/1976 1951/1951
f 1986/1986 1951/1951 1941/1941
f 1986/1986 1941/1941 1930/1930
f 1986/1986 1930/1930 1922/1922
f 1986/1986 1922/1922 1921/1921
f 1986/1986 1921/1921 1990/1990
f 1986/1986 1990/1990 1989/1989
f 1986/1986 1989/1989 1988/1988
f 1986/1986 1988/1988 1987/1987
f 1986/1986 1987/1987 1991/1991
f 1904/1904 1895/1895 1902/1902
f 1904/1904 1902/1902 1899/1899
f 1904/1904 1899/1899 1901/1901
f 1904/1904 1901/1901 1896/1896
f 1904/1904 1896/1896 1900/1900
f 1904/1904 1900/1900 1903/1903
f 1904/1904 1903/1903 1897/1897
f 1904/1904 1897/1897 1891/1891
f 1904/1904 1891/1891 1894/1894
f 1904/1904 1894/1894 1905/1905
f 1904/1904 1905/1905 1906/1906
f 1876/1876 1879/1879 1888/1888
f 1878/1878 1876/1876 1888/1888
f 1881/1881 1878/1878 1888/1888
f 1877/1877 1881/1881 1888/1888
f 1850/1850 1877/1877 1888/1888
f 1851/1851 1850/1850 1888/1888
f 1852/1852 1851/1851 1888/1888
f 1853/1853 1852/1852 1888/1888
f 1857/1857 1853/1853 1888/1888
f 1860/1860 1857/1857 1888/1888
f 1866/1866 1860/1860 1888/1888
f 1867/1867 1866/1866 1888/1888
f 1872/1872 1867/1867 1888/1888
f 1873/1873 1872/1872 1888/1888
f 1871/1871 1873/1873 1888/1888
f 1868/1868 1871/1871 1888/1888
f 1865/1865 1868/1868 1888/1888
f 1862/1862 1865/1865 1888/1888
f 1887/1887 1862/1862 1888/1888
f 1885/1885 1887/1887 1888/1888
f 1884/1884 1885/1885 1888/1888
f 1883/1883 1884/1884 1888/1888
f 1882/1882 1883/1883 1888/1888
f 1886/1886 1882/1882 1888/1888
f 1889/1889 1886/1886 1888/1888
f 1890/1890 1889/1889 1888/1888
f 1833/1833 1835/1835 1834/1834
f 1833/1833 1834/1834 1830/1830
f 1833/1833 1830/1830 1820/1820
f 1833/1833 1820/1820 1807/1807
f 1833/1833 1807/1807 1779/1779
f 1833/1833 1779/1779 1776/1776
f 1833/1833 1776/1776 1792/1792
f 1833/1833 1792/1792 1782/1782
f 1833/1833 1782/1782 1781/1781
f 1833/1833 1781/1781 1789/1789
f 1833/1833 1789/1789 1786/1786
f 1833/1833 1786/1786 1785/1785
f 1833/1833 1785/1785 1790/1790
f 1833/1833 1790/1790 1784/1784
f 1833/1833 1784/1784 1783/1783
f 1833/1833 1783/1783 1780/1780
f 1833/1833 1780/1780 1787/1787
f 1833/1833 1787/1787 1788/1788
f 1833/1833 1788/1788 1791/1791
f 1833/1833 1791/1791 1773/1773
f 1833/1833 1773/1773 1774/1774
f 1833/1833 1774/1774 1778/1778
f 1833/1833 1778/1778 1805/1805
f 1833/1833 1805/1805 1822/1822
f 1833/1833 1822/1822 1836/1836
f 1833/1833 1836/1836 1838/1838
f 1833/1833 1838/1838 1837/1837
f 1833/1833 1837/1837 1840/1840
f 1833/1833 1840/1840 1839/1839
f 1833/1833 1839/1839 1841/1841
f 1833/1833 1841/1841 1842/1842
f 1740/1740 1739/1739 1725/1725
f 1740/1740 1725/1725 1712/1712
f 1740/1740 1712/1712 1719/1719
f 1740/1740 1719/1719 1720/1720
f 1740/1740 1720/1720 1722/1722
f 1740/1740 1722/1722 1723/1723
f 1740/1740 1723/1723 1724/1724
f 1740/1740 1724/1724 1726/1726
f 1740/1740 1726/1726 1727/1727
f 1740/1740 1727/1727 1728/1728
f 1740/1740 1728/1728 1718/1718
f 1740/1740 1718/1718 1721/1721
f 1740/1740 1721/1721 1709/1709
f 1740/1740 1709/1709 1710/1710
f 1740/1740 1710/1710 1706/1706
f 1740/1740 1706/1706 1738/1738
f 1740/1740 1738/1738 1749/1749
f 1740/1740 1749/1749 1737/1737
f 1740/1740 1737/1737 1750/1750
f 1740/1740 1750/1750 1747/1747
f 1740/1740 1747/1747 1742/1742
f 1740/1740 1742/1742 1746/1746
f 1740/1740 1746/1746 1745/1745
f 1740/1740 1745/1745 1748/1748
f 1740/1740 1748/1748 1744/1744
f 1740/1740 1744/1744 1743/1743
f 1740/1740 1743/1743 1741/1741
f 1740/1740 1741/1741 1751/1751
f 1663/1663 1672/1672 1650/1650
f 1663/1663 1650/1650 1675/1675
f 1663/1663 1675/1675 1635/1635
f 1663/1663 1635/1635 1633/1633
f 1663/1663 1633/1633 1678/1678
f 1663/1663 1678/1678 1638/1638
f 1663/1663 1638/1638 1641/1641
f 1663/1663 1641/1641 1642/1642
f 1663/1663 1642/1642 1647/1647
f 1663/1663 1647/1647 1656/1656
f 1663/1663 1656/1656 1686/1686
f 1663/1663 1686/1686 1660/1660
f 1663/1663 1660/1660 1659/1659
f 1663/1663 1659/1659 1658/1658
f 1663/1663 1658/1658 1657/1657
f 1663/1663 1657/1657 1655/1655
f 1663/1663 1655/1655 1646/1646
f 1663/1663 1646/1646 1643/1643
f 1663/1663 1643/1643 1639/1639
f 1663/1663 1639/1639 1662/1662
f 1663/1663 1662/1662 1661/1661
f 1663/1663 1661/1661 1676/1676
f 1663/1663 1676/1676 1677/1677
f 1663/1663 1677/1677 1679/1679
f 1663/1663 1679/1679 1680/1680
f 1663/1663 1680/1680 1681/1681
f 1663/1663 1681/1681 1682/1682
f 1663/1663 1682/1682 1684/1684
f 1663/1663 1684/1684 1685/1685
f 1663/1663 1685/1685 1683/1683
f 1663/1663 1683/1683 1671/1671
f 1663/1663 1671/1671 1674/1674
f 1663/1663 1674/1674 1673/1673
f 1663/1663 1673/1673 1687/1687
f 1617/1617 1620/1620 1623/1623
f 1617/1617 1623/1623 1621/1621
f 1617/1617 1621/1621 1614/1614
f 1617/1617 1614/1614 1616/1616
f 1617/1617 1616/1616 1615/1615
f 1617/1617 1615/1615 1619/1619
f 1617/1617 1619/1619 1618/1618
f 1617/1617 1618/1618 1609/1609
f 1617/1617 1609/1609 1584/1584
f 1617/1617 1584/1584 1583/1583
f 1617/1617 1583/1583 1606/1606
f 1617/1617 1606/1606 1598/1598
f 1617/1617 1598/1598 1595/1595
f 1617/1617 1595/1595 1597/1597
f 1617/1617 1597/1597 1604/1604
f 1617/1617 1604/1604 1605/1605
f 1617/1617 1605/1605 1603/1603
f 1617/1617 1603/1603 1602/1602
f 1617/1617 1602/1602 1600/1600
f 1617/1617 1600/1600 1599/1599
f 1617/1617 1599/1599 1608/1608
f 1617/1617 1608/1608 1601/1601
f 1617/1617 1601/1601 1607/1607
f 1617/1617 1607/1607 1622/1622
f 1617/1617 1622/1622 1624/1624
f 1532/1532 1528/1528 1527/1527
f 1532/1532 1527/1527 1548/1548
f 1532/1532 1548/1548 1559/1559
f 1532/1532 1559/1559 1558/1558
f 1532/1532 1558/1558 1557/1557
f 1532/1532 1557/1557 1550/1550
f 1532/1532 1550/1550 1560/1560
f 1532/1532 1560/1560 1561/1561
f 1532/1532 1561/1561 1556/1556
f 1532/1532 1556/1556 1551/1551
f 1532/1532 1551/1551 1549/1549
f 1532/1532 1549/1549 1555/1555
f 1532/1532 1555/1555 1552/1552
f 1532/1532 1552/1552 1553/1553
f 1532/1532 1553/1553 1554/1554
f 1532/1532 1554/1554 1529/1529
f 1532/1532 1529/1529 1525/1525
f 1532/1532 1525/1525 1526/1526
f 1532/1532 1526/1526 1540/1540
f 1532/1532 1540/1540 1542/1542
f 1532/1532 1542/1542 1541/1541
f 1532/1532 1541/1541 1535/1535
f 1532/1532 1535/1535 1534/1534
f 1532/1532 1534/1534 1533/1533
f 1532/1532 1533/1533 1536/1536
f 1532/1532 1536/1536 1538/1538
f 1532/1532 1538/1538 1539/1539
f 1532/1532 1539/1539 1537/1537
f 1562/1562 1537/1537 1532/1532
f 1563/1563 1562/1562 1532/1532
f 1469/1469 1470/1470 1458/1458
f 1469/1469 1458/1458 1445/1445
f 1469/1469 1445/1445 1444/1444
f 1469/1469 1444/1444 1443/1443
f 1469/1469 1443/1443 1434/1434
f 1469/1469 1434/1434 1472/1472
f 1469/1469 1472/1472 1471/1471
f 1469/1469 1471/1471 1480/1480
f 1469/1469 1480/1480 1437/1437
f 1469/1469 1437/1437 1481/1481
f 1469/1469 1481/1481 1484/1484
f 1469/1469 1484/1484 1485/1485
f 1469/1469 1485/1485 1478/1478
f 1469/1469 1478/1478 1479/1479
f 1469/1469 1479/1479 1477/1477
f 1469/1469 1477/1477 1482/1482
f 1469/1469 1482/1482 1483/1483
f 1469/1469 1483/1483 1463/1463
f 1469/1469 1463/1463 1460/1460
f 1469/1469 1460/1460 1461/1461
f 1469/1469 1461/1461 1468/1468
f 1469/1469 1468/1468 1475/1475
f 1469/1469 1475/1475 1473/1473
f 1469/1469 1473/1473 1474/1474
f 1469/1469 1474/1474 1476/1476
f 1469/1469 1476/1476 1486/1486
f 1405/1405 1406/1406 1407/1407
f 1404/1404 1405/1405 1407/1407
f 1400/1400 1404/1404 1407/1407
f 1384/1384 1400/1400 1407/1407
f 1378/1378 1384/1384 1407/1407
f 1377/1377 1378/1378 1407/1407
f 1370/1370 1377/1377 1407/1407
f 1380/1380 1370/1370 1407/1407
f 1381/1381 1380/1380 1407/1407
f 1366/1366 1381/1381 1407/1407
f 1365/1365 1366/1366 1407/1407
f 1360/1360 1365/1365 1407/1407
f 1362/1362 1360/1360 1407/1407
f 1364/1364 1362/1362 1407/1407
f 1372/1372 1364/1364 1407/1407
f 1373/1373 1372/1372 1407/1407
f 1374/1374 1373/1373 1407/1407
f 1379/1379 1374/1374 1407/1407
f 1376/1376 1379/1379 1407/1407
f 1375/1375 1376/1376 1407/1407
f 1392/1392 1375/1375 1407/1407
f 1403/1403 1392/1392 1407/1407
f 1402/1402 1403/1403 1407/1407
f 1401/1401 1402/1402 1407/1407
f 1409/1409 1401/1401 1407/1407
f 1408/1408 1409/1409 1407/1407
f 1410/1410 1408/1408 1407/1407
f 1348/1348 1347/1347 1349/1349
f 1348/1348 1349/1349 1351/1351
f 1348/1348 1351/1351 1352/1352
f 1348/1348 1352/1352 1350/1350
f 1348/1348 1350/1350 1353/1353
f 1348/1348 1353/1353 1346/1346
f 1348/1348 1346/1346 1327/1327
f 1348/1348 1327/1327 1320/1320
f 1348/1348 1320/1320 1321/1321
f 1348/1348 1321/1321 1313/1313
f 1348/1348 1313/1313 1310/1310
f 1348/1348 1310/1310 1306/1306
f 1348/1348 1306/1306 1292/1292
f 1348/1348 1292/1292 1294/1294
f 1348/1348 1294/1294 1298/1298
f 1348/1348 1298/1298 1297/1297
f 1348/1348 1297/1297 1302/1302
f 1348/1348 1302/1302 1303/1303
f 1348/1348 1303/1303 1309/1309
f 1348/1348 1309/1309 1314/1314
f 1348/1348 1314/1314 1319/1319
f 1348/1348 1319/1319 1329/1329
f 1348/1348 1329/1329 1345/1345
f 1348/1348 1345/1345 1355/1355
f 1348/1348 1355/1355 1356/1356
f 1348/1348 1356/1356 1354/1354
f 1348/1348 1354/1354 1357/1357
f 1348/1348 1357/1357 1358/1358
f 1280/1280 1277/1277 1275/1275
f 1276/1276 1280/1280 1275/1275
f 1279/1279 1276/1276 1275/1275
f 1273/1273 1279/1279 1275/1275
f 1284/1284 1273/1273 1275/1275
f 1268/1268 1284/1284 1275/1275
f 1285/1285 1268/1268 1275/1275
f 1261/1261 1285/1285 1275/1275
f 1290/1290 1261/1261 1275/1275
f 1239/1239 1290/1290 1275/1275
f 1240/1240 1239/1239 1275/1275
f 1282/1282 1240/1240 1275/1275
f 1251/1251 1282/1282 1275/1275
f 1289/1289 1251/1251 1275/1275
f 1256/1256 1289/1289 1275/1275
f 1259/1259 1256/1256 1275/1275
f 1257/1257 1259/1259 1275/1275
f 1258/1258 1257/1257 1275/1275
f 1254/1254 1258/1258 1275/1275
f 1250/1250 1254/1254 1275/1275
f 1248/1248 1250/1250 1275/1275
f 1281/1281 1248/1248 1275/1275
f 1283/1283 1281/1281 1275/1275
f 1287/1287 1283/1283 1275/1275
f 1286/1286 1287/1287 1275/1275
f 1278/1278 1286/1286 1275/1275
f 1288/1288 1278/1278 1275/1275
f 1291/1291 1288/1288 1275/1275
f 1214/1214 1215/1215 1187/1187
f 1214/1214 1187/1187 1190/1190
f 1214/1214 1190/1190 1186/1186
f 1214/1214 1186/1186 1185/1185
f 1214/1214 1185/1185 1182/1182
f 1214/1214 1182/1182 1196/1196
f 1214/1214 1196/1196 1198/1198
f 1214/1214 1198/1198 1197/1197
f 1214/1214 1197/1197 1200/1200
f 1214/1214 1200/1200 1199/1199
f 1214/1214 1199/1199 1195/1195
f 1214/1214 1195/1195 1184/1184
f 1214/1214 1184/1184 1189/1189
f 1214/1214 1189/1189 1188/1188
f 1214/1214 1188/1188 1191/1191
f 1214/1214 1191/1191 1193/1193
f 1214/1214 1193/1193 1203/1203
f 1214/1214 1203/1203 1218/1218
f 1214/1214 1218/1218 1216/1216
f 1214/1214 1216/1216 1217/1217
f 1214/1214 1217/1217 1223/1223
f 1214/1214 1223/1223 1235/1235
f 1214/1214 1235/1235 1234/1234
f 1214/1214 1234/1234 1233/1233
f 1214/1214 1233/1233 1231/1231
f 1214/1214 1231/1231 1230/1230
f 1214/1214 1230/1230 1228/1228
f 1214/1214 1228/1228 1227/1227
f 1214/1214 1227/1227 1229/1229
f 1214/1214 1229/1229 1232/1232
f 1214/1214 1232/1232 1236/1236
f 1153/1153 1155/1155 1154/1154
f 1153/1153 1154/1154 1126/1126
f 1153/1153 1126/1126 1144/1144
f 1153/1153 1144/1144 1142/1142
f 1153/1153 1142/1142 1139/1139
f 1153/1153 1139/1139 1141/1141
f 1153/1153 1141/1141 1143/1143
f 1153/1153 1143/1143 1145/1145
f 1153/1153 1145/1145 1136/1136
f 1153/1153 1136/1136 1138/1138
f 1153/1153 1138/1138 1146/1146
f 1153/1153 1146/1146 1147/1147
f 1153/1153 1147/1147 1148/1148
f 1153/1153 1148/1148 1137/1137
f 1153/1153 1137/1137 1118/1118
f 1153/1153 1118/1118 1119/1119
f 1153/1153 1119/1119 1157/1157
f 1153/1153 1157/1157 1156/1156
f 1153/1153 1156/1156 1158/1158
f 1153/1153 1158/1158 1159/1159
f 1093/1093 1100/1100 1096/1096
f 1093/1093 1096/1096 1104/1104
f 1093/1093 1104/1104 1095/1095
f 1093/1093 1095/1095 1097/1097
f 1093/1093 1097/1097 1099/1099
f 1093/1093 1099/1099 1094/1094
f 1093/1093 1094/1094 1092/1092
f 1093/1093 1092/1092 1098/1098
f 1093/1093 1098/1098 1087/1087
f 1093/1093 1087/1087 1079/1079
f 1093/1093 1079/1079 1059/1059
f 1093/1093 1059/1059 1056/1056
f 1093/1093 1056/1056 1054/1054
f 1093/1093 1054/1054 1040/1040
f 1093/1093 1040/1040 1042/1042
f 1093/1093 1042/1042 1037/1037
f 1093/1093 1037/1037 1028/1028
f 1093/1093 1028/1028 1044/1044
f 1093/1093 1044/1044 1038/1038
f 1093/1093 1038/1038 1039/1039
f 1093/1093 1039/1039 1029/1029
f 1093/1093 1029/1029 1036/1036
f 1093/1093 1036/1036 1032/1032
f 1093/1093 1032/1032 1033/1033
f 1093/1093 1033/1033 1035/1035
f 1093/1093 1035/1035 1043/1043
f 1093/1093 1043/1043 1068/1068
f 1093/1093 1068/1068 1058/1058
f 1093/1093 1058/1058 1069/1069
f 1093/1093 1069/1069 1091/1091
f 1093/1093 1091/1091 1103/1103
f 1093/1093 1103/1103 1101/1101
f 1093/1093 1101/1101 1102/1102
f 1093/1093 1102/1102 1105/1105
f 1093/1093 1105/1105 1106/1106
f 1008/1008 1017/1017 1018/1018
f 972/972 1008/1008 1018/1018
f 1020/1020 972/972 1018/1018
f 968/968 1020/1020 1018/1018
f 966/966 968/968 1018/1018
f 964/964 966/966 1018/1018
f 963/963 964/964 1018/1018
f 975/975 963/963 1018/1018
f 979/979 975/975 1018/1018
f 980/980 979/979 1018/1018
f 984/984 980/980 1018/1018
f 987/987 984/984 1018/1018
f 994/994 987/987 1018/1018
f 1003/1003 994/994 1018/1018
f 1004/1004 1003/1003 1018/1018
f 1001/1001 1004/1004 1018/1018
f 1002/1002 1001/1001 1018/1018
f 1007/1007 1002/1002 1018/1018
f 1006/1006 1007/1007 1018/1018
f 1005/1005 1006/1006 1018/1018
f 999/999 1005/1005 1018/1018
f 993/993 999/999 1018/1018
f 992/992 993/993 1018/1018
f 989/989 992/992 1018/1018
f 988/988 989/989 1018/1018
f 995/995 988/988 1018/1018
f 997/997 995/995 1018/1018
f 1012/1012 997/997 1018/1018
f 1011/1011 1012/1012 1018/1018
f 1010/1010 1011/1011 1018/1018
f 1013/1013 1010/1010 1018/1018
f 1015/1015 1013/1013 1018/1018
f 1014/1014 1015/1015 1018/1018
f 1021/1021 1014/1014 1018/1018
f 1022/1022 1021/1021 1018/1018
f 1023/1023 1022/1022 1018/1018
f 932/932 935/935 942/942
f 939/939 932/932 942/942
f 936/936 939/939 942/942
f 938/938 936/936 942/942
f 937/937 938/938 942/942
f 940/940 937/937 942/942
f 949/949 940/940 942/942
f 909/909 949/949 942/942
f 910/910 909/909 942/942
f 912/912 910/910 942/942
f 913/913 912/912 942/942
f 916/916 913/913 942/942
f 919/919 916/916 942/942
f 920/920 919/919 942/942
f 950/950 920/920 942/942
f 914/914 950/950 942/942
f 933/933 914/914 942/942
f 903/903 933/933 942/942
f 897/897 903/903 942/942
f 899/899 897/897 942/942
f 901/901 899/899 942/942
f 905/905 901/901 942/942
f 923/923 905/905 942/942
f 945/945 923/923 942/942
f 928/928 945/945 942/942
f 944/944 928/928 942/942
f 934/934 944/944 942/942
f 948/948 934/934 942/942
f 947/947 948/948 942/942
f 953/953 947/947 942/942
f 951/951 953/953 942/942
f 952/952 951/951 942/942
f 946/946 952/952 942/942
f 954/954 946/946 942/942
f 825/825 884/884 885/885
f 844/844 825/825 885/885
f 843/843 844/844 885/885
f 839/839 843/843 885/885
f 838/838 839/839 885/885
f 837/837 838/838 885/885
f 836/836 837/837 885/885
f 841/841 836/836 885/885
f 842/842 841/841 885/885
f 833/833 842/842 885/885
f 832/832 833/833 885/885
f 835/835 832/832 885/885
f 850/850 835/835 885/885
f 860/860 850/850 885/885
f 882/882 860/860 885/885
f 858/858 882/882 885/885
f 857/857 858/858 885/885
f 856/856 857/857 885/885
f 855/855 856/856 885/885
f 854/854 855/855 885/885
f 853/853 854/854 885/885
f 852/852 853/853 885/885
f 879/879 852/852 885/885
f 866/866 879/879 885/885
f 868/868 866/866 885/885
f 881/881 868/868 885/885
f 880/880 881/881 885/885
f 883/883 880/880 885/885
f 877/877 883/883 885/885
f 876/876 877/877 885/885
f 874/874 876/876 885/885
f 871/871 874/874 885/885
f 869/869 871/871 885/885
f 865/865 869/869 885/885
f 864/864 865/865 885/885
f 863/863 864/864 885/885
f 861/861 863/863 885/885
f 859/859 861/861 885/885
f 891/891 859/859 885/885
f 890/890 891/891 885/885
f 892/892 890/890 885/885
f 893/893 892/892 885/885
f 894/894 893/893 885/885
f 796/796 791/791 801/801
f 796/796 801/801 807/807
f 796/796 807/807 813/813
f 796/796 813/813 814/814
f 796/796 814/814 815/815
f 796/796 815/815 816/816
f 796/796 816/816 812/812
f 796/796 812/812 811/811
f 796/796 811/811 805/805
f 796/796 805/805 785/785
f 796/796 785/785 790/790
f 796/796 790/790 797/797
f 796/796 797/797 800/800
f 796/796 800/800 799/799
f 796/796 799/799 798/798
f 796/796 798/798 817/817
f 752/752 776/776 765/765
f 752/752 765/765 766/766
f 752/752 766/766 763/763
f 752/752 763/763 761/761
f 752/752 761/761 770/770
f 752/752 770/770 774/774
f 752/752 774/774 768/768
f 752/752 768/768 759/759
f 752/752 759/759 769/769
f 752/752 769/769 773/773
f 752/752 773/773 772/772
f 752/752 772/772 757/757
f 752/752 757/757 730/730
f 752/752 730/730 739/739
f 752/752 739/739 698/698
f 752/752 698/698 699/699
f 752/752 699/699 777/777
f 752/752 777/777 690/690
f 752/752 690/690 702/702
f 752/752 702/702 709/709
f 752/752 709/709 700/700
f 752/752 700/700 701/701
f 752/752 701/701 708/708
f 752/752 708/708 707/707
f 752/752 707/707 704/704
f 752/752 704/704 675/675
f 752/752 675/675 674/674
f 752/752 674/674 647/647
f 752/752 647/647 648/648
f 752/752 648/648 673/673
f 752/752 673/673 731/731
f 752/752 731/731 645/645
f 752/752 645/645 650/650
f 752/752 650/650 649/649
f 752/752 649/649 651/651
f 752/752 651/651 655/655
f 752/752 655/655 656/656
f 752/752 656/656 663/663
f 752/752 663/663 669/669
f 752/752 669/669 667/667
f 752/752 667/667 716/716
f 752/752 716/716 747/747
f 752/752 747/747 775/775
f 752/752 775/775 767/767
f 752/752 767/767 771/771
f 752/752 771/771 764/764
f 752/752 764/764 754/754
f 752/752 754/754 778/778
f 752/752 778/778 779/779
f 749/749 726/726 633/633
f 749/749 633/633 619/619
f 749/749 619/619 620/620
f 749/749 620/620 621/621
f 749/749 621/621 637/637
f 749/749 637/637 642/642
f 749/749 642/642 703/703
f 749/749 703/703 677/677
f 749/749 677/677 705/705
f 749/749 705/705 679/679
f 749/749 679/679 692/692
f 749/749 692/692 714/714
f 749/749 714/714 745/745
f 749/749 745/745 760/760
f 749/749 760/760 762/762
f 749/749 762/762 761/761
f 756/756 755/755 729/729
f 756/756 729/729 672/672
f 756/756 672/672 664/664
f 756/756 664/664 662/662
f 756/756 662/662 646/646
f 756/756 646/646 640/640
f 756/756 640/640 634/634
f 756/756 634/634 625/625
f 756/756 625/625 626/626
f 756/756 626/626 630/630
f 756/756 630/630 722/722
f 756/756 722/722 758/758
f 756/756 758/758 764/764
f 560/560 559/559 557/557
f 560/560 557/557 554/554
f 560/560 554/554 551/551
f 560/560 551/551 553/553
f 560/560 553/553 563/563
f 560/560 563/563 562/562
f 560/560 562/562 566/566
f 560/560 566/566 568/568
f 560/560 568/568 569/569
f 560/560 569/569 578/578
f 560/560 578/578 587/587
f 560/560 587/587 613/613
f 560/560 613/613 610/610
f 560/560 610/610 609/609
f 560/560 609/609 608/608
f 560/560 608/608 607/607
f 560/560 607/607 605/605
f 560/560 605/605 606/606
f 560/560 606/606 611/611
f 560/560 611/611 539/539
f 560/560 539/539 534/534
f 560/560 534/534 529/529
f 560/560 529/529 507/507
f 560/560 507/507 508/508
f 560/560 508/508 495/495
f 560/560 495/495 494/494
f 560/560 494/494 503/503
f 560/560 503/503 506/506
f 560/560 506/506 505/505
f 560/560 505/505 546/546
f 560/560 546/546 548/548
f 560/560 548/548 545/545
f 560/560 545/545 549/549
f 560/560 549/549 544/544
f 560/560 544/544 547/547
f 560/560 547/547 264/264
f 560/560 264/264 258/258
f 560/560 258/258 260/260
f 560/560 260/260 259/259
f 560/560 259/259 263/263
f 560/560 263/263 266/266
f 560/560 266/266 267/267
f 560/560 267/267 273/273
f 560/560 273/273 537/537
f 560/560 537/537 536/536
f 560/560 536/536 248/248
f 560/560 248/248 247/247
f 560/560 247/247 246/246
f 560/560 246/246 243/243
f 560/560 243/243 217/217
f 560/560 217/217 193/193
f 560/560 193/193 191/191
f 560/560 191/191 190/190
f 560/560 190/190 192/192
f 560/560 192/192 196/196
f 560/560 196/196 198/198
f 560/560 198/198 200/200
f 560/560 200/200 253/253
f 560/560 253/253 255/255
f 560/560 255/255 254/254
f 560/560 254/254 256/256
f 560/560 256/256 245/245
f 560/560 245/245 252/252
f 560/560 252/252 257/257
f 560/560 257/257 251/251
f 560/560 251/251 612/612
f 560/560 612/612 604/604
f 560/560 604/604 598/598
f 560/560 598/598 597/597
f 560/560 597/597 596/596
f 560/560 596/596 595/595
f 560/560 595/595 614/614
f 148/148 121/121 118/118
f 149/149 148/148 118/118
f 150/150 149/149 118/118
f 147/147 150/150 118/118
f 146/146 147/147 118/118
f 163/163 146/146 118/118
f 162/162 163/163 118/118
f 137/137 162/162 118/118
f 135/135 137/137 118/118
f 134/134 135/135 118/118
f 132/132 134/134 118/118
f 130/130 132/132 118/118
f 129/129 130/130 118/118
f 120/120 129/129 118/118
f 159/159 120/120 118/118
f 160/160 159/159 118/118
f 165/165 160/160 118/118
f 166/166 165/165 118/118
f 108/108 79/79 70/70
f 96/96 108/108 70/70
f 102/102 96/96 70/70
f 66/66 102/102 70/70
f 110/110 66/66 70/70
f 107/107 110/110 70/70
f 46/46 107/107 70/70
f 82/82 46/46 70/70
f 47/47 82/82 70/70
f 99/99 47/47 70/70
f 28/28 99/99 70/70
f 61/61 28/28 70/70
f 29/29 61/61 70/70
f 30/30 29/29 70/70
f 73/73 30/30 70/70
f 31/31 73/73 70/70
f 80/80 31/31 70/70
f 22/22 80/80 70/70
f 62/62 22/22 70/70
f 23/23 62/62 70/70
f 67/67 23/23 70/70
f 27/27 67/67 70/70
f 48/48 27/27 70/70
f 113/113 48/48 70/70
f 112/112 113/113 70/70
f 111/111 112/112 70/70
f 87/87 111/111 70/70
f 51/51 87/87 70/70
f 92/92 51/51 70/70
f 109/109 92/92 70/70
f 64/64 109/109 70/70
f 45/45 64/64 70/70
f 72/72 45/45 70/70
f 7/7 72/72 70/70
f 57/57 7/7 70/70
f 77/77 57/57 70/70
f 10/10 77/77 70/70
f 71/71 10/10 70/70
f 11/11 71/71 70/70
f 65/65 11/11 70/70
f 9/9 65/65 70/70
f 81/81 9/9 70/70
f 59/59 81/81 70/70
f 41/41 59/59 70/70
f 89/89 41/41 70/70
f 43/43 89/89 70/70
f 84/84 43/43 70/70
f 42/42 84/84 70/70
f 100/100 42/42 70/70
f 69/69 100/100 70/70
f 40/40 69/69 70/70
f 68/68 40/40 70/70
f 75/75 68/68 70/70
f 63/63 75/75 70/70
f 83/83 63/63 70/70
f 104/104 83/83 70/70
f 49/49 104/104 70/70
f 88/88 49/49 70/70
f 74/74 88/88 70/70
f 54/54 74/74 70/70
f 91/91 54/54 70/70
f 86/86 91/91 70/70
f 90/90 86/86 70/70
f 105/105 90/90 70/70
f 101/101 105/105 70/70
f 93/93 101/101 70/70
f 78/78 93/93 70/70
f 103/103 78/78 70/70
f 85/85 103/103 70/70
f 95/95 85/85 70/70
f 98/98 95/95 70/70
f 106/106 98/98 70/70
f 76/76 106/106 70/70
f 94/94 76/76 70/70
f 114/114 94/94 70/70
f 58/58 114/114 70/70
f 97/97 58/58 70/70
f 115/115 97/97 70/70

